run_name,base_instance,source,n_tasks,T,config_name,config_id,alpha_level,beta_level,gamma_level,sigma_level,seed,source_file,row_in_file,step_type,iteration,cost_limit,feasible,stop_reason,dominated,added_to_pareto,removed_existing_points,cost,energy,stations,workers,cobots,valid,certified,lb,ub,mip_gap_pct,n_nodes,solver_iterations,cpu_point_s,energy_tasks,energy_idle,cobot_util,HI,CI,SEH,SEC,SU,SIH,SIC
Otto_instance_n=100_156_c01,Otto_instance_n=100_156,Otto,100,1000.0,c01,1,low,low,low,low,1042,published_results/extra_remaining_instances_2026-06-10/solutions/Otto_instance_n=100_156_c01/epsilon_trace.csv,1,E0_HI_only,0,,True,,False,True,0,920.0,0.0,23,23,0,True,True,920.0,920.0,0.0,1560,48670,3.474574089050293,0.0,0.0,,100,0,0,0,0,0,0
Otto_instance_n=100_156_c01,Otto_instance_n=100_156,Otto,100,1000.0,c01,1,low,low,low,low,1042,published_results/extra_remaining_instances_2026-06-10/solutions/Otto_instance_n=100_156_c01/epsilon_trace.csv,2,epsilon,1,919,False,infeasible,,,0,,,,,,,,,,,,,,,,,,,,,,,
Otto_instance_n=100_156_c02,Otto_instance_n=100_156,Otto,100,1000.0,c02,2,low,mid,mid,mid,2042,published_results/extra_remaining_instances_2026-06-10/solutions/Otto_instance_n=100_156_c02/epsilon_trace.csv,1,E0_HI_only,0,,True,,False,True,0,920.0,0.0,23,23,0,True,True,920.0,920.0,0.0,1560,48670,3.512021064758301,0.0,0.0,,100,0,0,0,0,0,0
Otto_instance_n=100_156_c02,Otto_instance_n=100_156,Otto,100,1000.0,c02,2,low,mid,mid,mid,2042,published_results/extra_remaining_instances_2026-06-10/solutions/Otto_instance_n=100_156_c02/epsilon_trace.csv,2,epsilon,1,919,False,infeasible,,,0,,,,,,,,,,,,,,,,,,,,,,,
Otto_instance_n=100_156_c03,Otto_instance_n=100_156,Otto,100,1000.0,c03,3,low,high,high,high,3042,published_results/extra_remaining_instances_2026-06-10/solutions/Otto_instance_n=100_156_c03/epsilon_trace.csv,1,E0_HI_only,0,,True,,False,True,0,920.0,0.0,23,23,0,True,True,920.0,920.0,0.0,1560,48670,3.4558839797973633,0.0,0.0,,100,0,0,0,0,0,0
Otto_instance_n=100_156_c03,Otto_instance_n=100_156,Otto,100,1000.0,c03,3,low,high,high,high,3042,published_results/extra_remaining_instances_2026-06-10/solutions/Otto_instance_n=100_156_c03/epsilon_trace.csv,2,epsilon,1,919,False,infeasible,,,0,,,,,,,,,,,,,,,,,,,,,,,
Otto_instance_n=100_156_c04,Otto_instance_n=100_156,Otto,100,1000.0,c04,4,mid,low,mid,high,4042,published_results/extra_remaining_instances_2026-06-10/solutions/Otto_instance_n=100_156_c04/epsilon_trace.csv,1,E0_HI_only,0,,True,,False,True,0,920.0,0.0,23,23,0,True,True,920.0,920.0,0.0,1560,48670,3.479678153991699,0.0,0.0,,100,0,0,0,0,0,0
Otto_instance_n=100_156_c04,Otto_instance_n=100_156,Otto,100,1000.0,c04,4,mid,low,mid,high,4042,published_results/extra_remaining_instances_2026-06-10/solutions/Otto_instance_n=100_156_c04/epsilon_trace.csv,2,epsilon,1,919,False,infeasible,,,0,,,,,,,,,,,,,,,,,,,,,,,
Otto_instance_n=100_156_c05,Otto_instance_n=100_156,Otto,100,1000.0,c05,5,mid,mid,high,low,5042,published_results/extra_remaining_instances_2026-06-10/solutions/Otto_instance_n=100_156_c05/epsilon_trace.csv,1,E0_HI_only,0,,True,,False,True,0,920.0,0.0,23,23,0,True,True,920.0,920.0,0.0,1560,48670,3.512791872024536,0.0,0.0,,100,0,0,0,0,0,0
Otto_instance_n=100_156_c05,Otto_instance_n=100_156,Otto,100,1000.0,c05,5,mid,mid,high,low,5042,published_results/extra_remaining_instances_2026-06-10/solutions/Otto_instance_n=100_156_c05/epsilon_trace.csv,2,epsilon,1,919,False,infeasible,,,0,,,,,,,,,,,,,,,,,,,,,,,
Otto_instance_n=100_156_c06,Otto_instance_n=100_156,Otto,100,1000.0,c06,6,mid,high,low,mid,6042,published_results/extra_remaining_instances_2026-06-10/solutions/Otto_instance_n=100_156_c06/epsilon_trace.csv,1,E0_HI_only,0,,True,,False,True,0,920.0,0.0,23,23,0,True,True,920.0,920.0,0.0,1560,48670,3.427039861679077,0.0,0.0,,100,0,0,0,0,0,0
Otto_instance_n=100_156_c06,Otto_instance_n=100_156,Otto,100,1000.0,c06,6,mid,high,low,mid,6042,published_results/extra_remaining_instances_2026-06-10/solutions/Otto_instance_n=100_156_c06/epsilon_trace.csv,2,epsilon,1,919,False,infeasible,,,0,,,,,,,,,,,,,,,,,,,,,,,
Otto_instance_n=100_156_c07,Otto_instance_n=100_156,Otto,100,1000.0,c07,7,high,low,high,mid,7042,published_results/extra_remaining_instances_2026-06-10/solutions/Otto_instance_n=100_156_c07/epsilon_trace.csv,1,E0_HI_only,0,,True,,False,True,0,920.0,0.0,23,23,0,True,True,920.0,920.0,0.0,1560,48670,3.46423602104187,0.0,0.0,,100,0,0,0,0,0,0
Otto_instance_n=100_156_c07,Otto_instance_n=100_156,Otto,100,1000.0,c07,7,high,low,high,mid,7042,published_results/extra_remaining_instances_2026-06-10/solutions/Otto_instance_n=100_156_c07/epsilon_trace.csv,2,epsilon,1,919,False,infeasible,,,0,,,,,,,,,,,,,,,,,,,,,,,
Otto_instance_n=100_156_c08,Otto_instance_n=100_156,Otto,100,1000.0,c08,8,high,mid,low,high,8042,published_results/extra_remaining_instances_2026-06-10/solutions/Otto_instance_n=100_156_c08/epsilon_trace.csv,1,E0_HI_only,0,,True,,False,True,0,920.0,0.0,23,23,0,True,True,920.0,920.0,0.0,1560,48670,3.4654290676116943,0.0,0.0,,100,0,0,0,0,0,0
Otto_instance_n=100_156_c08,Otto_instance_n=100_156,Otto,100,1000.0,c08,8,high,mid,low,high,8042,published_results/extra_remaining_instances_2026-06-10/solutions/Otto_instance_n=100_156_c08/epsilon_trace.csv,2,epsilon,1,919,False,infeasible,,,0,,,,,,,,,,,,,,,,,,,,,,,
Otto_instance_n=100_156_c09,Otto_instance_n=100_156,Otto,100,1000.0,c09,9,high,high,mid,low,9042,published_results/extra_remaining_instances_2026-06-10/solutions/Otto_instance_n=100_156_c09/epsilon_trace.csv,1,E0_HI_only,0,,True,,False,True,0,920.0,0.0,23,23,0,True,True,920.0,920.0,0.0,1560,48670,3.4597129821777344,0.0,0.0,,100,0,0,0,0,0,0
Otto_instance_n=100_156_c09,Otto_instance_n=100_156,Otto,100,1000.0,c09,9,high,high,mid,low,9042,published_results/extra_remaining_instances_2026-06-10/solutions/Otto_instance_n=100_156_c09/epsilon_trace.csv,2,epsilon,1,919,False,infeasible,,,0,,,,,,,,,,,,,,,,,,,,,,,
Otto_instance_n=100_33_c01,Otto_instance_n=100_33,Otto,100,1000.0,c01,1,low,low,low,low,1042,published_results/extra_remaining_instances_2026-06-10/solutions/Otto_instance_n=100_33_c01/epsilon_trace.csv,1,E0_HI_only,0,,True,,False,True,0,600.0,0.0,15,15,0,True,True,600.0,600.0,0.0,0,11959,2.2245678901672363,0.0,0.0,,100,0,0,0,0,0,0
Otto_instance_n=100_33_c01,Otto_instance_n=100_33,Otto,100,1000.0,c01,1,low,low,low,low,1042,published_results/extra_remaining_instances_2026-06-10/solutions/Otto_instance_n=100_33_c01/epsilon_trace.csv,2,epsilon,1,599,False,infeasible,,,0,,,,,,,,,,,,,,,,,,,,,,,
Otto_instance_n=100_33_c02,Otto_instance_n=100_33,Otto,100,1000.0,c02,2,low,mid,mid,mid,2042,published_results/extra_remaining_instances_2026-06-10/solutions/Otto_instance_n=100_33_c02/epsilon_trace.csv,1,E0_HI_only,0,,True,,False,True,0,600.0,0.0,15,15,0,True,True,600.0,600.0,0.0,0,11959,2.19036602973938,0.0,0.0,,100,0,0,0,0,0,0
Otto_instance_n=100_33_c02,Otto_instance_n=100_33,Otto,100,1000.0,c02,2,low,mid,mid,mid,2042,published_results/extra_remaining_instances_2026-06-10/solutions/Otto_instance_n=100_33_c02/epsilon_trace.csv,2,epsilon,1,599,False,infeasible,,,0,,,,,,,,,,,,,,,,,,,,,,,
Otto_instance_n=100_33_c03,Otto_instance_n=100_33,Otto,100,1000.0,c03,3,low,high,high,high,3042,published_results/extra_remaining_instances_2026-06-10/solutions/Otto_instance_n=100_33_c03/epsilon_trace.csv,1,E0_HI_only,0,,True,,False,True,0,600.0,0.0,15,15,0,True,True,600.0,600.0,0.0,0,11959,2.386535167694092,0.0,0.0,,100,0,0,0,0,0,0
Otto_instance_n=100_33_c03,Otto_instance_n=100_33,Otto,100,1000.0,c03,3,low,high,high,high,3042,published_results/extra_remaining_instances_2026-06-10/solutions/Otto_instance_n=100_33_c03/epsilon_trace.csv,2,epsilon,1,599,False,infeasible,,,0,,,,,,,,,,,,,,,,,,,,,,,
Otto_instance_n=100_33_c04,Otto_instance_n=100_33,Otto,100,1000.0,c04,4,mid,low,mid,high,4042,published_results/extra_remaining_instances_2026-06-10/solutions/Otto_instance_n=100_33_c04/epsilon_trace.csv,1,E0_HI_only,0,,True,,False,True,0,600.0,0.0,15,15,0,True,True,600.0,600.0,0.0,0,11959,2.2241299152374268,0.0,0.0,,100,0,0,0,0,0,0
Otto_instance_n=100_33_c04,Otto_instance_n=100_33,Otto,100,1000.0,c04,4,mid,low,mid,high,4042,published_results/extra_remaining_instances_2026-06-10/solutions/Otto_instance_n=100_33_c04/epsilon_trace.csv,2,epsilon,1,599,False,infeasible,,,0,,,,,,,,,,,,,,,,,,,,,,,
Otto_instance_n=100_33_c05,Otto_instance_n=100_33,Otto,100,1000.0,c05,5,mid,mid,high,low,5042,published_results/extra_remaining_instances_2026-06-10/solutions/Otto_instance_n=100_33_c05/epsilon_trace.csv,1,E0_HI_only,0,,True,,False,True,0,600.0,0.0,15,15,0,True,True,600.0,600.0,0.0,0,11959,2.2079620361328125,0.0,0.0,,100,0,0,0,0,0,0
Otto_instance_n=100_33_c05,Otto_instance_n=100_33,Otto,100,1000.0,c05,5,mid,mid,high,low,5042,published_results/extra_remaining_instances_2026-06-10/solutions/Otto_instance_n=100_33_c05/epsilon_trace.csv,2,epsilon,1,599,False,infeasible,,,0,,,,,,,,,,,,,,,,,,,,,,,
Otto_instance_n=100_33_c06,Otto_instance_n=100_33,Otto,100,1000.0,c06,6,mid,high,low,mid,6042,published_results/extra_remaining_instances_2026-06-10/solutions/Otto_instance_n=100_33_c06/epsilon_trace.csv,1,E0_HI_only,0,,True,,False,True,0,600.0,0.0,15,15,0,True,True,600.0,600.0,0.0,0,13534,2.5617239475250244,0.0,0.0,,100,0,0,0,0,0,0
Otto_instance_n=100_33_c06,Otto_instance_n=100_33,Otto,100,1000.0,c06,6,mid,high,low,mid,6042,published_results/extra_remaining_instances_2026-06-10/solutions/Otto_instance_n=100_33_c06/epsilon_trace.csv,2,epsilon,1,599,False,infeasible,,,0,,,,,,,,,,,,,,,,,,,,,,,
Otto_instance_n=100_33_c07,Otto_instance_n=100_33,Otto,100,1000.0,c07,7,high,low,high,mid,7042,published_results/extra_remaining_instances_2026-06-10/solutions/Otto_instance_n=100_33_c07/epsilon_trace.csv,1,E0_HI_only,0,,True,,False,True,0,600.0,0.0,15,15,0,True,True,600.0,600.0,0.0,0,11959,2.1907248497009277,0.0,0.0,,100,0,0,0,0,0,0
Otto_instance_n=100_33_c07,Otto_instance_n=100_33,Otto,100,1000.0,c07,7,high,low,high,mid,7042,published_results/extra_remaining_instances_2026-06-10/solutions/Otto_instance_n=100_33_c07/epsilon_trace.csv,2,epsilon,1,599,False,infeasible,,,0,,,,,,,,,,,,,,,,,,,,,,,
Otto_instance_n=100_33_c08,Otto_instance_n=100_33,Otto,100,1000.0,c08,8,high,mid,low,high,8042,published_results/extra_remaining_instances_2026-06-10/solutions/Otto_instance_n=100_33_c08/epsilon_trace.csv,1,E0_HI_only,0,,True,,False,True,0,600.0,0.0,15,15,0,True,True,600.0,600.0,0.0,0,11959,2.2013087272644043,0.0,0.0,,100,0,0,0,0,0,0
Otto_instance_n=100_33_c08,Otto_instance_n=100_33,Otto,100,1000.0,c08,8,high,mid,low,high,8042,published_results/extra_remaining_instances_2026-06-10/solutions/Otto_instance_n=100_33_c08/epsilon_trace.csv,2,epsilon,1,599,False,infeasible,,,0,,,,,,,,,,,,,,,,,,,,,,,
Otto_instance_n=100_33_c09,Otto_instance_n=100_33,Otto,100,1000.0,c09,9,high,high,mid,low,9042,published_results/extra_remaining_instances_2026-06-10/solutions/Otto_instance_n=100_33_c09/epsilon_trace.csv,1,E0_HI_only,0,,True,,False,True,0,600.0,0.0,15,15,0,True,True,600.0,600.0,0.0,0,11959,2.232637882232666,0.0,0.0,,100,0,0,0,0,0,0
Otto_instance_n=100_33_c09,Otto_instance_n=100_33,Otto,100,1000.0,c09,9,high,high,mid,low,9042,published_results/extra_remaining_instances_2026-06-10/solutions/Otto_instance_n=100_33_c09/epsilon_trace.csv,2,epsilon,1,599,False,infeasible,,,0,,,,,,,,,,,,,,,,,,,,,,,
Otto_instance_n=20_146_c01,Otto_instance_n=20_146,Otto,20,1000.0,c01,1,low,low,low,low,1042,published_results/extra_remaining_instances_2026-06-10/solutions/Otto_instance_n=20_146_c01/epsilon_trace.csv,1,E0_HI_only,0,,True,,False,True,0,120.0,0.0,3,3,0,True,True,120.0,120.0,0.0,0,985,0.04119706153869629,0.0,0.0,,20,0,0,0,0,0,0
Otto_instance_n=20_146_c01,Otto_instance_n=20_146,Otto,20,1000.0,c01,1,low,low,low,low,1042,published_results/extra_remaining_instances_2026-06-10/solutions/Otto_instance_n=20_146_c01/epsilon_trace.csv,2,epsilon,1,119,True,,False,True,0,85.0,107.55,2,2,1,True,False,53.5,107.55,50.2557,211288,8559517,300.3334450721741,92.0,15.55,0.689,7,0,0,0,0,10,3
Otto_instance_n=20_146_c01,Otto_instance_n=20_146,Otto,20,1000.0,c01,1,low,low,low,low,1042,published_results/extra_remaining_instances_2026-06-10/solutions/Otto_instance_n=20_146_c01/epsilon_trace.csv,3,epsilon,2,84,True,,False,True,0,54.0,217.55,2,1,2,True,True,217.55,217.55,0.0,78910,2508896,61.10658097267151,170.0,47.550000000000004,0.5245,0,1,0,0,19,0,0
Otto_instance_n=20_146_c01,Otto_instance_n=20_146,Otto,20,1000.0,c01,1,low,low,low,low,1042,published_results/extra_remaining_instances_2026-06-10/solutions/Otto_instance_n=20_146_c01/epsilon_trace.csv,4,epsilon,3,53,True,,False,True,0,27.0,700.1,3,0,3,True,True,700.1,700.1,0.0,7984,224940,1.8106648921966553,680.0,20.1,0.866,0,20,0,0,0,0,0
Otto_instance_n=20_146_c01,Otto_instance_n=20_146,Otto,20,1000.0,c01,1,low,low,low,low,1042,published_results/extra_remaining_instances_2026-06-10/solutions/Otto_instance_n=20_146_c01/epsilon_trace.csv,5,epsilon,4,26,False,infeasible,,,0,,,,,,,,,,,,,,,,,,,,,,,
Otto_instance_n=20_146_c02,Otto_instance_n=20_146,Otto,20,1000.0,c02,2,low,mid,mid,mid,2042,published_results/extra_remaining_instances_2026-06-10/solutions/Otto_instance_n=20_146_c02/epsilon_trace.csv,1,E0_HI_only,0,,True,,False,True,0,120.0,0.0,3,3,0,True,True,120.0,120.0,0.0,0,985,0.036791086196899414,0.0,0.0,,20,0,0,0,0,0,0
Otto_instance_n=20_146_c02,Otto_instance_n=20_146,Otto,20,1000.0,c02,2,low,mid,mid,mid,2042,published_results/extra_remaining_instances_2026-06-10/solutions/Otto_instance_n=20_146_c02/epsilon_trace.csv,2,epsilon,1,119,True,,False,True,0,85.0,124.6,2,2,1,True,False,67.7,124.6,45.6661,211226,6456045,300.3164851665497,120.0,4.6000000000000005,0.908,6,0,0,0,0,8,6
Otto_instance_n=20_146_c02,Otto_instance_n=20_146,Otto,20,1000.0,c02,2,low,mid,mid,mid,2042,published_results/extra_remaining_instances_2026-06-10/solutions/Otto_instance_n=20_146_c02/epsilon_trace.csv,3,epsilon,2,84,True,,False,True,0,54.0,374.0,2,1,2,True,False,234.23721209,374.0,37.3697,486611,9562407,300.39431715011597,372.0,2.0,0.98,0,9,0,0,0,6,5
Otto_instance_n=20_146_c02,Otto_instance_n=20_146,Otto,20,1000.0,c02,2,low,mid,mid,mid,2042,published_results/extra_remaining_instances_2026-06-10/solutions/Otto_instance_n=20_146_c02/epsilon_trace.csv,4,epsilon,3,53,True,,False,True,0,27.0,724.2,3,0,3,True,True,724.2,724.2,0.0,1379,41290,0.8491811752319336,706.0,18.2,0.8787,0,20,0,0,0,0,0
Otto_instance_n=20_146_c02,Otto_instance_n=20_146,Otto,20,1000.0,c02,2,low,mid,mid,mid,2042,published_results/extra_remaining_instances_2026-06-10/solutions/Otto_instance_n=20_146_c02/epsilon_trace.csv,5,epsilon,4,26,False,infeasible,,,0,,,,,,,,,,,,,,,,,,,,,,,
Otto_instance_n=20_146_c03,Otto_instance_n=20_146,Otto,20,1000.0,c03,3,low,high,high,high,3042,published_results/extra_remaining_instances_2026-06-10/solutions/Otto_instance_n=20_146_c03/epsilon_trace.csv,1,E0_HI_only,0,,True,,False,True,0,120.0,0.0,3,3,0,True,True,120.0,120.0,0.0,0,985,0.05271291732788086,0.0,0.0,,20,0,0,0,0,0,0
Otto_instance_n=20_146_c03,Otto_instance_n=20_146,Otto,20,1000.0,c03,3,low,high,high,high,3042,published_results/extra_remaining_instances_2026-06-10/solutions/Otto_instance_n=20_146_c03/epsilon_trace.csv,2,epsilon,1,119,True,,False,True,0,89.0,175.6,3,2,1,True,False,76.95,175.6,56.1788,232583,6136050,300.35135197639465,157.0,18.6,0.628,15,5,0,0,0,0,0
Otto_instance_n=20_146_c03,Otto_instance_n=20_146,Otto,20,1000.0,c03,3,low,high,high,high,3042,published_results/extra_remaining_instances_2026-06-10/solutions/Otto_instance_n=20_146_c03/epsilon_trace.csv,3,epsilon,2,88,True,,False,True,0,58.0,419.45,3,1,2,True,False,63.1,419.45,84.9565,348443,9893553,300.32384419441223,398.0,21.450000000000003,0.7855,8,12,0,0,0,0,0
Otto_instance_n=20_146_c03,Otto_instance_n=20_146,Otto,20,1000.0,c03,3,low,high,high,high,3042,published_results/extra_remaining_instances_2026-06-10/solutions/Otto_instance_n=20_146_c03/epsilon_trace.csv,4,epsilon,3,57,True,,False,True,0,27.0,701.95,3,0,3,True,False,287.66913043,701.95,59.0186,835528,29091923,300.45250821113586,681.0,20.950000000000003,0.8603,0,20,0,0,0,0,0
Otto_instance_n=20_146_c03,Otto_instance_n=20_146,Otto,20,1000.0,c03,3,low,high,high,high,3042,published_results/extra_remaining_instances_2026-06-10/solutions/Otto_instance_n=20_146_c03/epsilon_trace.csv,5,epsilon,4,26,False,infeasible,,,0,,,,,,,,,,,,,,,,,,,,,,,
Otto_instance_n=20_146_c04,Otto_instance_n=20_146,Otto,20,1000.0,c04,4,mid,low,mid,high,4042,published_results/extra_remaining_instances_2026-06-10/solutions/Otto_instance_n=20_146_c04/epsilon_trace.csv,1,E0_HI_only,0,,True,,False,True,0,120.0,0.0,3,3,0,True,True,120.0,120.0,0.0,0,985,0.03980422019958496,0.0,0.0,,20,0,0,0,0,0,0
Otto_instance_n=20_146_c04,Otto_instance_n=20_146,Otto,20,1000.0,c04,4,mid,low,mid,high,4042,published_results/extra_remaining_instances_2026-06-10/solutions/Otto_instance_n=20_146_c04/epsilon_trace.csv,2,epsilon,1,119,True,,False,True,0,85.0,111.55,2,2,1,True,True,111.55,111.55,0.0,16636,644118,30.107017040252686,91.0,20.55,0.589,9,0,0,0,11,0,0
Otto_instance_n=20_146_c04,Otto_instance_n=20_146,Otto,20,1000.0,c04,4,mid,low,mid,high,4042,published_results/extra_remaining_instances_2026-06-10/solutions/Otto_instance_n=20_146_c04/epsilon_trace.csv,3,epsilon,2,84,True,,False,True,0,45.0,155.25,1,1,1,True,True,155.25,155.25,0.0,75,12376,1.3986749649047852,154.0,1.25,0.975,0,0,0,0,20,0,0
Otto_instance_n=20_146_c04,Otto_instance_n=20_146,Otto,20,1000.0,c04,4,mid,low,mid,high,4042,published_results/extra_remaining_instances_2026-06-10/solutions/Otto_instance_n=20_146_c04/epsilon_trace.csv,4,epsilon,3,44,True,,False,True,0,36.0,1019.35,4,0,4,True,True,1019.35,1019.35,0.0,0,0,0.40962982177734375,1011.0,8.35,0.9583,0,20,0,0,0,0,0
Otto_instance_n=20_146_c04,Otto_instance_n=20_146,Otto,20,1000.0,c04,4,mid,low,mid,high,4042,published_results/extra_remaining_instances_2026-06-10/solutions/Otto_instance_n=20_146_c04/epsilon_trace.csv,5,epsilon,4,35,False,infeasible,,,0,,,,,,,,,,,,,,,,,,,,,,,
Otto_instance_n=20_146_c05,Otto_instance_n=20_146,Otto,20,1000.0,c05,5,mid,mid,high,low,5042,published_results/extra_remaining_instances_2026-06-10/solutions/Otto_instance_n=20_146_c05/epsilon_trace.csv,1,E0_HI_only,0,,True,,False,True,0,120.0,0.0,3,3,0,True,True,120.0,120.0,0.0,0,985,0.03931379318237305,0.0,0.0,,20,0,0,0,0,0,0
Otto_instance_n=20_146_c05,Otto_instance_n=20_146,Otto,20,1000.0,c05,5,mid,mid,high,low,5042,published_results/extra_remaining_instances_2026-06-10/solutions/Otto_instance_n=20_146_c05/epsilon_trace.csv,2,epsilon,1,119,True,,False,True,0,85.0,126.15,2,2,1,True,False,54.734687199,126.15,56.6114,239944,6789875,300.31996488571167,124.0,2.15,0.957,6,0,0,0,0,9,5
Otto_instance_n=20_146_c05,Otto_instance_n=20_146,Otto,20,1000.0,c05,5,mid,mid,high,low,5042,published_results/extra_remaining_instances_2026-06-10/solutions/Otto_instance_n=20_146_c05/epsilon_trace.csv,3,epsilon,2,84,True,,False,True,0,63.0,500.35,3,1,3,True,False,251.95809411,500.35,49.6436,433883,10554305,300.39037895202637,472.0,28.35,0.811,0,7,0,0,0,7,6
Otto_instance_n=20_146_c05,Otto_instance_n=20_146,Otto,20,1000.0,c05,5,mid,mid,high,low,5042,published_results/extra_remaining_instances_2026-06-10/solutions/Otto_instance_n=20_146_c05/epsilon_trace.csv,4,epsilon,3,62,True,,False,True,0,36.0,978.6500000000001,4,0,4,True,False,270.24482359,978.65,72.386,525239,18812008,300.38664197921753,967.0,11.65,0.9417,0,20,0,0,0,0,0
Otto_instance_n=20_146_c05,Otto_instance_n=20_146,Otto,20,1000.0,c05,5,mid,mid,high,low,5042,published_results/extra_remaining_instances_2026-06-10/solutions/Otto_instance_n=20_146_c05/epsilon_trace.csv,5,epsilon,4,35,False,infeasible,,,0,,,,,,,,,,,,,,,,,,,,,,,
Otto_instance_n=20_146_c06,Otto_instance_n=20_146,Otto,20,1000.0,c06,6,mid,high,low,mid,6042,published_results/extra_remaining_instances_2026-06-10/solutions/Otto_instance_n=20_146_c06/epsilon_trace.csv,1,E0_HI_only,0,,True,,False,True,0,120.0,0.0,3,3,0,True,True,120.0,120.0,0.0,0,985,0.038526058197021484,0.0,0.0,,20,0,0,0,0,0,0
Otto_instance_n=20_146_c06,Otto_instance_n=20_146,Otto,20,1000.0,c06,6,mid,high,low,mid,6042,published_results/extra_remaining_instances_2026-06-10/solutions/Otto_instance_n=20_146_c06/epsilon_trace.csv,2,epsilon,1,119,True,,False,True,0,89.0,230.65,3,2,1,True,False,67.4,230.65,70.7782,185296,7877411,300.6105229854584,224.0,6.65,0.867,16,4,0,0,0,0,0
Otto_instance_n=20_146_c06,Otto_instance_n=20_146,Otto,20,1000.0,c06,6,mid,high,low,mid,6042,published_results/extra_remaining_instances_2026-06-10/solutions/Otto_instance_n=20_146_c06/epsilon_trace.csv,3,epsilon,2,88,True,,False,True,0,63.0,576.1,3,1,3,True,False,59.5,576.1,89.6719,399822,12224092,300.494891166687,558.0,18.1,0.8793,0,8,0,0,0,6,6
Otto_instance_n=20_146_c06,Otto_instance_n=20_146,Otto,20,1000.0,c06,6,mid,high,low,mid,6042,published_results/extra_remaining_instances_2026-06-10/solutions/Otto_instance_n=20_146_c06/epsilon_trace.csv,4,epsilon,3,62,True,,False,True,0,36.0,985.55,4,0,4,True,False,304.53723909,985.55,69.0998,703447,23161535,300.400771856308,973.0,12.55,0.9373,0,20,0,0,0,0,0
Otto_instance_n=20_146_c06,Otto_instance_n=20_146,Otto,20,1000.0,c06,6,mid,high,low,mid,6042,published_results/extra_remaining_instances_2026-06-10/solutions/Otto_instance_n=20_146_c06/epsilon_trace.csv,5,epsilon,4,35,False,infeasible,,,0,,,,,,,,,,,,,,,,,,,,,,,
Otto_instance_n=20_146_c07,Otto_instance_n=20_146,Otto,20,1000.0,c07,7,high,low,high,mid,7042,published_results/extra_remaining_instances_2026-06-10/solutions/Otto_instance_n=20_146_c07/epsilon_trace.csv,1,E0_HI_only,0,,True,,False,True,0,120.0,0.0,3,3,0,True,True,120.0,120.0,0.0,0,985,0.03903388977050781,0.0,0.0,,20,0,0,0,0,0,0
Otto_instance_n=20_146_c07,Otto_instance_n=20_146,Otto,20,1000.0,c07,7,high,low,high,mid,7042,published_results/extra_remaining_instances_2026-06-10/solutions/Otto_instance_n=20_146_c07/epsilon_trace.csv,2,epsilon,1,119,True,,False,True,0,85.0,115.95,2,2,1,True,True,115.95,115.95,0.0,24511,1036978,43.21602272987366,97.0,18.95,0.621,9,0,0,0,11,0,0
Otto_instance_n=20_146_c07,Otto_instance_n=20_146,Otto,20,1000.0,c07,7,high,low,high,mid,7042,published_results/extra_remaining_instances_2026-06-10/solutions/Otto_instance_n=20_146_c07/epsilon_trace.csv,3,epsilon,2,84,True,,False,True,0,54.0,233.15,2,1,2,True,True,233.15,233.15,0.0,99,26540,2.478159189224243,189.0,44.150000000000006,0.5585,0,1,0,0,19,0,0
Otto_instance_n=20_146_c07,Otto_instance_n=20_146,Otto,20,1000.0,c07,7,high,low,high,mid,7042,published_results/extra_remaining_instances_2026-06-10/solutions/Otto_instance_n=20_146_c07/epsilon_trace.csv,4,epsilon,3,53,False,infeasible,,,0,,,,,,,,,,,,,,,,,,,,,,,
Otto_instance_n=20_146_c08,Otto_instance_n=20_146,Otto,20,1000.0,c08,8,high,mid,low,high,8042,published_results/extra_remaining_instances_2026-06-10/solutions/Otto_instance_n=20_146_c08/epsilon_trace.csv,1,E0_HI_only,0,,True,,False,True,0,120.0,0.0,3,3,0,True,True,120.0,120.0,0.0,0,985,0.042559146881103516,0.0,0.0,,20,0,0,0,0,0,0
Otto_instance_n=20_146_c08,Otto_instance_n=20_146,Otto,20,1000.0,c08,8,high,mid,low,high,8042,published_results/extra_remaining_instances_2026-06-10/solutions/Otto_instance_n=20_146_c08/epsilon_trace.csv,2,epsilon,1,119,True,,False,True,0,94.0,246.70000000000002,3,2,2,True,False,172.15,246.7,30.2189,204538,7962359,300.31989884376526,209.0,37.7,0.623,10,1,0,0,9,0,0
Otto_instance_n=20_146_c08,Otto_instance_n=20_146,Otto,20,1000.0,c08,8,high,mid,low,high,8042,published_results/extra_remaining_instances_2026-06-10/solutions/Otto_instance_n=20_146_c08/epsilon_trace.csv,3,epsilon,2,93,True,,False,True,0,90.0,272.55,2,2,2,True,False,190.54298314,272.55,30.0888,351783,9097881,300.2934069633484,268.0,4.55,0.9545,0,0,0,0,11,5,4
Otto_instance_n=20_146_c08,Otto_instance_n=20_146,Otto,20,1000.0,c08,8,high,mid,low,high,8042,published_results/extra_remaining_instances_2026-06-10/solutions/Otto_instance_n=20_146_c08/epsilon_trace.csv,4,epsilon,3,89,True,,False,True,0,72.0,748.8499999999999,4,1,4,True,False,438.93768743,748.85,41.3851,217462,8766048,300.6244099140167,713.0,35.85,0.8207,0,7,0,0,13,0,0
Otto_instance_n=20_146_c08,Otto_instance_n=20_146,Otto,20,1000.0,c08,8,high,mid,low,high,8042,published_results/extra_remaining_instances_2026-06-10/solutions/Otto_instance_n=20_146_c08/epsilon_trace.csv,5,epsilon,4,71,True,,False,True,0,54.0,1451.5,6,0,6,True,True,1451.5,1451.5,0.0,56963,1694869,36.36077880859375,1437.0,14.5,0.9517,0,20,0,0,0,0,0
Otto_instance_n=20_146_c08,Otto_instance_n=20_146,Otto,20,1000.0,c08,8,high,mid,low,high,8042,published_results/extra_remaining_instances_2026-06-10/solutions/Otto_instance_n=20_146_c08/epsilon_trace.csv,6,epsilon,5,53,False,infeasible,,,0,,,,,,,,,,,,,,,,,,,,,,,
Otto_instance_n=20_146_c09,Otto_instance_n=20_146,Otto,20,1000.0,c09,9,high,high,mid,low,9042,published_results/extra_remaining_instances_2026-06-10/solutions/Otto_instance_n=20_146_c09/epsilon_trace.csv,1,E0_HI_only,0,,True,,False,True,0,120.0,0.0,3,3,0,True,True,120.0,120.0,0.0,0,985,0.03826308250427246,0.0,0.0,,20,0,0,0,0,0,0
Otto_instance_n=20_146_c09,Otto_instance_n=20_146,Otto,20,1000.0,c09,9,high,high,mid,low,9042,published_results/extra_remaining_instances_2026-06-10/solutions/Otto_instance_n=20_146_c09/epsilon_trace.csv,2,epsilon,1,119,True,,False,True,0,90.0,225.5,2,2,2,True,False,56.641624709,225.5,74.8818,171986,9390420,300.3156900405884,204.0,21.5,0.785,0,0,0,0,0,14,6
Otto_instance_n=20_146_c09,Otto_instance_n=20_146,Otto,20,1000.0,c09,9,high,high,mid,low,9042,published_results/extra_remaining_instances_2026-06-10/solutions/Otto_instance_n=20_146_c09/epsilon_trace.csv,3,epsilon,2,89,True,,False,True,0,72.0,824.8499999999999,4,1,4,True,False,55.95,824.85,93.2169,390231,15740416,300.3164629936218,807.0,17.85,0.9107,0,10,0,0,0,7,3
Otto_instance_n=20_146_c09,Otto_instance_n=20_146,Otto,20,1000.0,c09,9,high,high,mid,low,9042,published_results/extra_remaining_instances_2026-06-10/solutions/Otto_instance_n=20_146_c09/epsilon_trace.csv,4,epsilon,3,71,True,,False,True,0,54.0,1548.35,6,0,6,True,False,354.7,1548.35,77.0917,467376,19687861,300.3390130996704,1537.0,11.350000000000001,0.9622,0,20,0,0,0,0,0
Otto_instance_n=20_146_c09,Otto_instance_n=20_146,Otto,20,1000.0,c09,9,high,high,mid,low,9042,published_results/extra_remaining_instances_2026-06-10/solutions/Otto_instance_n=20_146_c09/epsilon_trace.csv,5,epsilon,4,53,False,infeasible,,,0,,,,,,,,,,,,,,,,,,,,,,,
Otto_instance_n=20_240_c01,Otto_instance_n=20_240,Otto,20,1000.0,c01,1,low,low,low,low,1042,published_results/extra_remaining_instances_2026-06-10/solutions/Otto_instance_n=20_240_c01/epsilon_trace.csv,1,E0_HI_only,0,,True,,False,True,0,120.0,0.0,3,3,0,True,True,120.0,120.0,0.0,0,570,0.03249788284301758,0.0,0.0,,20,0,0,0,0,0,0
Otto_instance_n=20_240_c01,Otto_instance_n=20_240,Otto,20,1000.0,c01,1,low,low,low,low,1042,published_results/extra_remaining_instances_2026-06-10/solutions/Otto_instance_n=20_240_c01/epsilon_trace.csv,2,epsilon,1,119,True,,False,True,0,85.0,125.2,2,2,1,True,False,76.656791975,125.2,38.7725,80845,3487773,300.46615409851074,110.0,15.200000000000001,0.696,7,0,0,0,13,0,0
Otto_instance_n=20_240_c01,Otto_instance_n=20_240,Otto,20,1000.0,c01,1,low,low,low,low,1042,published_results/extra_remaining_instances_2026-06-10/solutions/Otto_instance_n=20_240_c01/epsilon_trace.csv,3,epsilon,2,84,True,,False,True,0,54.0,244.05,2,1,2,True,True,244.05,244.05,0.0,10071,306274,11.038574934005737,203.0,41.050000000000004,0.5895,0,3,0,0,17,0,0
Otto_instance_n=20_240_c01,Otto_instance_n=20_240,Otto,20,1000.0,c01,1,low,low,low,low,1042,published_results/extra_remaining_instances_2026-06-10/solutions/Otto_instance_n=20_240_c01/epsilon_trace.csv,4,epsilon,3,53,True,,False,True,0,27.0,747.4,3,0,3,True,True,747.4,747.4,0.0,0,1032,0.5666768550872803,741.0,6.4,0.9573,0,20,0,0,0,0,0
Otto_instance_n=20_240_c01,Otto_instance_n=20_240,Otto,20,1000.0,c01,1,low,low,low,low,1042,published_results/extra_remaining_instances_2026-06-10/solutions/Otto_instance_n=20_240_c01/epsilon_trace.csv,5,epsilon,4,26,False,infeasible,,,0,,,,,,,,,,,,,,,,,,,,,,,
Otto_instance_n=20_240_c02,Otto_instance_n=20_240,Otto,20,1000.0,c02,2,low,mid,mid,mid,2042,published_results/extra_remaining_instances_2026-06-10/solutions/Otto_instance_n=20_240_c02/epsilon_trace.csv,1,E0_HI_only,0,,True,,False,True,0,120.0,0.0,3,3,0,True,True,120.0,120.0,0.0,0,570,0.03238821029663086,0.0,0.0,,20,0,0,0,0,0,0
Otto_instance_n=20_240_c02,Otto_instance_n=20_240,Otto,20,1000.0,c02,2,low,mid,mid,mid,2042,published_results/extra_remaining_instances_2026-06-10/solutions/Otto_instance_n=20_240_c02/epsilon_trace.csv,2,epsilon,1,119,True,,False,True,0,90.0,210.7,2,2,2,True,False,123.73254462,210.7,41.2755,281574,5259518,300.4210431575775,177.0,33.7,0.663,0,0,0,0,0,12,8
Otto_instance_n=20_240_c02,Otto_instance_n=20_240,Otto,20,1000.0,c02,2,low,mid,mid,mid,2042,published_results/extra_remaining_instances_2026-06-10/solutions/Otto_instance_n=20_240_c02/epsilon_trace.csv,3,epsilon,2,89,True,,False,True,0,89.0,232.95,3,2,1,True,True,232.95,232.95,0.0,96006,2264600,75.43966794013977,226.0,6.95,0.861,14,6,0,0,0,0,0
Otto_instance_n=20_240_c02,Otto_instance_n=20_240,Otto,20,1000.0,c02,2,low,mid,mid,mid,2042,published_results/extra_remaining_instances_2026-06-10/solutions/Otto_instance_n=20_240_c02/epsilon_trace.csv,4,epsilon,3,88,True,,False,True,0,63.0,456.85,3,1,3,True,False,330.2,456.85,27.7224,328741,8431528,300.38197684288025,411.0,45.85,0.6943,0,9,0,0,0,5,6
Otto_instance_n=20_240_c02,Otto_instance_n=20_240,Otto,20,1000.0,c02,2,low,mid,mid,mid,2042,published_results/extra_remaining_instances_2026-06-10/solutions/Otto_instance_n=20_240_c02/epsilon_trace.csv,5,epsilon,4,62,True,,False,True,0,58.0,484.7,3,1,2,True,True,484.7,484.7,0.0,161803,5683154,84.80646395683289,476.0,8.700000000000001,0.913,7,13,0,0,0,0,0
Otto_instance_n=20_240_c02,Otto_instance_n=20_240,Otto,20,1000.0,c02,2,low,mid,mid,mid,2042,published_results/extra_remaining_instances_2026-06-10/solutions/Otto_instance_n=20_240_c02/epsilon_trace.csv,6,epsilon,5,57,True,,False,True,0,27.0,762.4,3,0,3,True,True,762.4,762.4,0.0,213367,3672010,35.31965899467468,753.0,9.4,0.9373,0,20,0,0,0,0,0
Otto_instance_n=20_240_c02,Otto_instance_n=20_240,Otto,20,1000.0,c02,2,low,mid,mid,mid,2042,published_results/extra_remaining_instances_2026-06-10/solutions/Otto_instance_n=20_240_c02/epsilon_trace.csv,7,epsilon,6,26,False,infeasible,,,0,,,,,,,,,,,,,,,,,,,,,,,
Otto_instance_n=20_240_c03,Otto_instance_n=20_240,Otto,20,1000.0,c03,3,low,high,high,high,3042,published_results/extra_remaining_instances_2026-06-10/solutions/Otto_instance_n=20_240_c03/epsilon_trace.csv,1,E0_HI_only,0,,True,,False,True,0,120.0,0.0,3,3,0,True,True,120.0,120.0,0.0,0,570,0.03344893455505371,0.0,0.0,,20,0,0,0,0,0,0
Otto_instance_n=20_240_c03,Otto_instance_n=20_240,Otto,20,1000.0,c03,3,low,high,high,high,3042,published_results/extra_remaining_instances_2026-06-10/solutions/Otto_instance_n=20_240_c03/epsilon_trace.csv,2,epsilon,1,119,True,,False,True,0,89.0,231.6,3,2,1,True,False,188.58834586,231.6,18.5715,266877,6337452,300.3110239505768,227.0,4.6000000000000005,0.908,13,7,0,0,0,0,0
Otto_instance_n=20_240_c03,Otto_instance_n=20_240,Otto,20,1000.0,c03,3,low,high,high,high,3042,published_results/extra_remaining_instances_2026-06-10/solutions/Otto_instance_n=20_240_c03/epsilon_trace.csv,3,epsilon,2,88,True,,False,True,0,58.0,471.0,3,1,2,True,False,427.1950946,471.0,9.3004,282225,7166732,300.41010093688965,464.0,7.0,0.93,8,12,0,0,0,0,0
Otto_instance_n=20_240_c03,Otto_instance_n=20_240,Otto,20,1000.0,c03,3,low,high,high,high,3042,published_results/extra_remaining_instances_2026-06-10/solutions/Otto_instance_n=20_240_c03/epsilon_trace.csv,4,epsilon,3,57,True,,False,True,0,27.0,752.25,3,0,3,True,True,752.25,752.25,0.0,8038,162691,2.6557350158691406,746.0,6.25,0.9583,0,20,0,0,0,0,0
Otto_instance_n=20_240_c03,Otto_instance_n=20_240,Otto,20,1000.0,c03,3,low,high,high,high,3042,published_results/extra_remaining_instances_2026-06-10/solutions/Otto_instance_n=20_240_c03/epsilon_trace.csv,5,epsilon,4,26,False,infeasible,,,0,,,,,,,,,,,,,,,,,,,,,,,
Otto_instance_n=20_240_c04,Otto_instance_n=20_240,Otto,20,1000.0,c04,4,mid,low,mid,high,4042,published_results/extra_remaining_instances_2026-06-10/solutions/Otto_instance_n=20_240_c04/epsilon_trace.csv,1,E0_HI_only,0,,True,,False,True,0,120.0,0.0,3,3,0,True,True,120.0,120.0,0.0,0,570,0.042578935623168945,0.0,0.0,,20,0,0,0,0,0,0
Otto_instance_n=20_240_c04,Otto_instance_n=20_240,Otto,20,1000.0,c04,4,mid,low,mid,high,4042,published_results/extra_remaining_instances_2026-06-10/solutions/Otto_instance_n=20_240_c04/epsilon_trace.csv,2,epsilon,1,119,True,,False,True,0,85.0,124.2,2,2,1,True,True,124.2,124.2,0.0,2788,150441,6.20900297164917,108.0,16.2,0.676,7,0,0,0,13,0,0
Otto_instance_n=20_240_c04,Otto_instance_n=20_240,Otto,20,1000.0,c04,4,mid,low,mid,high,4042,published_results/extra_remaining_instances_2026-06-10/solutions/Otto_instance_n=20_240_c04/epsilon_trace.csv,3,epsilon,2,84,True,,False,True,0,54.0,268.7,2,1,2,True,True,268.7,268.7,0.0,338,56844,2.70589017868042,235.0,33.7,0.663,0,2,0,0,18,0,0
Otto_instance_n=20_240_c04,Otto_instance_n=20_240,Otto,20,1000.0,c04,4,mid,low,mid,high,4042,published_results/extra_remaining_instances_2026-06-10/solutions/Otto_instance_n=20_240_c04/epsilon_trace.csv,4,epsilon,3,53,True,,False,True,0,45.0,1146.8,5,0,5,True,True,1146.8,1146.8,0.0,140,8474,0.7713677883148193,1106.0,40.800000000000004,0.8368,0,20,0,0,0,0,0
Otto_instance_n=20_240_c04,Otto_instance_n=20_240,Otto,20,1000.0,c04,4,mid,low,mid,high,4042,published_results/extra_remaining_instances_2026-06-10/solutions/Otto_instance_n=20_240_c04/epsilon_trace.csv,5,epsilon,4,44,False,infeasible,,,0,,,,,,,,,,,,,,,,,,,,,,,
Otto_instance_n=20_240_c05,Otto_instance_n=20_240,Otto,20,1000.0,c05,5,mid,mid,high,low,5042,published_results/extra_remaining_instances_2026-06-10/solutions/Otto_instance_n=20_240_c05/epsilon_trace.csv,1,E0_HI_only,0,,True,,False,True,0,120.0,0.0,3,3,0,True,True,120.0,120.0,0.0,0,570,0.033493995666503906,0.0,0.0,,20,0,0,0,0,0,0
Otto_instance_n=20_240_c05,Otto_instance_n=20_240,Otto,20,1000.0,c05,5,mid,mid,high,low,5042,published_results/extra_remaining_instances_2026-06-10/solutions/Otto_instance_n=20_240_c05/epsilon_trace.csv,2,epsilon,1,119,True,,False,True,0,90.0,223.75,2,2,2,True,False,109.8,223.75,50.9274,136010,7796406,300.34268021583557,196.0,27.75,0.7225,0,0,0,0,0,13,7
Otto_instance_n=20_240_c05,Otto_instance_n=20_240,Otto,20,1000.0,c05,5,mid,mid,high,low,5042,published_results/extra_remaining_instances_2026-06-10/solutions/Otto_instance_n=20_240_c05/epsilon_trace.csv,3,epsilon,2,89,True,,False,True,0,63.0,587.2500000000001,3,1,3,True,False,417.87083333,587.25,28.8428,360771,8894270,300.33462595939636,575.0,12.25,0.9183,0,8,0,0,0,6,6
Otto_instance_n=20_240_c05,Otto_instance_n=20_240,Otto,20,1000.0,c05,5,mid,mid,high,low,5042,published_results/extra_remaining_instances_2026-06-10/solutions/Otto_instance_n=20_240_c05/epsilon_trace.csv,4,epsilon,3,62,True,,False,True,0,45.0,1101.65,5,0,5,True,True,1101.65,1101.65,0.0,11346,294150,5.4069061279296875,1056.0,45.650000000000006,0.8174,0,20,0,0,0,0,0
Otto_instance_n=20_240_c05,Otto_instance_n=20_240,Otto,20,1000.0,c05,5,mid,mid,high,low,5042,published_results/extra_remaining_instances_2026-06-10/solutions/Otto_instance_n=20_240_c05/epsilon_trace.csv,5,epsilon,4,44,False,infeasible,,,0,,,,,,,,,,,,,,,,,,,,,,,
Otto_instance_n=20_240_c06,Otto_instance_n=20_240,Otto,20,1000.0,c06,6,mid,high,low,mid,6042,published_results/extra_remaining_instances_2026-06-10/solutions/Otto_instance_n=20_240_c06/epsilon_trace.csv,1,E0_HI_only,0,,True,,False,True,0,120.0,0.0,3,3,0,True,True,120.0,120.0,0.0,0,570,0.03277587890625,0.0,0.0,,20,0,0,0,0,0,0
Otto_instance_n=20_240_c06,Otto_instance_n=20_240,Otto,20,1000.0,c06,6,mid,high,low,mid,6042,published_results/extra_remaining_instances_2026-06-10/solutions/Otto_instance_n=20_240_c06/epsilon_trace.csv,2,epsilon,1,119,True,,False,True,0,90.0,271.90000000000003,2,2,2,True,False,177.07370598,271.9,34.8754,251363,6638987,300.3456687927246,266.0,5.9,0.941,0,0,0,0,0,10,10
Otto_instance_n=20_240_c06,Otto_instance_n=20_240,Otto,20,1000.0,c06,6,mid,high,low,mid,6042,published_results/extra_remaining_instances_2026-06-10/solutions/Otto_instance_n=20_240_c06/epsilon_trace.csv,3,epsilon,2,89,True,,False,True,0,72.0,678.6500000000001,4,1,4,True,False,519.37219373,678.65,23.4698,412295,8632784,300.3574151992798,628.0,50.650000000000006,0.7468,0,10,0,0,0,6,4
Otto_instance_n=20_240_c06,Otto_instance_n=20_240,Otto,20,1000.0,c06,6,mid,high,low,mid,6042,published_results/extra_remaining_instances_2026-06-10/solutions/Otto_instance_n=20_240_c06/epsilon_trace.csv,4,epsilon,3,71,True,,False,True,0,67.0,680.5500000000001,4,1,3,True,True,680.55,680.55,0.0,253169,5010828,105.67837309837341,663.0,17.55,0.883,6,14,0,0,0,0,0
Otto_instance_n=20_240_c06,Otto_instance_n=20_240,Otto,20,1000.0,c06,6,mid,high,low,mid,6042,published_results/extra_remaining_instances_2026-06-10/solutions/Otto_instance_n=20_240_c06/epsilon_trace.csv,5,epsilon,4,66,True,,False,True,0,45.0,1103.9999999999998,5,0,5,True,True,1104.0,1104.0,0.0,200792,2981056,49.157861948013306,1060.0,44.0,0.824,0,20,0,0,0,0,0
Otto_instance_n=20_240_c06,Otto_instance_n=20_240,Otto,20,1000.0,c06,6,mid,high,low,mid,6042,published_results/extra_remaining_instances_2026-06-10/solutions/Otto_instance_n=20_240_c06/epsilon_trace.csv,6,epsilon,5,44,False,infeasible,,,0,,,,,,,,,,,,,,,,,,,,,,,
Otto_instance_n=20_240_c07,Otto_instance_n=20_240,Otto,20,1000.0,c07,7,high,low,high,mid,7042,published_results/extra_remaining_instances_2026-06-10/solutions/Otto_instance_n=20_240_c07/epsilon_trace.csv,1,E0_HI_only,0,,True,,False,True,0,120.0,0.0,3,3,0,True,True,120.0,120.0,0.0,0,570,0.03152799606323242,0.0,0.0,,20,0,0,0,0,0,0
Otto_instance_n=20_240_c07,Otto_instance_n=20_240,Otto,20,1000.0,c07,7,high,low,high,mid,7042,published_results/extra_remaining_instances_2026-06-10/solutions/Otto_instance_n=20_240_c07/epsilon_trace.csv,2,epsilon,1,119,True,,False,True,0,85.0,127.5,2,2,1,True,True,127.5,127.5,0.0,5883,177152,6.889126777648926,113.0,14.5,0.71,7,0,0,0,13,0,0
Otto_instance_n=20_240_c07,Otto_instance_n=20_240,Otto,20,1000.0,c07,7,high,low,high,mid,7042,published_results/extra_remaining_instances_2026-06-10/solutions/Otto_instance_n=20_240_c07/epsilon_trace.csv,3,epsilon,2,84,True,,False,True,0,54.0,308.09999999999997,2,1,2,True,True,308.1,308.1,0.0,146,39497,2.7249362468719482,285.0,23.1,0.769,0,2,0,0,18,0,0
Otto_instance_n=20_240_c07,Otto_instance_n=20_240,Otto,20,1000.0,c07,7,high,low,high,mid,7042,published_results/extra_remaining_instances_2026-06-10/solutions/Otto_instance_n=20_240_c07/epsilon_trace.csv,4,epsilon,3,53,False,infeasible,,,0,,,,,,,,,,,,,,,,,,,,,,,
Otto_instance_n=20_240_c08,Otto_instance_n=20_240,Otto,20,1000.0,c08,8,high,mid,low,high,8042,published_results/extra_remaining_instances_2026-06-10/solutions/Otto_instance_n=20_240_c08/epsilon_trace.csv,1,E0_HI_only,0,,True,,False,True,0,120.0,0.0,3,3,0,True,True,120.0,120.0,0.0,0,570,0.038413047790527344,0.0,0.0,,20,0,0,0,0,0,0
Otto_instance_n=20_240_c08,Otto_instance_n=20_240,Otto,20,1000.0,c08,8,high,mid,low,high,8042,published_results/extra_remaining_instances_2026-06-10/solutions/Otto_instance_n=20_240_c08/epsilon_trace.csv,2,epsilon,1,119,True,,False,True,0,90.0,294.45000000000005,2,2,2,True,True,294.45,294.45,0.0,37694,1873276,73.17172813415527,288.0,6.45,0.9355,0,0,0,0,20,0,0
Otto_instance_n=20_240_c08,Otto_instance_n=20_240,Otto,20,1000.0,c08,8,high,mid,low,high,8042,published_results/extra_remaining_instances_2026-06-10/solutions/Otto_instance_n=20_240_c08/epsilon_trace.csv,3,epsilon,2,89,True,,False,True,0,72.0,844.8,4,1,4,True,True,844.8,844.8,0.0,40219,1376251,35.943204164505005,829.0,15.8,0.921,0,10,0,0,10,0,0
Otto_instance_n=20_240_c08,Otto_instance_n=20_240,Otto,20,1000.0,c08,8,high,mid,low,high,8042,published_results/extra_remaining_instances_2026-06-10/solutions/Otto_instance_n=20_240_c08/epsilon_trace.csv,4,epsilon,3,71,True,,False,True,0,63.0,1613.95,7,0,7,True,True,1613.95,1613.95,0.0,4041,274915,4.3335511684417725,1574.0,39.95,0.8859,0,20,0,0,0,0,0
Otto_instance_n=20_240_c08,Otto_instance_n=20_240,Otto,20,1000.0,c08,8,high,mid,low,high,8042,published_results/extra_remaining_instances_2026-06-10/solutions/Otto_instance_n=20_240_c08/epsilon_trace.csv,5,epsilon,4,62,False,infeasible,,,0,,,,,,,,,,,,,,,,,,,,,,,
Otto_instance_n=20_240_c09,Otto_instance_n=20_240,Otto,20,1000.0,c09,9,high,high,mid,low,9042,published_results/extra_remaining_instances_2026-06-10/solutions/Otto_instance_n=20_240_c09/epsilon_trace.csv,1,E0_HI_only,0,,True,,False,True,0,120.0,0.0,3,3,0,True,True,120.0,120.0,0.0,0,570,0.03158712387084961,0.0,0.0,,20,0,0,0,0,0,0
Otto_instance_n=20_240_c09,Otto_instance_n=20_240,Otto,20,1000.0,c09,9,high,high,mid,low,9042,published_results/extra_remaining_instances_2026-06-10/solutions/Otto_instance_n=20_240_c09/epsilon_trace.csv,2,epsilon,1,119,True,,False,True,0,99.0,409.35,3,2,3,True,False,184.55,409.35,54.9163,264080,6491367,300.53471398353577,368.0,41.35,0.7243,0,1,0,0,0,13,6
Otto_instance_n=20_240_c09,Otto_instance_n=20_240,Otto,20,1000.0,c09,9,high,high,mid,low,9042,published_results/extra_remaining_instances_2026-06-10/solutions/Otto_instance_n=20_240_c09/epsilon_trace.csv,3,epsilon,2,98,True,,False,True,0,98.0,507.20000000000005,4,2,2,True,False,282.4,507.2,44.3218,260499,7124124,300.3104178905487,503.0,4.2,0.958,13,7,0,0,0,0,0
Otto_instance_n=20_240_c09,Otto_instance_n=20_240,Otto,20,1000.0,c09,9,high,high,mid,low,9042,published_results/extra_remaining_instances_2026-06-10/solutions/Otto_instance_n=20_240_c09/epsilon_trace.csv,4,epsilon,3,97,True,,False,True,0,81.0,1005.6999999999999,5,1,5,True,False,465.43689168,1005.7,53.7201,392859,7540779,300.2894048690796,966.0,39.7,0.8412,0,11,0,0,0,5,4
Otto_instance_n=20_240_c09,Otto_instance_n=20_240,Otto,20,1000.0,c09,9,high,high,mid,low,9042,published_results/extra_remaining_instances_2026-06-10/solutions/Otto_instance_n=20_240_c09/epsilon_trace.csv,5,epsilon,4,80,True,,False,True,0,63.0,1703.0,7,0,7,True,True,1703.0,1703.0,0.0,351878,15100049,230.25353288650513,1666.0,37.0,0.8943,0,20,0,0,0,0,0
Otto_instance_n=20_240_c09,Otto_instance_n=20_240,Otto,20,1000.0,c09,9,high,high,mid,low,9042,published_results/extra_remaining_instances_2026-06-10/solutions/Otto_instance_n=20_240_c09/epsilon_trace.csv,6,epsilon,5,62,False,infeasible,,,0,,,,,,,,,,,,,,,,,,,,,,,
Otto_instance_n=20_288_c01,Otto_instance_n=20_288,Otto,20,1000.0,c01,1,low,low,low,low,1042,published_results/extra_remaining_instances_2026-06-10/solutions/Otto_instance_n=20_288_c01/epsilon_trace.csv,1,E0_HI_only,0,,True,,False,True,0,240.0,0.0,6,6,0,True,True,240.0,240.0,0.0,0,697,0.03512692451477051,0.0,0.0,,20,0,0,0,0,0,0
Otto_instance_n=20_288_c01,Otto_instance_n=20_288,Otto,20,1000.0,c01,1,low,low,low,low,1042,published_results/extra_remaining_instances_2026-06-10/solutions/Otto_instance_n=20_288_c01/epsilon_trace.csv,2,epsilon,1,239,True,,False,True,0,205.0,60.800000000000004,5,5,1,True,True,60.8,60.8,0.0,5533,618505,29.06225609779358,14.0,46.800000000000004,0.064,16,0,3,1,0,0,0
Otto_instance_n=20_288_c01,Otto_instance_n=20_288,Otto,20,1000.0,c01,1,low,low,low,low,1042,published_results/extra_remaining_instances_2026-06-10/solutions/Otto_instance_n=20_288_c01/epsilon_trace.csv,3,epsilon,2,204,True,,False,True,0,165.0,128.65,4,4,1,True,True,128.65,128.65,0.0,16727,1859348,140.3063907623291,117.0,11.65,0.767,13,0,0,0,7,0,0
Otto_instance_n=20_288_c01,Otto_instance_n=20_288,Otto,20,1000.0,c01,1,low,low,low,low,1042,published_results/extra_remaining_instances_2026-06-10/solutions/Otto_instance_n=20_288_c01/epsilon_trace.csv,4,epsilon,3,164,True,,False,True,0,130.0,235.5,3,3,2,True,True,235.5,235.5,0.0,59223,4389535,178.30944323539734,206.0,29.5,0.705,5,0,0,0,10,3,2
Otto_instance_n=20_288_c01,Otto_instance_n=20_288,Otto,20,1000.0,c01,1,low,low,low,low,1042,published_results/extra_remaining_instances_2026-06-10/solutions/Otto_instance_n=20_288_c01/epsilon_trace.csv,5,epsilon,4,129,True,,False,True,0,90.0,302.2,2,2,2,True,True,302.2,302.2,0.0,15378,2219054,94.93823885917664,298.0,4.2,0.958,0,0,0,0,20,0,0
Otto_instance_n=20_288_c01,Otto_instance_n=20_288,Otto,20,1000.0,c01,1,low,low,low,low,1042,published_results/extra_remaining_instances_2026-06-10/solutions/Otto_instance_n=20_288_c01/epsilon_trace.csv,6,epsilon,5,89,True,,False,True,0,72.0,754.5000000000001,4,1,4,True,True,754.5,754.5,0.0,13046,1177647,43.63123416900635,723.0,31.5,0.8425,0,10,0,0,10,0,0
Otto_instance_n=20_288_c01,Otto_instance_n=20_288,Otto,20,1000.0,c01,1,low,low,low,low,1042,published_results/extra_remaining_instances_2026-06-10/solutions/Otto_instance_n=20_288_c01/epsilon_trace.csv,7,epsilon,6,71,True,,False,True,0,54.0,1341.6499999999999,6,0,6,True,True,1341.65,1341.65,0.0,826,79311,3.2992658615112305,1291.0,50.650000000000006,0.8312,0,20,0,0,0,0,0
Otto_instance_n=20_288_c01,Otto_instance_n=20_288,Otto,20,1000.0,c01,1,low,low,low,low,1042,published_results/extra_remaining_instances_2026-06-10/solutions/Otto_instance_n=20_288_c01/epsilon_trace.csv,8,epsilon,7,53,False,infeasible,,,0,,,,,,,,,,,,,,,,,,,,,,,
Otto_instance_n=20_288_c02,Otto_instance_n=20_288,Otto,20,1000.0,c02,2,low,mid,mid,mid,2042,published_results/extra_remaining_instances_2026-06-10/solutions/Otto_instance_n=20_288_c02/epsilon_trace.csv,1,E0_HI_only,0,,True,,False,True,0,240.0,0.0,6,6,0,True,True,240.0,240.0,0.0,0,697,0.035527944564819336,0.0,0.0,,20,0,0,0,0,0,0
Otto_instance_n=20_288_c02,Otto_instance_n=20_288,Otto,20,1000.0,c02,2,low,mid,mid,mid,2042,published_results/extra_remaining_instances_2026-06-10/solutions/Otto_instance_n=20_288_c02/epsilon_trace.csv,2,epsilon,1,239,True,,False,True,0,205.0,74.5,5,5,1,True,True,74.5,74.5,0.0,10501,616104,30.43797016143799,41.0,33.5,0.33,16,0,0,0,0,3,1
Otto_instance_n=20_288_c02,Otto_instance_n=20_288,Otto,20,1000.0,c02,2,low,mid,mid,mid,2042,published_results/extra_remaining_instances_2026-06-10/solutions/Otto_instance_n=20_288_c02/epsilon_trace.csv,3,epsilon,2,204,True,,False,True,0,170.0,220.60000000000002,4,4,2,True,False,145.96626572,220.6,33.8322,103501,7134845,300.32454204559326,194.0,26.6,0.734,8,0,0,0,0,6,6
Otto_instance_n=20_288_c02,Otto_instance_n=20_288,Otto,20,1000.0,c02,2,low,mid,mid,mid,2042,published_results/extra_remaining_instances_2026-06-10/solutions/Otto_instance_n=20_288_c02/epsilon_trace.csv,4,epsilon,3,169,True,,False,True,0,135.0,392.90000000000003,3,3,3,True,False,156.40261421,392.9,60.1928,38824,4249464,300.4036560058594,383.0,9.9,0.934,0,0,0,0,0,9,11
Otto_instance_n=20_288_c02,Otto_instance_n=20_288,Otto,20,1000.0,c02,2,low,mid,mid,mid,2042,published_results/extra_remaining_instances_2026-06-10/solutions/Otto_instance_n=20_288_c02/epsilon_trace.csv,5,epsilon,4,134,True,,False,True,0,108.0,684.35,4,2,4,True,False,426.9882183,684.35,37.6067,92788,7691873,300.32840514183044,658.0,26.35,0.8682,0,8,0,0,0,4,8
Otto_instance_n=20_288_c02,Otto_instance_n=20_288,Otto,20,1000.0,c02,2,low,mid,mid,mid,2042,published_results/extra_remaining_instances_2026-06-10/solutions/Otto_instance_n=20_288_c02/epsilon_trace.csv,6,epsilon,5,107,True,,False,True,0,107.0,768.15,5,2,3,True,True,768.15,768.15,0.0,37141,3427685,218.80627727508545,764.0,4.15,0.9723,8,12,0,0,0,0,0
Otto_instance_n=20_288_c02,Otto_instance_n=20_288,Otto,20,1000.0,c02,2,low,mid,mid,mid,2042,published_results/extra_remaining_instances_2026-06-10/solutions/Otto_instance_n=20_288_c02/epsilon_trace.csv,7,epsilon,6,106,True,,False,True,0,81.0,986.4,5,1,5,True,False,856.7892746,986.4,13.1398,241339,8742246,300.33384919166565,947.0,39.400000000000006,0.8424,0,13,0,0,0,2,5
Otto_instance_n=20_288_c02,Otto_instance_n=20_288,Otto,20,1000.0,c02,2,low,mid,mid,mid,2042,published_results/extra_remaining_instances_2026-06-10/solutions/Otto_instance_n=20_288_c02/epsilon_trace.csv,8,epsilon,7,80,True,,False,True,0,76.0,1050.25,5,1,4,True,True,1050.25,1050.25,0.0,4701,198809,5.854161977767944,1045.0,5.25,0.9738,3,17,0,0,0,0,0
Otto_instance_n=20_288_c02,Otto_instance_n=20_288,Otto,20,1000.0,c02,2,low,mid,mid,mid,2042,published_results/extra_remaining_instances_2026-06-10/solutions/Otto_instance_n=20_288_c02/epsilon_trace.csv,9,epsilon,8,75,True,,False,True,0,54.0,1354.7,6,0,6,True,True,1354.7,1354.7,0.0,7430,213415,5.57711386680603,1300.0,54.7,0.8177,0,20,0,0,0,0,0
Otto_instance_n=20_288_c02,Otto_instance_n=20_288,Otto,20,1000.0,c02,2,low,mid,mid,mid,2042,published_results/extra_remaining_instances_2026-06-10/solutions/Otto_instance_n=20_288_c02/epsilon_trace.csv,10,epsilon,9,53,False,infeasible,,,0,,,,,,,,,,,,,,,,,,,,,,,
Otto_instance_n=20_288_c03,Otto_instance_n=20_288,Otto,20,1000.0,c03,3,low,high,high,high,3042,published_results/extra_remaining_instances_2026-06-10/solutions/Otto_instance_n=20_288_c03/epsilon_trace.csv,1,E0_HI_only,0,,True,,False,True,0,240.0,0.0,6,6,0,True,True,240.0,240.0,0.0,0,697,0.034278154373168945,0.0,0.0,,20,0,0,0,0,0,0
Otto_instance_n=20_288_c03,Otto_instance_n=20_288,Otto,20,1000.0,c03,3,low,high,high,high,3042,published_results/extra_remaining_instances_2026-06-10/solutions/Otto_instance_n=20_288_c03/epsilon_trace.csv,2,epsilon,1,239,True,,False,True,0,209.0,79.15,6,5,1,True,True,79.15,79.15,0.0,7616,596823,32.273396015167236,35.0,44.150000000000006,0.117,19,1,0,0,0,0,0
Otto_instance_n=20_288_c03,Otto_instance_n=20_288,Otto,20,1000.0,c03,3,low,high,high,high,3042,published_results/extra_remaining_instances_2026-06-10/solutions/Otto_instance_n=20_288_c03/epsilon_trace.csv,3,epsilon,2,208,True,,False,True,0,205.0,90.85,5,5,1,True,True,90.85,90.85,0.0,7243,681764,35.86316800117493,64.0,26.85,0.463,16,0,0,0,0,3,1
Otto_instance_n=20_288_c03,Otto_instance_n=20_288,Otto,20,1000.0,c03,3,low,high,high,high,3042,published_results/extra_remaining_instances_2026-06-10/solutions/Otto_instance_n=20_288_c03/epsilon_trace.csv,4,epsilon,3,204,True,,False,True,0,178.0,304.7,6,4,2,True,False,94.351540826,304.7,69.0346,40493,6671873,300.3052427768707,256.0,48.7,0.513,17,3,0,0,0,0,0
Otto_instance_n=20_288_c03,Otto_instance_n=20_288,Otto,20,1000.0,c03,3,low,high,high,high,3042,published_results/extra_remaining_instances_2026-06-10/solutions/Otto_instance_n=20_288_c03/epsilon_trace.csv,5,epsilon,4,177,True,,False,True,1,174.0,301.6,5,4,2,True,True,301.6,301.6,0.0,123541,8223992,297.33075618743896,278.0,23.6,0.764,13,2,0,0,0,3,2
Otto_instance_n=20_288_c03,Otto_instance_n=20_288,Otto,20,1000.0,c03,3,low,high,high,high,3042,published_results/extra_remaining_instances_2026-06-10/solutions/Otto_instance_n=20_288_c03/epsilon_trace.csv,6,epsilon,5,173,True,,False,True,0,143.0,540.6999999999999,5,3,3,True,False,292.27028884,540.7,45.9459,101747,7690500,300.31545066833496,516.0,24.700000000000003,0.8353,8,6,0,0,0,3,3
Otto_instance_n=20_288_c03,Otto_instance_n=20_288,Otto,20,1000.0,c03,3,low,high,high,high,3042,published_results/extra_remaining_instances_2026-06-10/solutions/Otto_instance_n=20_288_c03/epsilon_trace.csv,7,epsilon,6,142,True,,False,True,0,112.0,783.7,5,2,4,True,False,465.8281377,783.7,40.5604,88440,8281603,300.31335401535034,759.0,24.700000000000003,0.8765,5,9,0,0,0,4,2
Otto_instance_n=20_288_c03,Otto_instance_n=20_288,Otto,20,1000.0,c03,3,low,high,high,high,3042,published_results/extra_remaining_instances_2026-06-10/solutions/Otto_instance_n=20_288_c03/epsilon_trace.csv,8,epsilon,7,111,True,,False,True,1,107.0,777.0,5,2,3,True,True,777.0,777.0,0.0,38197,2426847,91.28951811790466,774.0,3.0,0.98,7,13,0,0,0,0,0
Otto_instance_n=20_288_c03,Otto_instance_n=20_288,Otto,20,1000.0,c03,3,low,high,high,high,3042,published_results/extra_remaining_instances_2026-06-10/solutions/Otto_instance_n=20_288_c03/epsilon_trace.csv,9,epsilon,8,106,True,,False,True,0,76.0,1014.75,5,1,4,True,True,1014.75,1014.75,0.0,151337,4053256,189.23335194587708,1010.0,4.75,0.9762,4,16,0,0,0,0,0
Otto_instance_n=20_288_c03,Otto_instance_n=20_288,Otto,20,1000.0,c03,3,low,high,high,high,3042,published_results/extra_remaining_instances_2026-06-10/solutions/Otto_instance_n=20_288_c03/epsilon_trace.csv,10,epsilon,9,75,True,,False,True,0,54.0,1330.3000000000002,6,0,6,True,True,1330.3,1330.3,0.0,841,64709,3.8516461849212646,1277.0,53.300000000000004,0.8223,0,20,0,0,0,0,0
Otto_instance_n=20_288_c03,Otto_instance_n=20_288,Otto,20,1000.0,c03,3,low,high,high,high,3042,published_results/extra_remaining_instances_2026-06-10/solutions/Otto_instance_n=20_288_c03/epsilon_trace.csv,11,epsilon,10,53,False,infeasible,,,0,,,,,,,,,,,,,,,,,,,,,,,
Otto_instance_n=20_288_c04,Otto_instance_n=20_288,Otto,20,1000.0,c04,4,mid,low,mid,high,4042,published_results/extra_remaining_instances_2026-06-10/solutions/Otto_instance_n=20_288_c04/epsilon_trace.csv,1,E0_HI_only,0,,True,,False,True,0,240.0,0.0,6,6,0,True,True,240.0,240.0,0.0,0,697,0.034424781799316406,0.0,0.0,,20,0,0,0,0,0,0
Otto_instance_n=20_288_c04,Otto_instance_n=20_288,Otto,20,1000.0,c04,4,mid,low,mid,high,4042,published_results/extra_remaining_instances_2026-06-10/solutions/Otto_instance_n=20_288_c04/epsilon_trace.csv,2,epsilon,1,239,True,,False,True,0,209.0,81.65,6,5,1,True,True,81.65,81.65,0.0,7043,260845,7.986958980560303,40.0,41.650000000000006,0.167,19,1,0,0,0,0,0
Otto_instance_n=20_288_c04,Otto_instance_n=20_288,Otto,20,1000.0,c04,4,mid,low,mid,high,4042,published_results/extra_remaining_instances_2026-06-10/solutions/Otto_instance_n=20_288_c04/epsilon_trace.csv,3,epsilon,2,208,True,,False,True,0,205.0,89.45,5,5,1,True,True,89.45,89.45,0.0,4483,500302,10.459865093231201,58.0,31.450000000000003,0.371,16,0,0,0,4,0,0
Otto_instance_n=20_288_c04,Otto_instance_n=20_288,Otto,20,1000.0,c04,4,mid,low,mid,high,4042,published_results/extra_remaining_instances_2026-06-10/solutions/Otto_instance_n=20_288_c04/epsilon_trace.csv,4,epsilon,3,204,True,,False,True,0,165.0,128.35,4,4,1,True,True,128.35,128.35,0.0,9130,894881,32.809643030166626,116.0,12.350000000000001,0.753,12,0,0,0,8,0,0
Otto_instance_n=20_288_c04,Otto_instance_n=20_288,Otto,20,1000.0,c04,4,mid,low,mid,high,4042,published_results/extra_remaining_instances_2026-06-10/solutions/Otto_instance_n=20_288_c04/epsilon_trace.csv,5,epsilon,4,164,True,,False,True,0,130.0,250.95,3,3,2,True,True,250.95,250.95,0.0,6219,487693,15.498991012573242,222.0,28.950000000000003,0.7105,5,0,0,0,15,0,0
Otto_instance_n=20_288_c04,Otto_instance_n=20_288,Otto,20,1000.0,c04,4,mid,low,mid,high,4042,published_results/extra_remaining_instances_2026-06-10/solutions/Otto_instance_n=20_288_c04/epsilon_trace.csv,6,epsilon,5,129,True,,False,True,0,90.0,295.65,2,2,2,True,True,295.65,295.65,0.0,3007,669180,20.253906965255737,288.0,7.65,0.9235,0,0,0,0,20,0,0
Otto_instance_n=20_288_c04,Otto_instance_n=20_288,Otto,20,1000.0,c04,4,mid,low,mid,high,4042,published_results/extra_remaining_instances_2026-06-10/solutions/Otto_instance_n=20_288_c04/epsilon_trace.csv,7,epsilon,6,89,True,,False,True,0,81.0,973.55,5,1,5,True,True,973.55,973.55,0.0,239,50008,2.879657030105591,928.0,45.550000000000004,0.8178,0,9,0,0,11,0,0
Otto_instance_n=20_288_c04,Otto_instance_n=20_288,Otto,20,1000.0,c04,4,mid,low,mid,high,4042,published_results/extra_remaining_instances_2026-06-10/solutions/Otto_instance_n=20_288_c04/epsilon_trace.csv,8,epsilon,7,80,True,,False,True,0,72.0,1915.6499999999999,8,0,8,True,True,1915.65,1915.65,0.0,668,84719,3.1362967491149902,1875.0,40.650000000000006,0.8984,0,20,0,0,0,0,0
Otto_instance_n=20_288_c04,Otto_instance_n=20_288,Otto,20,1000.0,c04,4,mid,low,mid,high,4042,published_results/extra_remaining_instances_2026-06-10/solutions/Otto_instance_n=20_288_c04/epsilon_trace.csv,9,epsilon,8,71,False,infeasible,,,0,,,,,,,,,,,,,,,,,,,,,,,
Otto_instance_n=20_288_c05,Otto_instance_n=20_288,Otto,20,1000.0,c05,5,mid,mid,high,low,5042,published_results/extra_remaining_instances_2026-06-10/solutions/Otto_instance_n=20_288_c05/epsilon_trace.csv,1,E0_HI_only,0,,True,,False,True,0,240.0,0.0,6,6,0,True,True,240.0,240.0,0.0,0,697,0.03567004203796387,0.0,0.0,,20,0,0,0,0,0,0
Otto_instance_n=20_288_c05,Otto_instance_n=20_288,Otto,20,1000.0,c05,5,mid,mid,high,low,5042,published_results/extra_remaining_instances_2026-06-10/solutions/Otto_instance_n=20_288_c05/epsilon_trace.csv,2,epsilon,1,239,True,,False,True,0,205.0,69.65,5,5,1,True,True,69.65,69.65,0.0,7496,750983,38.65897512435913,32.0,37.65,0.247,15,0,0,0,0,4,1
Otto_instance_n=20_288_c05,Otto_instance_n=20_288,Otto,20,1000.0,c05,5,mid,mid,high,low,5042,published_results/extra_remaining_instances_2026-06-10/solutions/Otto_instance_n=20_288_c05/epsilon_trace.csv,3,epsilon,2,204,True,,False,True,0,170.0,231.79999999999998,4,4,2,True,True,231.8,231.8,0.0,95829,4325646,283.9526720046997,213.0,18.8,0.812,7,0,0,0,0,8,5
Otto_instance_n=20_288_c05,Otto_instance_n=20_288,Otto,20,1000.0,c05,5,mid,mid,high,low,5042,published_results/extra_remaining_instances_2026-06-10/solutions/Otto_instance_n=20_288_c05/epsilon_trace.csv,4,epsilon,3,169,True,,False,True,0,144.0,519.65,4,3,4,True,False,322.9829122,519.65,37.8461,119665,6811376,300.33158898353577,486.0,33.65,0.8317,0,1,0,0,0,10,9
Otto_instance_n=20_288_c05,Otto_instance_n=20_288,Otto,20,1000.0,c05,5,mid,mid,high,low,5042,published_results/extra_remaining_instances_2026-06-10/solutions/Otto_instance_n=20_288_c05/epsilon_trace.csv,5,epsilon,4,143,True,,False,True,0,143.0,631.6,5,3,3,True,False,400.63742434,631.6,36.5679,106163,7084190,300.3078758716583,630.0,1.6,0.9893,8,6,0,0,0,4,2
Otto_instance_n=20_288_c05,Otto_instance_n=20_288,Otto,20,1000.0,c05,5,mid,mid,high,low,5042,published_results/extra_remaining_instances_2026-06-10/solutions/Otto_instance_n=20_288_c05/epsilon_trace.csv,6,epsilon,5,142,True,,False,True,0,117.0,916.15,5,2,5,True,False,473.65,916.15,48.3,154971,8362747,300.30578804016113,887.0,29.150000000000002,0.8834,0,7,0,0,5,5,3
Otto_instance_n=20_288_c05,Otto_instance_n=20_288,Otto,20,1000.0,c05,5,mid,mid,high,low,5042,published_results/extra_remaining_instances_2026-06-10/solutions/Otto_instance_n=20_288_c05/epsilon_trace.csv,7,epsilon,6,116,True,,False,True,0,99.0,1369.7999999999997,7,1,7,True,False,1027.6171233,1369.8,24.9805,141459,6332861,301.0973858833313,1311.0,58.800000000000004,0.832,0,13,0,0,0,4,3
Otto_instance_n=20_288_c05,Otto_instance_n=20_288,Otto,20,1000.0,c05,5,mid,mid,high,low,5042,published_results/extra_remaining_instances_2026-06-10/solutions/Otto_instance_n=20_288_c05/epsilon_trace.csv,8,epsilon,7,98,True,,False,True,0,90.0,1393.75,6,1,6,True,True,1393.75,1393.75,0.0,28317,1397237,48.56982231140137,1380.0,13.75,0.9542,0,15,0,0,5,0,0
Otto_instance_n=20_288_c05,Otto_instance_n=20_288,Otto,20,1000.0,c05,5,mid,mid,high,low,5042,published_results/extra_remaining_instances_2026-06-10/solutions/Otto_instance_n=20_288_c05/epsilon_trace.csv,9,epsilon,8,89,True,,False,True,0,72.0,1854.4999999999998,8,0,8,True,True,1854.5,1854.5,0.0,1569,153829,6.760485887527466,1810.0,44.5,0.8887,0,20,0,0,0,0,0
Otto_instance_n=20_288_c05,Otto_instance_n=20_288,Otto,20,1000.0,c05,5,mid,mid,high,low,5042,published_results/extra_remaining_instances_2026-06-10/solutions/Otto_instance_n=20_288_c05/epsilon_trace.csv,10,epsilon,9,71,False,infeasible,,,0,,,,,,,,,,,,,,,,,,,,,,,
Otto_instance_n=20_288_c06,Otto_instance_n=20_288,Otto,20,1000.0,c06,6,mid,high,low,mid,6042,published_results/extra_remaining_instances_2026-06-10/solutions/Otto_instance_n=20_288_c06/epsilon_trace.csv,1,E0_HI_only,0,,True,,False,True,0,240.0,0.0,6,6,0,True,True,240.0,240.0,0.0,0,697,0.03460574150085449,0.0,0.0,,20,0,0,0,0,0,0
Otto_instance_n=20_288_c06,Otto_instance_n=20_288,Otto,20,1000.0,c06,6,mid,high,low,mid,6042,published_results/extra_remaining_instances_2026-06-10/solutions/Otto_instance_n=20_288_c06/epsilon_trace.csv,2,epsilon,1,239,True,,False,True,0,205.0,81.8,5,5,1,True,True,81.8,81.8,0.0,6605,584391,16.995718240737915,50.0,31.8,0.364,17,0,0,0,0,2,1
Otto_instance_n=20_288_c06,Otto_instance_n=20_288,Otto,20,1000.0,c06,6,mid,high,low,mid,6042,published_results/extra_remaining_instances_2026-06-10/solutions/Otto_instance_n=20_288_c06/epsilon_trace.csv,3,epsilon,2,204,True,,False,True,0,174.0,342.95,5,4,2,True,False,236.45844981,342.95,31.0516,111279,7667631,300.310045003891,325.0,17.95,0.8205,13,2,0,0,0,3,2
Otto_instance_n=20_288_c06,Otto_instance_n=20_288,Otto,20,1000.0,c06,6,mid,high,low,mid,6042,published_results/extra_remaining_instances_2026-06-10/solutions/Otto_instance_n=20_288_c06/epsilon_trace.csv,4,epsilon,3,173,True,,False,True,0,148.0,668.7,5,3,4,True,False,314.68876659,668.7,52.9402,100192,6071966,300.32010889053345,635.0,33.7,0.8315,5,3,0,0,0,7,5
Otto_instance_n=20_288_c06,Otto_instance_n=20_288,Otto,20,1000.0,c06,6,mid,high,low,mid,6042,published_results/extra_remaining_instances_2026-06-10/solutions/Otto_instance_n=20_288_c06/epsilon_trace.csv,5,epsilon,4,147,True,,False,True,0,147.0,688.6500000000001,6,3,3,True,True,688.65,688.65,0.0,91688,7590463,299.08318996429443,679.0,9.65,0.9357,12,8,0,0,0,0,0
Otto_instance_n=20_288_c06,Otto_instance_n=20_288,Otto,20,1000.0,c06,6,mid,high,low,mid,6042,published_results/extra_remaining_instances_2026-06-10/solutions/Otto_instance_n=20_288_c06/epsilon_trace.csv,6,epsilon,5,146,True,,False,True,0,121.0,1027.8,6,2,5,True,False,442.60916584,1027.8,56.9363,80668,8064307,300.30249094963074,1000.0,27.8,0.8888,5,8,0,0,0,4,3
Otto_instance_n=20_288_c06,Otto_instance_n=20_288,Otto,20,1000.0,c06,6,mid,high,low,mid,6042,published_results/extra_remaining_instances_2026-06-10/solutions/Otto_instance_n=20_288_c06/epsilon_trace.csv,7,epsilon,6,120,True,,False,True,0,94.0,1412.85,7,1,6,True,False,737.0,1412.85,47.8359,82096,6620689,300.314905166626,1397.0,15.850000000000001,0.9472,5,15,0,0,0,0,0
Otto_instance_n=20_288_c06,Otto_instance_n=20_288,Otto,20,1000.0,c06,6,mid,high,low,mid,6042,published_results/extra_remaining_instances_2026-06-10/solutions/Otto_instance_n=20_288_c06/epsilon_trace.csv,8,epsilon,7,93,True,,False,True,0,72.0,1815.5500000000002,8,0,8,True,True,1815.55,1815.55,0.0,20508,1000354,30.72505497932434,1768.0,47.550000000000004,0.8811,0,20,0,0,0,0,0
Otto_instance_n=20_288_c06,Otto_instance_n=20_288,Otto,20,1000.0,c06,6,mid,high,low,mid,6042,published_results/extra_remaining_instances_2026-06-10/solutions/Otto_instance_n=20_288_c06/epsilon_trace.csv,9,epsilon,8,71,False,infeasible,,,0,,,,,,,,,,,,,,,,,,,,,,,
Otto_instance_n=20_288_c07,Otto_instance_n=20_288,Otto,20,1000.0,c07,7,high,low,high,mid,7042,published_results/extra_remaining_instances_2026-06-10/solutions/Otto_instance_n=20_288_c07/epsilon_trace.csv,1,E0_HI_only,0,,True,,False,True,0,240.0,0.0,6,6,0,True,True,240.0,240.0,0.0,0,697,0.0343327522277832,0.0,0.0,,20,0,0,0,0,0,0
Otto_instance_n=20_288_c07,Otto_instance_n=20_288,Otto,20,1000.0,c07,7,high,low,high,mid,7042,published_results/extra_remaining_instances_2026-06-10/solutions/Otto_instance_n=20_288_c07/epsilon_trace.csv,2,epsilon,1,239,True,,False,True,0,205.0,89.35,5,5,1,True,True,89.35,89.35,0.0,6500,282823,7.589101076126099,66.0,23.35,0.533,17,0,0,0,0,2,1
Otto_instance_n=20_288_c07,Otto_instance_n=20_288,Otto,20,1000.0,c07,7,high,low,high,mid,7042,published_results/extra_remaining_instances_2026-06-10/solutions/Otto_instance_n=20_288_c07/epsilon_trace.csv,3,epsilon,2,204,True,,False,True,0,165.0,128.15,4,4,1,True,True,128.15,128.15,0.0,4639,269622,6.971137762069702,117.0,11.15,0.777,11,0,0,0,9,0,0
Otto_instance_n=20_288_c07,Otto_instance_n=20_288,Otto,20,1000.0,c07,7,high,low,high,mid,7042,published_results/extra_remaining_instances_2026-06-10/solutions/Otto_instance_n=20_288_c07/epsilon_trace.csv,4,epsilon,3,164,True,,False,True,0,130.0,259.75,3,3,2,True,True,259.75,259.75,0.0,6550,604585,16.719077110290527,236.0,23.75,0.7625,3,0,0,0,17,0,0
Otto_instance_n=20_288_c07,Otto_instance_n=20_288,Otto,20,1000.0,c07,7,high,low,high,mid,7042,published_results/extra_remaining_instances_2026-06-10/solutions/Otto_instance_n=20_288_c07/epsilon_trace.csv,5,epsilon,4,129,True,,False,True,0,90.0,302.7,2,2,2,True,True,302.7,302.7,0.0,453,155038,5.64300799369812,299.0,3.7,0.963,0,0,0,0,20,0,0
Otto_instance_n=20_288_c07,Otto_instance_n=20_288,Otto,20,1000.0,c07,7,high,low,high,mid,7042,published_results/extra_remaining_instances_2026-06-10/solutions/Otto_instance_n=20_288_c07/epsilon_trace.csv,6,epsilon,5,89,False,infeasible,,,0,,,,,,,,,,,,,,,,,,,,,,,
Otto_instance_n=20_288_c08,Otto_instance_n=20_288,Otto,20,1000.0,c08,8,high,mid,low,high,8042,published_results/extra_remaining_instances_2026-06-10/solutions/Otto_instance_n=20_288_c08/epsilon_trace.csv,1,E0_HI_only,0,,True,,False,True,0,240.0,0.0,6,6,0,True,True,240.0,240.0,0.0,0,697,0.03621625900268555,0.0,0.0,,20,0,0,0,0,0,0
Otto_instance_n=20_288_c08,Otto_instance_n=20_288,Otto,20,1000.0,c08,8,high,mid,low,high,8042,published_results/extra_remaining_instances_2026-06-10/solutions/Otto_instance_n=20_288_c08/epsilon_trace.csv,2,epsilon,1,239,True,,False,True,0,209.0,102.7,6,5,1,True,True,102.7,102.7,0.0,6612,479212,17.933549165725708,66.0,36.7,0.266,19,1,0,0,0,0,0
Otto_instance_n=20_288_c08,Otto_instance_n=20_288,Otto,20,1000.0,c08,8,high,mid,low,high,8042,published_results/extra_remaining_instances_2026-06-10/solutions/Otto_instance_n=20_288_c08/epsilon_trace.csv,3,epsilon,2,208,True,,False,True,0,205.0,112.6,5,5,1,True,True,112.6,112.6,0.0,5199,446365,12.121554851531982,95.0,17.6,0.648,16,0,0,0,4,0,0
Otto_instance_n=20_288_c08,Otto_instance_n=20_288,Otto,20,1000.0,c08,8,high,mid,low,high,8042,published_results/extra_remaining_instances_2026-06-10/solutions/Otto_instance_n=20_288_c08/epsilon_trace.csv,4,epsilon,3,204,True,,False,True,0,170.0,292.34999999999997,4,4,2,True,True,292.35,292.35,0.0,27419,2615253,93.20663094520569,288.0,4.3500000000000005,0.9565,8,0,0,0,12,0,0
Otto_instance_n=20_288_c08,Otto_instance_n=20_288,Otto,20,1000.0,c08,8,high,mid,low,high,8042,published_results/extra_remaining_instances_2026-06-10/solutions/Otto_instance_n=20_288_c08/epsilon_trace.csv,5,epsilon,4,169,True,,False,True,0,144.0,668.7,4,3,4,True,True,668.7,668.7,0.0,41582,4042385,137.60654211044312,658.0,10.700000000000001,0.9465,0,3,0,0,17,0,0
Otto_instance_n=20_288_c08,Otto_instance_n=20_288,Otto,20,1000.0,c08,8,high,mid,low,high,8042,published_results/extra_remaining_instances_2026-06-10/solutions/Otto_instance_n=20_288_c08/epsilon_trace.csv,6,epsilon,5,143,True,,False,True,0,135.0,1357.1999999999998,7,2,7,True,True,1357.2,1357.2,0.0,6513,748081,16.491010189056396,1299.0,58.2,0.8337,0,9,0,0,11,0,0
Otto_instance_n=20_288_c08,Otto_instance_n=20_288,Otto,20,1000.0,c08,8,high,mid,low,high,8042,published_results/extra_remaining_instances_2026-06-10/solutions/Otto_instance_n=20_288_c08/epsilon_trace.csv,7,epsilon,6,134,False,infeasible,,,0,,,,,,,,,,,,,,,,,,,,,,,
Otto_instance_n=20_288_c09,Otto_instance_n=20_288,Otto,20,1000.0,c09,9,high,high,mid,low,9042,published_results/extra_remaining_instances_2026-06-10/solutions/Otto_instance_n=20_288_c09/epsilon_trace.csv,1,E0_HI_only,0,,True,,False,True,0,240.0,0.0,6,6,0,True,True,240.0,240.0,0.0,0,697,0.03712892532348633,0.0,0.0,,20,0,0,0,0,0,0
Otto_instance_n=20_288_c09,Otto_instance_n=20_288,Otto,20,1000.0,c09,9,high,high,mid,low,9042,published_results/extra_remaining_instances_2026-06-10/solutions/Otto_instance_n=20_288_c09/epsilon_trace.csv,2,epsilon,1,239,True,,False,True,0,205.0,88.0,5,5,1,True,True,88.0,88.0,0.0,7757,494748,19.300559759140015,62.0,26.0,0.48,15,0,0,0,0,4,1
Otto_instance_n=20_288_c09,Otto_instance_n=20_288,Otto,20,1000.0,c09,9,high,high,mid,low,9042,published_results/extra_remaining_instances_2026-06-10/solutions/Otto_instance_n=20_288_c09/epsilon_trace.csv,3,epsilon,2,204,True,,False,True,0,175.0,370.4,4,4,3,True,False,318.89640861,370.4,13.9049,191457,8092086,300.34207820892334,357.0,13.4,0.9107,4,0,0,0,0,11,5
Otto_instance_n=20_288_c09,Otto_instance_n=20_288,Otto,20,1000.0,c09,9,high,high,mid,low,9042,published_results/extra_remaining_instances_2026-06-10/solutions/Otto_instance_n=20_288_c09/epsilon_trace.csv,4,epsilon,3,174,True,,False,True,0,162.0,947.5,6,3,6,True,False,492.68692207,947.5,48.0014,107781,8483025,300.3234529495239,883.0,64.5,0.785,0,4,0,0,0,10,6
Otto_instance_n=20_288_c09,Otto_instance_n=20_288,Otto,20,1000.0,c09,9,high,high,mid,low,9042,published_results/extra_remaining_instances_2026-06-10/solutions/Otto_instance_n=20_288_c09/epsilon_trace.csv,5,epsilon,4,161,True,,False,True,0,157.0,968.35,6,3,5,True,False,604.35247949,968.35,37.5895,128895,8842392,300.3027038574219,942.0,26.35,0.8946,4,5,0,0,0,8,3
Otto_instance_n=20_288_c09,Otto_instance_n=20_288,Otto,20,1000.0,c09,9,high,high,mid,low,9042,published_results/extra_remaining_instances_2026-06-10/solutions/Otto_instance_n=20_288_c09/epsilon_trace.csv,6,epsilon,5,156,True,,False,True,0,144.0,1551.4500000000003,8,2,8,True,False,725.31782612,1551.45,53.249,95373,6361816,300.440593957901,1481.0,70.45,0.8239,0,9,0,0,0,7,4
Otto_instance_n=20_288_c09,Otto_instance_n=20_288,Otto,20,1000.0,c09,9,high,high,mid,low,9042,published_results/extra_remaining_instances_2026-06-10/solutions/Otto_instance_n=20_288_c09/epsilon_trace.csv,7,epsilon,6,143,True,,False,True,0,135.0,1583.6,7,2,7,True,True,1583.6,1583.6,0.0,105167,6385658,211.00833892822266,1565.0,18.6,0.9469,0,9,0,0,0,7,4
Otto_instance_n=20_288_c09,Otto_instance_n=20_288,Otto,20,1000.0,c09,9,high,high,mid,low,9042,published_results/extra_remaining_instances_2026-06-10/solutions/Otto_instance_n=20_288_c09/epsilon_trace.csv,8,epsilon,7,134,True,,False,True,0,126.0,2223.1,10,1,10,True,False,754.36174091,2223.1,66.0671,32493,6249136,300.2948410511017,2154.0,69.10000000000001,0.8618,0,15,0,0,0,3,2
Otto_instance_n=20_288_c09,Otto_instance_n=20_288,Otto,20,1000.0,c09,9,high,high,mid,low,9042,published_results/extra_remaining_instances_2026-06-10/solutions/Otto_instance_n=20_288_c09/epsilon_trace.csv,9,epsilon,8,125,False,infeasible,,,0,,,,,,,,,,,,,,,,,,,,,,,
Otto_instance_n=20_455_c01,Otto_instance_n=20_455,Otto,20,1000.0,c01,1,low,low,low,low,1042,published_results/extra_remaining_instances_2026-06-10/solutions/Otto_instance_n=20_455_c01/epsilon_trace.csv,1,E0_HI_only,0,,True,,False,True,0,120.0,0.0,3,3,0,True,True,120.0,120.0,0.0,0,0,0.024040937423706055,0.0,0.0,,20,0,0,0,0,0,0
Otto_instance_n=20_455_c01,Otto_instance_n=20_455,Otto,20,1000.0,c01,1,low,low,low,low,1042,published_results/extra_remaining_instances_2026-06-10/solutions/Otto_instance_n=20_455_c01/epsilon_trace.csv,2,epsilon,1,119,True,,False,True,0,85.0,125.05,2,2,1,True,True,125.05,125.05,0.0,16726,757661,38.51108479499817,109.0,16.05,0.679,7,0,0,0,13,0,0
Otto_instance_n=20_455_c01,Otto_instance_n=20_455,Otto,20,1000.0,c01,1,low,low,low,low,1042,published_results/extra_remaining_instances_2026-06-10/solutions/Otto_instance_n=20_455_c01/epsilon_trace.csv,3,epsilon,2,84,True,,False,True,0,54.0,244.25,2,1,2,True,True,244.25,244.25,0.0,1262,74846,3.329328775405884,204.0,40.25,0.5975,0,2,0,0,18,0,0
Otto_instance_n=20_455_c01,Otto_instance_n=20_455,Otto,20,1000.0,c01,1,low,low,low,low,1042,published_results/extra_remaining_instances_2026-06-10/solutions/Otto_instance_n=20_455_c01/epsilon_trace.csv,4,epsilon,3,53,True,,False,True,0,27.0,720.4,3,0,3,True,True,720.4,720.4,0.0,0,847,0.6059091091156006,708.0,12.4,0.9173,0,20,0,0,0,0,0
Otto_instance_n=20_455_c01,Otto_instance_n=20_455,Otto,20,1000.0,c01,1,low,low,low,low,1042,published_results/extra_remaining_instances_2026-06-10/solutions/Otto_instance_n=20_455_c01/epsilon_trace.csv,5,epsilon,4,26,False,infeasible,,,0,,,,,,,,,,,,,,,,,,,,,,,
Otto_instance_n=20_455_c02,Otto_instance_n=20_455,Otto,20,1000.0,c02,2,low,mid,mid,mid,2042,published_results/extra_remaining_instances_2026-06-10/solutions/Otto_instance_n=20_455_c02/epsilon_trace.csv,1,E0_HI_only,0,,True,,False,True,0,120.0,0.0,3,3,0,True,True,120.0,120.0,0.0,0,0,0.02378702163696289,0.0,0.0,,20,0,0,0,0,0,0
Otto_instance_n=20_455_c02,Otto_instance_n=20_455,Otto,20,1000.0,c02,2,low,mid,mid,mid,2042,published_results/extra_remaining_instances_2026-06-10/solutions/Otto_instance_n=20_455_c02/epsilon_trace.csv,2,epsilon,1,119,True,,False,True,0,90.0,202.8,2,2,2,True,True,202.8,202.8,0.0,69326,1459719,81.22827982902527,162.0,40.800000000000004,0.592,0,0,0,0,0,12,8
Otto_instance_n=20_455_c02,Otto_instance_n=20_455,Otto,20,1000.0,c02,2,low,mid,mid,mid,2042,published_results/extra_remaining_instances_2026-06-10/solutions/Otto_instance_n=20_455_c02/epsilon_trace.csv,3,epsilon,2,89,True,,False,True,0,89.0,219.9,3,2,1,True,True,219.9,219.9,0.0,1581,120820,3.7586817741394043,209.0,10.9,0.782,13,7,0,0,0,0,0
Otto_instance_n=20_455_c02,Otto_instance_n=20_455,Otto,20,1000.0,c02,2,low,mid,mid,mid,2042,published_results/extra_remaining_instances_2026-06-10/solutions/Otto_instance_n=20_455_c02/epsilon_trace.csv,4,epsilon,3,88,True,,False,True,0,63.0,467.3,3,1,3,True,True,467.3,467.3,0.0,17088,706525,23.569796085357666,416.0,51.300000000000004,0.658,0,10,0,0,0,5,5
Otto_instance_n=20_455_c02,Otto_instance_n=20_455,Otto,20,1000.0,c02,2,low,mid,mid,mid,2042,published_results/extra_remaining_instances_2026-06-10/solutions/Otto_instance_n=20_455_c02/epsilon_trace.csv,5,epsilon,4,62,True,,False,True,0,58.0,476.9,3,1,2,True,True,476.9,476.9,0.0,1324,54687,1.6156611442565918,464.0,12.9,0.871,5,15,0,0,0,0,0
Otto_instance_n=20_455_c02,Otto_instance_n=20_455,Otto,20,1000.0,c02,2,low,mid,mid,mid,2042,published_results/extra_remaining_instances_2026-06-10/solutions/Otto_instance_n=20_455_c02/epsilon_trace.csv,6,epsilon,5,57,True,,False,True,0,27.0,749.85,3,0,3,True,True,749.85,749.85,0.0,416,32370,0.9888219833374023,735.0,14.850000000000001,0.901,0,20,0,0,0,0,0
Otto_instance_n=20_455_c02,Otto_instance_n=20_455,Otto,20,1000.0,c02,2,low,mid,mid,mid,2042,published_results/extra_remaining_instances_2026-06-10/solutions/Otto_instance_n=20_455_c02/epsilon_trace.csv,7,epsilon,6,26,False,infeasible,,,0,,,,,,,,,,,,,,,,,,,,,,,
Otto_instance_n=20_455_c03,Otto_instance_n=20_455,Otto,20,1000.0,c03,3,low,high,high,high,3042,published_results/extra_remaining_instances_2026-06-10/solutions/Otto_instance_n=20_455_c03/epsilon_trace.csv,1,E0_HI_only,0,,True,,False,True,0,120.0,0.0,3,3,0,True,True,120.0,120.0,0.0,0,0,0.023606061935424805,0.0,0.0,,20,0,0,0,0,0,0
Otto_instance_n=20_455_c03,Otto_instance_n=20_455,Otto,20,1000.0,c03,3,low,high,high,high,3042,published_results/extra_remaining_instances_2026-06-10/solutions/Otto_instance_n=20_455_c03/epsilon_trace.csv,2,epsilon,1,119,True,,False,True,0,89.0,206.4,3,2,1,True,True,206.4,206.4,0.0,10281,797143,38.52007508277893,194.0,12.4,0.752,13,7,0,0,0,0,0
Otto_instance_n=20_455_c03,Otto_instance_n=20_455,Otto,20,1000.0,c03,3,low,high,high,high,3042,published_results/extra_remaining_instances_2026-06-10/solutions/Otto_instance_n=20_455_c03/epsilon_trace.csv,3,epsilon,2,88,True,,False,True,0,58.0,461.25,3,1,2,True,True,461.25,461.25,0.0,5017,222155,6.302107810974121,448.0,13.25,0.8675,5,15,0,0,0,0,0
Otto_instance_n=20_455_c03,Otto_instance_n=20_455,Otto,20,1000.0,c03,3,low,high,high,high,3042,published_results/extra_remaining_instances_2026-06-10/solutions/Otto_instance_n=20_455_c03/epsilon_trace.csv,4,epsilon,3,57,True,,False,True,0,27.0,728.1499999999999,3,0,3,True,True,728.15,728.15,0.0,0,1151,0.6815450191497803,715.0,13.15,0.9123,0,20,0,0,0,0,0
Otto_instance_n=20_455_c03,Otto_instance_n=20_455,Otto,20,1000.0,c03,3,low,high,high,high,3042,published_results/extra_remaining_instances_2026-06-10/solutions/Otto_instance_n=20_455_c03/epsilon_trace.csv,5,epsilon,4,26,False,infeasible,,,0,,,,,,,,,,,,,,,,,,,,,,,
Otto_instance_n=20_455_c04,Otto_instance_n=20_455,Otto,20,1000.0,c04,4,mid,low,mid,high,4042,published_results/extra_remaining_instances_2026-06-10/solutions/Otto_instance_n=20_455_c04/epsilon_trace.csv,1,E0_HI_only,0,,True,,False,True,0,120.0,0.0,3,3,0,True,True,120.0,120.0,0.0,0,0,0.023971080780029297,0.0,0.0,,20,0,0,0,0,0,0
Otto_instance_n=20_455_c04,Otto_instance_n=20_455,Otto,20,1000.0,c04,4,mid,low,mid,high,4042,published_results/extra_remaining_instances_2026-06-10/solutions/Otto_instance_n=20_455_c04/epsilon_trace.csv,2,epsilon,1,119,True,,False,True,0,85.0,122.2,2,2,1,True,True,122.2,122.2,0.0,1198,159124,6.217880964279175,106.0,16.2,0.676,9,0,0,0,11,0,0
Otto_instance_n=20_455_c04,Otto_instance_n=20_455,Otto,20,1000.0,c04,4,mid,low,mid,high,4042,published_results/extra_remaining_instances_2026-06-10/solutions/Otto_instance_n=20_455_c04/epsilon_trace.csv,3,epsilon,2,84,True,,False,True,0,54.0,244.0,2,1,2,True,True,244.0,244.0,0.0,99,18177,1.8507869243621826,204.0,40.0,0.6,0,2,0,0,18,0,0
Otto_instance_n=20_455_c04,Otto_instance_n=20_455,Otto,20,1000.0,c04,4,mid,low,mid,high,4042,published_results/extra_remaining_instances_2026-06-10/solutions/Otto_instance_n=20_455_c04/epsilon_trace.csv,4,epsilon,3,53,True,,False,True,0,45.0,1098.7,5,0,5,True,True,1098.7,1098.7,0.0,0,744,0.5736939907073975,1050.0,48.7,0.8052,0,20,0,0,0,0,0
Otto_instance_n=20_455_c04,Otto_instance_n=20_455,Otto,20,1000.0,c04,4,mid,low,mid,high,4042,published_results/extra_remaining_instances_2026-06-10/solutions/Otto_instance_n=20_455_c04/epsilon_trace.csv,5,epsilon,4,44,False,infeasible,,,0,,,,,,,,,,,,,,,,,,,,,,,
Otto_instance_n=20_455_c05,Otto_instance_n=20_455,Otto,20,1000.0,c05,5,mid,mid,high,low,5042,published_results/extra_remaining_instances_2026-06-10/solutions/Otto_instance_n=20_455_c05/epsilon_trace.csv,1,E0_HI_only,0,,True,,False,True,0,120.0,0.0,3,3,0,True,True,120.0,120.0,0.0,0,0,0.023879289627075195,0.0,0.0,,20,0,0,0,0,0,0
Otto_instance_n=20_455_c05,Otto_instance_n=20_455,Otto,20,1000.0,c05,5,mid,mid,high,low,5042,published_results/extra_remaining_instances_2026-06-10/solutions/Otto_instance_n=20_455_c05/epsilon_trace.csv,2,epsilon,1,119,True,,False,True,0,90.0,214.65,2,2,2,True,True,214.65,214.65,0.0,38989,1045523,68.24287700653076,181.0,33.65,0.6635,0,0,0,0,0,12,8
Otto_instance_n=20_455_c05,Otto_instance_n=20_455,Otto,20,1000.0,c05,5,mid,mid,high,low,5042,published_results/extra_remaining_instances_2026-06-10/solutions/Otto_instance_n=20_455_c05/epsilon_trace.csv,3,epsilon,2,89,True,,False,True,0,63.0,592.15,3,1,3,True,True,592.15,592.15,0.0,21164,718903,24.791635036468506,576.0,16.150000000000002,0.8923,0,12,0,0,0,4,4
Otto_instance_n=20_455_c05,Otto_instance_n=20_455,Otto,20,1000.0,c05,5,mid,mid,high,low,5042,published_results/extra_remaining_instances_2026-06-10/solutions/Otto_instance_n=20_455_c05/epsilon_trace.csv,4,epsilon,3,62,True,,False,True,0,45.0,1069.55,5,0,5,True,True,1069.55,1069.55,0.0,84,12481,1.0159950256347656,1017.0,52.550000000000004,0.7898,0,20,0,0,0,0,0
Otto_instance_n=20_455_c05,Otto_instance_n=20_455,Otto,20,1000.0,c05,5,mid,mid,high,low,5042,published_results/extra_remaining_instances_2026-06-10/solutions/Otto_instance_n=20_455_c05/epsilon_trace.csv,5,epsilon,4,44,False,infeasible,,,0,,,,,,,,,,,,,,,,,,,,,,,
Otto_instance_n=20_455_c06,Otto_instance_n=20_455,Otto,20,1000.0,c06,6,mid,high,low,mid,6042,published_results/extra_remaining_instances_2026-06-10/solutions/Otto_instance_n=20_455_c06/epsilon_trace.csv,1,E0_HI_only,0,,True,,False,True,0,120.0,0.0,3,3,0,True,True,120.0,120.0,0.0,0,0,0.023812055587768555,0.0,0.0,,20,0,0,0,0,0,0
Otto_instance_n=20_455_c06,Otto_instance_n=20_455,Otto,20,1000.0,c06,6,mid,high,low,mid,6042,published_results/extra_remaining_instances_2026-06-10/solutions/Otto_instance_n=20_455_c06/epsilon_trace.csv,2,epsilon,1,119,True,,False,True,0,94.0,306.15,3,2,2,True,True,306.15,306.15,0.0,50685,2229922,101.30893588066101,279.0,27.150000000000002,0.7285,6,4,0,0,0,6,4
Otto_instance_n=20_455_c06,Otto_instance_n=20_455,Otto,20,1000.0,c06,6,mid,high,low,mid,6042,published_results/extra_remaining_instances_2026-06-10/solutions/Otto_instance_n=20_455_c06/epsilon_trace.csv,3,epsilon,2,93,True,,False,True,0,63.0,632.1,3,1,3,True,True,632.1,632.1,0.0,32300,1369233,44.26383590698242,622.0,10.100000000000001,0.9327,0,11,0,0,0,4,5
Otto_instance_n=20_455_c06,Otto_instance_n=20_455,Otto,20,1000.0,c06,6,mid,high,low,mid,6042,published_results/extra_remaining_instances_2026-06-10/solutions/Otto_instance_n=20_455_c06/epsilon_trace.csv,4,epsilon,3,62,True,,False,True,0,45.0,1067.95,5,0,5,True,True,1067.95,1067.95,0.0,0,673,0.9442999362945557,1013.0,54.95,0.7802,0,20,0,0,0,0,0
Otto_instance_n=20_455_c06,Otto_instance_n=20_455,Otto,20,1000.0,c06,6,mid,high,low,mid,6042,published_results/extra_remaining_instances_2026-06-10/solutions/Otto_instance_n=20_455_c06/epsilon_trace.csv,5,epsilon,4,44,False,infeasible,,,0,,,,,,,,,,,,,,,,,,,,,,,
Otto_instance_n=20_455_c07,Otto_instance_n=20_455,Otto,20,1000.0,c07,7,high,low,high,mid,7042,published_results/extra_remaining_instances_2026-06-10/solutions/Otto_instance_n=20_455_c07/epsilon_trace.csv,1,E0_HI_only,0,,True,,False,True,0,120.0,0.0,3,3,0,True,True,120.0,120.0,0.0,0,0,0.02361917495727539,0.0,0.0,,20,0,0,0,0,0,0
Otto_instance_n=20_455_c07,Otto_instance_n=20_455,Otto,20,1000.0,c07,7,high,low,high,mid,7042,published_results/extra_remaining_instances_2026-06-10/solutions/Otto_instance_n=20_455_c07/epsilon_trace.csv,2,epsilon,1,119,True,,False,True,0,85.0,118.95,2,2,1,True,True,118.95,118.95,0.0,104,53298,3.442211151123047,102.0,16.95,0.661,9,0,0,0,11,0,0
Otto_instance_n=20_455_c07,Otto_instance_n=20_455,Otto,20,1000.0,c07,7,high,low,high,mid,7042,published_results/extra_remaining_instances_2026-06-10/solutions/Otto_instance_n=20_455_c07/epsilon_trace.csv,3,epsilon,2,84,True,,False,True,0,54.0,276.2,2,1,2,True,True,276.2,276.2,0.0,39,8588,1.492799997329712,244.0,32.2,0.678,0,3,0,0,17,0,0
Otto_instance_n=20_455_c07,Otto_instance_n=20_455,Otto,20,1000.0,c07,7,high,low,high,mid,7042,published_results/extra_remaining_instances_2026-06-10/solutions/Otto_instance_n=20_455_c07/epsilon_trace.csv,4,epsilon,3,53,False,infeasible,,,0,,,,,,,,,,,,,,,,,,,,,,,
Otto_instance_n=20_455_c08,Otto_instance_n=20_455,Otto,20,1000.0,c08,8,high,mid,low,high,8042,published_results/extra_remaining_instances_2026-06-10/solutions/Otto_instance_n=20_455_c08/epsilon_trace.csv,1,E0_HI_only,0,,True,,False,True,0,120.0,0.0,3,3,0,True,True,120.0,120.0,0.0,0,0,0.027366161346435547,0.0,0.0,,20,0,0,0,0,0,0
Otto_instance_n=20_455_c08,Otto_instance_n=20_455,Otto,20,1000.0,c08,8,high,mid,low,high,8042,published_results/extra_remaining_instances_2026-06-10/solutions/Otto_instance_n=20_455_c08/epsilon_trace.csv,2,epsilon,1,119,True,,False,True,0,94.0,279.40000000000003,3,2,2,True,True,279.4,279.4,0.0,3424,351699,11.115905046463013,248.0,31.400000000000002,0.686,6,2,0,0,12,0,0
Otto_instance_n=20_455_c08,Otto_instance_n=20_455,Otto,20,1000.0,c08,8,high,mid,low,high,8042,published_results/extra_remaining_instances_2026-06-10/solutions/Otto_instance_n=20_455_c08/epsilon_trace.csv,3,epsilon,2,93,True,,False,True,0,90.0,287.3,2,2,2,True,True,287.3,287.3,0.0,665,71733,3.074021100997925,276.0,11.3,0.887,0,0,0,0,20,0,0
Otto_instance_n=20_455_c08,Otto_instance_n=20_455,Otto,20,1000.0,c08,8,high,mid,low,high,8042,published_results/extra_remaining_instances_2026-06-10/solutions/Otto_instance_n=20_455_c08/epsilon_trace.csv,4,epsilon,3,89,True,,False,True,0,72.0,792.7499999999999,4,1,4,True,True,792.75,792.75,0.0,483,60754,3.4952690601348877,768.0,24.75,0.8762,0,12,0,0,8,0,0
Otto_instance_n=20_455_c08,Otto_instance_n=20_455,Otto,20,1000.0,c08,8,high,mid,low,high,8042,published_results/extra_remaining_instances_2026-06-10/solutions/Otto_instance_n=20_455_c08/epsilon_trace.csv,5,epsilon,4,71,True,,False,True,0,63.0,1537.75,7,0,7,True,True,1537.75,1537.75,0.0,0,1487,1.4302668571472168,1477.0,60.75,0.8264,0,20,0,0,0,0,0
Otto_instance_n=20_455_c08,Otto_instance_n=20_455,Otto,20,1000.0,c08,8,high,mid,low,high,8042,published_results/extra_remaining_instances_2026-06-10/solutions/Otto_instance_n=20_455_c08/epsilon_trace.csv,6,epsilon,5,62,False,infeasible,,,0,,,,,,,,,,,,,,,,,,,,,,,
Otto_instance_n=20_455_c09,Otto_instance_n=20_455,Otto,20,1000.0,c09,9,high,high,mid,low,9042,published_results/extra_remaining_instances_2026-06-10/solutions/Otto_instance_n=20_455_c09/epsilon_trace.csv,1,E0_HI_only,0,,True,,False,True,0,120.0,0.0,3,3,0,True,True,120.0,120.0,0.0,0,0,0.024308204650878906,0.0,0.0,,20,0,0,0,0,0,0
Otto_instance_n=20_455_c09,Otto_instance_n=20_455,Otto,20,1000.0,c09,9,high,high,mid,low,9042,published_results/extra_remaining_instances_2026-06-10/solutions/Otto_instance_n=20_455_c09/epsilon_trace.csv,2,epsilon,1,119,True,,False,True,0,99.0,362.95,3,2,3,True,True,362.95,362.95,0.0,40975,1194128,74.9879457950592,315.0,47.95,0.6803,0,1,0,0,0,13,6
Otto_instance_n=20_455_c09,Otto_instance_n=20_455,Otto,20,1000.0,c09,9,high,high,mid,low,9042,published_results/extra_remaining_instances_2026-06-10/solutions/Otto_instance_n=20_455_c09/epsilon_trace.csv,3,epsilon,2,98,True,,False,True,0,98.0,478.75,4,2,2,True,True,478.75,478.75,0.0,6248,258132,8.241599082946777,468.0,10.75,0.8925,13,7,0,0,0,0,0
Otto_instance_n=20_455_c09,Otto_instance_n=20_455,Otto,20,1000.0,c09,9,high,high,mid,low,9042,published_results/extra_remaining_instances_2026-06-10/solutions/Otto_instance_n=20_455_c09/epsilon_trace.csv,4,epsilon,3,97,True,,False,True,0,81.0,983.3999999999999,5,1,5,True,True,983.4,983.4,0.0,34030,1165147,44.950242042541504,936.0,47.400000000000006,0.8104,0,12,0,0,0,5,3
Otto_instance_n=20_455_c09,Otto_instance_n=20_455,Otto,20,1000.0,c09,9,high,high,mid,low,9042,published_results/extra_remaining_instances_2026-06-10/solutions/Otto_instance_n=20_455_c09/epsilon_trace.csv,5,epsilon,4,80,True,,False,True,0,76.0,1019.4,5,1,4,True,True,1019.4,1019.4,0.0,364,38604,2.3045449256896973,1007.0,12.4,0.938,5,15,0,0,0,0,0
Otto_instance_n=20_455_c09,Otto_instance_n=20_455,Otto,20,1000.0,c09,9,high,high,mid,low,9042,published_results/extra_remaining_instances_2026-06-10/solutions/Otto_instance_n=20_455_c09/epsilon_trace.csv,6,epsilon,5,75,True,,False,True,0,63.0,1650.8499999999997,7,0,7,True,True,1650.85,1650.85,0.0,450,43508,2.3224167823791504,1598.0,52.85,0.849,0,20,0,0,0,0,0
Otto_instance_n=20_455_c09,Otto_instance_n=20_455,Otto,20,1000.0,c09,9,high,high,mid,low,9042,published_results/extra_remaining_instances_2026-06-10/solutions/Otto_instance_n=20_455_c09/epsilon_trace.csv,7,epsilon,6,62,False,infeasible,,,0,,,,,,,,,,,,,,,,,,,,,,,
Otto_instance_n=50_15_c01,Otto_instance_n=50_15,Otto,50,1000.0,c01,1,low,low,low,low,1042,published_results/extra_remaining_instances_2026-06-10/solutions/Otto_instance_n=50_15_c01/epsilon_trace.csv,1,E0_HI_only,0,,True,,False,True,0,320.0,0.0,8,8,0,True,True,320.0,320.0,0.0,0,1307,0.20633792877197266,0.0,0.0,,50,0,0,0,0,0,0
Otto_instance_n=50_15_c01,Otto_instance_n=50_15,Otto,50,1000.0,c01,1,low,low,low,low,1042,published_results/extra_remaining_instances_2026-06-10/solutions/Otto_instance_n=50_15_c01/epsilon_trace.csv,2,epsilon,1,319,True,,False,True,0,307.0,271.4,10,7,3,True,False,0.0,271.4,100.0,3339,705425,304.1454498767853,151.0,120.4,0.1973,46,4,0,0,0,0,0
Otto_instance_n=50_15_c01,Otto_instance_n=50_15,Otto,50,1000.0,c01,1,low,low,low,low,1042,published_results/extra_remaining_instances_2026-06-10/solutions/Otto_instance_n=50_15_c01/epsilon_trace.csv,3,epsilon,2,306,True,,False,True,1,298.0,211.15,9,7,2,True,False,0.0,211.15,100.0,1504,768500,303.91124081611633,137.0,74.15,0.2585,48,2,0,0,0,0,0
Otto_instance_n=50_15_c01,Otto_instance_n=50_15,Otto,50,1000.0,c01,1,low,low,low,low,1042,published_results/extra_remaining_instances_2026-06-10/solutions/Otto_instance_n=50_15_c01/epsilon_trace.csv,4,epsilon,3,297,True,,False,True,1,294.0,171.3,8,7,2,True,False,0.0,171.3,100.0,1213,369653,304.21451902389526,102.0,69.3,0.307,40,1,0,0,9,0,0
Otto_instance_n=50_15_c01,Otto_instance_n=50_15,Otto,50,1000.0,c01,1,low,low,low,low,1042,published_results/extra_remaining_instances_2026-06-10/solutions/Otto_instance_n=50_15_c01/epsilon_trace.csv,5,epsilon,4,293,True,,False,True,0,281.0,483.09999999999997,10,6,5,True,False,0.0,483.1,100.0,391,325025,303.93446111679077,309.0,174.10000000000002,0.3036,32,8,0,0,10,0,0
Otto_instance_n=50_15_c01,Otto_instance_n=50_15,Otto,50,1000.0,c01,1,low,low,low,low,1042,published_results/extra_remaining_instances_2026-06-10/solutions/Otto_instance_n=50_15_c01/epsilon_trace.csv,6,epsilon,5,280,True,,False,True,0,267.0,500.4,9,6,3,True,False,0.0,500.4,100.0,388,434245,303.8601219654083,438.0,62.400000000000006,0.584,39,11,0,0,0,0,0
Otto_instance_n=50_15_c01,Otto_instance_n=50_15,Otto,50,1000.0,c01,1,low,low,low,low,1042,published_results/extra_remaining_instances_2026-06-10/solutions/Otto_instance_n=50_15_c01/epsilon_trace.csv,7,epsilon,6,266,True,,False,True,2,259.0,395.45000000000005,7,6,3,True,False,0.0,395.45,100.0,2200,1280534,603.5382978916168,331.0,64.45,0.5703,25,5,0,0,20,0,0
Otto_instance_n=50_15_c01,Otto_instance_n=50_15,Otto,50,1000.0,c01,1,low,low,low,low,1042,published_results/extra_remaining_instances_2026-06-10/solutions/Otto_instance_n=50_15_c01/epsilon_trace.csv,8,epsilon,7,258,True,,False,True,0,250.0,573.65,10,5,6,True,False,0.0,573.65,100.0,614,615572,303.846862077713,364.0,209.65,0.3012,24,6,0,0,20,0,0
Otto_instance_n=50_15_c01,Otto_instance_n=50_15,Otto,50,1000.0,c01,1,low,low,low,low,1042,published_results/extra_remaining_instances_2026-06-10/solutions/Otto_instance_n=50_15_c01/epsilon_trace.csv,9,epsilon,8,249,True,,False,True,0,245.0,748.4500000000002,10,5,5,True,False,0.0,748.45,100.0,2428,1667215,603.7234919071198,621.0,127.45,0.4902,35,15,0,0,0,0,0
Otto_instance_n=50_15_c01,Otto_instance_n=50_15,Otto,50,1000.0,c01,1,low,low,low,low,1042,published_results/extra_remaining_instances_2026-06-10/solutions/Otto_instance_n=50_15_c01/epsilon_trace.csv,10,epsilon,9,244,True,,False,True,1,236.0,693.4500000000002,9,5,4,True,False,0.0,693.45,100.0,607,353292,303.8182361125946,614.0,79.45,0.6028,33,17,0,0,0,0,0
Otto_instance_n=50_15_c01,Otto_instance_n=50_15,Otto,50,1000.0,c01,1,low,low,low,low,1042,published_results/extra_remaining_instances_2026-06-10/solutions/Otto_instance_n=50_15_c01/epsilon_trace.csv,11,epsilon,10,235,True,,False,True,0,232.0,1121.7,12,4,8,True,False,0.0,1121.7,100.0,693,631350,303.98252987861633,902.0,219.70000000000002,0.4507,28,22,0,0,0,0,0
Otto_instance_n=50_15_c01,Otto_instance_n=50_15,Otto,50,1000.0,c01,1,low,low,low,low,1042,published_results/extra_remaining_instances_2026-06-10/solutions/Otto_instance_n=50_15_c01/epsilon_trace.csv,12,epsilon,11,231,True,,False,True,2,227.0,653.0500000000001,8,5,3,True,False,0.0,653.05,100.0,806,658899,603.5182600021362,627.0,26.05,0.8263,33,17,0,0,0,0,0
Otto_instance_n=50_15_c01,Otto_instance_n=50_15,Otto,50,1000.0,c01,1,low,low,low,low,1042,published_results/extra_remaining_instances_2026-06-10/solutions/Otto_instance_n=50_15_c01/epsilon_trace.csv,13,epsilon,12,226,True,,False,True,0,210.0,996.2,9,4,6,True,False,0.0,996.2,100.0,1817,561832,303.7616219520569,861.0,135.20000000000002,0.5493,18,25,6,1,0,0,0
Otto_instance_n=50_15_c01,Otto_instance_n=50_15,Otto,50,1000.0,c01,1,low,low,low,low,1042,published_results/extra_remaining_instances_2026-06-10/solutions/Otto_instance_n=50_15_c01/epsilon_trace.csv,14,epsilon,13,209,True,,False,True,1,205.0,945.6000000000001,9,4,5,True,False,0.0,945.6,100.0,837,496023,303.6978588104248,871.0,74.60000000000001,0.7016,30,20,0,0,0,0,0
Otto_instance_n=50_15_c01,Otto_instance_n=50_15,Otto,50,1000.0,c01,1,low,low,low,low,1042,published_results/extra_remaining_instances_2026-06-10/solutions/Otto_instance_n=50_15_c01/epsilon_trace.csv,15,epsilon,14,204,True,,False,True,0,201.0,1354.9499999999998,12,3,9,True,False,0.0,1354.95,100.0,228,451337,303.67745900154114,1127.0,227.95000000000002,0.4934,23,27,0,0,0,0,0
Otto_instance_n=50_15_c01,Otto_instance_n=50_15,Otto,50,1000.0,c01,1,low,low,low,low,1042,published_results/extra_remaining_instances_2026-06-10/solutions/Otto_instance_n=50_15_c01/epsilon_trace.csv,16,epsilon,15,200,True,,False,True,2,196.0,879.8499999999999,8,4,4,True,False,0.0028366577657,879.85,99.9997,338,356614,303.6957881450653,853.0,26.85,0.8658,26,24,0,0,0,0,0
Otto_instance_n=50_15_c01,Otto_instance_n=50_15,Otto,50,1000.0,c01,1,low,low,low,low,1042,published_results/extra_remaining_instances_2026-06-10/solutions/Otto_instance_n=50_15_c01/epsilon_trace.csv,17,epsilon,16,195,True,,False,True,0,188.0,1207.5500000000002,10,3,8,True,False,0.0,1207.55,100.0,2242,790611,303.7167720794678,1038.0,169.55,0.5761,14,27,0,0,0,4,5
Otto_instance_n=50_15_c01,Otto_instance_n=50_15,Otto,50,1000.0,c01,1,low,low,low,low,1042,published_results/extra_remaining_instances_2026-06-10/solutions/Otto_instance_n=50_15_c01/epsilon_trace.csv,18,epsilon,17,187,True,,False,True,1,165.0,1179.3,8,3,5,True,False,0.0,1179.3,100.0,749,599252,303.5916452407837,1147.0,32.300000000000004,0.8708,18,32,0,0,0,0,0
Otto_instance_n=50_15_c01,Otto_instance_n=50_15,Otto,50,1000.0,c01,1,low,low,low,low,1042,published_results/extra_remaining_instances_2026-06-10/solutions/Otto_instance_n=50_15_c01/epsilon_trace.csv,19,epsilon,18,164,True,,False,True,0,134.0,1422.2000000000003,8,2,6,True,False,0.0,1422.2,100.0,1383,734374,303.6500380039215,1389.0,33.2,0.8893,16,34,0,0,0,0,0
Otto_instance_n=50_15_c01,Otto_instance_n=50_15,Otto,50,1000.0,c01,1,low,low,low,low,1042,published_results/extra_remaining_instances_2026-06-10/solutions/Otto_instance_n=50_15_c01/epsilon_trace.csv,20,epsilon,19,133,False,infeasible,,,0,,,,,,,,,,,,,,,,,,,,,,,
Otto_instance_n=50_15_c02,Otto_instance_n=50_15,Otto,50,1000.0,c02,2,low,mid,mid,mid,2042,published_results/extra_remaining_instances_2026-06-10/solutions/Otto_instance_n=50_15_c02/epsilon_trace.csv,1,E0_HI_only,0,,True,,False,True,0,320.0,0.0,8,8,0,True,True,320.0,320.0,0.0,0,1307,0.2188880443572998,0.0,0.0,,50,0,0,0,0,0,0
Otto_instance_n=50_15_c02,Otto_instance_n=50_15,Otto,50,1000.0,c02,2,low,mid,mid,mid,2042,published_results/extra_remaining_instances_2026-06-10/solutions/Otto_instance_n=50_15_c02/epsilon_trace.csv,2,epsilon,1,319,True,,False,True,0,307.0,254.14999999999998,10,7,3,True,False,0.0,254.15,100.0,3876,786723,303.44922494888306,132.0,122.15,0.1857,46,4,0,0,0,0,0
Otto_instance_n=50_15_c02,Otto_instance_n=50_15,Otto,50,1000.0,c02,2,low,mid,mid,mid,2042,published_results/extra_remaining_instances_2026-06-10/solutions/Otto_instance_n=50_15_c02/epsilon_trace.csv,3,epsilon,2,306,True,,False,True,0,298.0,314.45000000000005,9,7,2,True,False,0.0,314.45,100.0,1524,639177,303.6131811141968,266.0,48.45,0.5155,42,8,0,0,0,0,0
Otto_instance_n=50_15_c02,Otto_instance_n=50_15,Otto,50,1000.0,c02,2,low,mid,mid,mid,2042,published_results/extra_remaining_instances_2026-06-10/solutions/Otto_instance_n=50_15_c02/epsilon_trace.csv,4,epsilon,3,297,True,,False,True,0,276.0,491.25,10,6,4,True,False,0.0,491.25,100.0,2435,725416,303.5473327636719,365.0,126.25,0.3688,39,11,0,0,0,0,0
Otto_instance_n=50_15_c02,Otto_instance_n=50_15,Otto,50,1000.0,c02,2,low,mid,mid,mid,2042,published_results/extra_remaining_instances_2026-06-10/solutions/Otto_instance_n=50_15_c02/epsilon_trace.csv,5,epsilon,4,275,True,,False,True,0,263.0,862.15,12,5,7,True,False,0.0,862.15,100.0,958,647521,303.6155779361725,634.0,228.15,0.3481,34,16,0,0,0,0,0
Otto_instance_n=50_15_c02,Otto_instance_n=50_15,Otto,50,1000.0,c02,2,low,mid,mid,mid,2042,published_results/extra_remaining_instances_2026-06-10/solutions/Otto_instance_n=50_15_c02/epsilon_trace.csv,6,epsilon,5,262,True,,False,True,1,245.0,756.4999999999999,10,5,5,True,False,0.0,756.5,100.0,887,633119,303.6142818927765,633.0,123.5,0.506,35,15,0,0,0,0,0
Otto_instance_n=50_15_c02,Otto_instance_n=50_15,Otto,50,1000.0,c02,2,low,mid,mid,mid,2042,published_results/extra_remaining_instances_2026-06-10/solutions/Otto_instance_n=50_15_c02/epsilon_trace.csv,7,epsilon,6,244,True,,False,True,1,236.0,738.9000000000001,9,5,4,True,False,0.0,738.9,100.0,618,444273,303.61130118370056,667.0,71.9,0.6405,31,19,0,0,0,0,0
Otto_instance_n=50_15_c02,Otto_instance_n=50_15,Otto,50,1000.0,c02,2,low,mid,mid,mid,2042,published_results/extra_remaining_instances_2026-06-10/solutions/Otto_instance_n=50_15_c02/epsilon_trace.csv,8,epsilon,7,235,True,,False,True,1,223.0,632.3,7,5,3,True,False,0.0,632.3,100.0,379,443623,303.5636339187622,626.0,6.300000000000001,0.958,30,12,0,0,8,0,0
Otto_instance_n=50_15_c02,Otto_instance_n=50_15,Otto,50,1000.0,c02,2,low,mid,mid,mid,2042,published_results/extra_remaining_instances_2026-06-10/solutions/Otto_instance_n=50_15_c02/epsilon_trace.csv,9,epsilon,8,222,True,,False,True,0,215.0,1514.4000000000003,13,3,11,True,False,0.0,1514.4,100.0,837,489096,303.63340401649475,1193.0,321.40000000000003,0.4156,12,33,4,1,0,0,0
Otto_instance_n=50_15_c02,Otto_instance_n=50_15,Otto,50,1000.0,c02,2,low,mid,mid,mid,2042,published_results/extra_remaining_instances_2026-06-10/solutions/Otto_instance_n=50_15_c02/epsilon_trace.csv,10,epsilon,9,214,True,,False,True,1,196.0,908.15,8,4,4,True,False,0.0,908.15,100.0,842,545081,303.5450670719147,882.0,26.150000000000002,0.8692,26,24,0,0,0,0,0
Otto_instance_n=50_15_c02,Otto_instance_n=50_15,Otto,50,1000.0,c02,2,low,mid,mid,mid,2042,published_results/extra_remaining_instances_2026-06-10/solutions/Otto_instance_n=50_15_c02/epsilon_trace.csv,11,epsilon,10,195,True,,False,True,0,174.0,1216.7,9,3,6,True,False,1.8257766374,1216.7,99.8499,2108,737844,303.65602684020996,1137.0,79.7,0.7343,19,31,0,0,0,0,0
Otto_instance_n=50_15_c02,Otto_instance_n=50_15,Otto,50,1000.0,c02,2,low,mid,mid,mid,2042,published_results/extra_remaining_instances_2026-06-10/solutions/Otto_instance_n=50_15_c02/epsilon_trace.csv,12,epsilon,11,173,True,,False,True,1,165.0,1179.9,8,3,5,True,False,0.0,1179.9,100.0,1285,731437,303.5012080669403,1156.0,23.900000000000002,0.9044,18,32,0,0,0,0,0
Otto_instance_n=50_15_c02,Otto_instance_n=50_15,Otto,50,1000.0,c02,2,low,mid,mid,mid,2042,published_results/extra_remaining_instances_2026-06-10/solutions/Otto_instance_n=50_15_c02/epsilon_trace.csv,13,epsilon,12,164,True,,False,True,1,161.0,1151.5,7,3,5,True,False,0.0,1151.5,100.0,1388,765303,303.5070478916168,1144.0,7.5,0.97,15,27,0,0,8,0,0
Otto_instance_n=50_15_c02,Otto_instance_n=50_15,Otto,50,1000.0,c02,2,low,mid,mid,mid,2042,published_results/extra_remaining_instances_2026-06-10/solutions/Otto_instance_n=50_15_c02/epsilon_trace.csv,14,epsilon,13,160,False,infeasible,,,0,,,,,,,,,,,,,,,,,,,,,,,
Otto_instance_n=50_15_c03,Otto_instance_n=50_15,Otto,50,1000.0,c03,3,low,high,high,high,3042,published_results/extra_remaining_instances_2026-06-10/solutions/Otto_instance_n=50_15_c03/epsilon_trace.csv,1,E0_HI_only,0,,True,,False,True,0,320.0,0.0,8,8,0,True,True,320.0,320.0,0.0,0,1307,0.24170589447021484,0.0,0.0,,50,0,0,0,0,0,0
Otto_instance_n=50_15_c03,Otto_instance_n=50_15,Otto,50,1000.0,c03,3,low,high,high,high,3042,published_results/extra_remaining_instances_2026-06-10/solutions/Otto_instance_n=50_15_c03/epsilon_trace.csv,2,epsilon,1,319,True,,False,True,0,307.0,285.7,10,7,3,True,False,0.0,285.7,100.0,568,631885,303.6539304256439,169.0,116.7,0.222,45,5,0,0,0,0,0
Otto_instance_n=50_15_c03,Otto_instance_n=50_15,Otto,50,1000.0,c03,3,low,high,high,high,3042,published_results/extra_remaining_instances_2026-06-10/solutions/Otto_instance_n=50_15_c03/epsilon_trace.csv,3,epsilon,2,306,True,,False,True,1,298.0,259.0,9,7,2,True,False,0.0,259.0,100.0,2671,951571,603.4555060863495,199.0,60.0,0.4,45,5,0,0,0,0,0
Otto_instance_n=50_15_c03,Otto_instance_n=50_15,Otto,50,1000.0,c03,3,low,high,high,high,3042,published_results/extra_remaining_instances_2026-06-10/solutions/Otto_instance_n=50_15_c03/epsilon_trace.csv,4,epsilon,3,297,True,,False,True,0,294.0,604.1999999999999,12,6,6,True,False,0.0,604.2,100.0,1755,718421,303.6102910041809,382.0,222.20000000000002,0.2593,38,12,0,0,0,0,0
Otto_instance_n=50_15_c03,Otto_instance_n=50_15,Otto,50,1000.0,c03,3,low,high,high,high,3042,published_results/extra_remaining_instances_2026-06-10/solutions/Otto_instance_n=50_15_c03/epsilon_trace.csv,5,epsilon,4,293,True,,False,True,1,285.0,559.3000000000001,11,6,5,True,False,0.0,559.3,100.0,1752,937382,303.55339097976685,382.0,177.3,0.2908,41,9,0,0,0,0,0
Otto_instance_n=50_15_c03,Otto_instance_n=50_15,Otto,50,1000.0,c03,3,low,high,high,high,3042,published_results/extra_remaining_instances_2026-06-10/solutions/Otto_instance_n=50_15_c03/epsilon_trace.csv,6,epsilon,5,284,True,,False,True,1,276.0,506.55,10,6,4,True,False,0.0,506.55,100.0,1486,1059362,303.5626947879791,383.0,123.55000000000001,0.3822,40,10,0,0,0,0,0
Otto_instance_n=50_15_c03,Otto_instance_n=50_15,Otto,50,1000.0,c03,3,low,high,high,high,3042,published_results/extra_remaining_instances_2026-06-10/solutions/Otto_instance_n=50_15_c03/epsilon_trace.csv,7,epsilon,6,275,True,,False,True,0,272.0,890.0999999999999,13,5,8,True,False,0.0,890.1,100.0,1122,680884,303.5249397754669,609.0,281.1,0.2973,33,17,0,0,0,0,0
Otto_instance_n=50_15_c03,Otto_instance_n=50_15,Otto,50,1000.0,c03,3,low,high,high,high,3042,published_results/extra_remaining_instances_2026-06-10/solutions/Otto_instance_n=50_15_c03/epsilon_trace.csv,8,epsilon,7,271,False,infeasible,,,0,,,,,,,,,,,,,,,,,,,,,,,
Otto_instance_n=50_15_c04,Otto_instance_n=50_15,Otto,50,1000.0,c04,4,mid,low,mid,high,4042,published_results/extra_remaining_instances_2026-06-10/solutions/Otto_instance_n=50_15_c04/epsilon_trace.csv,1,E0_HI_only,0,,True,,False,True,0,320.0,0.0,8,8,0,True,True,320.0,320.0,0.0,0,1307,0.23389601707458496,0.0,0.0,,50,0,0,0,0,0,0
Otto_instance_n=50_15_c04,Otto_instance_n=50_15,Otto,50,1000.0,c04,4,mid,low,mid,high,4042,published_results/extra_remaining_instances_2026-06-10/solutions/Otto_instance_n=50_15_c04/epsilon_trace.csv,2,epsilon,1,319,True,,False,True,0,290.0,210.85,7,7,2,True,False,0.0,210.85,100.0,639,765602,303.5883119106293,162.0,48.85,0.5115,31,0,0,0,19,0,0
Otto_instance_n=50_15_c04,Otto_instance_n=50_15,Otto,50,1000.0,c04,4,mid,low,mid,high,4042,published_results/extra_remaining_instances_2026-06-10/solutions/Otto_instance_n=50_15_c04/epsilon_trace.csv,3,epsilon,2,289,True,,False,True,1,289.0,209.4,8,7,1,True,False,0.0,209.4,100.0,1125,652185,303.8339762687683,199.0,10.4,0.792,45,5,0,0,0,0,0
Otto_instance_n=50_15_c04,Otto_instance_n=50_15,Otto,50,1000.0,c04,4,mid,low,mid,high,4042,published_results/extra_remaining_instances_2026-06-10/solutions/Otto_instance_n=50_15_c04/epsilon_trace.csv,4,epsilon,3,288,True,,False,True,1,285.0,115.8,7,7,1,True,False,0.0,115.8,100.0,326,495130,303.8254988193512,96.0,19.8,0.604,39,0,0,0,11,0,0
Otto_instance_n=50_15_c04,Otto_instance_n=50_15,Otto,50,1000.0,c04,4,mid,low,mid,high,4042,published_results/extra_remaining_instances_2026-06-10/solutions/Otto_instance_n=50_15_c04/epsilon_trace.csv,5,epsilon,4,284,True,,False,True,0,254.0,247.95000000000002,7,6,2,True,False,0.0,247.95,100.0,909,517484,303.6044521331787,210.0,37.95,0.6205,35,1,0,0,14,0,0
Otto_instance_n=50_15_c04,Otto_instance_n=50_15,Otto,50,1000.0,c04,4,mid,low,mid,high,4042,published_results/extra_remaining_instances_2026-06-10/solutions/Otto_instance_n=50_15_c04/epsilon_trace.csv,6,epsilon,5,253,True,,False,True,0,245.0,1005.5999999999999,10,5,5,True,False,0.0,1005.6,100.0,800,501586,303.5773780345917,941.0,64.60000000000001,0.7416,33,17,0,0,0,0,0
Otto_instance_n=50_15_c04,Otto_instance_n=50_15,Otto,50,1000.0,c04,4,mid,low,mid,high,4042,published_results/extra_remaining_instances_2026-06-10/solutions/Otto_instance_n=50_15_c04/epsilon_trace.csv,7,epsilon,6,244,True,,False,True,1,219.0,335.3,6,5,3,True,False,0.0,335.3,100.0,265,405016,303.5821659564972,272.0,63.300000000000004,0.578,23,1,0,0,26,0,0
Otto_instance_n=50_15_c04,Otto_instance_n=50_15,Otto,50,1000.0,c04,4,mid,low,mid,high,4042,published_results/extra_remaining_instances_2026-06-10/solutions/Otto_instance_n=50_15_c04/epsilon_trace.csv,8,epsilon,7,218,True,,False,True,0,205.0,1264.2999999999997,9,4,5,True,False,0.0,1264.3,100.0,1635,467290,303.7021372318268,1258.0,6.300000000000001,0.9748,26,24,0,0,0,0,0
Otto_instance_n=50_15_c04,Otto_instance_n=50_15,Otto,50,1000.0,c04,4,mid,low,mid,high,4042,published_results/extra_remaining_instances_2026-06-10/solutions/Otto_instance_n=50_15_c04/epsilon_trace.csv,9,epsilon,8,204,True,,False,True,0,201.0,1728.7000000000003,12,3,9,True,False,0.0,1728.7,100.0,493,437282,303.54029417037964,1592.0,136.70000000000002,0.6962,20,30,0,0,0,0,0
Otto_instance_n=50_15_c04,Otto_instance_n=50_15,Otto,50,1000.0,c04,4,mid,low,mid,high,4042,published_results/extra_remaining_instances_2026-06-10/solutions/Otto_instance_n=50_15_c04/epsilon_trace.csv,10,epsilon,9,200,True,,False,True,0,192.0,1807.4,11,3,8,True,False,0.0,1807.4,100.0,603,615977,303.5757758617401,1745.0,62.400000000000006,0.844,21,29,0,0,0,0,0
Otto_instance_n=50_15_c04,Otto_instance_n=50_15,Otto,50,1000.0,c04,4,mid,low,mid,high,4042,published_results/extra_remaining_instances_2026-06-10/solutions/Otto_instance_n=50_15_c04/epsilon_trace.csv,11,epsilon,10,191,True,,False,True,2,183.0,1636.6,10,3,7,True,False,4.1727920228,1636.6,99.745,1357,724836,303.5825340747833,1596.0,40.6,0.884,18,32,0,0,0,0,0
Otto_instance_n=50_15_c04,Otto_instance_n=50_15,Otto,50,1000.0,c04,4,mid,low,mid,high,4042,published_results/extra_remaining_instances_2026-06-10/solutions/Otto_instance_n=50_15_c04/epsilon_trace.csv,12,epsilon,11,182,True,,False,True,2,179.0,409.45000000000005,5,4,3,True,False,7.29582501,409.45,98.2181,1685,1303260,603.2041537761688,372.0,37.45,0.7503,17,1,0,0,32,0,0
Otto_instance_n=50_15_c04,Otto_instance_n=50_15,Otto,50,1000.0,c04,4,mid,low,mid,high,4042,published_results/extra_remaining_instances_2026-06-10/solutions/Otto_instance_n=50_15_c04/epsilon_trace.csv,13,epsilon,12,178,True,,False,True,0,170.0,1212.6499999999999,8,3,6,True,False,1.2966549187,1212.65,99.8931,2996,1263318,603.2832109928131,1158.0,54.650000000000006,0.8178,15,16,0,0,19,0,0
Otto_instance_n=50_15_c04,Otto_instance_n=50_15,Otto,50,1000.0,c04,4,mid,low,mid,high,4042,published_results/extra_remaining_instances_2026-06-10/solutions/Otto_instance_n=50_15_c04/epsilon_trace.csv,14,epsilon,13,169,True,,False,True,1,135.0,459.5,3,3,3,True,False,0.0,459.5,100.0,833,785943,303.51224088668823,454.0,5.5,0.9633,0,0,0,0,50,0,0
Otto_instance_n=50_15_c04,Otto_instance_n=50_15,Otto,50,1000.0,c04,4,mid,low,mid,high,4042,published_results/extra_remaining_instances_2026-06-10/solutions/Otto_instance_n=50_15_c04/epsilon_trace.csv,15,epsilon,14,134,True,,False,True,0,130.0,2427.4,11,1,10,True,False,15.627349322,2427.4,99.3562,493,607753,303.5307500362396,2387.0,40.400000000000006,0.9192,7,43,0,0,0,0,0
Otto_instance_n=50_15_c04,Otto_instance_n=50_15,Otto,50,1000.0,c04,4,mid,low,mid,high,4042,published_results/extra_remaining_instances_2026-06-10/solutions/Otto_instance_n=50_15_c04/epsilon_trace.csv,16,epsilon,15,129,True,,False,True,1,126.0,1171.35,6,2,6,True,False,11.485610879,1171.35,99.0195,2943,1272784,303.7019610404968,1131.0,40.35,0.8655,0,13,0,0,37,0,0
Otto_instance_n=50_15_c04,Otto_instance_n=50_15,Otto,50,1000.0,c04,4,mid,low,mid,high,4042,published_results/extra_remaining_instances_2026-06-10/solutions/Otto_instance_n=50_15_c04/epsilon_trace.csv,17,epsilon,16,125,True,,False,True,0,108.0,1889.4,8,1,8,True,False,53.6,1889.4,97.1631,2294,1313949,303.48779916763306,1878.0,11.4,0.9715,0,32,0,0,18,0,0
Otto_instance_n=50_15_c04,Otto_instance_n=50_15,Otto,50,1000.0,c04,4,mid,low,mid,high,4042,published_results/extra_remaining_instances_2026-06-10/solutions/Otto_instance_n=50_15_c04/epsilon_trace.csv,18,epsilon,17,107,False,infeasible,,,0,,,,,,,,,,,,,,,,,,,,,,,
Otto_instance_n=50_15_c05,Otto_instance_n=50_15,Otto,50,1000.0,c05,5,mid,mid,high,low,5042,published_results/extra_remaining_instances_2026-06-10/solutions/Otto_instance_n=50_15_c05/epsilon_trace.csv,1,E0_HI_only,0,,True,,False,True,0,320.0,0.0,8,8,0,True,True,320.0,320.0,0.0,0,1307,0.2103731632232666,0.0,0.0,,50,0,0,0,0,0,0
Otto_instance_n=50_15_c05,Otto_instance_n=50_15,Otto,50,1000.0,c05,5,mid,mid,high,low,5042,published_results/extra_remaining_instances_2026-06-10/solutions/Otto_instance_n=50_15_c05/epsilon_trace.csv,2,epsilon,1,319,True,,False,True,0,307.0,314.4,10,7,3,True,False,0.0,314.4,100.0,2970,976882,303.56884503364563,206.0,108.4,0.2773,43,7,0,0,0,0,0
Otto_instance_n=50_15_c05,Otto_instance_n=50_15,Otto,50,1000.0,c05,5,mid,mid,high,low,5042,published_results/extra_remaining_instances_2026-06-10/solutions/Otto_instance_n=50_15_c05/epsilon_trace.csv,3,epsilon,2,306,True,,False,True,1,303.0,300.05,9,7,3,True,False,0.0,300.05,100.0,1097,1114523,303.57136392593384,210.0,90.05000000000001,0.3997,39,2,0,0,0,6,3
Otto_instance_n=50_15_c05,Otto_instance_n=50_15,Otto,50,1000.0,c05,5,mid,mid,high,low,5042,published_results/extra_remaining_instances_2026-06-10/solutions/Otto_instance_n=50_15_c05/epsilon_trace.csv,4,epsilon,3,302,True,,False,True,0,298.0,371.1,9,7,2,True,False,0.0,371.1,100.0,2230,1287426,303.5722131729126,334.0,37.1,0.629,46,4,0,0,0,0,0
Otto_instance_n=50_15_c05,Otto_instance_n=50_15,Otto,50,1000.0,c05,5,mid,mid,high,low,5042,published_results/extra_remaining_instances_2026-06-10/solutions/Otto_instance_n=50_15_c05/epsilon_trace.csv,5,epsilon,4,297,True,,False,True,2,285.0,151.95,7,7,1,True,False,0.0,151.95,100.0,1525,466586,303.66436195373535,151.0,0.9500000000000001,0.981,39,0,0,0,11,0,0
Otto_instance_n=50_15_c05,Otto_instance_n=50_15,Otto,50,1000.0,c05,5,mid,mid,high,low,5042,published_results/extra_remaining_instances_2026-06-10/solutions/Otto_instance_n=50_15_c05/epsilon_trace.csv,6,epsilon,5,284,True,,False,True,0,263.0,500.85,8,6,3,True,False,0.0,500.85,100.0,2048,489759,308.7533462047577,464.0,36.85,0.7543,34,5,0,0,11,0,0
Otto_instance_n=50_15_c05,Otto_instance_n=50_15,Otto,50,1000.0,c05,5,mid,mid,high,low,5042,published_results/extra_remaining_instances_2026-06-10/solutions/Otto_instance_n=50_15_c05/epsilon_trace.csv,7,epsilon,6,262,True,,False,True,0,259.0,1562.4999999999998,15,4,11,True,False,0.0,1562.5,100.0,773,695551,303.81471490859985,1270.0,292.5,0.4682,23,27,0,0,0,0,0
Otto_instance_n=50_15_c05,Otto_instance_n=50_15,Otto,50,1000.0,c05,5,mid,mid,high,low,5042,published_results/extra_remaining_instances_2026-06-10/solutions/Otto_instance_n=50_15_c05/epsilon_trace.csv,8,epsilon,7,258,True,,False,True,1,256.0,1490.2000000000003,13,4,12,True,False,0.0,1490.2,100.0,1497,852627,303.59826469421387,1155.0,335.20000000000005,0.4413,6,16,6,1,21,0,0
Otto_instance_n=50_15_c05,Otto_instance_n=50_15,Otto,50,1000.0,c05,5,mid,mid,high,low,5042,published_results/extra_remaining_instances_2026-06-10/solutions/Otto_instance_n=50_15_c05/epsilon_trace.csv,9,epsilon,8,255,False,infeasible,,,0,,,,,,,,,,,,,,,,,,,,,,,
Otto_instance_n=50_15_c06,Otto_instance_n=50_15,Otto,50,1000.0,c06,6,mid,high,low,mid,6042,published_results/extra_remaining_instances_2026-06-10/solutions/Otto_instance_n=50_15_c06/epsilon_trace.csv,1,E0_HI_only,0,,True,,False,True,0,320.0,0.0,8,8,0,True,True,320.0,320.0,0.0,0,1307,0.20708608627319336,0.0,0.0,,50,0,0,0,0,0,0
Otto_instance_n=50_15_c06,Otto_instance_n=50_15,Otto,50,1000.0,c06,6,mid,high,low,mid,6042,published_results/extra_remaining_instances_2026-06-10/solutions/Otto_instance_n=50_15_c06/epsilon_trace.csv,2,epsilon,1,319,True,,False,True,0,307.0,318.2,10,7,3,True,False,0.0,318.2,100.0,455,356362,303.57030487060547,208.0,110.2,0.2653,47,3,0,0,0,0,0
Otto_instance_n=50_15_c06,Otto_instance_n=50_15,Otto,50,1000.0,c06,6,mid,high,low,mid,6042,published_results/extra_remaining_instances_2026-06-10/solutions/Otto_instance_n=50_15_c06/epsilon_trace.csv,3,epsilon,2,306,True,,False,True,1,289.0,195.65,8,7,1,True,False,0.0,195.65,100.0,3478,489620,315.08707308769226,180.0,15.65,0.687,47,3,0,0,0,0,0
Otto_instance_n=50_15_c06,Otto_instance_n=50_15,Otto,50,1000.0,c06,6,mid,high,low,mid,6042,published_results/extra_remaining_instances_2026-06-10/solutions/Otto_instance_n=50_15_c06/epsilon_trace.csv,4,epsilon,3,288,True,,False,True,0,286.0,1682.4000000000003,18,4,14,True,False,0.0,1682.4,100.0,597,381015,303.54407691955566,1224.0,458.40000000000003,0.3451,28,22,0,0,0,0,0
Otto_instance_n=50_15_c06,Otto_instance_n=50_15,Otto,50,1000.0,c06,6,mid,high,low,mid,6042,published_results/extra_remaining_instances_2026-06-10/solutions/Otto_instance_n=50_15_c06/epsilon_trace.csv,5,epsilon,4,285,True,,False,True,1,281.0,1159.25,14,5,9,True,False,0.0,1159.25,100.0,333,534498,303.5165297985077,892.0,267.25,0.4061,35,15,0,0,0,0,0
Otto_instance_n=50_15_c06,Otto_instance_n=50_15,Otto,50,1000.0,c06,6,mid,high,low,mid,6042,published_results/extra_remaining_instances_2026-06-10/solutions/Otto_instance_n=50_15_c06/epsilon_trace.csv,6,epsilon,5,280,True,,False,True,1,276.0,601.15,10,6,4,True,False,0.0,601.15,100.0,1409,790348,303.89390993118286,504.0,97.15,0.5142,38,12,0,0,0,0,0
Otto_instance_n=50_15_c06,Otto_instance_n=50_15,Otto,50,1000.0,c06,6,mid,high,low,mid,6042,published_results/extra_remaining_instances_2026-06-10/solutions/Otto_instance_n=50_15_c06/epsilon_trace.csv,7,epsilon,6,275,True,,False,True,1,272.0,594.55,9,6,4,True,False,0.0,594.55,100.0,506,832010,304.072301864624,495.0,99.55000000000001,0.5022,33,10,6,1,0,0,0
Otto_instance_n=50_15_c06,Otto_instance_n=50_15,Otto,50,1000.0,c06,6,mid,high,low,mid,6042,published_results/extra_remaining_instances_2026-06-10/solutions/Otto_instance_n=50_15_c06/epsilon_trace.csv,8,epsilon,7,271,True,,False,True,0,267.0,621.35,9,6,3,True,False,0.0,621.35,100.0,717,760347,303.6110279560089,582.0,39.35,0.7377,39,11,0,0,0,0,0
Otto_instance_n=50_15_c06,Otto_instance_n=50_15,Otto,50,1000.0,c06,6,mid,high,low,mid,6042,published_results/extra_remaining_instances_2026-06-10/solutions/Otto_instance_n=50_15_c06/epsilon_trace.csv,9,epsilon,8,266,True,,False,True,0,245.0,949.65,10,5,5,True,False,0.0,949.65,100.0,504,407828,303.60907101631165,876.0,73.65,0.7054,34,16,0,0,0,0,0
Otto_instance_n=50_15_c06,Otto_instance_n=50_15,Otto,50,1000.0,c06,6,mid,high,low,mid,6042,published_results/extra_remaining_instances_2026-06-10/solutions/Otto_instance_n=50_15_c06/epsilon_trace.csv,10,epsilon,9,244,True,,False,True,1,241.0,883.9500000000002,9,5,5,True,False,0.0,883.95,100.0,3632,1367595,603.3365790843964,820.0,63.95,0.7442,25,14,0,0,0,7,4
Otto_instance_n=50_15_c06,Otto_instance_n=50_15,Otto,50,1000.0,c06,6,mid,high,low,mid,6042,published_results/extra_remaining_instances_2026-06-10/solutions/Otto_instance_n=50_15_c06/epsilon_trace.csv,11,epsilon,10,240,True,,False,True,0,219.0,1375.6999999999998,10,4,7,True,False,0.0,1375.7,100.0,560,497103,303.63588309288025,1299.0,76.7,0.7809,20,23,0,0,0,5,2
Otto_instance_n=50_15_c06,Otto_instance_n=50_15,Otto,50,1000.0,c06,6,mid,high,low,mid,6042,published_results/extra_remaining_instances_2026-06-10/solutions/Otto_instance_n=50_15_c06/epsilon_trace.csv,12,epsilon,11,218,True,,False,True,1,214.0,1272.8999999999999,10,4,6,True,False,0.0,1272.9,100.0,801,468009,303.5850088596344,1212.0,60.900000000000006,0.797,27,23,0,0,0,0,0
Otto_instance_n=50_15_c06,Otto_instance_n=50_15,Otto,50,1000.0,c06,6,mid,high,low,mid,6042,published_results/extra_remaining_instances_2026-06-10/solutions/Otto_instance_n=50_15_c06/epsilon_trace.csv,13,epsilon,12,213,True,,False,True,0,183.0,1651.8500000000001,10,3,7,True,False,0.0,1651.85,100.0,1095,977662,303.52484822273254,1619.0,32.85,0.9061,23,27,0,0,0,0,0
Otto_instance_n=50_15_c06,Otto_instance_n=50_15,Otto,50,1000.0,c06,6,mid,high,low,mid,6042,published_results/extra_remaining_instances_2026-06-10/solutions/Otto_instance_n=50_15_c06/epsilon_trace.csv,14,epsilon,13,182,False,infeasible,,,0,,,,,,,,,,,,,,,,,,,,,,,
Otto_instance_n=50_15_c07,Otto_instance_n=50_15,Otto,50,1000.0,c07,7,high,low,high,mid,7042,published_results/extra_remaining_instances_2026-06-10/solutions/Otto_instance_n=50_15_c07/epsilon_trace.csv,1,E0_HI_only,0,,True,,False,True,0,320.0,0.0,8,8,0,True,True,320.0,320.0,0.0,0,1307,0.2756350040435791,0.0,0.0,,50,0,0,0,0,0,0
Otto_instance_n=50_15_c07,Otto_instance_n=50_15,Otto,50,1000.0,c07,7,high,low,high,mid,7042,published_results/extra_remaining_instances_2026-06-10/solutions/Otto_instance_n=50_15_c07/epsilon_trace.csv,2,epsilon,1,319,True,,False,True,0,294.0,179.45000000000002,8,7,2,True,False,0.0,179.45,100.0,860,436692,303.5684652328491,116.0,63.45,0.3655,37,1,0,0,12,0,0
Otto_instance_n=50_15_c07,Otto_instance_n=50_15,Otto,50,1000.0,c07,7,high,low,high,mid,7042,published_results/extra_remaining_instances_2026-06-10/solutions/Otto_instance_n=50_15_c07/epsilon_trace.csv,3,epsilon,2,293,True,,False,True,1,285.0,117.85,7,7,1,True,False,0.0,117.85,100.0,982,670582,303.660413980484,101.0,16.85,0.663,40,0,0,0,10,0,0
Otto_instance_n=50_15_c07,Otto_instance_n=50_15,Otto,50,1000.0,c07,7,high,low,high,mid,7042,published_results/extra_remaining_instances_2026-06-10/solutions/Otto_instance_n=50_15_c07/epsilon_trace.csv,4,epsilon,3,284,True,,False,True,0,272.0,339.84999999999997,9,6,4,True,False,0.0,339.85,100.0,804,542109,303.57361793518066,198.0,141.85,0.2908,33,3,0,0,14,0,0
Otto_instance_n=50_15_c07,Otto_instance_n=50_15,Otto,50,1000.0,c07,7,high,low,high,mid,7042,published_results/extra_remaining_instances_2026-06-10/solutions/Otto_instance_n=50_15_c07/epsilon_trace.csv,5,epsilon,4,271,True,,False,True,0,268.0,1492.95,12,5,8,True,False,0.0,1492.95,100.0,936,565532,303.5694651603699,1381.0,111.95,0.7201,29,15,0,0,0,5,1
Otto_instance_n=50_15_c07,Otto_instance_n=50_15,Otto,50,1000.0,c07,7,high,low,high,mid,7042,published_results/extra_remaining_instances_2026-06-10/solutions/Otto_instance_n=50_15_c07/epsilon_trace.csv,6,epsilon,5,267,True,,False,True,1,263.0,1412.35,12,5,7,True,False,0.0,1412.35,100.0,2221,1123996,603.2804007530212,1330.0,82.35000000000001,0.7647,32,18,0,0,0,0,0
Otto_instance_n=50_15_c07,Otto_instance_n=50_15,Otto,50,1000.0,c07,7,high,low,high,mid,7042,published_results/extra_remaining_instances_2026-06-10/solutions/Otto_instance_n=50_15_c07/epsilon_trace.csv,7,epsilon,6,262,False,infeasible,,,0,,,,,,,,,,,,,,,,,,,,,,,
Otto_instance_n=50_15_c08,Otto_instance_n=50_15,Otto,50,1000.0,c08,8,high,mid,low,high,8042,published_results/extra_remaining_instances_2026-06-10/solutions/Otto_instance_n=50_15_c08/epsilon_trace.csv,1,E0_HI_only,0,,True,,False,True,0,320.0,0.0,8,8,0,True,True,320.0,320.0,0.0,0,1307,0.20435404777526855,0.0,0.0,,50,0,0,0,0,0,0
Otto_instance_n=50_15_c08,Otto_instance_n=50_15,Otto,50,1000.0,c08,8,high,mid,low,high,8042,published_results/extra_remaining_instances_2026-06-10/solutions/Otto_instance_n=50_15_c08/epsilon_trace.csv,2,epsilon,1,319,False,infeasible,,,0,,,,,,,,,,,,,,,,,,,,,,,
Otto_instance_n=50_15_c09,Otto_instance_n=50_15,Otto,50,1000.0,c09,9,high,high,mid,low,9042,published_results/extra_remaining_instances_2026-06-10/solutions/Otto_instance_n=50_15_c09/epsilon_trace.csv,1,E0_HI_only,0,,True,,False,True,0,320.0,0.0,8,8,0,True,True,320.0,320.0,0.0,0,1307,0.21222996711730957,0.0,0.0,,50,0,0,0,0,0,0
Otto_instance_n=50_15_c09,Otto_instance_n=50_15,Otto,50,1000.0,c09,9,high,high,mid,low,9042,published_results/extra_remaining_instances_2026-06-10/solutions/Otto_instance_n=50_15_c09/epsilon_trace.csv,2,epsilon,1,319,True,,False,True,0,307.0,379.2,10,7,3,True,False,0.0,379.2,100.0,1065,841389,303.5837128162384,287.0,92.2,0.3853,46,4,0,0,0,0,0
Otto_instance_n=50_15_c09,Otto_instance_n=50_15,Otto,50,1000.0,c09,9,high,high,mid,low,9042,published_results/extra_remaining_instances_2026-06-10/solutions/Otto_instance_n=50_15_c09/epsilon_trace.csv,3,epsilon,2,306,True,,False,True,1,298.0,318.7,9,7,2,True,False,0.0,318.7,100.0,2535,569482,303.67696380615234,275.0,43.7,0.563,46,4,0,0,0,0,0
Otto_instance_n=50_15_c09,Otto_instance_n=50_15,Otto,50,1000.0,c09,9,high,high,mid,low,9042,published_results/extra_remaining_instances_2026-06-10/solutions/Otto_instance_n=50_15_c09/epsilon_trace.csv,4,epsilon,3,297,False,infeasible,,,0,,,,,,,,,,,,,,,,,,,,,,,
Otto_instance_n=50_58_c01,Otto_instance_n=50_58,Otto,50,1000.0,c01,1,low,low,low,low,1042,published_results/extra_remaining_instances_2026-06-10/solutions/Otto_instance_n=50_58_c01/epsilon_trace.csv,1,E0_HI_only,0,,True,,False,True,0,440.0,0.0,11,11,0,True,True,440.0,440.0,0.0,0,2607,0.2830338478088379,0.0,0.0,,50,0,0,0,0,0,0
Otto_instance_n=50_58_c01,Otto_instance_n=50_58,Otto,50,1000.0,c01,1,low,low,low,low,1042,published_results/extra_remaining_instances_2026-06-10/solutions/Otto_instance_n=50_58_c01/epsilon_trace.csv,2,epsilon,1,439,True,,False,True,0,427.0,272.45,13,10,3,True,False,6.1033770135e-33,272.45,100.0,3478,1337905,603.2798988819122,153.0,119.45,0.2037,46,4,0,0,0,0,0
Otto_instance_n=50_58_c01,Otto_instance_n=50_58,Otto,50,1000.0,c01,1,low,low,low,low,1042,published_results/extra_remaining_instances_2026-06-10/solutions/Otto_instance_n=50_58_c01/epsilon_trace.csv,3,epsilon,2,426,False,infeasible,,,0,,,,,,,,,,,,,,,,,,,,,,,
Otto_instance_n=50_58_c02,Otto_instance_n=50_58,Otto,50,1000.0,c02,2,low,mid,mid,mid,2042,published_results/extra_remaining_instances_2026-06-10/solutions/Otto_instance_n=50_58_c02/epsilon_trace.csv,1,E0_HI_only,0,,True,,False,True,0,440.0,0.0,11,11,0,True,True,440.0,440.0,0.0,0,2607,0.4032609462738037,0.0,0.0,,50,0,0,0,0,0,0
Otto_instance_n=50_58_c02,Otto_instance_n=50_58,Otto,50,1000.0,c02,2,low,mid,mid,mid,2042,published_results/extra_remaining_instances_2026-06-10/solutions/Otto_instance_n=50_58_c02/epsilon_trace.csv,2,epsilon,1,439,True,,False,True,0,432.0,920.9000000000001,17,9,8,True,False,0.0,920.9,100.0,982,629930,303.6026089191437,647.0,273.90000000000003,0.3153,33,17,0,0,0,0,0
Otto_instance_n=50_58_c02,Otto_instance_n=50_58,Otto,50,1000.0,c02,2,low,mid,mid,mid,2042,published_results/extra_remaining_instances_2026-06-10/solutions/Otto_instance_n=50_58_c02/epsilon_trace.csv,3,epsilon,2,431,True,,False,True,1,409.0,182.45,11,10,1,True,False,0.0,182.45,100.0,3460,1661474,603.4975852966309,167.0,15.450000000000001,0.691,46,4,0,0,0,0,0
Otto_instance_n=50_58_c02,Otto_instance_n=50_58,Otto,50,1000.0,c02,2,low,mid,mid,mid,2042,published_results/extra_remaining_instances_2026-06-10/solutions/Otto_instance_n=50_58_c02/epsilon_trace.csv,4,epsilon,3,408,True,,False,True,0,378.0,428.04999999999995,11,9,2,True,False,0.0,428.05,100.0,615,405639,303.5571310520172,410.0,18.05,0.8195,39,11,0,0,0,0,0
Otto_instance_n=50_58_c02,Otto_instance_n=50_58,Otto,50,1000.0,c02,2,low,mid,mid,mid,2042,published_results/extra_remaining_instances_2026-06-10/solutions/Otto_instance_n=50_58_c02/epsilon_trace.csv,5,epsilon,4,377,True,,False,True,0,375.0,1305.45,17,7,11,True,False,0.0,1305.45,100.0,775,496883,303.5692067146301,960.0,345.45000000000005,0.3719,23,18,0,0,9,0,0
Otto_instance_n=50_58_c02,Otto_instance_n=50_58,Otto,50,1000.0,c02,2,low,mid,mid,mid,2042,published_results/extra_remaining_instances_2026-06-10/solutions/Otto_instance_n=50_58_c02/epsilon_trace.csv,6,epsilon,5,374,False,infeasible,,,0,,,,,,,,,,,,,,,,,,,,,,,
Otto_instance_n=50_58_c03,Otto_instance_n=50_58,Otto,50,1000.0,c03,3,low,high,high,high,3042,published_results/extra_remaining_instances_2026-06-10/solutions/Otto_instance_n=50_58_c03/epsilon_trace.csv,1,E0_HI_only,0,,True,,False,True,0,440.0,0.0,11,11,0,True,True,440.0,440.0,0.0,0,2607,0.25021886825561523,0.0,0.0,,50,0,0,0,0,0,0
Otto_instance_n=50_58_c03,Otto_instance_n=50_58,Otto,50,1000.0,c03,3,low,high,high,high,3042,published_results/extra_remaining_instances_2026-06-10/solutions/Otto_instance_n=50_58_c03/epsilon_trace.csv,2,epsilon,1,439,True,,False,True,0,436.0,440.90000000000003,14,10,4,True,False,0.0,440.9,100.0,3849,1619411,603.6319968700409,302.0,138.9,0.3055,42,8,0,0,0,0,0
Otto_instance_n=50_58_c03,Otto_instance_n=50_58,Otto,50,1000.0,c03,3,low,high,high,high,3042,published_results/extra_remaining_instances_2026-06-10/solutions/Otto_instance_n=50_58_c03/epsilon_trace.csv,3,epsilon,2,435,True,,False,True,0,405.0,607.7499999999999,14,9,5,True,False,0.0,607.75,100.0,1028,606057,303.74494671821594,444.0,163.75,0.345,39,11,0,0,0,0,0
Otto_instance_n=50_58_c03,Otto_instance_n=50_58,Otto,50,1000.0,c03,3,low,high,high,high,3042,published_results/extra_remaining_instances_2026-06-10/solutions/Otto_instance_n=50_58_c03/epsilon_trace.csv,4,epsilon,3,404,True,,False,True,1,396.0,580.9000000000001,13,9,4,True,False,0.0,580.9,100.0,1764,1413685,303.5405650138855,471.0,109.9,0.4505,42,8,0,0,0,0,0
Otto_instance_n=50_58_c03,Otto_instance_n=50_58,Otto,50,1000.0,c03,3,low,high,high,high,3042,published_results/extra_remaining_instances_2026-06-10/solutions/Otto_instance_n=50_58_c03/epsilon_trace.csv,5,epsilon,4,395,True,,False,True,1,383.0,494.00000000000006,11,9,3,True,False,0.0,494.0,100.0,2930,1131777,303.6013078689575,455.0,39.0,0.74,35,9,0,0,0,3,3
Otto_instance_n=50_58_c03,Otto_instance_n=50_58,Otto,50,1000.0,c03,3,low,high,high,high,3042,published_results/extra_remaining_instances_2026-06-10/solutions/Otto_instance_n=50_58_c03/epsilon_trace.csv,6,epsilon,5,382,False,infeasible,,,0,,,,,,,,,,,,,,,,,,,,,,,
Otto_instance_n=50_58_c04,Otto_instance_n=50_58,Otto,50,1000.0,c04,4,mid,low,mid,high,4042,published_results/extra_remaining_instances_2026-06-10/solutions/Otto_instance_n=50_58_c04/epsilon_trace.csv,1,E0_HI_only,0,,True,,False,True,0,440.0,0.0,11,11,0,True,True,440.0,440.0,0.0,0,2607,0.4112391471862793,0.0,0.0,,50,0,0,0,0,0,0
Otto_instance_n=50_58_c04,Otto_instance_n=50_58,Otto,50,1000.0,c04,4,mid,low,mid,high,4042,published_results/extra_remaining_instances_2026-06-10/solutions/Otto_instance_n=50_58_c04/epsilon_trace.csv,2,epsilon,1,439,False,infeasible,,,0,,,,,,,,,,,,,,,,,,,,,,,
Otto_instance_n=50_58_c05,Otto_instance_n=50_58,Otto,50,1000.0,c05,5,mid,mid,high,low,5042,published_results/extra_remaining_instances_2026-06-10/solutions/Otto_instance_n=50_58_c05/epsilon_trace.csv,1,E0_HI_only,0,,True,,False,True,0,440.0,0.0,11,11,0,True,True,440.0,440.0,0.0,0,2607,0.47635889053344727,0.0,0.0,,50,0,0,0,0,0,0
Otto_instance_n=50_58_c05,Otto_instance_n=50_58,Otto,50,1000.0,c05,5,mid,mid,high,low,5042,published_results/extra_remaining_instances_2026-06-10/solutions/Otto_instance_n=50_58_c05/epsilon_trace.csv,2,epsilon,1,439,True,,False,True,0,418.0,370.85,12,10,2,True,False,0.0,370.85,100.0,3636,1673465,603.2607476711273,339.0,31.85,0.6815,48,2,0,0,0,0,0
Otto_instance_n=50_58_c05,Otto_instance_n=50_58,Otto,50,1000.0,c05,5,mid,mid,high,low,5042,published_results/extra_remaining_instances_2026-06-10/solutions/Otto_instance_n=50_58_c05/epsilon_trace.csv,3,epsilon,2,417,True,,False,True,0,410.0,762.4,14,9,6,True,False,0.0,762.4,100.0,1160,709805,303.6061990261078,590.0,172.4,0.4253,40,6,0,0,4,0,0
Otto_instance_n=50_58_c05,Otto_instance_n=50_58,Otto,50,1000.0,c05,5,mid,mid,high,low,5042,published_results/extra_remaining_instances_2026-06-10/solutions/Otto_instance_n=50_58_c05/epsilon_trace.csv,4,epsilon,3,409,True,,False,True,1,387.0,677.3,12,9,3,True,False,0.0,677.3,100.0,2670,1055776,303.6058328151703,657.0,20.3,0.8647,44,6,0,0,0,0,0
Otto_instance_n=50_58_c05,Otto_instance_n=50_58,Otto,50,1000.0,c05,5,mid,mid,high,low,5042,published_results/extra_remaining_instances_2026-06-10/solutions/Otto_instance_n=50_58_c05/epsilon_trace.csv,5,epsilon,4,386,True,,False,True,0,383.0,1238.4500000000005,15,8,7,True,False,0.0,1238.45,100.0,2418,1212964,303.5727639198303,1099.0,139.45000000000002,0.6016,36,14,0,0,0,0,0
Otto_instance_n=50_58_c05,Otto_instance_n=50_58,Otto,50,1000.0,c05,5,mid,mid,high,low,5042,published_results/extra_remaining_instances_2026-06-10/solutions/Otto_instance_n=50_58_c05/epsilon_trace.csv,6,epsilon,5,382,True,,False,True,0,361.0,1425.6500000000003,16,7,9,True,False,0.0,1425.65,100.0,3527,1661591,603.3465600013733,1223.0,202.65,0.5497,35,15,0,0,0,0,0
Otto_instance_n=50_58_c05,Otto_instance_n=50_58,Otto,50,1000.0,c05,5,mid,mid,high,low,5042,published_results/extra_remaining_instances_2026-06-10/solutions/Otto_instance_n=50_58_c05/epsilon_trace.csv,7,epsilon,6,360,True,,False,True,2,356.0,927.15,12,8,4,True,False,0.0,927.15,100.0,815,975206,303.53630805015564,908.0,19.150000000000002,0.9042,40,10,0,0,0,0,0
Otto_instance_n=50_58_c05,Otto_instance_n=50_58,Otto,50,1000.0,c05,5,mid,mid,high,low,5042,published_results/extra_remaining_instances_2026-06-10/solutions/Otto_instance_n=50_58_c05/epsilon_trace.csv,8,epsilon,7,355,True,,False,True,1,352.0,864.35,11,8,4,True,False,0.0,864.35,100.0,359,483408,303.537211894989,853.0,11.350000000000001,0.9432,32,11,0,0,0,2,5
Otto_instance_n=50_58_c05,Otto_instance_n=50_58,Otto,50,1000.0,c05,5,mid,mid,high,low,5042,published_results/extra_remaining_instances_2026-06-10/solutions/Otto_instance_n=50_58_c05/epsilon_trace.csv,9,epsilon,8,351,True,,False,True,0,330.0,1274.6499999999999,12,7,6,True,False,0.0,1274.65,100.0,892,704606,303.5924549102783,1245.0,29.650000000000002,0.9012,26,17,0,0,7,0,0
Otto_instance_n=50_58_c05,Otto_instance_n=50_58,Otto,50,1000.0,c05,5,mid,mid,high,low,5042,published_results/extra_remaining_instances_2026-06-10/solutions/Otto_instance_n=50_58_c05/epsilon_trace.csv,10,epsilon,9,329,False,infeasible,,,0,,,,,,,,,,,,,,,,,,,,,,,
Otto_instance_n=50_58_c06,Otto_instance_n=50_58,Otto,50,1000.0,c06,6,mid,high,low,mid,6042,published_results/extra_remaining_instances_2026-06-10/solutions/Otto_instance_n=50_58_c06/epsilon_trace.csv,1,E0_HI_only,0,,True,,False,True,0,440.0,0.0,11,11,0,True,True,440.0,440.0,0.0,0,2607,0.3244459629058838,0.0,0.0,,50,0,0,0,0,0,0
Otto_instance_n=50_58_c06,Otto_instance_n=50_58,Otto,50,1000.0,c06,6,mid,high,low,mid,6042,published_results/extra_remaining_instances_2026-06-10/solutions/Otto_instance_n=50_58_c06/epsilon_trace.csv,2,epsilon,1,439,True,,False,True,0,432.0,857.8499999999998,17,9,8,True,False,0.0,857.85,100.0,681,446765,303.76201605796814,572.0,285.85,0.2854,40,10,0,0,0,0,0
Otto_instance_n=50_58_c06,Otto_instance_n=50_58,Otto,50,1000.0,c06,6,mid,high,low,mid,6042,published_results/extra_remaining_instances_2026-06-10/solutions/Otto_instance_n=50_58_c06/epsilon_trace.csv,3,epsilon,2,431,True,,False,True,0,428.0,952.8,16,9,8,True,False,0.0,952.8,100.0,1690,1035613,303.52735900878906,687.0,265.8,0.3355,32,12,0,0,0,4,2
Otto_instance_n=50_58_c06,Otto_instance_n=50_58,Otto,50,1000.0,c06,6,mid,high,low,mid,6042,published_results/extra_remaining_instances_2026-06-10/solutions/Otto_instance_n=50_58_c06/epsilon_trace.csv,4,epsilon,3,427,True,,False,True,2,418.0,281.5,12,10,2,True,False,0.0,281.5,100.0,3393,1730988,603.355700969696,228.0,53.5,0.465,45,5,0,0,0,0,0
Otto_instance_n=50_58_c06,Otto_instance_n=50_58,Otto,50,1000.0,c06,6,mid,high,low,mid,6042,published_results/extra_remaining_instances_2026-06-10/solutions/Otto_instance_n=50_58_c06/epsilon_trace.csv,5,epsilon,4,417,True,,False,True,0,396.0,660.0,13,9,4,True,False,0.0,660.0,100.0,3538,648041,303.47518491744995,576.0,84.0,0.58,42,8,0,0,0,0,0
Otto_instance_n=50_58_c06,Otto_instance_n=50_58,Otto,50,1000.0,c06,6,mid,high,low,mid,6042,published_results/extra_remaining_instances_2026-06-10/solutions/Otto_instance_n=50_58_c06/epsilon_trace.csv,6,epsilon,5,395,True,,False,True,0,392.0,1158.6999999999998,16,8,8,True,False,0.0,1158.7,100.0,1327,1658379,603.366730928421,949.0,209.70000000000002,0.4758,31,19,0,0,0,0,0
Otto_instance_n=50_58_c06,Otto_instance_n=50_58,Otto,50,1000.0,c06,6,mid,high,low,mid,6042,published_results/extra_remaining_instances_2026-06-10/solutions/Otto_instance_n=50_58_c06/epsilon_trace.csv,7,epsilon,6,391,True,,False,True,2,387.0,607.5000000000001,12,9,3,True,False,0.0,607.5,100.0,2468,607189,303.6737997531891,573.0,34.5,0.77,44,6,0,0,0,0,0
Otto_instance_n=50_58_c06,Otto_instance_n=50_58,Otto,50,1000.0,c06,6,mid,high,low,mid,6042,published_results/extra_remaining_instances_2026-06-10/solutions/Otto_instance_n=50_58_c06/epsilon_trace.csv,8,epsilon,7,386,True,,False,True,0,374.0,1187.4,14,8,6,True,False,0.0,1187.4,100.0,399,403299,303.64121413230896,1095.0,92.4,0.692,34,16,0,0,0,0,0
Otto_instance_n=50_58_c06,Otto_instance_n=50_58,Otto,50,1000.0,c06,6,mid,high,low,mid,6042,published_results/extra_remaining_instances_2026-06-10/solutions/Otto_instance_n=50_58_c06/epsilon_trace.csv,9,epsilon,8,373,False,infeasible,,,0,,,,,,,,,,,,,,,,,,,,,,,
Otto_instance_n=50_58_c07,Otto_instance_n=50_58,Otto,50,1000.0,c07,7,high,low,high,mid,7042,published_results/extra_remaining_instances_2026-06-10/solutions/Otto_instance_n=50_58_c07/epsilon_trace.csv,1,E0_HI_only,0,,True,,False,True,0,440.0,0.0,11,11,0,True,True,440.0,440.0,0.0,0,2607,0.24829411506652832,0.0,0.0,,50,0,0,0,0,0,0
Otto_instance_n=50_58_c07,Otto_instance_n=50_58,Otto,50,1000.0,c07,7,high,low,high,mid,7042,published_results/extra_remaining_instances_2026-06-10/solutions/Otto_instance_n=50_58_c07/epsilon_trace.csv,2,epsilon,1,439,False,infeasible,,,0,,,,,,,,,,,,,,,,,,,,,,,
Otto_instance_n=50_58_c08,Otto_instance_n=50_58,Otto,50,1000.0,c08,8,high,mid,low,high,8042,published_results/extra_remaining_instances_2026-06-10/solutions/Otto_instance_n=50_58_c08/epsilon_trace.csv,1,E0_HI_only,0,,True,,False,True,0,440.0,0.0,11,11,0,True,True,440.0,440.0,0.0,0,2607,1.382030963897705,0.0,0.0,,50,0,0,0,0,0,0
Otto_instance_n=50_58_c08,Otto_instance_n=50_58,Otto,50,1000.0,c08,8,high,mid,low,high,8042,published_results/extra_remaining_instances_2026-06-10/solutions/Otto_instance_n=50_58_c08/epsilon_trace.csv,2,epsilon,1,439,True,,False,True,0,423.0,345.2,12,10,3,True,False,0.0,345.2,100.0,3577,470084,303.6777398586273,267.0,78.2,0.4787,42,2,0,0,6,0,0
Otto_instance_n=50_58_c08,Otto_instance_n=50_58,Otto,50,1000.0,c08,8,high,mid,low,high,8042,published_results/extra_remaining_instances_2026-06-10/solutions/Otto_instance_n=50_58_c08/epsilon_trace.csv,3,epsilon,2,422,True,,False,True,0,418.0,413.6,12,10,2,True,False,0.0,413.6,100.0,1139,891922,303.6661727428436,391.0,22.6,0.774,47,3,0,0,0,0,0
Otto_instance_n=50_58_c08,Otto_instance_n=50_58,Otto,50,1000.0,c08,8,high,mid,low,high,8042,published_results/extra_remaining_instances_2026-06-10/solutions/Otto_instance_n=50_58_c08/epsilon_trace.csv,4,epsilon,3,417,True,,False,True,0,411.0,1740.6,17,8,11,True,False,0.0,1740.6,100.0,1604,743329,303.53363013267517,1519.0,221.60000000000002,0.5971,24,17,0,0,6,2,1
Otto_instance_n=50_58_c08,Otto_instance_n=50_58,Otto,50,1000.0,c08,8,high,mid,low,high,8042,published_results/extra_remaining_instances_2026-06-10/solutions/Otto_instance_n=50_58_c08/epsilon_trace.csv,5,epsilon,4,410,True,,False,True,1,410.0,899.5500000000001,14,9,6,True,False,0.0,899.55,100.0,2108,1751113,303.52197885513306,769.0,130.55,0.5648,38,7,0,0,5,0,0
Otto_instance_n=50_58_c08,Otto_instance_n=50_58,Otto,50,1000.0,c08,8,high,mid,low,high,8042,published_results/extra_remaining_instances_2026-06-10/solutions/Otto_instance_n=50_58_c08/epsilon_trace.csv,6,epsilon,5,409,True,,False,True,1,388.0,683.4000000000001,11,9,4,True,False,0.0,683.4,100.0,4652,2135734,603.3572051525116,646.0,37.4,0.813,34,3,0,0,13,0,0
Otto_instance_n=50_58_c08,Otto_instance_n=50_58,Otto,50,1000.0,c08,8,high,mid,low,high,8042,published_results/extra_remaining_instances_2026-06-10/solutions/Otto_instance_n=50_58_c08/epsilon_trace.csv,7,epsilon,6,387,True,,False,True,0,379.0,1392.8500000000001,14,8,7,True,False,0.0,1392.85,100.0,6789,1924542,603.7578930854797,1312.0,80.85000000000001,0.769,33,9,0,0,8,0,0
Otto_instance_n=50_58_c08,Otto_instance_n=50_58,Otto,50,1000.0,c08,8,high,mid,low,high,8042,published_results/extra_remaining_instances_2026-06-10/solutions/Otto_instance_n=50_58_c08/epsilon_trace.csv,8,epsilon,7,378,False,infeasible,,,0,,,,,,,,,,,,,,,,,,,,,,,
Otto_instance_n=50_58_c09,Otto_instance_n=50_58,Otto,50,1000.0,c09,9,high,high,mid,low,9042,published_results/extra_remaining_instances_2026-06-10/solutions/Otto_instance_n=50_58_c09/epsilon_trace.csv,1,E0_HI_only,0,,True,,False,True,0,440.0,0.0,11,11,0,True,True,440.0,440.0,0.0,0,2607,0.26323819160461426,0.0,0.0,,50,0,0,0,0,0,0
Otto_instance_n=50_58_c09,Otto_instance_n=50_58,Otto,50,1000.0,c09,9,high,high,mid,low,9042,published_results/extra_remaining_instances_2026-06-10/solutions/Otto_instance_n=50_58_c09/epsilon_trace.csv,2,epsilon,1,439,True,,False,True,0,427.0,433.3,13,10,3,True,False,0.0,433.3,100.0,3786,837693,303.5770471096039,355.0,78.30000000000001,0.478,45,5,0,0,0,0,0
Otto_instance_n=50_58_c09,Otto_instance_n=50_58,Otto,50,1000.0,c09,9,high,high,mid,low,9042,published_results/extra_remaining_instances_2026-06-10/solutions/Otto_instance_n=50_58_c09/epsilon_trace.csv,3,epsilon,2,426,True,,False,True,1,418.0,429.75,12,10,2,True,False,0.0,429.75,100.0,3559,391937,303.5501461029053,409.0,20.75,0.7925,48,2,0,0,0,0,0
Otto_instance_n=50_58_c09,Otto_instance_n=50_58,Otto,50,1000.0,c09,9,high,high,mid,low,9042,published_results/extra_remaining_instances_2026-06-10/solutions/Otto_instance_n=50_58_c09/epsilon_trace.csv,4,epsilon,3,417,True,,False,True,0,396.0,824.2,13,9,4,True,False,0.0,824.2,100.0,5173,2010220,603.2842011451721,790.0,34.2,0.829,41,9,0,0,0,0,0
Otto_instance_n=50_58_c09,Otto_instance_n=50_58,Otto,50,1000.0,c09,9,high,high,mid,low,9042,published_results/extra_remaining_instances_2026-06-10/solutions/Otto_instance_n=50_58_c09/epsilon_trace.csv,5,epsilon,4,395,False,infeasible,,,0,,,,,,,,,,,,,,,,,,,,,,,
Otto_instance_n=50_69_c01,Otto_instance_n=50_69,Otto,50,1000.0,c01,1,low,low,low,low,1042,published_results/extra_remaining_instances_2026-06-10/solutions/Otto_instance_n=50_69_c01/epsilon_trace.csv,1,E0_HI_only,0,,True,,False,True,0,480.0,0.0,12,12,0,True,True,480.0,480.0,0.0,0,1589,0.45220470428466797,0.0,0.0,,50,0,0,0,0,0,0
Otto_instance_n=50_69_c01,Otto_instance_n=50_69,Otto,50,1000.0,c01,1,low,low,low,low,1042,published_results/extra_remaining_instances_2026-06-10/solutions/Otto_instance_n=50_69_c01/epsilon_trace.csv,2,epsilon,1,479,True,,False,True,0,454.0,187.85000000000002,12,11,2,True,False,0.0,187.85,100.0,2824,1200049,303.70796298980713,129.0,58.85,0.4115,44,1,0,0,5,0,0
Otto_instance_n=50_69_c01,Otto_instance_n=50_69,Otto,50,1000.0,c01,1,low,low,low,low,1042,published_results/extra_remaining_instances_2026-06-10/solutions/Otto_instance_n=50_69_c01/epsilon_trace.csv,3,epsilon,2,453,False,infeasible,,,0,,,,,,,,,,,,,,,,,,,,,,,
Otto_instance_n=50_69_c02,Otto_instance_n=50_69,Otto,50,1000.0,c02,2,low,mid,mid,mid,2042,published_results/extra_remaining_instances_2026-06-10/solutions/Otto_instance_n=50_69_c02/epsilon_trace.csv,1,E0_HI_only,0,,True,,False,True,0,480.0,0.0,12,12,0,True,True,480.0,480.0,0.0,0,1589,0.3795320987701416,0.0,0.0,,50,0,0,0,0,0,0
Otto_instance_n=50_69_c02,Otto_instance_n=50_69,Otto,50,1000.0,c02,2,low,mid,mid,mid,2042,published_results/extra_remaining_instances_2026-06-10/solutions/Otto_instance_n=50_69_c02/epsilon_trace.csv,2,epsilon,1,479,False,infeasible,,,0,,,,,,,,,,,,,,,,,,,,,,,
Otto_instance_n=50_69_c03,Otto_instance_n=50_69,Otto,50,1000.0,c03,3,low,high,high,high,3042,published_results/extra_remaining_instances_2026-06-10/solutions/Otto_instance_n=50_69_c03/epsilon_trace.csv,1,E0_HI_only,0,,True,,False,True,0,480.0,0.0,12,12,0,True,True,480.0,480.0,0.0,0,1589,0.4045429229736328,0.0,0.0,,50,0,0,0,0,0,0
Otto_instance_n=50_69_c03,Otto_instance_n=50_69,Otto,50,1000.0,c03,3,low,high,high,high,3042,published_results/extra_remaining_instances_2026-06-10/solutions/Otto_instance_n=50_69_c03/epsilon_trace.csv,2,epsilon,1,479,True,,False,True,0,476.0,432.65000000000003,15,11,4,True,False,0.0,432.65,100.0,2130,744276,303.55087995529175,293.0,139.65,0.3018,44,6,0,0,0,0,0
Otto_instance_n=50_69_c03,Otto_instance_n=50_69,Otto,50,1000.0,c03,3,low,high,high,high,3042,published_results/extra_remaining_instances_2026-06-10/solutions/Otto_instance_n=50_69_c03/epsilon_trace.csv,3,epsilon,2,475,True,,False,True,0,454.0,772.0,16,10,6,True,False,0.0,772.0,100.0,2417,1271425,303.5534791946411,583.0,189.0,0.37,39,11,0,0,0,0,0
Otto_instance_n=50_69_c03,Otto_instance_n=50_69,Otto,50,1000.0,c03,3,low,high,high,high,3042,published_results/extra_remaining_instances_2026-06-10/solutions/Otto_instance_n=50_69_c03/epsilon_trace.csv,4,epsilon,3,453,True,,False,True,1,427.0,543.4499999999999,13,10,3,True,False,0.0,543.45,100.0,1708,1254449,303.95564579963684,492.0,51.45,0.657,39,11,0,0,0,0,0
Otto_instance_n=50_69_c03,Otto_instance_n=50_69,Otto,50,1000.0,c03,3,low,high,high,high,3042,published_results/extra_remaining_instances_2026-06-10/solutions/Otto_instance_n=50_69_c03/epsilon_trace.csv,5,epsilon,4,426,True,,False,True,0,423.0,908.2499999999998,16,9,7,True,False,0.0,908.25,100.0,3361,2229186,603.344092130661,699.0,209.25,0.4021,37,13,0,0,0,0,0
Otto_instance_n=50_69_c03,Otto_instance_n=50_69,Otto,50,1000.0,c03,3,low,high,high,high,3042,published_results/extra_remaining_instances_2026-06-10/solutions/Otto_instance_n=50_69_c03/epsilon_trace.csv,6,epsilon,5,422,False,infeasible,,,0,,,,,,,,,,,,,,,,,,,,,,,
Otto_instance_n=50_69_c04,Otto_instance_n=50_69,Otto,50,1000.0,c04,4,mid,low,mid,high,4042,published_results/extra_remaining_instances_2026-06-10/solutions/Otto_instance_n=50_69_c04/epsilon_trace.csv,1,E0_HI_only,0,,True,,False,True,0,480.0,0.0,12,12,0,True,True,480.0,480.0,0.0,0,1589,0.34685373306274414,0.0,0.0,,50,0,0,0,0,0,0
Otto_instance_n=50_69_c04,Otto_instance_n=50_69,Otto,50,1000.0,c04,4,mid,low,mid,high,4042,published_results/extra_remaining_instances_2026-06-10/solutions/Otto_instance_n=50_69_c04/epsilon_trace.csv,2,epsilon,1,479,True,,False,True,0,477.0,1579.0000000000002,22,9,13,True,False,0.0,1579.0,100.0,1491,1165255,303.5416839122772,1152.0,427.0,0.3431,31,19,0,0,0,0,0
Otto_instance_n=50_69_c04,Otto_instance_n=50_69,Otto,50,1000.0,c04,4,mid,low,mid,high,4042,published_results/extra_remaining_instances_2026-06-10/solutions/Otto_instance_n=50_69_c04/epsilon_trace.csv,3,epsilon,2,476,True,,False,True,0,464.0,2033.7,24,8,16,True,False,0.0,2033.7,100.0,2805,868535,303.59280610084534,1539.0,494.70000000000005,0.3816,30,20,0,0,0,0,0
Otto_instance_n=50_69_c04,Otto_instance_n=50_69,Otto,50,1000.0,c04,4,mid,low,mid,high,4042,published_results/extra_remaining_instances_2026-06-10/solutions/Otto_instance_n=50_69_c04/epsilon_trace.csv,4,epsilon,3,463,True,,False,True,2,463.0,852.45,17,10,7,True,False,0.0,852.45,100.0,2967,2309394,603.3546433448792,634.0,218.45000000000002,0.3759,39,11,0,0,0,0,0
Otto_instance_n=50_69_c04,Otto_instance_n=50_69,Otto,50,1000.0,c04,4,mid,low,mid,high,4042,published_results/extra_remaining_instances_2026-06-10/solutions/Otto_instance_n=50_69_c04/epsilon_trace.csv,5,epsilon,4,462,True,,False,True,0,437.0,1007.1,17,9,9,True,False,0.0,1007.1,100.0,2053,527928,304.4740741252899,713.0,294.1,0.3464,33,10,0,0,7,0,0
Otto_instance_n=50_69_c04,Otto_instance_n=50_69,Otto,50,1000.0,c04,4,mid,low,mid,high,4042,published_results/extra_remaining_instances_2026-06-10/solutions/Otto_instance_n=50_69_c04/epsilon_trace.csv,6,epsilon,5,436,True,,False,True,2,436.0,686.2499999999999,14,10,4,True,False,0.0,686.25,100.0,2437,1194060,303.7467110157013,617.0,69.25,0.6538,43,7,0,0,0,0,0
Otto_instance_n=50_69_c04,Otto_instance_n=50_69,Otto,50,1000.0,c04,4,mid,low,mid,high,4042,published_results/extra_remaining_instances_2026-06-10/solutions/Otto_instance_n=50_69_c04/epsilon_trace.csv,7,epsilon,6,435,True,,False,True,0,423.0,1214.5999999999997,16,9,7,True,False,0.0,1214.6,100.0,3284,1281633,303.55260396003723,1078.0,136.6,0.6097,37,13,0,0,0,0,0
Otto_instance_n=50_69_c04,Otto_instance_n=50_69,Otto,50,1000.0,c04,4,mid,low,mid,high,4042,published_results/extra_remaining_instances_2026-06-10/solutions/Otto_instance_n=50_69_c04/epsilon_trace.csv,8,epsilon,7,422,True,,False,True,0,419.0,1594.8500000000004,19,8,11,True,False,0.0,1594.85,100.0,826,553095,303.5303020477295,1304.0,290.85,0.4712,34,16,0,0,0,0,0
Otto_instance_n=50_69_c04,Otto_instance_n=50_69,Otto,50,1000.0,c04,4,mid,low,mid,high,4042,published_results/extra_remaining_instances_2026-06-10/solutions/Otto_instance_n=50_69_c04/epsilon_trace.csv,9,epsilon,8,418,False,infeasible,,,0,,,,,,,,,,,,,,,,,,,,,,,
Otto_instance_n=50_69_c05,Otto_instance_n=50_69,Otto,50,1000.0,c05,5,mid,mid,high,low,5042,published_results/extra_remaining_instances_2026-06-10/solutions/Otto_instance_n=50_69_c05/epsilon_trace.csv,1,E0_HI_only,0,,True,,False,True,0,480.0,0.0,12,12,0,True,True,480.0,480.0,0.0,0,1589,0.3423428535461426,0.0,0.0,,50,0,0,0,0,0,0
Otto_instance_n=50_69_c05,Otto_instance_n=50_69,Otto,50,1000.0,c05,5,mid,mid,high,low,5042,published_results/extra_remaining_instances_2026-06-10/solutions/Otto_instance_n=50_69_c05/epsilon_trace.csv,2,epsilon,1,479,True,,False,True,0,450.0,288.20000000000005,11,11,2,True,False,0.0,288.2,100.0,3336,335474,303.54990100860596,282.0,6.2,0.938,41,0,0,0,9,0,0
Otto_instance_n=50_69_c05,Otto_instance_n=50_69,Otto,50,1000.0,c05,5,mid,mid,high,low,5042,published_results/extra_remaining_instances_2026-06-10/solutions/Otto_instance_n=50_69_c05/epsilon_trace.csv,3,epsilon,2,449,False,infeasible,,,0,,,,,,,,,,,,,,,,,,,,,,,
Otto_instance_n=50_69_c06,Otto_instance_n=50_69,Otto,50,1000.0,c06,6,mid,high,low,mid,6042,published_results/extra_remaining_instances_2026-06-10/solutions/Otto_instance_n=50_69_c06/epsilon_trace.csv,1,E0_HI_only,0,,True,,False,True,0,480.0,0.0,12,12,0,True,True,480.0,480.0,0.0,0,1589,0.3384969234466553,0.0,0.0,,50,0,0,0,0,0,0
Otto_instance_n=50_69_c06,Otto_instance_n=50_69,Otto,50,1000.0,c06,6,mid,high,low,mid,6042,published_results/extra_remaining_instances_2026-06-10/solutions/Otto_instance_n=50_69_c06/epsilon_trace.csv,2,epsilon,1,479,True,,False,True,0,476.0,442.55,15,11,4,True,False,0.0,442.55,100.0,3674,1111874,303.5375609397888,302.0,140.55,0.2973,46,4,0,0,0,0,0
Otto_instance_n=50_69_c06,Otto_instance_n=50_69,Otto,50,1000.0,c06,6,mid,high,low,mid,6042,published_results/extra_remaining_instances_2026-06-10/solutions/Otto_instance_n=50_69_c06/epsilon_trace.csv,3,epsilon,2,475,True,,False,True,1,467.0,391.79999999999995,14,11,3,True,False,0.0,391.8,100.0,3632,1224950,303.5569407939911,304.0,87.80000000000001,0.4147,46,4,0,0,0,0,0
Otto_instance_n=50_69_c06,Otto_instance_n=50_69,Otto,50,1000.0,c06,6,mid,high,low,mid,6042,published_results/extra_remaining_instances_2026-06-10/solutions/Otto_instance_n=50_69_c06/epsilon_trace.csv,4,epsilon,3,466,True,,False,True,0,436.0,750.4000000000001,14,10,4,True,False,0.0,750.4,100.0,3369,462196,303.57708501815796,688.0,62.400000000000006,0.688,44,6,0,0,0,0,0
Otto_instance_n=50_69_c06,Otto_instance_n=50_69,Otto,50,1000.0,c06,6,mid,high,low,mid,6042,published_results/extra_remaining_instances_2026-06-10/solutions/Otto_instance_n=50_69_c06/epsilon_trace.csv,5,epsilon,4,435,True,,False,True,0,432.0,1223.1000000000001,17,9,8,True,False,0.0,1223.1,100.0,2695,1219110,303.55980110168457,1036.0,187.10000000000002,0.5323,39,11,0,0,0,0,0
Otto_instance_n=50_69_c06,Otto_instance_n=50_69,Otto,50,1000.0,c06,6,mid,high,low,mid,6042,published_results/extra_remaining_instances_2026-06-10/solutions/Otto_instance_n=50_69_c06/epsilon_trace.csv,6,epsilon,5,431,True,,False,True,2,427.0,654.0500000000001,13,10,3,True,False,0.0,654.05,100.0,3376,659523,303.5773997306824,628.0,26.05,0.8263,45,5,0,0,0,0,0
Otto_instance_n=50_69_c06,Otto_instance_n=50_69,Otto,50,1000.0,c06,6,mid,high,low,mid,6042,published_results/extra_remaining_instances_2026-06-10/solutions/Otto_instance_n=50_69_c06/epsilon_trace.csv,7,epsilon,6,426,True,,False,True,0,410.0,1623.85,18,8,10,True,False,0.0,1623.85,100.0,1230,1050476,303.5410611629486,1390.0,233.85000000000002,0.5323,31,19,0,0,0,0,0
Otto_instance_n=50_69_c06,Otto_instance_n=50_69,Otto,50,1000.0,c06,6,mid,high,low,mid,6042,published_results/extra_remaining_instances_2026-06-10/solutions/Otto_instance_n=50_69_c06/epsilon_trace.csv,8,epsilon,7,409,True,,False,True,1,405.0,1001.8000000000001,14,9,5,True,False,0.0,1001.8,100.0,3513,1756624,603.2864961624146,947.0,54.800000000000004,0.7808,40,10,0,0,0,0,0
Otto_instance_n=50_69_c06,Otto_instance_n=50_69,Otto,50,1000.0,c06,6,mid,high,low,mid,6042,published_results/extra_remaining_instances_2026-06-10/solutions/Otto_instance_n=50_69_c06/epsilon_trace.csv,9,epsilon,8,404,True,,False,True,0,401.0,1541.2500000000002,17,8,9,True,False,0.0,1541.25,100.0,2161,2156449,603.4938719272614,1361.0,180.25,0.5994,35,15,0,0,0,0,0
Otto_instance_n=50_69_c06,Otto_instance_n=50_69,Otto,50,1000.0,c06,6,mid,high,low,mid,6042,published_results/extra_remaining_instances_2026-06-10/solutions/Otto_instance_n=50_69_c06/epsilon_trace.csv,10,epsilon,9,400,True,,False,True,0,384.0,2015.25,18,7,12,True,False,0.0,2015.25,100.0,3528,1625443,603.3215489387512,1782.0,233.25,0.6112,22,20,0,0,0,4,4
Otto_instance_n=50_69_c06,Otto_instance_n=50_69,Otto,50,1000.0,c06,6,mid,high,low,mid,6042,published_results/extra_remaining_instances_2026-06-10/solutions/Otto_instance_n=50_69_c06/epsilon_trace.csv,11,epsilon,10,383,True,,False,True,2,383.0,1432.0000000000002,15,8,7,True,False,0.0,1432.0,100.0,1188,934092,303.54186391830444,1353.0,79.0,0.7743,35,15,0,0,0,0,0
Otto_instance_n=50_69_c06,Otto_instance_n=50_69,Otto,50,1000.0,c06,6,mid,high,low,mid,6042,published_results/extra_remaining_instances_2026-06-10/solutions/Otto_instance_n=50_69_c06/epsilon_trace.csv,12,epsilon,11,382,False,infeasible,,,0,,,,,,,,,,,,,,,,,,,,,,,
Otto_instance_n=50_69_c07,Otto_instance_n=50_69,Otto,50,1000.0,c07,7,high,low,high,mid,7042,published_results/extra_remaining_instances_2026-06-10/solutions/Otto_instance_n=50_69_c07/epsilon_trace.csv,1,E0_HI_only,0,,True,,False,True,0,480.0,0.0,12,12,0,True,True,480.0,480.0,0.0,0,1589,0.34798383712768555,0.0,0.0,,50,0,0,0,0,0,0
Otto_instance_n=50_69_c07,Otto_instance_n=50_69,Otto,50,1000.0,c07,7,high,low,high,mid,7042,published_results/extra_remaining_instances_2026-06-10/solutions/Otto_instance_n=50_69_c07/epsilon_trace.csv,2,epsilon,1,479,True,,False,True,0,472.0,320.40000000000003,14,11,4,True,False,0.0,320.4,100.0,1995,1082635,303.5095329284668,169.0,151.4,0.243,40,3,0,0,7,0,0
Otto_instance_n=50_69_c07,Otto_instance_n=50_69,Otto,50,1000.0,c07,7,high,low,high,mid,7042,published_results/extra_remaining_instances_2026-06-10/solutions/Otto_instance_n=50_69_c07/epsilon_trace.csv,3,epsilon,2,471,True,,False,True,0,468.0,1216.5500000000002,17,10,8,True,False,0.0,1216.55,100.0,3449,689393,303.57282519340515,1036.0,180.55,0.5486,35,10,0,0,0,4,1
Otto_instance_n=50_69_c07,Otto_instance_n=50_69,Otto,50,1000.0,c07,7,high,low,high,mid,7042,published_results/extra_remaining_instances_2026-06-10/solutions/Otto_instance_n=50_69_c07/epsilon_trace.csv,4,epsilon,3,467,True,,False,True,2,454.0,203.4,12,11,2,True,False,0.0,203.4,100.0,1011,652030,303.5271327495575,149.0,54.400000000000006,0.456,41,1,0,0,8,0,0
Otto_instance_n=50_69_c07,Otto_instance_n=50_69,Otto,50,1000.0,c07,7,high,low,high,mid,7042,published_results/extra_remaining_instances_2026-06-10/solutions/Otto_instance_n=50_69_c07/epsilon_trace.csv,5,epsilon,4,453,True,,False,True,1,445.0,128.7,11,11,1,True,False,0.0,128.7,100.0,3540,1559748,603.5735950469971,116.0,12.700000000000001,0.746,42,0,0,0,8,0,0
Otto_instance_n=50_69_c07,Otto_instance_n=50_69,Otto,50,1000.0,c07,7,high,low,high,mid,7042,published_results/extra_remaining_instances_2026-06-10/solutions/Otto_instance_n=50_69_c07/epsilon_trace.csv,6,epsilon,5,444,True,,False,True,0,428.0,386.75,12,10,4,True,False,0.0,386.75,100.0,3407,417069,303.58646607398987,270.0,116.75,0.4163,36,2,0,0,12,0,0
Otto_instance_n=50_69_c07,Otto_instance_n=50_69,Otto,50,1000.0,c07,7,high,low,high,mid,7042,published_results/extra_remaining_instances_2026-06-10/solutions/Otto_instance_n=50_69_c07/epsilon_trace.csv,7,epsilon,6,427,True,,False,True,0,414.0,392.45,11,10,2,True,False,0.0,392.45,100.0,2341,2250439,603.3145639896393,385.0,7.45,0.9255,37,3,0,0,10,0,0
Otto_instance_n=50_69_c07,Otto_instance_n=50_69,Otto,50,1000.0,c07,7,high,low,high,mid,7042,published_results/extra_remaining_instances_2026-06-10/solutions/Otto_instance_n=50_69_c07/epsilon_trace.csv,8,epsilon,7,413,False,infeasible,,,0,,,,,,,,,,,,,,,,,,,,,,,
Otto_instance_n=50_69_c08,Otto_instance_n=50_69,Otto,50,1000.0,c08,8,high,mid,low,high,8042,published_results/extra_remaining_instances_2026-06-10/solutions/Otto_instance_n=50_69_c08/epsilon_trace.csv,1,E0_HI_only,0,,True,,False,True,0,480.0,0.0,12,12,0,True,True,480.0,480.0,0.0,0,1589,0.6372110843658447,0.0,0.0,,50,0,0,0,0,0,0
Otto_instance_n=50_69_c08,Otto_instance_n=50_69,Otto,50,1000.0,c08,8,high,mid,low,high,8042,published_results/extra_remaining_instances_2026-06-10/solutions/Otto_instance_n=50_69_c08/epsilon_trace.csv,2,epsilon,1,479,True,,False,True,0,467.0,565.0500000000001,14,11,3,True,False,0.0,565.05,100.0,2004,759849,303.58119916915894,511.0,54.050000000000004,0.6397,44,6,0,0,0,0,0
Otto_instance_n=50_69_c08,Otto_instance_n=50_69,Otto,50,1000.0,c08,8,high,mid,low,high,8042,published_results/extra_remaining_instances_2026-06-10/solutions/Otto_instance_n=50_69_c08/epsilon_trace.csv,3,epsilon,2,466,True,,False,True,0,459.0,1032.2,16,10,7,True,False,0.0,1032.2,100.0,402,627713,303.4974648952484,872.0,160.20000000000002,0.5423,33,10,0,0,7,0,0
Otto_instance_n=50_69_c08,Otto_instance_n=50_69,Otto,50,1000.0,c08,8,high,mid,low,high,8042,published_results/extra_remaining_instances_2026-06-10/solutions/Otto_instance_n=50_69_c08/epsilon_trace.csv,4,epsilon,3,458,True,,False,True,1,446.0,861.25,14,10,6,True,False,0.0,861.25,100.0,3242,1446372,304.0366840362549,753.0,108.25,0.6392,34,7,0,0,9,0,0
Otto_instance_n=50_69_c08,Otto_instance_n=50_69,Otto,50,1000.0,c08,8,high,mid,low,high,8042,published_results/extra_remaining_instances_2026-06-10/solutions/Otto_instance_n=50_69_c08/epsilon_trace.csv,5,epsilon,4,445,True,,False,True,1,437.0,804.6,13,10,5,True,False,0.0,804.6,100.0,2814,1295902,303.51361179351807,737.0,67.60000000000001,0.7296,34,5,0,0,11,0,0
Otto_instance_n=50_69_c08,Otto_instance_n=50_69,Otto,50,1000.0,c08,8,high,mid,low,high,8042,published_results/extra_remaining_instances_2026-06-10/solutions/Otto_instance_n=50_69_c08/epsilon_trace.csv,6,epsilon,5,436,True,,False,True,0,432.0,854.4000000000001,13,10,4,True,False,0.0,854.4,100.0,3348,1209859,603.2821288108826,842.0,12.4,0.938,37,8,0,0,5,0,0
Otto_instance_n=50_69_c08,Otto_instance_n=50_69,Otto,50,1000.0,c08,8,high,mid,low,high,8042,published_results/extra_remaining_instances_2026-06-10/solutions/Otto_instance_n=50_69_c08/epsilon_trace.csv,7,epsilon,6,431,False,infeasible,,,0,,,,,,,,,,,,,,,,,,,,,,,
Otto_instance_n=50_69_c09,Otto_instance_n=50_69,Otto,50,1000.0,c09,9,high,high,mid,low,9042,published_results/extra_remaining_instances_2026-06-10/solutions/Otto_instance_n=50_69_c09/epsilon_trace.csv,1,E0_HI_only,0,,True,,False,True,0,480.0,0.0,12,12,0,True,True,480.0,480.0,0.0,0,1589,0.3493061065673828,0.0,0.0,,50,0,0,0,0,0,0
Otto_instance_n=50_69_c09,Otto_instance_n=50_69,Otto,50,1000.0,c09,9,high,high,mid,low,9042,published_results/extra_remaining_instances_2026-06-10/solutions/Otto_instance_n=50_69_c09/epsilon_trace.csv,2,epsilon,1,479,True,,False,True,0,463.0,511.2,13,11,3,True,False,0.0,511.2,100.0,1162,472244,303.5571870803833,486.0,25.200000000000003,0.832,41,3,0,0,0,4,2
Otto_instance_n=50_69_c09,Otto_instance_n=50_69,Otto,50,1000.0,c09,9,high,high,mid,low,9042,published_results/extra_remaining_instances_2026-06-10/solutions/Otto_instance_n=50_69_c09/epsilon_trace.csv,3,epsilon,2,462,True,,False,True,0,454.0,1242.1000000000001,16,10,6,True,False,0.0,1242.1,100.0,3445,639288,303.5162298679352,1171.0,71.10000000000001,0.763,39,11,0,0,0,0,0
Otto_instance_n=50_69_c09,Otto_instance_n=50_69,Otto,50,1000.0,c09,9,high,high,mid,low,9042,published_results/extra_remaining_instances_2026-06-10/solutions/Otto_instance_n=50_69_c09/epsilon_trace.csv,4,epsilon,3,453,True,,False,True,1,450.0,1184.9,15,10,6,True,False,0.0,1184.9,100.0,3378,1415506,303.44689989089966,1138.0,46.900000000000006,0.8437,32,11,0,0,7,0,0
Otto_instance_n=50_69_c09,Otto_instance_n=50_69,Otto,50,1000.0,c09,9,high,high,mid,low,9042,published_results/extra_remaining_instances_2026-06-10/solutions/Otto_instance_n=50_69_c09/epsilon_trace.csv,5,epsilon,4,449,True,,False,True,1,441.0,967.0500000000001,14,10,5,True,False,0.0,967.05,100.0,3378,453928,303.4932379722595,933.0,34.050000000000004,0.8638,36,8,0,0,0,4,2
Otto_instance_n=50_69_c09,Otto_instance_n=50_69,Otto,50,1000.0,c09,9,high,high,mid,low,9042,published_results/extra_remaining_instances_2026-06-10/solutions/Otto_instance_n=50_69_c09/epsilon_trace.csv,6,epsilon,5,440,True,,False,True,0,423.0,1696.0500000000002,16,9,7,True,False,0.0,1696.05,100.0,2061,1048018,303.536563873291,1674.0,22.05,0.937,36,14,0,0,0,0,0
Otto_instance_n=50_69_c09,Otto_instance_n=50_69,Otto,50,1000.0,c09,9,high,high,mid,low,9042,published_results/extra_remaining_instances_2026-06-10/solutions/Otto_instance_n=50_69_c09/epsilon_trace.csv,7,epsilon,6,422,True,,False,True,0,419.0,2344.5,19,8,11,True,False,0.0,2344.5,100.0,1204,1239934,603.5883388519287,2230.0,114.5,0.7918,30,20,0,0,0,0,0
Otto_instance_n=50_69_c09,Otto_instance_n=50_69,Otto,50,1000.0,c09,9,high,high,mid,low,9042,published_results/extra_remaining_instances_2026-06-10/solutions/Otto_instance_n=50_69_c09/epsilon_trace.csv,8,epsilon,7,418,False,infeasible,,,0,,,,,,,,,,,,,,,,,,,,,,,
Scholl_BOWMAN8_c01,Scholl_BOWMAN8,Scholl,8,20.0,c01,1,low,low,low,low,1042,published_results/extra_remaining_instances_2026-06-10/solutions/Scholl_BOWMAN8_c01/epsilon_trace.csv,1,E0_HI_only,0,,True,,False,True,0,200.0,0.0,5,5,0,True,True,200.0,200.0,0.0,0,0,0.015549898147583008,0.0,0.0,,8,0,0,0,0,0,0
Scholl_BOWMAN8_c01,Scholl_BOWMAN8,Scholl,8,20.0,c01,1,low,low,low,low,1042,published_results/extra_remaining_instances_2026-06-10/solutions/Scholl_BOWMAN8_c01/epsilon_trace.csv,2,epsilon,1,199,True,,False,True,0,165.0,2.45,4,4,1,True,True,2.45,2.45,0.0,321,8042,0.21151375770568848,2.0,0.45,0.55,6,0,0,0,2,0,0
Scholl_BOWMAN8_c01,Scholl_BOWMAN8,Scholl,8,20.0,c01,1,low,low,low,low,1042,published_results/extra_remaining_instances_2026-06-10/solutions/Scholl_BOWMAN8_c01/epsilon_trace.csv,3,epsilon,2,164,True,,False,True,0,125.0,3.25,3,3,1,True,True,3.25,3.25,0.0,234,5604,0.2087841033935547,3.0,0.25,0.75,5,0,0,0,3,0,0
Scholl_BOWMAN8_c01,Scholl_BOWMAN8,Scholl,8,20.0,c01,1,low,low,low,low,1042,published_results/extra_remaining_instances_2026-06-10/solutions/Scholl_BOWMAN8_c01/epsilon_trace.csv,4,epsilon,3,124,True,,False,True,0,90.0,7.3,2,2,2,True,True,7.3,7.3,0.0,0,1074,0.29212117195129395,7.0,0.30000000000000004,0.85,0,0,0,0,4,2,2
Scholl_BOWMAN8_c01,Scholl_BOWMAN8,Scholl,8,20.0,c01,1,low,low,low,low,1042,published_results/extra_remaining_instances_2026-06-10/solutions/Scholl_BOWMAN8_c01/epsilon_trace.csv,5,epsilon,4,89,True,,False,True,0,63.0,14.55,3,1,3,True,True,14.55,14.55,0.0,0,905,0.19883179664611816,14.0,0.55,0.8167,0,4,0,0,4,0,0
Scholl_BOWMAN8_c01,Scholl_BOWMAN8,Scholl,8,20.0,c01,1,low,low,low,low,1042,published_results/extra_remaining_instances_2026-06-10/solutions/Scholl_BOWMAN8_c01/epsilon_trace.csv,6,epsilon,5,62,True,,False,True,0,45.0,25.1,5,0,5,True,True,25.1,25.1,0.0,0,464,0.09714317321777344,24.0,1.1,0.78,0,8,0,0,0,0,0
Scholl_BOWMAN8_c01,Scholl_BOWMAN8,Scholl,8,20.0,c01,1,low,low,low,low,1042,published_results/extra_remaining_instances_2026-06-10/solutions/Scholl_BOWMAN8_c01/epsilon_trace.csv,7,epsilon,6,44,False,infeasible,,,0,,,,,,,,,,,,,,,,,,,,,,,
Scholl_BOWMAN8_c02,Scholl_BOWMAN8,Scholl,8,20.0,c02,2,low,mid,mid,mid,2042,published_results/extra_remaining_instances_2026-06-10/solutions/Scholl_BOWMAN8_c02/epsilon_trace.csv,1,E0_HI_only,0,,True,,False,True,0,200.0,0.0,5,5,0,True,True,200.0,200.0,0.0,0,0,0.011283159255981445,0.0,0.0,,8,0,0,0,0,0,0
Scholl_BOWMAN8_c02,Scholl_BOWMAN8,Scholl,8,20.0,c02,2,low,mid,mid,mid,2042,published_results/extra_remaining_instances_2026-06-10/solutions/Scholl_BOWMAN8_c02/epsilon_trace.csv,2,epsilon,1,199,True,,False,True,0,165.0,3.15,4,4,1,True,True,3.15,3.15,0.0,500,9116,0.19370794296264648,3.0,0.15000000000000002,0.85,6,0,0,0,2,0,0
Scholl_BOWMAN8_c02,Scholl_BOWMAN8,Scholl,8,20.0,c02,2,low,mid,mid,mid,2042,published_results/extra_remaining_instances_2026-06-10/solutions/Scholl_BOWMAN8_c02/epsilon_trace.csv,3,epsilon,2,164,True,,False,True,0,134.0,7.550000000000001,4,3,2,True,True,7.55,7.55,0.0,491,11644,0.20961260795593262,7.0,0.55,0.725,5,1,0,0,2,0,0
Scholl_BOWMAN8_c02,Scholl_BOWMAN8,Scholl,8,20.0,c02,2,low,mid,mid,mid,2042,published_results/extra_remaining_instances_2026-06-10/solutions/Scholl_BOWMAN8_c02/epsilon_trace.csv,4,epsilon,3,133,True,,False,True,0,130.0,8.15,3,3,2,True,True,8.15,8.15,0.0,0,1323,0.2698040008544922,8.0,0.15000000000000002,0.925,3,0,0,0,5,0,0
Scholl_BOWMAN8_c02,Scholl_BOWMAN8,Scholl,8,20.0,c02,2,low,mid,mid,mid,2042,published_results/extra_remaining_instances_2026-06-10/solutions/Scholl_BOWMAN8_c02/epsilon_trace.csv,5,epsilon,4,129,True,,False,True,0,103.0,12.700000000000001,4,2,3,True,True,12.7,12.7,0.0,0,1482,0.2525150775909424,12.0,0.7000000000000001,0.7667,3,3,0,0,2,0,0
Scholl_BOWMAN8_c02,Scholl_BOWMAN8,Scholl,8,20.0,c02,2,low,mid,mid,mid,2042,published_results/extra_remaining_instances_2026-06-10/solutions/Scholl_BOWMAN8_c02/epsilon_trace.csv,6,epsilon,5,102,True,,False,True,0,99.0,14.2,3,2,3,True,True,14.2,14.2,0.0,0,1563,0.2694361209869385,14.0,0.2,0.9333,0,3,0,0,5,0,0
Scholl_BOWMAN8_c02,Scholl_BOWMAN8,Scholl,8,20.0,c02,2,low,mid,mid,mid,2042,published_results/extra_remaining_instances_2026-06-10/solutions/Scholl_BOWMAN8_c02/epsilon_trace.csv,7,epsilon,6,98,True,,False,True,0,76.0,18.15,5,1,4,True,True,18.15,18.15,0.0,0,904,0.19428777694702148,17.0,1.1500000000000001,0.7125,3,5,0,0,0,0,0
Scholl_BOWMAN8_c02,Scholl_BOWMAN8,Scholl,8,20.0,c02,2,low,mid,mid,mid,2042,published_results/extra_remaining_instances_2026-06-10/solutions/Scholl_BOWMAN8_c02/epsilon_trace.csv,8,epsilon,7,75,True,,False,True,0,72.0,19.6,4,1,4,True,True,19.6,19.6,0.0,0,965,0.2002699375152588,19.0,0.6000000000000001,0.85,0,5,0,0,3,0,0
Scholl_BOWMAN8_c02,Scholl_BOWMAN8,Scholl,8,20.0,c02,2,low,mid,mid,mid,2042,published_results/extra_remaining_instances_2026-06-10/solutions/Scholl_BOWMAN8_c02/epsilon_trace.csv,9,epsilon,8,71,True,,False,True,0,45.0,25.05,5,0,5,True,True,25.05,25.05,0.0,0,413,0.1260521411895752,24.0,1.05,0.79,0,8,0,0,0,0,0
Scholl_BOWMAN8_c02,Scholl_BOWMAN8,Scholl,8,20.0,c02,2,low,mid,mid,mid,2042,published_results/extra_remaining_instances_2026-06-10/solutions/Scholl_BOWMAN8_c02/epsilon_trace.csv,10,epsilon,9,44,False,infeasible,,,0,,,,,,,,,,,,,,,,,,,,,,,
Scholl_BOWMAN8_c03,Scholl_BOWMAN8,Scholl,8,20.0,c03,3,low,high,high,high,3042,published_results/extra_remaining_instances_2026-06-10/solutions/Scholl_BOWMAN8_c03/epsilon_trace.csv,1,E0_HI_only,0,,True,,False,True,0,200.0,0.0,5,5,0,True,True,200.0,200.0,0.0,0,0,0.01070713996887207,0.0,0.0,,8,0,0,0,0,0,0
Scholl_BOWMAN8_c03,Scholl_BOWMAN8,Scholl,8,20.0,c03,3,low,high,high,high,3042,published_results/extra_remaining_instances_2026-06-10/solutions/Scholl_BOWMAN8_c03/epsilon_trace.csv,2,epsilon,1,199,True,,False,True,0,169.0,3.45,5,4,1,True,True,3.45,3.45,0.0,0,272,0.11277508735656738,3.0,0.45,0.55,7,1,0,0,0,0,0
Scholl_BOWMAN8_c03,Scholl_BOWMAN8,Scholl,8,20.0,c03,3,low,high,high,high,3042,published_results/extra_remaining_instances_2026-06-10/solutions/Scholl_BOWMAN8_c03/epsilon_trace.csv,3,epsilon,2,168,True,,False,True,0,138.0,6.95,5,3,2,True,True,6.95,6.95,0.0,0,966,0.19048380851745605,6.0,0.9500000000000001,0.525,6,2,0,0,0,0,0
Scholl_BOWMAN8_c03,Scholl_BOWMAN8,Scholl,8,20.0,c03,3,low,high,high,high,3042,published_results/extra_remaining_instances_2026-06-10/solutions/Scholl_BOWMAN8_c03/epsilon_trace.csv,4,epsilon,3,137,True,,False,True,0,107.0,12.149999999999999,5,2,3,True,True,12.15,12.15,0.0,0,1081,0.18833184242248535,11.0,1.1500000000000001,0.6167,5,3,0,0,0,0,0
Scholl_BOWMAN8_c03,Scholl_BOWMAN8,Scholl,8,20.0,c03,3,low,high,high,high,3042,published_results/extra_remaining_instances_2026-06-10/solutions/Scholl_BOWMAN8_c03/epsilon_trace.csv,5,epsilon,4,106,True,,False,True,0,76.0,18.2,5,1,4,True,True,18.2,18.2,0.0,0,1072,0.18975400924682617,17.0,1.2000000000000002,0.7,3,5,0,0,0,0,0
Scholl_BOWMAN8_c03,Scholl_BOWMAN8,Scholl,8,20.0,c03,3,low,high,high,high,3042,published_results/extra_remaining_instances_2026-06-10/solutions/Scholl_BOWMAN8_c03/epsilon_trace.csv,6,epsilon,5,75,True,,False,True,0,45.0,25.2,5,0,5,True,True,25.2,25.2,0.0,0,387,0.10158085823059082,24.0,1.2000000000000002,0.76,0,8,0,0,0,0,0
Scholl_BOWMAN8_c03,Scholl_BOWMAN8,Scholl,8,20.0,c03,3,low,high,high,high,3042,published_results/extra_remaining_instances_2026-06-10/solutions/Scholl_BOWMAN8_c03/epsilon_trace.csv,7,epsilon,6,44,False,infeasible,,,0,,,,,,,,,,,,,,,,,,,,,,,
Scholl_BOWMAN8_c04,Scholl_BOWMAN8,Scholl,8,20.0,c04,4,mid,low,mid,high,4042,published_results/extra_remaining_instances_2026-06-10/solutions/Scholl_BOWMAN8_c04/epsilon_trace.csv,1,E0_HI_only,0,,True,,False,True,0,200.0,0.0,5,5,0,True,True,200.0,200.0,0.0,0,0,0.011175870895385742,0.0,0.0,,8,0,0,0,0,0,0
Scholl_BOWMAN8_c04,Scholl_BOWMAN8,Scholl,8,20.0,c04,4,mid,low,mid,high,4042,published_results/extra_remaining_instances_2026-06-10/solutions/Scholl_BOWMAN8_c04/epsilon_trace.csv,2,epsilon,1,199,True,,False,True,0,165.0,2.45,4,4,1,True,True,2.45,2.45,0.0,421,12332,0.20433783531188965,2.0,0.45,0.55,6,0,0,0,2,0,0
Scholl_BOWMAN8_c04,Scholl_BOWMAN8,Scholl,8,20.0,c04,4,mid,low,mid,high,4042,published_results/extra_remaining_instances_2026-06-10/solutions/Scholl_BOWMAN8_c04/epsilon_trace.csv,3,epsilon,2,164,True,,False,True,0,125.0,3.25,3,3,1,True,True,3.25,3.25,0.0,170,4220,0.1905961036682129,3.0,0.25,0.75,5,0,0,0,3,0,0
Scholl_BOWMAN8_c04,Scholl_BOWMAN8,Scholl,8,20.0,c04,4,mid,low,mid,high,4042,published_results/extra_remaining_instances_2026-06-10/solutions/Scholl_BOWMAN8_c04/epsilon_trace.csv,4,epsilon,3,124,True,,False,True,0,94.0,8.200000000000001,3,2,2,True,True,8.2,8.2,0.0,0,1434,0.1922459602355957,8.0,0.2,0.9,3,1,0,0,4,0,0
Scholl_BOWMAN8_c04,Scholl_BOWMAN8,Scholl,8,20.0,c04,4,mid,low,mid,high,4042,published_results/extra_remaining_instances_2026-06-10/solutions/Scholl_BOWMAN8_c04/epsilon_trace.csv,5,epsilon,4,93,True,,False,True,0,90.0,8.3,2,2,2,True,True,8.3,8.3,0.0,0,641,0.13318872451782227,8.0,0.30000000000000004,0.85,0,0,0,0,8,0,0
Scholl_BOWMAN8_c04,Scholl_BOWMAN8,Scholl,8,20.0,c04,4,mid,low,mid,high,4042,published_results/extra_remaining_instances_2026-06-10/solutions/Scholl_BOWMAN8_c04/epsilon_trace.csv,6,epsilon,5,89,True,,False,True,0,63.0,17.1,3,1,3,True,True,17.1,17.1,0.0,0,571,0.1317751407623291,17.0,0.1,0.9667,0,4,0,0,4,0,0
Scholl_BOWMAN8_c04,Scholl_BOWMAN8,Scholl,8,20.0,c04,4,mid,low,mid,high,4042,published_results/extra_remaining_instances_2026-06-10/solutions/Scholl_BOWMAN8_c04/epsilon_trace.csv,7,epsilon,6,62,False,infeasible,,,0,,,,,,,,,,,,,,,,,,,,,,,
Scholl_BOWMAN8_c05,Scholl_BOWMAN8,Scholl,8,20.0,c05,5,mid,mid,high,low,5042,published_results/extra_remaining_instances_2026-06-10/solutions/Scholl_BOWMAN8_c05/epsilon_trace.csv,1,E0_HI_only,0,,True,,False,True,0,200.0,0.0,5,5,0,True,True,200.0,200.0,0.0,0,0,0.0109100341796875,0.0,0.0,,8,0,0,0,0,0,0
Scholl_BOWMAN8_c05,Scholl_BOWMAN8,Scholl,8,20.0,c05,5,mid,mid,high,low,5042,published_results/extra_remaining_instances_2026-06-10/solutions/Scholl_BOWMAN8_c05/epsilon_trace.csv,2,epsilon,1,199,True,,False,True,0,165.0,4.05,4,4,1,True,True,4.05,4.05,0.0,545,11833,0.2012479305267334,4.0,0.05,0.95,6,0,0,0,2,0,0
Scholl_BOWMAN8_c05,Scholl_BOWMAN8,Scholl,8,20.0,c05,5,mid,mid,high,low,5042,published_results/extra_remaining_instances_2026-06-10/solutions/Scholl_BOWMAN8_c05/epsilon_trace.csv,3,epsilon,2,164,True,,False,True,0,130.0,8.100000000000001,3,3,2,True,True,8.1,8.1,0.0,498,12130,0.2013850212097168,8.0,0.1,0.95,3,0,0,0,5,0,0
Scholl_BOWMAN8_c05,Scholl_BOWMAN8,Scholl,8,20.0,c05,5,mid,mid,high,low,5042,published_results/extra_remaining_instances_2026-06-10/solutions/Scholl_BOWMAN8_c05/epsilon_trace.csv,4,epsilon,3,129,True,,False,True,0,108.0,15.8,4,2,4,True,True,15.8,15.8,0.0,0,1308,0.24333596229553223,15.0,0.8,0.8,0,3,0,0,2,2,1
Scholl_BOWMAN8_c05,Scholl_BOWMAN8,Scholl,8,20.0,c05,5,mid,mid,high,low,5042,published_results/extra_remaining_instances_2026-06-10/solutions/Scholl_BOWMAN8_c05/epsilon_trace.csv,5,epsilon,4,107,True,,False,True,0,81.0,24.45,5,1,5,True,True,24.45,24.45,0.0,0,982,0.18906927108764648,24.0,0.45,0.91,0,6,0,0,2,0,0
Scholl_BOWMAN8_c05,Scholl_BOWMAN8,Scholl,8,20.0,c05,5,mid,mid,high,low,5042,published_results/extra_remaining_instances_2026-06-10/solutions/Scholl_BOWMAN8_c05/epsilon_trace.csv,6,epsilon,5,80,False,infeasible,,,0,,,,,,,,,,,,,,,,,,,,,,,
Scholl_BOWMAN8_c06,Scholl_BOWMAN8,Scholl,8,20.0,c06,6,mid,high,low,mid,6042,published_results/extra_remaining_instances_2026-06-10/solutions/Scholl_BOWMAN8_c06/epsilon_trace.csv,1,E0_HI_only,0,,True,,False,True,0,200.0,0.0,5,5,0,True,True,200.0,200.0,0.0,0,0,0.011087179183959961,0.0,0.0,,8,0,0,0,0,0,0
Scholl_BOWMAN8_c06,Scholl_BOWMAN8,Scholl,8,20.0,c06,6,mid,high,low,mid,6042,published_results/extra_remaining_instances_2026-06-10/solutions/Scholl_BOWMAN8_c06/epsilon_trace.csv,2,epsilon,1,199,True,,False,True,0,169.0,4.15,5,4,1,True,True,4.15,4.15,0.0,0,83,0.08812808990478516,4.0,0.15000000000000002,0.85,7,1,0,0,0,0,0
Scholl_BOWMAN8_c06,Scholl_BOWMAN8,Scholl,8,20.0,c06,6,mid,high,low,mid,6042,published_results/extra_remaining_instances_2026-06-10/solutions/Scholl_BOWMAN8_c06/epsilon_trace.csv,3,epsilon,2,168,True,,False,True,0,138.0,8.5,5,3,2,True,True,8.5,8.5,0.0,0,971,0.16808819770812988,8.0,0.5,0.75,6,2,0,0,0,0,0
Scholl_BOWMAN8_c06,Scholl_BOWMAN8,Scholl,8,20.0,c06,6,mid,high,low,mid,6042,published_results/extra_remaining_instances_2026-06-10/solutions/Scholl_BOWMAN8_c06/epsilon_trace.csv,4,epsilon,3,137,True,,False,True,0,116.0,16.400000000000002,6,2,4,True,True,16.4,16.4,0.0,0,974,0.17244195938110352,15.0,1.4000000000000001,0.65,4,4,0,0,0,0,0
Scholl_BOWMAN8_c06,Scholl_BOWMAN8,Scholl,8,20.0,c06,6,mid,high,low,mid,6042,published_results/extra_remaining_instances_2026-06-10/solutions/Scholl_BOWMAN8_c06/epsilon_trace.csv,5,epsilon,4,115,True,,False,True,0,112.0,17.0,5,2,4,True,True,17.0,17.0,0.0,0,1058,0.17771005630493164,16.0,1.0,0.75,1,4,0,0,0,2,1
Scholl_BOWMAN8_c06,Scholl_BOWMAN8,Scholl,8,20.0,c06,6,mid,high,low,mid,6042,published_results/extra_remaining_instances_2026-06-10/solutions/Scholl_BOWMAN8_c06/epsilon_trace.csv,6,epsilon,5,111,True,,False,True,0,107.0,17.25,5,2,3,True,True,17.25,17.25,0.0,0,1088,0.19917964935302734,17.0,0.25,0.9167,3,5,0,0,0,0,0
Scholl_BOWMAN8_c06,Scholl_BOWMAN8,Scholl,8,20.0,c06,6,mid,high,low,mid,6042,published_results/extra_remaining_instances_2026-06-10/solutions/Scholl_BOWMAN8_c06/epsilon_trace.csv,7,epsilon,6,106,True,,False,True,0,85.0,24.95,6,1,5,True,True,24.95,24.95,0.0,0,179,0.0739142894744873,24.0,0.9500000000000001,0.81,1,7,0,0,0,0,0
Scholl_BOWMAN8_c06,Scholl_BOWMAN8,Scholl,8,20.0,c06,6,mid,high,low,mid,6042,published_results/extra_remaining_instances_2026-06-10/solutions/Scholl_BOWMAN8_c06/epsilon_trace.csv,8,epsilon,7,84,False,infeasible,,,0,,,,,,,,,,,,,,,,,,,,,,,
Scholl_BOWMAN8_c07,Scholl_BOWMAN8,Scholl,8,20.0,c07,7,high,low,high,mid,7042,published_results/extra_remaining_instances_2026-06-10/solutions/Scholl_BOWMAN8_c07/epsilon_trace.csv,1,E0_HI_only,0,,True,,False,True,0,200.0,0.0,5,5,0,True,True,200.0,200.0,0.0,0,0,0.01073002815246582,0.0,0.0,,8,0,0,0,0,0,0
Scholl_BOWMAN8_c07,Scholl_BOWMAN8,Scholl,8,20.0,c07,7,high,low,high,mid,7042,published_results/extra_remaining_instances_2026-06-10/solutions/Scholl_BOWMAN8_c07/epsilon_trace.csv,2,epsilon,1,199,True,,False,True,0,165.0,3.4,4,4,1,True,True,3.4,3.4,0.0,0,269,0.12201333045959473,3.0,0.4,0.6,6,0,0,0,2,0,0
Scholl_BOWMAN8_c07,Scholl_BOWMAN8,Scholl,8,20.0,c07,7,high,low,high,mid,7042,published_results/extra_remaining_instances_2026-06-10/solutions/Scholl_BOWMAN8_c07/epsilon_trace.csv,3,epsilon,2,164,True,,False,True,0,125.0,4.25,3,3,1,True,True,4.25,4.25,0.0,0,254,0.1129159927368164,4.0,0.25,0.75,5,0,0,0,3,0,0
Scholl_BOWMAN8_c07,Scholl_BOWMAN8,Scholl,8,20.0,c07,7,high,low,high,mid,7042,published_results/extra_remaining_instances_2026-06-10/solutions/Scholl_BOWMAN8_c07/epsilon_trace.csv,4,epsilon,3,124,True,,False,True,0,90.0,9.4,2,2,2,True,True,9.4,9.4,0.0,0,761,0.10480165481567383,9.0,0.4,0.8,0,0,0,0,8,0,0
Scholl_BOWMAN8_c07,Scholl_BOWMAN8,Scholl,8,20.0,c07,7,high,low,high,mid,7042,published_results/extra_remaining_instances_2026-06-10/solutions/Scholl_BOWMAN8_c07/epsilon_trace.csv,5,epsilon,4,89,False,infeasible,,,0,,,,,,,,,,,,,,,,,,,,,,,
Scholl_BOWMAN8_c08,Scholl_BOWMAN8,Scholl,8,20.0,c08,8,high,mid,low,high,8042,published_results/extra_remaining_instances_2026-06-10/solutions/Scholl_BOWMAN8_c08/epsilon_trace.csv,1,E0_HI_only,0,,True,,False,True,0,200.0,0.0,5,5,0,True,True,200.0,200.0,0.0,0,0,0.012331724166870117,0.0,0.0,,8,0,0,0,0,0,0
Scholl_BOWMAN8_c08,Scholl_BOWMAN8,Scholl,8,20.0,c08,8,high,mid,low,high,8042,published_results/extra_remaining_instances_2026-06-10/solutions/Scholl_BOWMAN8_c08/epsilon_trace.csv,2,epsilon,1,199,True,,False,True,0,165.0,3.15,4,4,1,True,True,3.15,3.15,0.0,92,1538,0.16785287857055664,3.0,0.15000000000000002,0.85,6,0,0,0,2,0,0
Scholl_BOWMAN8_c08,Scholl_BOWMAN8,Scholl,8,20.0,c08,8,high,mid,low,high,8042,published_results/extra_remaining_instances_2026-06-10/solutions/Scholl_BOWMAN8_c08/epsilon_trace.csv,3,epsilon,2,164,True,,False,True,0,130.0,8.2,3,3,2,True,True,8.2,8.2,0.0,317,6403,0.1303718090057373,8.0,0.2,0.9,3,0,0,0,5,0,0
Scholl_BOWMAN8_c08,Scholl_BOWMAN8,Scholl,8,20.0,c08,8,high,mid,low,high,8042,published_results/extra_remaining_instances_2026-06-10/solutions/Scholl_BOWMAN8_c08/epsilon_trace.csv,4,epsilon,3,129,False,infeasible,,,0,,,,,,,,,,,,,,,,,,,,,,,
Scholl_BOWMAN8_c09,Scholl_BOWMAN8,Scholl,8,20.0,c09,9,high,high,mid,low,9042,published_results/extra_remaining_instances_2026-06-10/solutions/Scholl_BOWMAN8_c09/epsilon_trace.csv,1,E0_HI_only,0,,True,,False,True,0,200.0,0.0,5,5,0,True,True,200.0,200.0,0.0,0,0,0.011493921279907227,0.0,0.0,,8,0,0,0,0,0,0
Scholl_BOWMAN8_c09,Scholl_BOWMAN8,Scholl,8,20.0,c09,9,high,high,mid,low,9042,published_results/extra_remaining_instances_2026-06-10/solutions/Scholl_BOWMAN8_c09/epsilon_trace.csv,2,epsilon,1,199,True,,False,True,0,169.0,5.05,5,4,1,True,True,5.05,5.05,0.0,0,118,0.08889603614807129,5.0,0.05,0.95,7,1,0,0,0,0,0
Scholl_BOWMAN8_c09,Scholl_BOWMAN8,Scholl,8,20.0,c09,9,high,high,mid,low,9042,published_results/extra_remaining_instances_2026-06-10/solutions/Scholl_BOWMAN8_c09/epsilon_trace.csv,3,epsilon,2,168,True,,False,True,0,157.0,20.95,6,3,5,True,True,20.95,20.95,0.0,0,62,0.07244992256164551,20.0,0.9500000000000001,0.81,1,3,0,0,4,0,0
Scholl_BOWMAN8_c09,Scholl_BOWMAN8,Scholl,8,20.0,c09,9,high,high,mid,low,9042,published_results/extra_remaining_instances_2026-06-10/solutions/Scholl_BOWMAN8_c09/epsilon_trace.csv,4,epsilon,3,156,False,infeasible,,,0,,,,,,,,,,,,,,,,,,,,,,,
Scholl_HESKIA_c01,Scholl_HESKIA,Scholl,28,236.0,c01,1,low,low,low,low,1042,published_results/extra_remaining_instances_2026-06-10/solutions/Scholl_HESKIA_c01/epsilon_trace.csv,1,E0_HI_only,0,,True,,False,True,0,200.0,0.0,5,5,0,True,True,200.0,200.0,0.0,0,1872,0.07325196266174316,0.0,0.0,,28,0,0,0,0,0,0
Scholl_HESKIA_c01,Scholl_HESKIA,Scholl,28,236.0,c01,1,low,low,low,low,1042,published_results/extra_remaining_instances_2026-06-10/solutions/Scholl_HESKIA_c01/epsilon_trace.csv,2,epsilon,1,199,True,,False,True,0,165.0,19.95,4,4,1,True,False,12.5,19.95,37.3434,44631,2544216,300.7700529098511,13.0,6.95,0.411,21,0,0,0,0,4,3
Scholl_HESKIA_c01,Scholl_HESKIA,Scholl,28,236.0,c01,1,low,low,low,low,1042,published_results/extra_remaining_instances_2026-06-10/solutions/Scholl_HESKIA_c01/epsilon_trace.csv,3,epsilon,2,164,True,,False,True,0,125.0,37.1,3,3,1,True,False,21.2,37.1,42.8571,29423,2045814,301.98967385292053,36.0,1.1,0.9068,18,0,0,0,10,0,0
Scholl_HESKIA_c01,Scholl_HESKIA,Scholl,28,236.0,c01,1,low,low,low,low,1042,published_results/extra_remaining_instances_2026-06-10/solutions/Scholl_HESKIA_c01/epsilon_trace.csv,4,epsilon,3,124,True,,False,True,0,90.0,80.45,2,2,2,True,False,29.223120087,80.45,63.6754,22408,3164299,300.72423100471497,77.0,3.45,0.8538,0,0,0,0,28,0,0
Scholl_HESKIA_c01,Scholl_HESKIA,Scholl,28,236.0,c01,1,low,low,low,low,1042,published_results/extra_remaining_instances_2026-06-10/solutions/Scholl_HESKIA_c01/epsilon_trace.csv,5,epsilon,4,89,True,,False,True,0,63.0,155.45,3,1,3,True,False,132.23593244,155.45,14.9335,120588,6399865,300.7168529033661,152.0,3.45,0.9025,0,12,0,0,16,0,0
Scholl_HESKIA_c01,Scholl_HESKIA,Scholl,28,236.0,c01,1,low,low,low,low,1042,published_results/extra_remaining_instances_2026-06-10/solutions/Scholl_HESKIA_c01/epsilon_trace.csv,6,epsilon,5,62,True,,False,True,0,45.0,282.7,5,0,5,True,True,282.7,282.7,0.0,1132,82900,3.5631978511810303,275.0,7.7,0.8695,0,28,0,0,0,0,0
Scholl_HESKIA_c01,Scholl_HESKIA,Scholl,28,236.0,c01,1,low,low,low,low,1042,published_results/extra_remaining_instances_2026-06-10/solutions/Scholl_HESKIA_c01/epsilon_trace.csv,7,epsilon,6,44,False,infeasible,,,0,,,,,,,,,,,,,,,,,,,,,,,
Scholl_HESKIA_c02,Scholl_HESKIA,Scholl,28,236.0,c02,2,low,mid,mid,mid,2042,published_results/extra_remaining_instances_2026-06-10/solutions/Scholl_HESKIA_c02/epsilon_trace.csv,1,E0_HI_only,0,,True,,False,True,0,200.0,0.0,5,5,0,True,True,200.0,200.0,0.0,0,1872,0.07567882537841797,0.0,0.0,,28,0,0,0,0,0,0
Scholl_HESKIA_c02,Scholl_HESKIA,Scholl,28,236.0,c02,2,low,mid,mid,mid,2042,published_results/extra_remaining_instances_2026-06-10/solutions/Scholl_HESKIA_c02/epsilon_trace.csv,2,epsilon,1,199,True,,False,True,0,165.0,24.15,4,4,1,True,False,12.6,24.15,47.8261,27438,2246196,300.87010192871094,20.0,4.15,0.6483,20,0,0,0,0,6,2
Scholl_HESKIA_c02,Scholl_HESKIA,Scholl,28,236.0,c02,2,low,mid,mid,mid,2042,published_results/extra_remaining_instances_2026-06-10/solutions/Scholl_HESKIA_c02/epsilon_trace.csv,3,epsilon,2,164,True,,False,True,0,134.0,76.60000000000001,4,3,2,True,False,13.561680031,76.6,82.2955,18684,2473293,300.745041847229,72.0,4.6000000000000005,0.8051,13,5,0,0,0,6,4
Scholl_HESKIA_c02,Scholl_HESKIA,Scholl,28,236.0,c02,2,low,mid,mid,mid,2042,published_results/extra_remaining_instances_2026-06-10/solutions/Scholl_HESKIA_c02/epsilon_trace.csv,4,epsilon,3,133,True,,False,True,0,103.0,144.95,4,2,3,True,False,27.574197481,144.95,80.9768,42883,3623506,300.73745679855347,141.0,3.95,0.8884,12,6,0,0,0,6,4
Scholl_HESKIA_c02,Scholl_HESKIA,Scholl,28,236.0,c02,2,low,mid,mid,mid,2042,published_results/extra_remaining_instances_2026-06-10/solutions/Scholl_HESKIA_c02/epsilon_trace.csv,5,epsilon,4,102,True,,False,True,0,72.0,211.6,4,1,4,True,False,86.134615385,211.6,59.2937,69806,3894848,300.71192502975464,208.0,3.6,0.9237,0,15,0,0,0,10,3
Scholl_HESKIA_c02,Scholl_HESKIA,Scholl,28,236.0,c02,2,low,mid,mid,mid,2042,published_results/extra_remaining_instances_2026-06-10/solutions/Scholl_HESKIA_c02/epsilon_trace.csv,6,epsilon,5,71,True,,False,True,0,45.0,298.5,5,0,5,True,True,298.5,298.5,0.0,18910,1061181,28.28970694541931,291.0,7.5,0.8729,0,28,0,0,0,0,0
Scholl_HESKIA_c02,Scholl_HESKIA,Scholl,28,236.0,c02,2,low,mid,mid,mid,2042,published_results/extra_remaining_instances_2026-06-10/solutions/Scholl_HESKIA_c02/epsilon_trace.csv,7,epsilon,6,44,False,infeasible,,,0,,,,,,,,,,,,,,,,,,,,,,,
Scholl_HESKIA_c03,Scholl_HESKIA,Scholl,28,236.0,c03,3,low,high,high,high,3042,published_results/extra_remaining_instances_2026-06-10/solutions/Scholl_HESKIA_c03/epsilon_trace.csv,1,E0_HI_only,0,,True,,False,True,0,200.0,0.0,5,5,0,True,True,200.0,200.0,0.0,0,1872,0.07599472999572754,0.0,0.0,,28,0,0,0,0,0,0
Scholl_HESKIA_c03,Scholl_HESKIA,Scholl,28,236.0,c03,3,low,high,high,high,3042,published_results/extra_remaining_instances_2026-06-10/solutions/Scholl_HESKIA_c03/epsilon_trace.csv,2,epsilon,1,199,True,,False,True,0,165.0,26.75,4,4,1,True,False,12.45,26.75,53.4579,22959,3028692,300.7390949726105,24.0,2.75,0.7669,19,0,0,0,0,6,3
Scholl_HESKIA_c03,Scholl_HESKIA,Scholl,28,236.0,c03,3,low,high,high,high,3042,published_results/extra_remaining_instances_2026-06-10/solutions/Scholl_HESKIA_c03/epsilon_trace.csv,3,epsilon,2,164,True,,False,True,0,134.0,82.0,4,3,2,True,False,12.523536585,82.0,84.7274,19206,1671972,301.6616327762604,79.0,3.0,0.8729,16,3,0,0,0,4,5
Scholl_HESKIA_c03,Scholl_HESKIA,Scholl,28,236.0,c03,3,low,high,high,high,3042,published_results/extra_remaining_instances_2026-06-10/solutions/Scholl_HESKIA_c03/epsilon_trace.csv,4,epsilon,3,133,True,,False,True,0,103.0,142.1,4,2,3,True,False,26.672004303,142.1,81.2301,30170,4251444,300.72341084480286,139.0,3.1,0.9124,6,10,0,0,0,8,4
Scholl_HESKIA_c03,Scholl_HESKIA,Scholl,28,236.0,c03,3,low,high,high,high,3042,published_results/extra_remaining_instances_2026-06-10/solutions/Scholl_HESKIA_c03/epsilon_trace.csv,5,epsilon,4,102,True,,False,True,0,72.0,201.70000000000002,4,1,4,True,False,82.25,201.7,59.2216,65936,6897671,300.7197103500366,199.0,2.7,0.9428,0,14,0,0,0,10,4
Scholl_HESKIA_c03,Scholl_HESKIA,Scholl,28,236.0,c03,3,low,high,high,high,3042,published_results/extra_remaining_instances_2026-06-10/solutions/Scholl_HESKIA_c03/epsilon_trace.csv,6,epsilon,5,71,True,,False,True,0,45.0,276.15000000000003,5,0,5,True,True,276.15,276.15,0.0,12059,1055207,26.800766944885254,267.0,9.15,0.8449,0,28,0,0,0,0,0
Scholl_HESKIA_c03,Scholl_HESKIA,Scholl,28,236.0,c03,3,low,high,high,high,3042,published_results/extra_remaining_instances_2026-06-10/solutions/Scholl_HESKIA_c03/epsilon_trace.csv,7,epsilon,6,44,False,infeasible,,,0,,,,,,,,,,,,,,,,,,,,,,,
Scholl_HESKIA_c04,Scholl_HESKIA,Scholl,28,236.0,c04,4,mid,low,mid,high,4042,published_results/extra_remaining_instances_2026-06-10/solutions/Scholl_HESKIA_c04/epsilon_trace.csv,1,E0_HI_only,0,,True,,False,True,0,200.0,0.0,5,5,0,True,True,200.0,200.0,0.0,0,1872,0.07366394996643066,0.0,0.0,,28,0,0,0,0,0,0
Scholl_HESKIA_c04,Scholl_HESKIA,Scholl,28,236.0,c04,4,mid,low,mid,high,4042,published_results/extra_remaining_instances_2026-06-10/solutions/Scholl_HESKIA_c04/epsilon_trace.csv,2,epsilon,1,199,True,,False,True,0,165.0,26.5,4,4,1,True,False,12.536322832,26.5,52.6931,40289,3079247,300.76954889297485,21.0,5.5,0.5339,22,0,0,0,6,0,0
Scholl_HESKIA_c04,Scholl_HESKIA,Scholl,28,236.0,c04,4,mid,low,mid,high,4042,published_results/extra_remaining_instances_2026-06-10/solutions/Scholl_HESKIA_c04/epsilon_trace.csv,3,epsilon,2,164,True,,False,True,0,125.0,37.9,3,3,1,True,True,37.9,37.9,0.0,16859,2432290,232.77935314178467,37.0,0.9,0.9237,17,0,0,0,11,0,0
Scholl_HESKIA_c04,Scholl_HESKIA,Scholl,28,236.0,c04,4,mid,low,mid,high,4042,published_results/extra_remaining_instances_2026-06-10/solutions/Scholl_HESKIA_c04/epsilon_trace.csv,4,epsilon,3,124,True,,False,True,0,90.0,81.15,2,2,2,True,True,81.15,81.15,0.0,14390,2220762,144.8122968673706,78.0,3.1500000000000004,0.8665,0,0,0,0,28,0,0
Scholl_HESKIA_c04,Scholl_HESKIA,Scholl,28,236.0,c04,4,mid,low,mid,high,4042,published_results/extra_remaining_instances_2026-06-10/solutions/Scholl_HESKIA_c04/epsilon_trace.csv,5,epsilon,4,89,True,,False,True,0,72.0,199.05,4,1,4,True,True,199.05,199.05,0.0,13777,1191534,47.96115708351135,193.0,6.050000000000001,0.8718,0,12,0,0,16,0,0
Scholl_HESKIA_c04,Scholl_HESKIA,Scholl,28,236.0,c04,4,mid,low,mid,high,4042,published_results/extra_remaining_instances_2026-06-10/solutions/Scholl_HESKIA_c04/epsilon_trace.csv,6,epsilon,5,71,True,,False,True,0,63.0,410.75,7,0,7,True,True,410.75,410.75,0.0,0,3426,3.1263890266418457,403.0,7.75,0.9062,0,28,0,0,0,0,0
Scholl_HESKIA_c04,Scholl_HESKIA,Scholl,28,236.0,c04,4,mid,low,mid,high,4042,published_results/extra_remaining_instances_2026-06-10/solutions/Scholl_HESKIA_c04/epsilon_trace.csv,7,epsilon,6,62,False,infeasible,,,0,,,,,,,,,,,,,,,,,,,,,,,
Scholl_HESKIA_c05,Scholl_HESKIA,Scholl,28,236.0,c05,5,mid,mid,high,low,5042,published_results/extra_remaining_instances_2026-06-10/solutions/Scholl_HESKIA_c05/epsilon_trace.csv,1,E0_HI_only,0,,True,,False,True,0,200.0,0.0,5,5,0,True,True,200.0,200.0,0.0,0,1872,0.07410693168640137,0.0,0.0,,28,0,0,0,0,0,0
Scholl_HESKIA_c05,Scholl_HESKIA,Scholl,28,236.0,c05,5,mid,mid,high,low,5042,published_results/extra_remaining_instances_2026-06-10/solutions/Scholl_HESKIA_c05/epsilon_trace.csv,2,epsilon,1,199,True,,False,True,0,165.0,23.3,4,4,1,True,False,12.4,23.3,46.7811,39475,2808211,300.72947120666504,19.0,4.3,0.6356,20,0,0,0,0,7,1
Scholl_HESKIA_c05,Scholl_HESKIA,Scholl,28,236.0,c05,5,mid,mid,high,low,5042,published_results/extra_remaining_instances_2026-06-10/solutions/Scholl_HESKIA_c05/epsilon_trace.csv,3,epsilon,2,164,True,,False,True,0,135.0,86.35,3,3,3,True,False,12.5,86.35,85.524,15177,1711651,300.78918504714966,77.0,9.35,0.7359,0,0,0,0,8,16,4
Scholl_HESKIA_c05,Scholl_HESKIA,Scholl,28,236.0,c05,5,mid,mid,high,low,5042,published_results/extra_remaining_instances_2026-06-10/solutions/Scholl_HESKIA_c05/epsilon_trace.csv,4,epsilon,3,134,True,,False,True,0,134.0,90.85,4,3,2,True,False,13.918991539,90.85,84.6792,24934,1986357,300.7293701171875,90.0,0.8500000000000001,0.964,15,3,0,0,0,6,4
Scholl_HESKIA_c05,Scholl_HESKIA,Scholl,28,236.0,c05,5,mid,mid,high,low,5042,published_results/extra_remaining_instances_2026-06-10/solutions/Scholl_HESKIA_c05/epsilon_trace.csv,5,epsilon,4,133,True,,False,True,0,108.0,158.55,4,2,4,True,False,25.100900235,158.55,84.1685,68845,3961023,300.73027300834656,153.0,5.550000000000001,0.8824,0,6,0,0,0,15,7
Scholl_HESKIA_c05,Scholl_HESKIA,Scholl,28,236.0,c05,5,mid,mid,high,low,5042,published_results/extra_remaining_instances_2026-06-10/solutions/Scholl_HESKIA_c05/epsilon_trace.csv,6,epsilon,5,107,True,,False,True,0,81.0,266.40000000000003,5,1,5,True,False,82.625508783,266.4,68.9844,85760,7078404,300.72352170944214,265.0,1.4000000000000001,0.9763,0,14,0,0,0,10,4
Scholl_HESKIA_c05,Scholl_HESKIA,Scholl,28,236.0,c05,5,mid,mid,high,low,5042,published_results/extra_remaining_instances_2026-06-10/solutions/Scholl_HESKIA_c05/epsilon_trace.csv,7,epsilon,6,80,True,,False,True,0,63.0,395.4,7,0,7,True,True,395.4,395.4,0.0,28840,2444770,72.88000392913818,386.0,9.4,0.8862,0,28,0,0,0,0,0
Scholl_HESKIA_c05,Scholl_HESKIA,Scholl,28,236.0,c05,5,mid,mid,high,low,5042,published_results/extra_remaining_instances_2026-06-10/solutions/Scholl_HESKIA_c05/epsilon_trace.csv,8,epsilon,7,62,False,infeasible,,,0,,,,,,,,,,,,,,,,,,,,,,,
Scholl_HESKIA_c06,Scholl_HESKIA,Scholl,28,236.0,c06,6,mid,high,low,mid,6042,published_results/extra_remaining_instances_2026-06-10/solutions/Scholl_HESKIA_c06/epsilon_trace.csv,1,E0_HI_only,0,,True,,False,True,0,200.0,0.0,5,5,0,True,True,200.0,200.0,0.0,0,1872,0.07383418083190918,0.0,0.0,,28,0,0,0,0,0,0
Scholl_HESKIA_c06,Scholl_HESKIA,Scholl,28,236.0,c06,6,mid,high,low,mid,6042,published_results/extra_remaining_instances_2026-06-10/solutions/Scholl_HESKIA_c06/epsilon_trace.csv,2,epsilon,1,199,True,,False,True,0,165.0,25.75,4,4,1,True,False,12.55,25.75,51.2621,35613,1195559,300.742657661438,22.0,3.75,0.6822,22,0,0,0,0,4,2
Scholl_HESKIA_c06,Scholl_HESKIA,Scholl,28,236.0,c06,6,mid,high,low,mid,6042,published_results/extra_remaining_instances_2026-06-10/solutions/Scholl_HESKIA_c06/epsilon_trace.csv,3,epsilon,2,164,True,,False,True,0,138.0,106.39999999999999,5,3,2,True,False,25.15,106.4,76.3628,28555,2207471,302.79643201828003,104.0,2.4000000000000004,0.8983,20,8,0,0,0,0,0
Scholl_HESKIA_c06,Scholl_HESKIA,Scholl,28,236.0,c06,6,mid,high,low,mid,6042,published_results/extra_remaining_instances_2026-06-10/solutions/Scholl_HESKIA_c06/epsilon_trace.csv,4,epsilon,3,137,True,,False,True,0,116.0,195.8,6,2,4,True,False,15.794444444,195.8,91.9334,20784,2166485,300.7855637073517,187.0,8.8,0.8136,18,10,0,0,0,0,0
Scholl_HESKIA_c06,Scholl_HESKIA,Scholl,28,236.0,c06,6,mid,high,low,mid,6042,published_results/extra_remaining_instances_2026-06-10/solutions/Scholl_HESKIA_c06/epsilon_trace.csv,5,epsilon,4,115,True,,False,True,1,108.0,183.55,4,2,4,True,False,49.7375,183.55,72.9025,20055,3370194,300.70035791397095,182.0,1.55,0.9672,0,7,0,0,0,13,8
Scholl_HESKIA_c06,Scholl_HESKIA,Scholl,28,236.0,c06,6,mid,high,low,mid,6042,published_results/extra_remaining_instances_2026-06-10/solutions/Scholl_HESKIA_c06/epsilon_trace.csv,6,epsilon,5,107,True,,False,True,0,81.0,275.6,5,1,5,True,False,95.35,275.6,65.4028,45279,3869825,300.78615498542786,275.0,0.6000000000000001,0.9898,0,14,0,0,0,10,4
Scholl_HESKIA_c06,Scholl_HESKIA,Scholl,28,236.0,c06,6,mid,high,low,mid,6042,published_results/extra_remaining_instances_2026-06-10/solutions/Scholl_HESKIA_c06/epsilon_trace.csv,7,epsilon,6,80,True,,False,True,0,63.0,385.25,7,0,7,True,True,385.25,385.25,0.0,6397,680992,29.09325909614563,374.0,11.25,0.8638,0,28,0,0,0,0,0
Scholl_HESKIA_c06,Scholl_HESKIA,Scholl,28,236.0,c06,6,mid,high,low,mid,6042,published_results/extra_remaining_instances_2026-06-10/solutions/Scholl_HESKIA_c06/epsilon_trace.csv,8,epsilon,7,62,False,infeasible,,,0,,,,,,,,,,,,,,,,,,,,,,,
Scholl_HESKIA_c07,Scholl_HESKIA,Scholl,28,236.0,c07,7,high,low,high,mid,7042,published_results/extra_remaining_instances_2026-06-10/solutions/Scholl_HESKIA_c07/epsilon_trace.csv,1,E0_HI_only,0,,True,,False,True,0,200.0,0.0,5,5,0,True,True,200.0,200.0,0.0,0,1872,0.07349777221679688,0.0,0.0,,28,0,0,0,0,0,0
Scholl_HESKIA_c07,Scholl_HESKIA,Scholl,28,236.0,c07,7,high,low,high,mid,7042,published_results/extra_remaining_instances_2026-06-10/solutions/Scholl_HESKIA_c07/epsilon_trace.csv,2,epsilon,1,199,True,,False,True,0,165.0,24.9,4,4,1,True,False,12.5,24.9,49.7992,78406,2869329,300.7155730724335,19.0,5.9,0.5,23,0,0,0,5,0,0
Scholl_HESKIA_c07,Scholl_HESKIA,Scholl,28,236.0,c07,7,high,low,high,mid,7042,published_results/extra_remaining_instances_2026-06-10/solutions/Scholl_HESKIA_c07/epsilon_trace.csv,3,epsilon,2,164,True,,False,True,0,125.0,36.9,3,3,1,True,True,36.9,36.9,0.0,10166,1323916,200.22353410720825,36.0,0.9,0.9237,20,0,0,0,8,0,0
Scholl_HESKIA_c07,Scholl_HESKIA,Scholl,28,236.0,c07,7,high,low,high,mid,7042,published_results/extra_remaining_instances_2026-06-10/solutions/Scholl_HESKIA_c07/epsilon_trace.csv,4,epsilon,3,124,True,,False,True,0,90.0,80.10000000000001,2,2,2,True,True,80.1,80.1,0.0,16967,1781998,152.99996423721313,77.0,3.1,0.8686,0,0,0,0,28,0,0
Scholl_HESKIA_c07,Scholl_HESKIA,Scholl,28,236.0,c07,7,high,low,high,mid,7042,published_results/extra_remaining_instances_2026-06-10/solutions/Scholl_HESKIA_c07/epsilon_trace.csv,5,epsilon,4,89,True,,False,True,0,81.0,279.1,5,1,5,True,True,279.1,279.1,0.0,245,50611,4.555369138717651,275.0,4.1000000000000005,0.9305,0,14,0,0,14,0,0
Scholl_HESKIA_c07,Scholl_HESKIA,Scholl,28,236.0,c07,7,high,low,high,mid,7042,published_results/extra_remaining_instances_2026-06-10/solutions/Scholl_HESKIA_c07/epsilon_trace.csv,6,epsilon,5,80,False,infeasible,,,0,,,,,,,,,,,,,,,,,,,,,,,
Scholl_HESKIA_c08,Scholl_HESKIA,Scholl,28,236.0,c08,8,high,mid,low,high,8042,published_results/extra_remaining_instances_2026-06-10/solutions/Scholl_HESKIA_c08/epsilon_trace.csv,1,E0_HI_only,0,,True,,False,True,0,200.0,0.0,5,5,0,True,True,200.0,200.0,0.0,0,1872,0.07371902465820312,0.0,0.0,,28,0,0,0,0,0,0
Scholl_HESKIA_c08,Scholl_HESKIA,Scholl,28,236.0,c08,8,high,mid,low,high,8042,published_results/extra_remaining_instances_2026-06-10/solutions/Scholl_HESKIA_c08/epsilon_trace.csv,2,epsilon,1,199,True,,False,True,0,165.0,32.2,4,4,1,True,False,12.45,32.2,61.3354,49242,2432477,303.13912320137024,30.0,2.2,0.8136,23,0,0,0,5,0,0
Scholl_HESKIA_c08,Scholl_HESKIA,Scholl,28,236.0,c08,8,high,mid,low,high,8042,published_results/extra_remaining_instances_2026-06-10/solutions/Scholl_HESKIA_c08/epsilon_trace.csv,3,epsilon,2,164,True,,False,True,0,157.0,162.79999999999998,6,3,5,True,False,0.0,162.8,100.0,0,5358,339.02743697166443,133.0,29.8,0.4949,6,3,10,1,8,0,0
Scholl_HESKIA_c08,Scholl_HESKIA,Scholl,28,236.0,c08,8,high,mid,low,high,8042,published_results/extra_remaining_instances_2026-06-10/solutions/Scholl_HESKIA_c08/epsilon_trace.csv,4,epsilon,3,156,True,,False,True,1,139.0,107.1,4,3,3,True,False,32.156410256,107.1,69.9753,23263,3600993,300.731556892395,100.0,7.1000000000000005,0.7994,9,3,0,0,16,0,0
Scholl_HESKIA_c08,Scholl_HESKIA,Scholl,28,236.0,c08,8,high,mid,low,high,8042,published_results/extra_remaining_instances_2026-06-10/solutions/Scholl_HESKIA_c08/epsilon_trace.csv,5,epsilon,4,138,True,,False,True,0,135.0,113.35000000000001,3,3,3,True,False,65.809762675,113.35,41.9411,27909,4526495,300.7255048751831,111.0,2.35,0.9336,0,0,0,0,28,0,0
Scholl_HESKIA_c08,Scholl_HESKIA,Scholl,28,236.0,c08,8,high,mid,low,high,8042,published_results/extra_remaining_instances_2026-06-10/solutions/Scholl_HESKIA_c08/epsilon_trace.csv,6,epsilon,5,134,True,,False,True,0,117.0,228.85000000000002,5,2,5,True,False,81.143403032,228.85,64.543,28930,4784761,300.72442865371704,221.0,7.8500000000000005,0.8669,0,9,0,0,19,0,0
Scholl_HESKIA_c08,Scholl_HESKIA,Scholl,28,236.0,c08,8,high,mid,low,high,8042,published_results/extra_remaining_instances_2026-06-10/solutions/Scholl_HESKIA_c08/epsilon_trace.csv,7,epsilon,6,116,True,,False,True,0,99.0,391.40000000000003,7,1,7,True,False,111.39222017,391.4,71.5401,35155,6374894,300.71582889556885,387.0,4.4,0.9467,0,20,0,0,8,0,0
Scholl_HESKIA_c08,Scholl_HESKIA,Scholl,28,236.0,c08,8,high,mid,low,high,8042,published_results/extra_remaining_instances_2026-06-10/solutions/Scholl_HESKIA_c08/epsilon_trace.csv,8,epsilon,7,98,True,,False,True,0,90.0,584.9999999999999,10,0,10,True,True,585.0,585.0,0.0,2521,348214,12.00554084777832,574.0,11.0,0.9068,0,28,0,0,0,0,0
Scholl_HESKIA_c08,Scholl_HESKIA,Scholl,28,236.0,c08,8,high,mid,low,high,8042,published_results/extra_remaining_instances_2026-06-10/solutions/Scholl_HESKIA_c08/epsilon_trace.csv,9,epsilon,8,89,False,infeasible,,,0,,,,,,,,,,,,,,,,,,,,,,,
Scholl_HESKIA_c09,Scholl_HESKIA,Scholl,28,236.0,c09,9,high,high,mid,low,9042,published_results/extra_remaining_instances_2026-06-10/solutions/Scholl_HESKIA_c09/epsilon_trace.csv,1,E0_HI_only,0,,True,,False,True,0,200.0,0.0,5,5,0,True,True,200.0,200.0,0.0,0,1872,0.07386898994445801,0.0,0.0,,28,0,0,0,0,0,0
Scholl_HESKIA_c09,Scholl_HESKIA,Scholl,28,236.0,c09,9,high,high,mid,low,9042,published_results/extra_remaining_instances_2026-06-10/solutions/Scholl_HESKIA_c09/epsilon_trace.csv,2,epsilon,1,199,True,,False,True,0,165.0,24.8,4,4,1,True,False,12.4,24.8,50.0,31604,3400573,300.7166361808777,22.0,2.8000000000000003,0.7627,23,0,0,0,0,4,1
Scholl_HESKIA_c09,Scholl_HESKIA,Scholl,28,236.0,c09,9,high,high,mid,low,9042,published_results/extra_remaining_instances_2026-06-10/solutions/Scholl_HESKIA_c09/epsilon_trace.csv,3,epsilon,2,164,True,,False,True,0,144.0,128.2,4,3,4,True,False,18.919625855,128.2,85.2421,37641,3317771,300.7369661331177,117.0,11.200000000000001,0.7627,0,1,0,0,0,23,4
Scholl_HESKIA_c09,Scholl_HESKIA,Scholl,28,236.0,c09,9,high,high,mid,low,9042,published_results/extra_remaining_instances_2026-06-10/solutions/Scholl_HESKIA_c09/epsilon_trace.csv,4,epsilon,3,143,True,,False,True,1,139.0,122.55,4,3,3,True,False,40.05,122.55,67.3195,64725,3710840,300.7410819530487,121.0,1.55,0.9562,6,2,0,0,0,15,5
Scholl_HESKIA_c09,Scholl_HESKIA,Scholl,28,236.0,c09,9,high,high,mid,low,9042,published_results/extra_remaining_instances_2026-06-10/solutions/Scholl_HESKIA_c09/epsilon_trace.csv,5,epsilon,4,138,True,,False,True,0,126.0,256.70000000000005,6,2,6,True,False,49.585976821,256.7,80.6833,62850,3887115,300.73044896125793,244.0,12.700000000000001,0.8206,0,9,0,0,0,14,5
Scholl_HESKIA_c09,Scholl_HESKIA,Scholl,28,236.0,c09,9,high,high,mid,low,9042,published_results/extra_remaining_instances_2026-06-10/solutions/Scholl_HESKIA_c09/epsilon_trace.csv,6,epsilon,5,125,True,,False,True,0,121.0,273.6,6,2,5,True,False,86.914886384,273.6,68.2329,35927,3583135,300.71308875083923,271.0,2.6,0.9559,9,12,0,0,0,5,2
Scholl_HESKIA_c09,Scholl_HESKIA,Scholl,28,236.0,c09,9,high,high,mid,low,9042,published_results/extra_remaining_instances_2026-06-10/solutions/Scholl_HESKIA_c09/epsilon_trace.csv,7,epsilon,6,120,True,,False,True,0,108.0,418.4,8,1,8,True,False,90.042097264,418.4,78.4794,66218,6949638,300.71242094039917,405.0,13.4,0.8581,0,17,0,0,0,9,2
Scholl_HESKIA_c09,Scholl_HESKIA,Scholl,28,236.0,c09,9,high,high,mid,low,9042,published_results/extra_remaining_instances_2026-06-10/solutions/Scholl_HESKIA_c09/epsilon_trace.csv,8,epsilon,7,107,True,,False,True,1,99.0,415.45000000000005,7,1,7,True,False,298.5,415.45,28.1502,71403,3495313,302.06008195877075,414.0,1.4500000000000002,0.9824,0,20,0,0,0,5,3
Scholl_HESKIA_c09,Scholl_HESKIA,Scholl,28,236.0,c09,9,high,high,mid,low,9042,published_results/extra_remaining_instances_2026-06-10/solutions/Scholl_HESKIA_c09/epsilon_trace.csv,9,epsilon,8,98,False,infeasible,,,0,,,,,,,,,,,,,,,,,,,,,,,
Scholl_JACKSON_c01,Scholl_JACKSON,Scholl,11,11.0,c01,1,low,low,low,low,1042,published_results/extra_remaining_instances_2026-06-10/solutions/Scholl_JACKSON_c01/epsilon_trace.csv,1,E0_HI_only,0,,True,,False,True,0,200.0,0.0,5,5,0,True,True,200.0,200.0,0.0,0,125,0.015004158020019531,0.0,0.0,,11,0,0,0,0,0,0
Scholl_JACKSON_c01,Scholl_JACKSON,Scholl,11,11.0,c01,1,low,low,low,low,1042,published_results/extra_remaining_instances_2026-06-10/solutions/Scholl_JACKSON_c01/epsilon_trace.csv,2,epsilon,1,199,True,,False,True,0,165.0,1.25,4,4,1,True,True,1.25,1.25,0.0,185,10576,0.5519840717315674,1.0,0.25,0.5455,8,0,0,0,0,2,1
Scholl_JACKSON_c01,Scholl_JACKSON,Scholl,11,11.0,c01,1,low,low,low,low,1042,published_results/extra_remaining_instances_2026-06-10/solutions/Scholl_JACKSON_c01/epsilon_trace.csv,3,epsilon,2,164,True,,False,True,0,125.0,5.0,3,3,1,True,True,5.0,5.0,0.0,3856,100119,1.6086149215698242,5.0,0.0,1.0,6,0,0,0,5,0,0
Scholl_JACKSON_c01,Scholl_JACKSON,Scholl,11,11.0,c01,1,low,low,low,low,1042,published_results/extra_remaining_instances_2026-06-10/solutions/Scholl_JACKSON_c01/epsilon_trace.csv,4,epsilon,3,124,True,,False,True,0,103.0,8.5,4,2,3,True,True,8.5,8.5,0.0,4849,96253,1.7110249996185303,8.0,0.5,0.697,4,3,0,0,4,0,0
Scholl_JACKSON_c01,Scholl_JACKSON,Scholl,11,11.0,c01,1,low,low,low,low,1042,published_results/extra_remaining_instances_2026-06-10/solutions/Scholl_JACKSON_c01/epsilon_trace.csv,5,epsilon,4,102,True,,False,True,0,94.0,9.0,3,2,2,True,True,9.0,9.0,0.0,0,3458,0.844653844833374,9.0,0.0,1.0,4,2,0,0,5,0,0
Scholl_JACKSON_c01,Scholl_JACKSON,Scholl,11,11.0,c01,1,low,low,low,low,1042,published_results/extra_remaining_instances_2026-06-10/solutions/Scholl_JACKSON_c01/epsilon_trace.csv,6,epsilon,5,93,True,,False,True,0,90.0,11.0,2,2,2,True,True,11.0,11.0,0.0,0,3982,0.8430700302124023,11.0,0.0,1.0,0,0,0,0,11,0,0
Scholl_JACKSON_c01,Scholl_JACKSON,Scholl,11,11.0,c01,1,low,low,low,low,1042,published_results/extra_remaining_instances_2026-06-10/solutions/Scholl_JACKSON_c01/epsilon_trace.csv,7,epsilon,6,89,True,,False,True,0,76.0,13.200000000000001,5,1,4,True,True,13.2,13.2,0.0,1009,49771,1.393784761428833,13.0,0.2,0.9091,3,8,0,0,0,0,0
Scholl_JACKSON_c01,Scholl_JACKSON,Scholl,11,11.0,c01,1,low,low,low,low,1042,published_results/extra_remaining_instances_2026-06-10/solutions/Scholl_JACKSON_c01/epsilon_trace.csv,8,epsilon,7,75,True,,False,True,0,72.0,13.400000000000002,4,1,4,True,True,13.4,13.4,0.0,0,2242,0.5359311103820801,13.0,0.4,0.8182,0,6,0,0,5,0,0
Scholl_JACKSON_c01,Scholl_JACKSON,Scholl,11,11.0,c01,1,low,low,low,low,1042,published_results/extra_remaining_instances_2026-06-10/solutions/Scholl_JACKSON_c01/epsilon_trace.csv,9,epsilon,8,71,True,,False,True,0,45.0,18.200000000000003,5,0,5,True,True,18.2,18.2,0.0,0,1729,0.40403103828430176,18.0,0.2,0.9273,0,11,0,0,0,0,0
Scholl_JACKSON_c01,Scholl_JACKSON,Scholl,11,11.0,c01,1,low,low,low,low,1042,published_results/extra_remaining_instances_2026-06-10/solutions/Scholl_JACKSON_c01/epsilon_trace.csv,10,epsilon,9,44,False,infeasible,,,0,,,,,,,,,,,,,,,,,,,,,,,
Scholl_JACKSON_c02,Scholl_JACKSON,Scholl,11,11.0,c02,2,low,mid,mid,mid,2042,published_results/extra_remaining_instances_2026-06-10/solutions/Scholl_JACKSON_c02/epsilon_trace.csv,1,E0_HI_only,0,,True,,False,True,0,200.0,0.0,5,5,0,True,True,200.0,200.0,0.0,0,125,0.014268875122070312,0.0,0.0,,11,0,0,0,0,0,0
Scholl_JACKSON_c02,Scholl_JACKSON,Scholl,11,11.0,c02,2,low,mid,mid,mid,2042,published_results/extra_remaining_instances_2026-06-10/solutions/Scholl_JACKSON_c02/epsilon_trace.csv,2,epsilon,1,199,True,,False,True,0,165.0,2.0,4,4,1,True,True,2.0,2.0,0.0,1614,54982,0.8882129192352295,2.0,0.0,1.0,7,0,0,0,0,2,2
Scholl_JACKSON_c02,Scholl_JACKSON,Scholl,11,11.0,c02,2,low,mid,mid,mid,2042,published_results/extra_remaining_instances_2026-06-10/solutions/Scholl_JACKSON_c02/epsilon_trace.csv,3,epsilon,2,164,True,,False,True,0,147.0,5.8500000000000005,6,3,3,True,True,5.85,5.85,0.0,9374,307774,5.567458152770996,5.0,0.8500000000000001,0.4848,8,3,0,0,0,0,0
Scholl_JACKSON_c02,Scholl_JACKSON,Scholl,11,11.0,c02,2,low,mid,mid,mid,2042,published_results/extra_remaining_instances_2026-06-10/solutions/Scholl_JACKSON_c02/epsilon_trace.csv,4,epsilon,3,146,True,,False,True,0,134.0,6.1,4,3,2,True,True,6.1,6.1,0.0,5719,227974,2.3519599437713623,6.0,0.1,0.9091,5,2,0,0,0,2,2
Scholl_JACKSON_c02,Scholl_JACKSON,Scholl,11,11.0,c02,2,low,mid,mid,mid,2042,published_results/extra_remaining_instances_2026-06-10/solutions/Scholl_JACKSON_c02/epsilon_trace.csv,5,epsilon,4,133,True,,False,True,0,116.0,9.95,6,2,4,True,True,9.95,9.95,0.0,14753,925480,18.29576873779297,9.0,0.9500000000000001,0.5682,6,5,0,0,0,0,0
Scholl_JACKSON_c02,Scholl_JACKSON,Scholl,11,11.0,c02,2,low,mid,mid,mid,2042,published_results/extra_remaining_instances_2026-06-10/solutions/Scholl_JACKSON_c02/epsilon_trace.csv,6,epsilon,5,115,True,,False,True,0,107.0,10.15,5,2,3,True,True,10.15,10.15,0.0,2567,78535,1.5336189270019531,10.0,0.15000000000000002,0.9091,5,6,0,0,0,0,0
Scholl_JACKSON_c02,Scholl_JACKSON,Scholl,11,11.0,c02,2,low,mid,mid,mid,2042,published_results/extra_remaining_instances_2026-06-10/solutions/Scholl_JACKSON_c02/epsilon_trace.csv,7,epsilon,6,106,True,,False,True,0,103.0,11.1,4,2,3,True,True,11.1,11.1,0.0,1206,69773,1.468200922012329,11.0,0.1,0.9394,2,5,0,0,0,2,2
Scholl_JACKSON_c02,Scholl_JACKSON,Scholl,11,11.0,c02,2,low,mid,mid,mid,2042,published_results/extra_remaining_instances_2026-06-10/solutions/Scholl_JACKSON_c02/epsilon_trace.csv,8,epsilon,7,102,True,,False,True,0,76.0,14.25,5,1,4,True,True,14.25,14.25,0.0,2253,88498,1.5698862075805664,14.0,0.25,0.8864,3,8,0,0,0,0,0
Scholl_JACKSON_c02,Scholl_JACKSON,Scholl,11,11.0,c02,2,low,mid,mid,mid,2042,published_results/extra_remaining_instances_2026-06-10/solutions/Scholl_JACKSON_c02/epsilon_trace.csv,9,epsilon,8,75,True,,False,True,0,45.0,19.250000000000004,5,0,5,True,True,19.25,19.25,0.0,0,1341,0.29434967041015625,19.0,0.25,0.9091,0,11,0,0,0,0,0
Scholl_JACKSON_c02,Scholl_JACKSON,Scholl,11,11.0,c02,2,low,mid,mid,mid,2042,published_results/extra_remaining_instances_2026-06-10/solutions/Scholl_JACKSON_c02/epsilon_trace.csv,10,epsilon,9,44,False,infeasible,,,0,,,,,,,,,,,,,,,,,,,,,,,
Scholl_JACKSON_c03,Scholl_JACKSON,Scholl,11,11.0,c03,3,low,high,high,high,3042,published_results/extra_remaining_instances_2026-06-10/solutions/Scholl_JACKSON_c03/epsilon_trace.csv,1,E0_HI_only,0,,True,,False,True,0,200.0,0.0,5,5,0,True,True,200.0,200.0,0.0,0,125,0.014263153076171875,0.0,0.0,,11,0,0,0,0,0,0
Scholl_JACKSON_c03,Scholl_JACKSON,Scholl,11,11.0,c03,3,low,high,high,high,3042,published_results/extra_remaining_instances_2026-06-10/solutions/Scholl_JACKSON_c03/epsilon_trace.csv,2,epsilon,1,199,True,,False,True,0,169.0,2.2,5,4,1,True,True,2.2,2.2,0.0,1643,46991,0.8533139228820801,2.0,0.2,0.6364,10,1,0,0,0,0,0
Scholl_JACKSON_c03,Scholl_JACKSON,Scholl,11,11.0,c03,3,low,high,high,high,3042,published_results/extra_remaining_instances_2026-06-10/solutions/Scholl_JACKSON_c03/epsilon_trace.csv,3,epsilon,2,168,True,,False,True,0,147.0,5.8500000000000005,6,3,3,True,True,5.85,5.85,0.0,6344,150831,2.259934902191162,5.0,0.8500000000000001,0.4848,8,3,0,0,0,0,0
Scholl_JACKSON_c03,Scholl_JACKSON,Scholl,11,11.0,c03,3,low,high,high,high,3042,published_results/extra_remaining_instances_2026-06-10/solutions/Scholl_JACKSON_c03/epsilon_trace.csv,4,epsilon,3,146,True,,False,True,0,138.0,6.2,5,3,2,True,True,6.2,6.2,0.0,3026,115659,1.5833206176757812,6.0,0.2,0.8182,8,3,0,0,0,0,0
Scholl_JACKSON_c03,Scholl_JACKSON,Scholl,11,11.0,c03,3,low,high,high,high,3042,published_results/extra_remaining_instances_2026-06-10/solutions/Scholl_JACKSON_c03/epsilon_trace.csv,5,epsilon,4,137,True,,False,True,0,116.0,9.85,6,2,4,True,True,9.85,9.85,0.0,7034,273419,4.584074974060059,9.0,0.8500000000000001,0.6136,6,5,0,0,0,0,0
Scholl_JACKSON_c03,Scholl_JACKSON,Scholl,11,11.0,c03,3,low,high,high,high,3042,published_results/extra_remaining_instances_2026-06-10/solutions/Scholl_JACKSON_c03/epsilon_trace.csv,6,epsilon,5,115,True,,False,True,0,107.0,10.2,5,2,3,True,True,10.2,10.2,0.0,1539,58595,1.9565861225128174,10.0,0.2,0.8788,6,5,0,0,0,0,0
Scholl_JACKSON_c03,Scholl_JACKSON,Scholl,11,11.0,c03,3,low,high,high,high,3042,published_results/extra_remaining_instances_2026-06-10/solutions/Scholl_JACKSON_c03/epsilon_trace.csv,7,epsilon,6,106,True,,False,True,0,76.0,14.25,5,1,4,True,True,14.25,14.25,0.0,1083,42801,1.3593459129333496,14.0,0.25,0.8864,4,7,0,0,0,0,0
Scholl_JACKSON_c03,Scholl_JACKSON,Scholl,11,11.0,c03,3,low,high,high,high,3042,published_results/extra_remaining_instances_2026-06-10/solutions/Scholl_JACKSON_c03/epsilon_trace.csv,8,epsilon,7,75,True,,False,True,0,45.0,19.2,5,0,5,True,True,19.2,19.2,0.0,0,1344,0.29850196838378906,19.0,0.2,0.9273,0,11,0,0,0,0,0
Scholl_JACKSON_c03,Scholl_JACKSON,Scholl,11,11.0,c03,3,low,high,high,high,3042,published_results/extra_remaining_instances_2026-06-10/solutions/Scholl_JACKSON_c03/epsilon_trace.csv,9,epsilon,8,44,False,infeasible,,,0,,,,,,,,,,,,,,,,,,,,,,,
Scholl_JACKSON_c04,Scholl_JACKSON,Scholl,11,11.0,c04,4,mid,low,mid,high,4042,published_results/extra_remaining_instances_2026-06-10/solutions/Scholl_JACKSON_c04/epsilon_trace.csv,1,E0_HI_only,0,,True,,False,True,0,200.0,0.0,5,5,0,True,True,200.0,200.0,0.0,0,125,0.014377832412719727,0.0,0.0,,11,0,0,0,0,0,0
Scholl_JACKSON_c04,Scholl_JACKSON,Scholl,11,11.0,c04,4,mid,low,mid,high,4042,published_results/extra_remaining_instances_2026-06-10/solutions/Scholl_JACKSON_c04/epsilon_trace.csv,2,epsilon,1,199,True,,False,True,0,169.0,2.15,5,4,1,True,True,2.15,2.15,0.0,853,39349,0.6891448497772217,2.0,0.15000000000000002,0.7273,10,1,0,0,0,0,0
Scholl_JACKSON_c04,Scholl_JACKSON,Scholl,11,11.0,c04,4,mid,low,mid,high,4042,published_results/extra_remaining_instances_2026-06-10/solutions/Scholl_JACKSON_c04/epsilon_trace.csv,3,epsilon,2,168,True,,False,True,0,165.0,3.1,4,4,1,True,True,3.1,3.1,0.0,280,16729,0.4880790710449219,3.0,0.1,0.8182,8,0,0,0,3,0,0
Scholl_JACKSON_c04,Scholl_JACKSON,Scholl,11,11.0,c04,4,mid,low,mid,high,4042,published_results/extra_remaining_instances_2026-06-10/solutions/Scholl_JACKSON_c04/epsilon_trace.csv,4,epsilon,3,164,True,,False,True,0,134.0,6.15,4,3,2,True,True,6.15,6.15,0.0,3623,134539,1.3612737655639648,6.0,0.15000000000000002,0.8636,6,1,0,0,4,0,0
Scholl_JACKSON_c04,Scholl_JACKSON,Scholl,11,11.0,c04,4,mid,low,mid,high,4042,published_results/extra_remaining_instances_2026-06-10/solutions/Scholl_JACKSON_c04/epsilon_trace.csv,5,epsilon,4,133,True,,False,True,0,130.0,7.1499999999999995,3,3,2,True,True,7.15,7.15,0.0,1775,71700,0.9520628452301025,7.0,0.15000000000000002,0.8636,4,0,0,0,7,0,0
Scholl_JACKSON_c04,Scholl_JACKSON,Scholl,11,11.0,c04,4,mid,low,mid,high,4042,published_results/extra_remaining_instances_2026-06-10/solutions/Scholl_JACKSON_c04/epsilon_trace.csv,6,epsilon,5,129,True,,False,True,0,112.0,10.6,5,2,4,True,True,10.6,10.6,0.0,3392,131255,1.51308274269104,10.0,0.6000000000000001,0.7273,4,3,0,0,4,0,0
Scholl_JACKSON_c04,Scholl_JACKSON,Scholl,11,11.0,c04,4,mid,low,mid,high,4042,published_results/extra_remaining_instances_2026-06-10/solutions/Scholl_JACKSON_c04/epsilon_trace.csv,7,epsilon,6,111,True,,False,True,0,103.0,11.100000000000001,4,2,3,True,True,11.1,11.1,0.0,0,5060,0.8721261024475098,11.0,0.1,0.9394,4,2,0,0,5,0,0
Scholl_JACKSON_c04,Scholl_JACKSON,Scholl,11,11.0,c04,4,mid,low,mid,high,4042,published_results/extra_remaining_instances_2026-06-10/solutions/Scholl_JACKSON_c04/epsilon_trace.csv,8,epsilon,7,102,True,,False,True,0,99.0,12.150000000000002,3,2,3,True,True,12.15,12.15,0.0,0,3350,0.7066643238067627,12.0,0.15000000000000002,0.9091,0,3,0,0,8,0,0
Scholl_JACKSON_c04,Scholl_JACKSON,Scholl,11,11.0,c04,4,mid,low,mid,high,4042,published_results/extra_remaining_instances_2026-06-10/solutions/Scholl_JACKSON_c04/epsilon_trace.csv,9,epsilon,8,98,True,,False,True,0,94.0,16.7,7,1,6,True,True,16.7,16.7,0.0,373,47811,1.2331089973449707,16.0,0.7000000000000001,0.7879,4,7,0,0,0,0,0
Scholl_JACKSON_c04,Scholl_JACKSON,Scholl,11,11.0,c04,4,mid,low,mid,high,4042,published_results/extra_remaining_instances_2026-06-10/solutions/Scholl_JACKSON_c04/epsilon_trace.csv,10,epsilon,9,93,True,,False,True,0,90.0,16.799999999999997,6,1,6,True,True,16.8,16.8,0.0,440,39806,1.055103063583374,16.0,0.8,0.7576,0,7,0,0,4,0,0
Scholl_JACKSON_c04,Scholl_JACKSON,Scholl,11,11.0,c04,4,mid,low,mid,high,4042,published_results/extra_remaining_instances_2026-06-10/solutions/Scholl_JACKSON_c04/epsilon_trace.csv,11,epsilon,10,89,True,,False,True,0,81.0,17.4,5,1,5,True,True,17.4,17.4,0.0,0,2012,0.6272609233856201,17.0,0.4,0.8545,0,6,0,0,5,0,0
Scholl_JACKSON_c04,Scholl_JACKSON,Scholl,11,11.0,c04,4,mid,low,mid,high,4042,published_results/extra_remaining_instances_2026-06-10/solutions/Scholl_JACKSON_c04/epsilon_trace.csv,12,epsilon,11,80,True,,False,True,0,72.0,23.950000000000003,8,0,8,True,True,23.95,23.95,0.0,0,1177,0.2923619747161865,23.0,0.9500000000000001,0.7841,0,11,0,0,0,0,0
Scholl_JACKSON_c04,Scholl_JACKSON,Scholl,11,11.0,c04,4,mid,low,mid,high,4042,published_results/extra_remaining_instances_2026-06-10/solutions/Scholl_JACKSON_c04/epsilon_trace.csv,13,epsilon,12,71,False,infeasible,,,0,,,,,,,,,,,,,,,,,,,,,,,
Scholl_JACKSON_c05,Scholl_JACKSON,Scholl,11,11.0,c05,5,mid,mid,high,low,5042,published_results/extra_remaining_instances_2026-06-10/solutions/Scholl_JACKSON_c05/epsilon_trace.csv,1,E0_HI_only,0,,True,,False,True,0,200.0,0.0,5,5,0,True,True,200.0,200.0,0.0,0,125,0.014618873596191406,0.0,0.0,,11,0,0,0,0,0,0
Scholl_JACKSON_c05,Scholl_JACKSON,Scholl,11,11.0,c05,5,mid,mid,high,low,5042,published_results/extra_remaining_instances_2026-06-10/solutions/Scholl_JACKSON_c05/epsilon_trace.csv,2,epsilon,1,199,True,,False,True,0,169.0,2.2,5,4,1,True,True,2.2,2.2,0.0,797,28036,0.6045901775360107,2.0,0.2,0.6364,10,1,0,0,0,0,0
Scholl_JACKSON_c05,Scholl_JACKSON,Scholl,11,11.0,c05,5,mid,mid,high,low,5042,published_results/extra_remaining_instances_2026-06-10/solutions/Scholl_JACKSON_c05/epsilon_trace.csv,3,epsilon,2,168,True,,False,True,0,165.0,3.0,4,4,1,True,True,3.0,3.0,0.0,302,16642,0.517399787902832,3.0,0.0,1.0,8,0,0,0,3,0,0
Scholl_JACKSON_c05,Scholl_JACKSON,Scholl,11,11.0,c05,5,mid,mid,high,low,5042,published_results/extra_remaining_instances_2026-06-10/solutions/Scholl_JACKSON_c05/epsilon_trace.csv,4,epsilon,3,164,True,,False,True,0,147.0,6.6000000000000005,6,3,3,True,True,6.6,6.6,0.0,4272,131940,1.4970190525054932,6.0,0.6000000000000001,0.6364,8,3,0,0,0,0,0
Scholl_JACKSON_c05,Scholl_JACKSON,Scholl,11,11.0,c05,5,mid,mid,high,low,5042,published_results/extra_remaining_instances_2026-06-10/solutions/Scholl_JACKSON_c05/epsilon_trace.csv,5,epsilon,4,146,True,,False,True,0,134.0,7.05,4,3,2,True,True,7.05,7.05,0.0,3231,130330,1.6776950359344482,7.0,0.05,0.9545,6,1,0,0,4,0,0
Scholl_JACKSON_c05,Scholl_JACKSON,Scholl,11,11.0,c05,5,mid,mid,high,low,5042,published_results/extra_remaining_instances_2026-06-10/solutions/Scholl_JACKSON_c05/epsilon_trace.csv,6,epsilon,5,133,True,,False,True,0,116.0,11.35,6,2,4,True,True,11.35,11.35,0.0,5737,181593,2.481696128845215,11.0,0.35000000000000003,0.8409,6,5,0,0,0,0,0
Scholl_JACKSON_c05,Scholl_JACKSON,Scholl,11,11.0,c05,5,mid,mid,high,low,5042,published_results/extra_remaining_instances_2026-06-10/solutions/Scholl_JACKSON_c05/epsilon_trace.csv,7,epsilon,6,115,True,,False,True,0,112.0,12.15,5,2,4,True,True,12.15,12.15,0.0,1596,78118,1.7178261280059814,12.0,0.15000000000000002,0.9318,4,4,0,0,3,0,0
Scholl_JACKSON_c05,Scholl_JACKSON,Scholl,11,11.0,c05,5,mid,mid,high,low,5042,published_results/extra_remaining_instances_2026-06-10/solutions/Scholl_JACKSON_c05/epsilon_trace.csv,8,epsilon,7,111,True,,False,True,0,94.0,17.55,7,1,6,True,True,17.55,17.55,0.0,1861,96135,1.8903591632843018,17.0,0.55,0.8333,4,7,0,0,0,0,0
Scholl_JACKSON_c05,Scholl_JACKSON,Scholl,11,11.0,c05,5,mid,mid,high,low,5042,published_results/extra_remaining_instances_2026-06-10/solutions/Scholl_JACKSON_c05/epsilon_trace.csv,9,epsilon,8,93,True,,False,True,0,90.0,19.35,6,1,6,True,True,19.35,19.35,0.0,672,33350,1.0765719413757324,19.0,0.35000000000000003,0.8939,0,8,0,0,3,0,0
Scholl_JACKSON_c05,Scholl_JACKSON,Scholl,11,11.0,c05,5,mid,mid,high,low,5042,published_results/extra_remaining_instances_2026-06-10/solutions/Scholl_JACKSON_c05/epsilon_trace.csv,10,epsilon,9,89,True,,False,True,0,72.0,24.75,8,0,8,True,True,24.75,24.75,0.0,0,2430,0.5210990905761719,24.0,0.75,0.8295,0,11,0,0,0,0,0
Scholl_JACKSON_c05,Scholl_JACKSON,Scholl,11,11.0,c05,5,mid,mid,high,low,5042,published_results/extra_remaining_instances_2026-06-10/solutions/Scholl_JACKSON_c05/epsilon_trace.csv,11,epsilon,10,71,False,infeasible,,,0,,,,,,,,,,,,,,,,,,,,,,,
Scholl_JACKSON_c06,Scholl_JACKSON,Scholl,11,11.0,c06,6,mid,high,low,mid,6042,published_results/extra_remaining_instances_2026-06-10/solutions/Scholl_JACKSON_c06/epsilon_trace.csv,1,E0_HI_only,0,,True,,False,True,0,200.0,0.0,5,5,0,True,True,200.0,200.0,0.0,0,125,0.015609979629516602,0.0,0.0,,11,0,0,0,0,0,0
Scholl_JACKSON_c06,Scholl_JACKSON,Scholl,11,11.0,c06,6,mid,high,low,mid,6042,published_results/extra_remaining_instances_2026-06-10/solutions/Scholl_JACKSON_c06/epsilon_trace.csv,2,epsilon,1,199,True,,False,True,0,169.0,2.2,5,4,1,True,True,2.2,2.2,0.0,632,21450,0.49707698822021484,2.0,0.2,0.6364,10,1,0,0,0,0,0
Scholl_JACKSON_c06,Scholl_JACKSON,Scholl,11,11.0,c06,6,mid,high,low,mid,6042,published_results/extra_remaining_instances_2026-06-10/solutions/Scholl_JACKSON_c06/epsilon_trace.csv,3,epsilon,2,168,True,,False,True,0,147.0,6.65,6,3,3,True,True,6.65,6.65,0.0,5018,144461,1.5677220821380615,6.0,0.65,0.6061,8,3,0,0,0,0,0
Scholl_JACKSON_c06,Scholl_JACKSON,Scholl,11,11.0,c06,6,mid,high,low,mid,6042,published_results/extra_remaining_instances_2026-06-10/solutions/Scholl_JACKSON_c06/epsilon_trace.csv,4,epsilon,3,146,True,,False,True,0,138.0,8.0,5,3,2,True,True,8.0,8.0,0.0,4738,104242,1.1612298488616943,8.0,0.0,1.0,8,3,0,0,0,0,0
Scholl_JACKSON_c06,Scholl_JACKSON,Scholl,11,11.0,c06,6,mid,high,low,mid,6042,published_results/extra_remaining_instances_2026-06-10/solutions/Scholl_JACKSON_c06/epsilon_trace.csv,5,epsilon,4,137,True,,False,True,0,116.0,11.400000000000002,6,2,4,True,True,11.4,11.4,0.0,10488,308842,4.983062744140625,11.0,0.4,0.8182,5,6,0,0,0,0,0
Scholl_JACKSON_c06,Scholl_JACKSON,Scholl,11,11.0,c06,6,mid,high,low,mid,6042,published_results/extra_remaining_instances_2026-06-10/solutions/Scholl_JACKSON_c06/epsilon_trace.csv,6,epsilon,5,115,True,,False,True,0,94.0,17.650000000000002,7,1,6,True,True,17.65,17.65,0.0,2680,112780,1.7352700233459473,17.0,0.65,0.803,3,8,0,0,0,0,0
Scholl_JACKSON_c06,Scholl_JACKSON,Scholl,11,11.0,c06,6,mid,high,low,mid,6042,published_results/extra_remaining_instances_2026-06-10/solutions/Scholl_JACKSON_c06/epsilon_trace.csv,7,epsilon,6,93,True,,False,True,0,72.0,24.900000000000002,8,0,8,True,True,24.9,24.9,0.0,139,14674,0.7754292488098145,24.0,0.9,0.7955,0,11,0,0,0,0,0
Scholl_JACKSON_c06,Scholl_JACKSON,Scholl,11,11.0,c06,6,mid,high,low,mid,6042,published_results/extra_remaining_instances_2026-06-10/solutions/Scholl_JACKSON_c06/epsilon_trace.csv,8,epsilon,7,71,False,infeasible,,,0,,,,,,,,,,,,,,,,,,,,,,,
Scholl_JACKSON_c07,Scholl_JACKSON,Scholl,11,11.0,c07,7,high,low,high,mid,7042,published_results/extra_remaining_instances_2026-06-10/solutions/Scholl_JACKSON_c07/epsilon_trace.csv,1,E0_HI_only,0,,True,,False,True,0,200.0,0.0,5,5,0,True,True,200.0,200.0,0.0,0,125,0.014693975448608398,0.0,0.0,,11,0,0,0,0,0,0
Scholl_JACKSON_c07,Scholl_JACKSON,Scholl,11,11.0,c07,7,high,low,high,mid,7042,published_results/extra_remaining_instances_2026-06-10/solutions/Scholl_JACKSON_c07/epsilon_trace.csv,2,epsilon,1,199,True,,False,True,0,169.0,2.15,5,4,1,True,True,2.15,2.15,0.0,361,11832,0.39259791374206543,2.0,0.15000000000000002,0.7273,10,1,0,0,0,0,0
Scholl_JACKSON_c07,Scholl_JACKSON,Scholl,11,11.0,c07,7,high,low,high,mid,7042,published_results/extra_remaining_instances_2026-06-10/solutions/Scholl_JACKSON_c07/epsilon_trace.csv,3,epsilon,2,168,True,,False,True,0,165.0,3.15,4,4,1,True,True,3.15,3.15,0.0,138,7500,0.357219934463501,3.0,0.15000000000000002,0.7273,8,0,0,0,3,0,0
Scholl_JACKSON_c07,Scholl_JACKSON,Scholl,11,11.0,c07,7,high,low,high,mid,7042,published_results/extra_remaining_instances_2026-06-10/solutions/Scholl_JACKSON_c07/epsilon_trace.csv,4,epsilon,3,164,True,,False,True,0,125.0,5.0,3,3,1,True,True,5.0,5.0,0.0,752,38820,0.581186056137085,5.0,0.0,1.0,6,0,0,0,5,0,0
Scholl_JACKSON_c07,Scholl_JACKSON,Scholl,11,11.0,c07,7,high,low,high,mid,7042,published_results/extra_remaining_instances_2026-06-10/solutions/Scholl_JACKSON_c07/epsilon_trace.csv,5,epsilon,4,124,True,,False,True,0,90.0,11.0,2,2,2,True,True,11.0,11.0,0.0,232,8283,0.29831385612487793,11.0,0.0,1.0,0,0,0,0,11,0,0
Scholl_JACKSON_c07,Scholl_JACKSON,Scholl,11,11.0,c07,7,high,low,high,mid,7042,published_results/extra_remaining_instances_2026-06-10/solutions/Scholl_JACKSON_c07/epsilon_trace.csv,6,epsilon,5,89,False,infeasible,,,0,,,,,,,,,,,,,,,,,,,,,,,
Scholl_JACKSON_c08,Scholl_JACKSON,Scholl,11,11.0,c08,8,high,mid,low,high,8042,published_results/extra_remaining_instances_2026-06-10/solutions/Scholl_JACKSON_c08/epsilon_trace.csv,1,E0_HI_only,0,,True,,False,True,0,200.0,0.0,5,5,0,True,True,200.0,200.0,0.0,0,125,0.015055179595947266,0.0,0.0,,11,0,0,0,0,0,0
Scholl_JACKSON_c08,Scholl_JACKSON,Scholl,11,11.0,c08,8,high,mid,low,high,8042,published_results/extra_remaining_instances_2026-06-10/solutions/Scholl_JACKSON_c08/epsilon_trace.csv,2,epsilon,1,199,True,,False,True,0,165.0,3.0,4,4,1,True,True,3.0,3.0,0.0,1177,44758,0.5452888011932373,3.0,0.0,1.0,8,0,0,0,3,0,0
Scholl_JACKSON_c08,Scholl_JACKSON,Scholl,11,11.0,c08,8,high,mid,low,high,8042,published_results/extra_remaining_instances_2026-06-10/solutions/Scholl_JACKSON_c08/epsilon_trace.csv,3,epsilon,2,164,True,,False,True,0,139.0,9.05,4,3,3,True,True,9.05,9.05,0.0,1254,41347,0.5880329608917236,9.0,0.05,0.9697,4,1,0,0,6,0,0
Scholl_JACKSON_c08,Scholl_JACKSON,Scholl,11,11.0,c08,8,high,mid,low,high,8042,published_results/extra_remaining_instances_2026-06-10/solutions/Scholl_JACKSON_c08/epsilon_trace.csv,4,epsilon,3,138,True,,False,True,0,130.0,17.600000000000005,7,2,6,True,True,17.6,17.6,0.0,346,19937,0.49410390853881836,17.0,0.6000000000000001,0.8182,2,6,0,0,3,0,0
Scholl_JACKSON_c08,Scholl_JACKSON,Scholl,11,11.0,c08,8,high,mid,low,high,8042,published_results/extra_remaining_instances_2026-06-10/solutions/Scholl_JACKSON_c08/epsilon_trace.csv,5,epsilon,4,129,True,,False,True,0,126.0,18.350000000000005,6,2,6,True,True,18.35,18.35,0.0,0,247,0.24692678451538086,18.0,0.35000000000000003,0.8939,0,5,0,0,6,0,0
Scholl_JACKSON_c08,Scholl_JACKSON,Scholl,11,11.0,c08,8,high,mid,low,high,8042,published_results/extra_remaining_instances_2026-06-10/solutions/Scholl_JACKSON_c08/epsilon_trace.csv,6,epsilon,5,125,False,infeasible,,,0,,,,,,,,,,,,,,,,,,,,,,,
Scholl_JACKSON_c09,Scholl_JACKSON,Scholl,11,11.0,c09,9,high,high,mid,low,9042,published_results/extra_remaining_instances_2026-06-10/solutions/Scholl_JACKSON_c09/epsilon_trace.csv,1,E0_HI_only,0,,True,,False,True,0,200.0,0.0,5,5,0,True,True,200.0,200.0,0.0,0,125,0.014673233032226562,0.0,0.0,,11,0,0,0,0,0,0
Scholl_JACKSON_c09,Scholl_JACKSON,Scholl,11,11.0,c09,9,high,high,mid,low,9042,published_results/extra_remaining_instances_2026-06-10/solutions/Scholl_JACKSON_c09/epsilon_trace.csv,2,epsilon,1,199,True,,False,True,0,169.0,3.0,5,4,1,True,True,3.0,3.0,0.0,937,38559,0.5180208683013916,3.0,0.0,1.0,10,1,0,0,0,0,0
Scholl_JACKSON_c09,Scholl_JACKSON,Scholl,11,11.0,c09,9,high,high,mid,low,9042,published_results/extra_remaining_instances_2026-06-10/solutions/Scholl_JACKSON_c09/epsilon_trace.csv,3,epsilon,2,168,True,,False,True,0,147.0,10.05,6,3,3,True,True,10.05,10.05,0.0,2020,72154,0.9173531532287598,10.0,0.05,0.9697,8,3,0,0,0,0,0
Scholl_JACKSON_c09,Scholl_JACKSON,Scholl,11,11.0,c09,9,high,high,mid,low,9042,published_results/extra_remaining_instances_2026-06-10/solutions/Scholl_JACKSON_c09/epsilon_trace.csv,4,epsilon,3,146,False,infeasible,,,0,,,,,,,,,,,,,,,,,,,,,,,
Scholl_LUTZ1_c01,Scholl_LUTZ1,Scholl,32,1894.0,c01,1,low,low,low,low,1042,published_results/extra_remaining_instances_2026-06-10/solutions/Scholl_LUTZ1_c01/epsilon_trace.csv,1,E0_HI_only,0,,True,,False,True,0,320.0,0.0,8,8,0,True,True,320.0,320.0,0.0,32,6833,9.459351062774658,0.0,0.0,,32,0,0,0,0,0,0
Scholl_LUTZ1_c01,Scholl_LUTZ1,Scholl,32,1894.0,c01,1,low,low,low,low,1042,published_results/extra_remaining_instances_2026-06-10/solutions/Scholl_LUTZ1_c01/epsilon_trace.csv,2,epsilon,1,319,True,,False,True,0,285.0,214.8,7,7,1,True,False,0.0,214.8,100.0,6549,2089069,301.03329610824585,182.0,32.800000000000004,0.6536,25,0,0,0,7,0,0
Scholl_LUTZ1_c01,Scholl_LUTZ1,Scholl,32,1894.0,c01,1,low,low,low,low,1042,published_results/extra_remaining_instances_2026-06-10/solutions/Scholl_LUTZ1_c01/epsilon_trace.csv,3,epsilon,2,284,True,,False,True,0,254.0,480.7,7,6,2,True,False,0.0,480.7,100.0,3902,1255991,301.03528022766113,409.0,71.7,0.6214,21,2,0,0,9,0,0
Scholl_LUTZ1_c01,Scholl_LUTZ1,Scholl,32,1894.0,c01,1,low,low,low,low,1042,published_results/extra_remaining_instances_2026-06-10/solutions/Scholl_LUTZ1_c01/epsilon_trace.csv,4,epsilon,3,253,True,,False,True,0,135.0,829.45,3,3,3,True,False,1.0529027859,829.45,99.8731,3697,1183271,301.002876996994,813.0,16.45,0.9421,0,0,0,0,32,0,0
Scholl_LUTZ1_c01,Scholl_LUTZ1,Scholl,32,1894.0,c01,1,low,low,low,low,1042,published_results/extra_remaining_instances_2026-06-10/solutions/Scholl_LUTZ1_c01/epsilon_trace.csv,5,epsilon,4,134,True,,False,True,0,117.0,1711.4,5,2,5,True,False,104.94559909,1711.4,93.8679,5645,2009426,301.01618480682373,1630.0,81.4,0.8281,0,11,0,0,21,0,0
Scholl_LUTZ1_c01,Scholl_LUTZ1,Scholl,32,1894.0,c01,1,low,low,low,low,1042,published_results/extra_remaining_instances_2026-06-10/solutions/Scholl_LUTZ1_c01/epsilon_trace.csv,6,epsilon,5,116,True,,False,True,0,108.0,2934.6499999999996,8,1,8,True,False,480.13139937,2934.65,83.6392,8443,3655115,300.9869341850281,2727.0,207.65,0.7259,0,21,0,0,11,0,0
Scholl_LUTZ1_c01,Scholl_LUTZ1,Scholl,32,1894.0,c01,1,low,low,low,low,1042,published_results/extra_remaining_instances_2026-06-10/solutions/Scholl_LUTZ1_c01/epsilon_trace.csv,7,epsilon,6,107,True,,False,True,1,90.0,2548.5,6,1,6,True,False,1181.8637683,2548.5,53.6251,23753,5566276,301.0014250278473,2506.0,42.5,0.9252,0,18,0,0,14,0,0
Scholl_LUTZ1_c01,Scholl_LUTZ1,Scholl,32,1894.0,c01,1,low,low,low,low,1042,published_results/extra_remaining_instances_2026-06-10/solutions/Scholl_LUTZ1_c01/epsilon_trace.csv,8,epsilon,7,89,True,,False,True,0,72.0,3663.15,8,0,8,True,True,3663.15,3663.15,0.0,1007,330764,22.98232412338257,3597.0,66.15,0.9127,0,32,0,0,0,0,0
Scholl_LUTZ1_c01,Scholl_LUTZ1,Scholl,32,1894.0,c01,1,low,low,low,low,1042,published_results/extra_remaining_instances_2026-06-10/solutions/Scholl_LUTZ1_c01/epsilon_trace.csv,9,epsilon,8,71,False,infeasible,,,0,,,,,,,,,,,,,,,,,,,,,,,
Scholl_LUTZ1_c02,Scholl_LUTZ1,Scholl,32,1894.0,c02,2,low,mid,mid,mid,2042,published_results/extra_remaining_instances_2026-06-10/solutions/Scholl_LUTZ1_c02/epsilon_trace.csv,1,E0_HI_only,0,,True,,False,True,0,320.0,0.0,8,8,0,True,True,320.0,320.0,0.0,32,6833,61.51008987426758,0.0,0.0,,32,0,0,0,0,0,0
Scholl_LUTZ1_c02,Scholl_LUTZ1,Scholl,32,1894.0,c02,2,low,mid,mid,mid,2042,published_results/extra_remaining_instances_2026-06-10/solutions/Scholl_LUTZ1_c02/epsilon_trace.csv,2,epsilon,1,319,True,,False,True,0,294.0,418.6,8,7,2,True,False,0.0,418.6,100.0,8357,2480592,301.0314841270447,331.0,87.60000000000001,0.5375,24,1,0,0,7,0,0
Scholl_LUTZ1_c02,Scholl_LUTZ1,Scholl,32,1894.0,c02,2,low,mid,mid,mid,2042,published_results/extra_remaining_instances_2026-06-10/solutions/Scholl_LUTZ1_c02/epsilon_trace.csv,3,epsilon,2,293,True,,False,True,1,289.0,378.9,8,7,1,True,False,0.0,378.9,100.0,4097,1146101,301.0212640762329,346.0,32.9,0.6526,29,3,0,0,0,0,0
Scholl_LUTZ1_c02,Scholl_LUTZ1,Scholl,32,1894.0,c02,2,low,mid,mid,mid,2042,published_results/extra_remaining_instances_2026-06-10/solutions/Scholl_LUTZ1_c02/epsilon_trace.csv,4,epsilon,3,288,True,,False,True,0,268.0,960.4499999999999,8,6,4,True,False,0.0,960.45,100.0,3566,1630499,301.0101487636566,810.0,150.45000000000002,0.6028,17,3,0,0,5,4,3
Scholl_LUTZ1_c02,Scholl_LUTZ1,Scholl,32,1894.0,c02,2,low,mid,mid,mid,2042,published_results/extra_remaining_instances_2026-06-10/solutions/Scholl_LUTZ1_c02/epsilon_trace.csv,5,epsilon,4,267,True,,False,True,1,267.0,879.7,9,6,3,True,False,0.0,879.7,100.0,3533,1332261,301.018018245697,738.0,141.70000000000002,0.5012,26,6,0,0,0,0,0
Scholl_LUTZ1_c02,Scholl_LUTZ1,Scholl,32,1894.0,c02,2,low,mid,mid,mid,2042,published_results/extra_remaining_instances_2026-06-10/solutions/Scholl_LUTZ1_c02/epsilon_trace.csv,6,epsilon,5,266,True,,False,True,1,258.0,834.4499999999999,8,6,2,True,False,0.0,834.45,100.0,3725,1751335,301.03395819664,789.0,45.45,0.76,25,7,0,0,0,0,0
Scholl_LUTZ1_c02,Scholl_LUTZ1,Scholl,32,1894.0,c02,2,low,mid,mid,mid,2042,published_results/extra_remaining_instances_2026-06-10/solutions/Scholl_LUTZ1_c02/epsilon_trace.csv,7,epsilon,6,257,True,,False,True,0,227.0,1304.6,8,5,3,True,False,0.0,1304.6,100.0,3553,1256005,301.1291947364807,1245.0,59.6,0.7902,24,8,0,0,0,0,0
Scholl_LUTZ1_c02,Scholl_LUTZ1,Scholl,32,1894.0,c02,2,low,mid,mid,mid,2042,published_results/extra_remaining_instances_2026-06-10/solutions/Scholl_LUTZ1_c02/epsilon_trace.csv,8,epsilon,7,226,True,,False,True,0,201.0,1756.75,8,4,5,True,False,2.094601808,1756.75,99.8808,3395,1199123,301.05553793907166,1642.0,114.75,0.7577,14,13,0,0,0,2,3
Scholl_LUTZ1_c02,Scholl_LUTZ1,Scholl,32,1894.0,c02,2,low,mid,mid,mid,2042,published_results/extra_remaining_instances_2026-06-10/solutions/Scholl_LUTZ1_c02/epsilon_trace.csv,9,epsilon,8,200,True,,False,True,0,196.0,1853.4,8,4,4,True,False,17.17002945,1853.4,99.0736,3423,1497516,300.9925379753113,1799.0,54.400000000000006,0.8564,16,16,0,0,0,0,0
Scholl_LUTZ1_c02,Scholl_LUTZ1,Scholl,32,1894.0,c02,2,low,mid,mid,mid,2042,published_results/extra_remaining_instances_2026-06-10/solutions/Scholl_LUTZ1_c02/epsilon_trace.csv,10,epsilon,9,195,True,,False,True,0,179.0,2482.4500000000003,9,3,7,True,False,11.64875189,2482.45,99.5308,3338,1232970,301.21109199523926,2270.0,212.45000000000002,0.6795,8,17,0,0,7,0,0
Scholl_LUTZ1_c02,Scholl_LUTZ1,Scholl,32,1894.0,c02,2,low,mid,mid,mid,2042,published_results/extra_remaining_instances_2026-06-10/solutions/Scholl_LUTZ1_c02/epsilon_trace.csv,11,epsilon,10,178,True,,False,True,1,165.0,2237.2500000000005,8,3,5,True,False,66.872588706,2237.25,97.0109,3323,1067346,301.0685729980469,2168.0,69.25,0.8537,16,16,0,0,0,0,0
Scholl_LUTZ1_c02,Scholl_LUTZ1,Scholl,32,1894.0,c02,2,low,mid,mid,mid,2042,published_results/extra_remaining_instances_2026-06-10/solutions/Scholl_LUTZ1_c02/epsilon_trace.csv,12,epsilon,11,164,True,,False,True,0,148.0,2955.8,9,2,8,True,False,17.227513164,2955.8,99.4172,3507,1398942,301.05455112457275,2738.0,217.8,0.7125,2,23,0,0,0,3,4
Scholl_LUTZ1_c02,Scholl_LUTZ1,Scholl,32,1894.0,c02,2,low,mid,mid,mid,2042,published_results/extra_remaining_instances_2026-06-10/solutions/Scholl_LUTZ1_c02/epsilon_trace.csv,13,epsilon,12,147,True,,False,True,1,139.0,2721.6500000000005,8,2,7,True,False,114.06797348,2721.65,95.8089,4453,1642569,301.01773595809937,2584.0,137.65,0.7924,4,23,0,0,0,3,2
Scholl_LUTZ1_c02,Scholl_LUTZ1,Scholl,32,1894.0,c02,2,low,mid,mid,mid,2042,published_results/extra_remaining_instances_2026-06-10/solutions/Scholl_LUTZ1_c02/epsilon_trace.csv,14,epsilon,13,138,True,,False,True,1,130.0,2676.4500000000003,7,2,6,True,False,281.62720422,2676.45,89.4776,5133,1841026,301.01752400398254,2643.0,33.45,0.9411,4,23,0,0,0,3,2
Scholl_LUTZ1_c02,Scholl_LUTZ1,Scholl,32,1894.0,c02,2,low,mid,mid,mid,2042,published_results/extra_remaining_instances_2026-06-10/solutions/Scholl_LUTZ1_c02/epsilon_trace.csv,15,epsilon,14,129,True,,False,True,0,103.0,3275.55,8,1,7,True,False,374.49896402,3275.55,88.5668,9357,2820147,301.00297498703003,3203.0,72.55,0.8906,6,26,0,0,0,0,0
Scholl_LUTZ1_c02,Scholl_LUTZ1,Scholl,32,1894.0,c02,2,low,mid,mid,mid,2042,published_results/extra_remaining_instances_2026-06-10/solutions/Scholl_LUTZ1_c02/epsilon_trace.csv,16,epsilon,15,102,True,,False,True,1,99.0,3131.7000000000003,7,1,7,True,True,3131.7000000000003,3131.7000000000003,0.0,27396,3941352,294.0806908607483,3087.0,44.7,0.9326,0,25,0,0,0,3,4
Scholl_LUTZ1_c02,Scholl_LUTZ1,Scholl,32,1894.0,c02,2,low,mid,mid,mid,2042,published_results/extra_remaining_instances_2026-06-10/solutions/Scholl_LUTZ1_c02/epsilon_trace.csv,17,epsilon,16,98,True,,False,True,0,72.0,3771.5499999999997,8,0,8,True,True,3771.55,3771.55,0.0,1755,820334,58.53004193305969,3698.0,73.55,0.9029,0,32,0,0,0,0,0
Scholl_LUTZ1_c02,Scholl_LUTZ1,Scholl,32,1894.0,c02,2,low,mid,mid,mid,2042,published_results/extra_remaining_instances_2026-06-10/solutions/Scholl_LUTZ1_c02/epsilon_trace.csv,18,epsilon,17,71,False,infeasible,,,0,,,,,,,,,,,,,,,,,,,,,,,
Scholl_LUTZ1_c03,Scholl_LUTZ1,Scholl,32,1894.0,c03,3,low,high,high,high,3042,published_results/extra_remaining_instances_2026-06-10/solutions/Scholl_LUTZ1_c03/epsilon_trace.csv,1,E0_HI_only,0,,True,,False,True,0,320.0,0.0,8,8,0,True,True,320.0,320.0,0.0,32,6833,0.21760082244873047,0.0,0.0,,32,0,0,0,0,0,0
Scholl_LUTZ1_c03,Scholl_LUTZ1,Scholl,32,1894.0,c03,3,low,high,high,high,3042,published_results/extra_remaining_instances_2026-06-10/solutions/Scholl_LUTZ1_c03/epsilon_trace.csv,2,epsilon,1,319,True,,False,True,0,289.0,343.85,8,7,1,True,False,0.0,343.85,100.0,5255,1534135,301.0532691478729,310.0,33.85,0.6426,29,3,0,0,0,0,0
Scholl_LUTZ1_c03,Scholl_LUTZ1,Scholl,32,1894.0,c03,3,low,high,high,high,3042,published_results/extra_remaining_instances_2026-06-10/solutions/Scholl_LUTZ1_c03/epsilon_trace.csv,3,epsilon,2,288,True,,False,True,0,276.0,1012.1500000000001,10,6,4,True,False,0.0,1012.15,100.0,3802,2034874,301.1373679637909,789.0,223.15,0.4109,22,10,0,0,0,0,0
Scholl_LUTZ1_c03,Scholl_LUTZ1,Scholl,32,1894.0,c03,3,low,high,high,high,3042,published_results/extra_remaining_instances_2026-06-10/solutions/Scholl_LUTZ1_c03/epsilon_trace.csv,4,epsilon,3,275,True,,False,True,1,267.0,926.5,9,6,3,True,False,2.1471792039,926.5,99.7682,3360,1250160,301.04660987854004,798.0,128.5,0.5477,25,7,0,0,0,0,0
Scholl_LUTZ1_c03,Scholl_LUTZ1,Scholl,32,1894.0,c03,3,low,high,high,high,3042,published_results/extra_remaining_instances_2026-06-10/solutions/Scholl_LUTZ1_c03/epsilon_trace.csv,5,epsilon,4,266,True,,False,True,0,263.0,936.35,8,6,3,True,False,0.0,936.35,100.0,5489,1961753,301.045049905777,834.0,102.35000000000001,0.6397,17,9,0,0,0,4,2
Scholl_LUTZ1_c03,Scholl_LUTZ1,Scholl,32,1894.0,c03,3,low,high,high,high,3042,published_results/extra_remaining_instances_2026-06-10/solutions/Scholl_LUTZ1_c03/epsilon_trace.csv,6,epsilon,5,262,True,,False,True,2,258.0,782.5500000000001,8,6,2,True,False,3.9437879711,782.55,99.496,3409,1321523,301.023234128952,741.0,41.550000000000004,0.7806,23,9,0,0,0,0,0
Scholl_LUTZ1_c03,Scholl_LUTZ1,Scholl,32,1894.0,c03,3,low,high,high,high,3042,published_results/extra_remaining_instances_2026-06-10/solutions/Scholl_LUTZ1_c03/epsilon_trace.csv,7,epsilon,6,257,True,,False,True,0,227.0,1253.05,8,5,3,True,False,1.1665162192,1253.05,99.9069,3487,963920,301.03369641304016,1208.0,45.050000000000004,0.8414,17,15,0,0,0,0,0
Scholl_LUTZ1_c03,Scholl_LUTZ1,Scholl,32,1894.0,c03,3,low,high,high,high,3042,published_results/extra_remaining_instances_2026-06-10/solutions/Scholl_LUTZ1_c03/epsilon_trace.csv,8,epsilon,7,226,True,,False,True,0,205.0,1849.1999999999998,9,4,5,True,False,0.22151496567,1849.2,99.988,3354,1391138,301.021892786026,1702.0,147.20000000000002,0.6891,14,18,0,0,0,0,0
Scholl_LUTZ1_c03,Scholl_LUTZ1,Scholl,32,1894.0,c03,3,low,high,high,high,3042,published_results/extra_remaining_instances_2026-06-10/solutions/Scholl_LUTZ1_c03/epsilon_trace.csv,9,epsilon,8,204,True,,False,True,0,197.0,1951.25,7,4,5,True,False,54.298825519,1951.25,97.2172,3738,1126675,301.0383059978485,1896.0,55.25,0.8833,9,11,0,0,0,6,6
Scholl_LUTZ1_c03,Scholl_LUTZ1,Scholl,32,1894.0,c03,3,low,high,high,high,3042,published_results/extra_remaining_instances_2026-06-10/solutions/Scholl_LUTZ1_c03/epsilon_trace.csv,10,epsilon,9,196,True,,False,True,0,192.0,2513.95,11,3,8,True,False,0.0,2513.95,100.0,3665,1446014,301.03330874443054,2187.0,326.95000000000005,0.5684,11,21,0,0,0,0,0
Scholl_LUTZ1_c03,Scholl_LUTZ1,Scholl,32,1894.0,c03,3,low,high,high,high,3042,published_results/extra_remaining_instances_2026-06-10/solutions/Scholl_LUTZ1_c03/epsilon_trace.csv,11,epsilon,10,191,True,,False,True,1,174.0,2346.1,9,3,6,True,False,92.1,2346.1,96.0743,3364,1702314,301.1257412433624,2202.0,144.1,0.7464,13,19,0,0,0,0,0
Scholl_LUTZ1_c03,Scholl_LUTZ1,Scholl,32,1894.0,c03,3,low,high,high,high,3042,published_results/extra_remaining_instances_2026-06-10/solutions/Scholl_LUTZ1_c03/epsilon_trace.csv,12,epsilon,11,173,True,,False,True,1,165.0,2197.5,8,3,5,True,False,105.47297323,2197.5,95.2003,3236,1242299,301.0924332141876,2147.0,50.5,0.8933,10,22,0,0,0,0,0
Scholl_LUTZ1_c03,Scholl_LUTZ1,Scholl,32,1894.0,c03,3,low,high,high,high,3042,published_results/extra_remaining_instances_2026-06-10/solutions/Scholl_LUTZ1_c03/epsilon_trace.csv,13,epsilon,12,164,True,,False,True,0,143.0,2833.95,9,2,7,True,False,140.1215601,2833.95,95.0556,3503,1283547,301.0827000141144,2684.0,149.95000000000002,0.7738,9,23,0,0,0,0,0
Scholl_LUTZ1_c03,Scholl_LUTZ1,Scholl,32,1894.0,c03,3,low,high,high,high,3042,published_results/extra_remaining_instances_2026-06-10/solutions/Scholl_LUTZ1_c03/epsilon_trace.csv,14,epsilon,13,142,True,,False,True,1,134.0,2687.75,8,2,6,True,False,370.3916499,2687.75,86.2193,5595,1990857,301.1009738445282,2625.0,62.75,0.8896,6,26,0,0,0,0,0
Scholl_LUTZ1_c03,Scholl_LUTZ1,Scholl,32,1894.0,c03,3,low,high,high,high,3042,published_results/extra_remaining_instances_2026-06-10/solutions/Scholl_LUTZ1_c03/epsilon_trace.csv,15,epsilon,14,133,True,,False,True,0,103.0,3200.5,8,1,7,True,False,1045.3759051,3200.5,67.3371,5748,2236174,301.12518787384033,3138.0,62.5,0.9057,2,30,0,0,0,0,0
Scholl_LUTZ1_c03,Scholl_LUTZ1,Scholl,32,1894.0,c03,3,low,high,high,high,3042,published_results/extra_remaining_instances_2026-06-10/solutions/Scholl_LUTZ1_c03/epsilon_trace.csv,16,epsilon,15,102,True,,False,True,0,72.0,3711.1999999999994,8,0,8,True,True,3711.2,3711.2,0.0,4968,531915,28.120223999023438,3645.0,66.2,0.9126,0,32,0,0,0,0,0
Scholl_LUTZ1_c03,Scholl_LUTZ1,Scholl,32,1894.0,c03,3,low,high,high,high,3042,published_results/extra_remaining_instances_2026-06-10/solutions/Scholl_LUTZ1_c03/epsilon_trace.csv,17,epsilon,16,71,False,infeasible,,,0,,,,,,,,,,,,,,,,,,,,,,,
Scholl_LUTZ1_c04,Scholl_LUTZ1,Scholl,32,1894.0,c04,4,mid,low,mid,high,4042,published_results/extra_remaining_instances_2026-06-10/solutions/Scholl_LUTZ1_c04/epsilon_trace.csv,1,E0_HI_only,0,,True,,False,True,0,320.0,0.0,8,8,0,True,True,320.0,320.0,0.0,32,6833,0.2166767120361328,0.0,0.0,,32,0,0,0,0,0,0
Scholl_LUTZ1_c04,Scholl_LUTZ1,Scholl,32,1894.0,c04,4,mid,low,mid,high,4042,published_results/extra_remaining_instances_2026-06-10/solutions/Scholl_LUTZ1_c04/epsilon_trace.csv,2,epsilon,1,319,True,,False,True,0,285.0,244.5,7,7,1,True,False,0.0,244.5,100.0,4444,1631584,301.0219976902008,221.0,23.5,0.7518,23,0,0,0,9,0,0
Scholl_LUTZ1_c04,Scholl_LUTZ1,Scholl,32,1894.0,c04,4,mid,low,mid,high,4042,published_results/extra_remaining_instances_2026-06-10/solutions/Scholl_LUTZ1_c04/epsilon_trace.csv,3,epsilon,2,284,True,,False,True,0,263.0,596.3,8,6,3,True,False,0.0,596.3,100.0,3843,1232308,301.0600378513336,431.0,165.3,0.4182,23,2,0,0,7,0,0
Scholl_LUTZ1_c04,Scholl_LUTZ1,Scholl,32,1894.0,c04,4,mid,low,mid,high,4042,published_results/extra_remaining_instances_2026-06-10/solutions/Scholl_LUTZ1_c04/epsilon_trace.csv,4,epsilon,3,262,True,,False,True,1,245.0,271.55,6,6,1,True,False,95.9640625,271.55,64.6606,3679,1640156,301.11780405044556,266.0,5.550000000000001,0.9414,22,0,0,0,10,0,0
Scholl_LUTZ1_c04,Scholl_LUTZ1,Scholl,32,1894.0,c04,4,mid,low,mid,high,4042,published_results/extra_remaining_instances_2026-06-10/solutions/Scholl_LUTZ1_c04/epsilon_trace.csv,5,epsilon,4,244,True,,False,True,0,210.0,505.8,5,5,2,True,False,0.0,505.8,100.0,3973,1546822,301.07010293006897,472.0,33.800000000000004,0.8215,12,0,0,0,20,0,0
Scholl_LUTZ1_c04,Scholl_LUTZ1,Scholl,32,1894.0,c04,4,mid,low,mid,high,4042,published_results/extra_remaining_instances_2026-06-10/solutions/Scholl_LUTZ1_c04/epsilon_trace.csv,6,epsilon,5,209,True,,False,True,0,175.0,740.1,4,4,3,True,False,112.37083168,740.1,84.8168,3340,1134845,301.0791938304901,682.0,58.1,0.7955,5,0,0,0,27,0,0
Scholl_LUTZ1_c04,Scholl_LUTZ1,Scholl,32,1894.0,c04,4,mid,low,mid,high,4042,published_results/extra_remaining_instances_2026-06-10/solutions/Scholl_LUTZ1_c04/epsilon_trace.csv,7,epsilon,6,174,True,,False,True,0,135.0,820.25,3,3,3,True,False,330.98374628,820.25,59.6484,6628,2760463,301.0557510852814,799.0,21.25,0.9252,0,0,0,0,32,0,0
Scholl_LUTZ1_c04,Scholl_LUTZ1,Scholl,32,1894.0,c04,4,mid,low,mid,high,4042,published_results/extra_remaining_instances_2026-06-10/solutions/Scholl_LUTZ1_c04/epsilon_trace.csv,8,epsilon,7,134,True,,False,True,0,117.0,1894.15,5,2,5,True,True,1894.15,1894.15,0.0,2264,893918,44.130192041397095,1874.0,20.150000000000002,0.9574,0,8,0,0,24,0,0
Scholl_LUTZ1_c04,Scholl_LUTZ1,Scholl,32,1894.0,c04,4,mid,low,mid,high,4042,published_results/extra_remaining_instances_2026-06-10/solutions/Scholl_LUTZ1_c04/epsilon_trace.csv,9,epsilon,8,116,True,,False,True,0,108.0,3414.3,8,1,8,True,True,3414.3,3414.3,0.0,652,303136,20.045059204101562,3362.0,52.300000000000004,0.931,0,22,0,0,10,0,0
Scholl_LUTZ1_c04,Scholl_LUTZ1,Scholl,32,1894.0,c04,4,mid,low,mid,high,4042,published_results/extra_remaining_instances_2026-06-10/solutions/Scholl_LUTZ1_c04/epsilon_trace.csv,10,epsilon,9,107,False,infeasible,,,0,,,,,,,,,,,,,,,,,,,,,,,
Scholl_LUTZ1_c05,Scholl_LUTZ1,Scholl,32,1894.0,c05,5,mid,mid,high,low,5042,published_results/extra_remaining_instances_2026-06-10/solutions/Scholl_LUTZ1_c05/epsilon_trace.csv,1,E0_HI_only,0,,True,,False,True,0,320.0,0.0,8,8,0,True,True,320.0,320.0,0.0,32,6833,0.21608710289001465,0.0,0.0,,32,0,0,0,0,0,0
Scholl_LUTZ1_c05,Scholl_LUTZ1,Scholl,32,1894.0,c05,5,mid,mid,high,low,5042,published_results/extra_remaining_instances_2026-06-10/solutions/Scholl_LUTZ1_c05/epsilon_trace.csv,2,epsilon,1,319,True,,False,True,0,298.0,585.15,9,7,2,True,False,0.0,585.15,100.0,3654,2063526,301.027884721756,500.0,85.15,0.5504,28,4,0,0,0,0,0
Scholl_LUTZ1_c05,Scholl_LUTZ1,Scholl,32,1894.0,c05,5,mid,mid,high,low,5042,published_results/extra_remaining_instances_2026-06-10/solutions/Scholl_LUTZ1_c05/epsilon_trace.csv,3,epsilon,2,297,True,,False,True,1,294.0,429.9,8,7,2,True,False,0.0,429.9,100.0,8327,2282336,301.03290581703186,343.0,86.9,0.5412,27,1,0,0,0,2,2
Scholl_LUTZ1_c05,Scholl_LUTZ1,Scholl,32,1894.0,c05,5,mid,mid,high,low,5042,published_results/extra_remaining_instances_2026-06-10/solutions/Scholl_LUTZ1_c05/epsilon_trace.csv,4,epsilon,3,293,True,,False,True,0,289.0,475.3,8,7,1,True,False,0.0,475.3,100.0,3773,1863078,301.03173780441284,473.0,2.3000000000000003,0.9757,30,2,0,0,0,0,0
Scholl_LUTZ1_c05,Scholl_LUTZ1,Scholl,32,1894.0,c05,5,mid,mid,high,low,5042,published_results/extra_remaining_instances_2026-06-10/solutions/Scholl_LUTZ1_c05/epsilon_trace.csv,5,epsilon,4,288,True,,False,True,0,267.0,1126.85,9,6,3,True,False,0.0,1126.85,100.0,4010,2058120,301.0343861579895,1060.0,66.85000000000001,0.7647,23,9,0,0,0,0,0
Scholl_LUTZ1_c05,Scholl_LUTZ1,Scholl,32,1894.0,c05,5,mid,mid,high,low,5042,published_results/extra_remaining_instances_2026-06-10/solutions/Scholl_LUTZ1_c05/epsilon_trace.csv,6,epsilon,5,266,True,,False,True,1,259.0,900.9,7,6,3,True,False,0.0,900.9,100.0,3654,1365931,301.0220351219177,851.0,49.900000000000006,0.8244,18,4,0,0,6,2,2
Scholl_LUTZ1_c05,Scholl_LUTZ1,Scholl,32,1894.0,c05,5,mid,mid,high,low,5042,published_results/extra_remaining_instances_2026-06-10/solutions/Scholl_LUTZ1_c05/epsilon_trace.csv,7,epsilon,6,258,True,,False,True,0,241.0,1658.6499999999999,9,5,5,True,False,2.4809872292,1658.65,99.8504,3614,1403583,301.0912220478058,1528.0,130.65,0.7241,16,10,0,0,0,4,2
Scholl_LUTZ1_c05,Scholl_LUTZ1,Scholl,32,1894.0,c05,5,mid,mid,high,low,5042,published_results/extra_remaining_instances_2026-06-10/solutions/Scholl_LUTZ1_c05/epsilon_trace.csv,8,epsilon,7,240,True,,False,True,0,237.0,1763.8499999999997,8,5,5,True,False,0.0,1763.85,100.0,5490,1826940,301.04662466049194,1672.0,91.85000000000001,0.806,12,9,0,0,0,7,4
Scholl_LUTZ1_c05,Scholl_LUTZ1,Scholl,32,1894.0,c05,5,mid,mid,high,low,5042,published_results/extra_remaining_instances_2026-06-10/solutions/Scholl_LUTZ1_c05/epsilon_trace.csv,9,epsilon,8,236,True,,False,True,1,236.0,1747.2500000000002,9,5,4,True,False,18.463945773,1747.25,98.9433,3181,1540621,301.03633284568787,1708.0,39.25,0.8964,20,12,0,0,0,0,0
Scholl_LUTZ1_c05,Scholl_LUTZ1,Scholl,32,1894.0,c05,5,mid,mid,high,low,5042,published_results/extra_remaining_instances_2026-06-10/solutions/Scholl_LUTZ1_c05/epsilon_trace.csv,10,epsilon,9,235,True,,False,True,2,229.0,1387.0,6,5,5,True,False,19.571189346,1387.0,98.589,3264,1239669,301.0442852973938,1310.0,77.0,0.8374,2,3,0,0,20,5,2
Scholl_LUTZ1_c05,Scholl_LUTZ1,Scholl,32,1894.0,c05,5,mid,mid,high,low,5042,published_results/extra_remaining_instances_2026-06-10/solutions/Scholl_LUTZ1_c05/epsilon_trace.csv,11,epsilon,10,228,True,,False,True,0,219.0,2530.7499999999995,10,4,7,True,False,9.0772842145,2530.75,99.6413,3423,1462651,301.0517609119415,2358.0,172.75,0.7394,13,12,0,0,0,4,3
Scholl_LUTZ1_c05,Scholl_LUTZ1,Scholl,32,1894.0,c05,5,mid,mid,high,low,5042,published_results/extra_remaining_instances_2026-06-10/solutions/Scholl_LUTZ1_c05/epsilon_trace.csv,12,epsilon,11,218,True,,False,True,1,206.0,2120.0500000000006,8,4,6,True,False,0.0,2120.05,100.0,3647,1763116,301.08300375938416,2039.0,81.05000000000001,0.8574,9,11,0,0,12,0,0
Scholl_LUTZ1_c05,Scholl_LUTZ1,Scholl,32,1894.0,c05,5,mid,mid,high,low,5042,published_results/extra_remaining_instances_2026-06-10/solutions/Scholl_LUTZ1_c05/epsilon_trace.csv,13,epsilon,12,205,True,,False,True,0,201.0,3363.5500000000006,12,3,9,True,False,0.33288029934,3363.55,99.9901,3355,1101900,301.0295159816742,3112.0,251.55,0.7049,11,21,0,0,0,0,0
Scholl_LUTZ1_c05,Scholl_LUTZ1,Scholl,32,1894.0,c05,5,mid,mid,high,low,5042,published_results/extra_remaining_instances_2026-06-10/solutions/Scholl_LUTZ1_c05/epsilon_trace.csv,14,epsilon,13,200,True,,False,True,1,197.0,3320.85,11,3,9,True,False,103.57543082,3320.85,96.8811,3338,1443435,301.0133261680603,3116.0,204.85000000000002,0.7597,8,20,0,0,4,0,0
Scholl_LUTZ1_c05,Scholl_LUTZ1,Scholl,32,1894.0,c05,5,mid,mid,high,low,5042,published_results/extra_remaining_instances_2026-06-10/solutions/Scholl_LUTZ1_c05/epsilon_trace.csv,15,epsilon,14,196,True,,False,True,1,184.0,2904.55,9,3,8,True,False,135.11421406,2904.55,95.3482,5346,1863390,301.0294327735901,2775.0,129.55,0.829,2,16,0,0,8,3,3
Scholl_LUTZ1_c05,Scholl_LUTZ1,Scholl,32,1894.0,c05,5,mid,mid,high,low,5042,published_results/extra_remaining_instances_2026-06-10/solutions/Scholl_LUTZ1_c05/epsilon_trace.csv,16,epsilon,15,183,True,,False,True,1,175.0,2866.5,8,3,7,True,False,109.15,2866.5,96.1922,3363,1645761,301.0009889602661,2833.0,33.5,0.9495,4,16,0,0,7,2,3
Scholl_LUTZ1_c05,Scholl_LUTZ1,Scholl,32,1894.0,c05,5,mid,mid,high,low,5042,published_results/extra_remaining_instances_2026-06-10/solutions/Scholl_LUTZ1_c05/epsilon_trace.csv,17,epsilon,16,174,True,,False,True,0,166.0,3905.15,11,2,10,True,False,120.91807763,3905.15,96.9036,4883,1485988,301.0181519985199,3723.0,182.15,0.8077,5,24,0,0,3,0,0
Scholl_LUTZ1_c05,Scholl_LUTZ1,Scholl,32,1894.0,c05,5,mid,mid,high,low,5042,published_results/extra_remaining_instances_2026-06-10/solutions/Scholl_LUTZ1_c05/epsilon_trace.csv,18,epsilon,17,165,True,,False,True,1,157.0,3694.8,10,2,9,True,False,234.91690252,3694.8,93.642,5215,1908490,301.03096199035645,3580.0,114.80000000000001,0.8653,2,22,0,0,8,0,0
Scholl_LUTZ1_c05,Scholl_LUTZ1,Scholl,32,1894.0,c05,5,mid,mid,high,low,5042,published_results/extra_remaining_instances_2026-06-10/solutions/Scholl_LUTZ1_c05/epsilon_trace.csv,19,epsilon,18,156,False,infeasible,,,0,,,,,,,,,,,,,,,,,,,,,,,
Scholl_LUTZ1_c06,Scholl_LUTZ1,Scholl,32,1894.0,c06,6,mid,high,low,mid,6042,published_results/extra_remaining_instances_2026-06-10/solutions/Scholl_LUTZ1_c06/epsilon_trace.csv,1,E0_HI_only,0,,True,,False,True,0,320.0,0.0,8,8,0,True,True,320.0,320.0,0.0,32,6833,0.2126908302307129,0.0,0.0,,32,0,0,0,0,0,0
Scholl_LUTZ1_c06,Scholl_LUTZ1,Scholl,32,1894.0,c06,6,mid,high,low,mid,6042,published_results/extra_remaining_instances_2026-06-10/solutions/Scholl_LUTZ1_c06/epsilon_trace.csv,2,epsilon,1,319,True,,False,True,0,307.0,904.4000000000001,10,7,3,True,False,0.0,904.4,100.0,4440,1921815,301.03445982933044,775.0,129.4,0.5445,27,5,0,0,0,0,0
Scholl_LUTZ1_c06,Scholl_LUTZ1,Scholl,32,1894.0,c06,6,mid,high,low,mid,6042,published_results/extra_remaining_instances_2026-06-10/solutions/Scholl_LUTZ1_c06/epsilon_trace.csv,3,epsilon,2,306,True,,False,True,0,285.0,1331.0000000000002,11,6,5,True,False,0.0,1331.0,100.0,4049,1615656,301.0374300479889,1072.0,259.0,0.453,24,8,0,0,0,0,0
Scholl_LUTZ1_c06,Scholl_LUTZ1,Scholl,32,1894.0,c06,6,mid,high,low,mid,6042,published_results/extra_remaining_instances_2026-06-10/solutions/Scholl_LUTZ1_c06/epsilon_trace.csv,4,epsilon,3,284,True,,False,True,1,267.0,1189.8500000000001,9,6,3,True,False,0.0,1189.85,100.0,3805,1794747,301.00488805770874,1115.0,74.85000000000001,0.7365,23,9,0,0,0,0,0
Scholl_LUTZ1_c06,Scholl_LUTZ1,Scholl,32,1894.0,c06,6,mid,high,low,mid,6042,published_results/extra_remaining_instances_2026-06-10/solutions/Scholl_LUTZ1_c06/epsilon_trace.csv,5,epsilon,4,266,True,,False,True,0,245.0,1906.6,10,5,5,True,False,0.0,1906.6,100.0,4253,1574363,301.0396809577942,1780.0,126.60000000000001,0.7326,20,12,0,0,0,0,0
Scholl_LUTZ1_c06,Scholl_LUTZ1,Scholl,32,1894.0,c06,6,mid,high,low,mid,6042,published_results/extra_remaining_instances_2026-06-10/solutions/Scholl_LUTZ1_c06/epsilon_trace.csv,6,epsilon,5,244,True,,False,True,0,223.0,2498.75,11,4,7,True,False,1.3294552945,2498.75,99.9468,3349,1304181,301.0293719768524,2282.0,216.75,0.673,15,17,0,0,0,0,0
Scholl_LUTZ1_c06,Scholl_LUTZ1,Scholl,32,1894.0,c06,6,mid,high,low,mid,6042,published_results/extra_remaining_instances_2026-06-10/solutions/Scholl_LUTZ1_c06/epsilon_trace.csv,7,epsilon,6,222,True,,False,True,0,219.0,2562.2,10,4,7,True,False,106.3,2562.2,95.8512,3408,1623648,301.0090539455414,2393.0,169.20000000000002,0.7448,11,15,0,0,0,3,3
Scholl_LUTZ1_c06,Scholl_LUTZ1,Scholl,32,1894.0,c06,6,mid,high,low,mid,6042,published_results/extra_remaining_instances_2026-06-10/solutions/Scholl_LUTZ1_c06/epsilon_trace.csv,8,epsilon,7,218,True,,False,True,2,210.0,2427.8999999999996,9,4,6,True,False,14.050480849,2427.9,99.4213,3365,1308789,301.0528109073639,2353.0,74.9,0.8682,12,16,0,0,0,2,2
Scholl_LUTZ1_c06,Scholl_LUTZ1,Scholl,32,1894.0,c06,6,mid,high,low,mid,6042,published_results/extra_remaining_instances_2026-06-10/solutions/Scholl_LUTZ1_c06/epsilon_trace.csv,9,epsilon,8,209,True,,False,True,0,188.0,3180.85,10,3,8,True,False,8.3520631343,3180.85,99.7374,3424,1421075,301.1030592918396,3046.0,134.85,0.822,8,21,0,0,0,1,2
Scholl_LUTZ1_c06,Scholl_LUTZ1,Scholl,32,1894.0,c06,6,mid,high,low,mid,6042,published_results/extra_remaining_instances_2026-06-10/solutions/Scholl_LUTZ1_c06/epsilon_trace.csv,10,epsilon,9,187,True,,False,True,1,183.0,3074.5499999999997,10,3,7,True,False,107.14990487,3074.55,96.5149,3514,2179955,301.0092239379883,2987.0,87.55000000000001,0.8679,13,19,0,0,0,0,0
Scholl_LUTZ1_c06,Scholl_LUTZ1,Scholl,32,1894.0,c06,6,mid,high,low,mid,6042,published_results/extra_remaining_instances_2026-06-10/solutions/Scholl_LUTZ1_c06/epsilon_trace.csv,11,epsilon,10,182,False,infeasible,,,0,,,,,,,,,,,,,,,,,,,,,,,
Scholl_LUTZ1_c07,Scholl_LUTZ1,Scholl,32,1894.0,c07,7,high,low,high,mid,7042,published_results/extra_remaining_instances_2026-06-10/solutions/Scholl_LUTZ1_c07/epsilon_trace.csv,1,E0_HI_only,0,,True,,False,True,0,320.0,0.0,8,8,0,True,True,320.0,320.0,0.0,32,6833,0.443540096282959,0.0,0.0,,32,0,0,0,0,0,0
Scholl_LUTZ1_c07,Scholl_LUTZ1,Scholl,32,1894.0,c07,7,high,low,high,mid,7042,published_results/extra_remaining_instances_2026-06-10/solutions/Scholl_LUTZ1_c07/epsilon_trace.csv,2,epsilon,1,319,True,,False,True,0,285.0,214.65,7,7,1,True,False,0.0,214.65,100.0,4439,2720306,301.0795078277588,180.0,34.65,0.6341,27,0,0,0,5,0,0
Scholl_LUTZ1_c07,Scholl_LUTZ1,Scholl,32,1894.0,c07,7,high,low,high,mid,7042,published_results/extra_remaining_instances_2026-06-10/solutions/Scholl_LUTZ1_c07/epsilon_trace.csv,3,epsilon,2,284,True,,False,True,0,250.0,438.55,6,6,2,True,False,3.8006305577,438.55,99.1334,3271,1593520,301.02530813217163,373.0,65.55,0.6539,20,0,0,0,12,0,0
Scholl_LUTZ1_c07,Scholl_LUTZ1,Scholl,32,1894.0,c07,7,high,low,high,mid,7042,published_results/extra_remaining_instances_2026-06-10/solutions/Scholl_LUTZ1_c07/epsilon_trace.csv,4,epsilon,3,249,True,,False,True,1,245.0,284.05,6,6,1,True,False,0.01694002314,284.05,99.994,3859,3040546,301.04548692703247,282.0,2.0500000000000003,0.9784,19,0,0,0,13,0,0
Scholl_LUTZ1_c07,Scholl_LUTZ1,Scholl,32,1894.0,c07,7,high,low,high,mid,7042,published_results/extra_remaining_instances_2026-06-10/solutions/Scholl_LUTZ1_c07/epsilon_trace.csv,5,epsilon,4,244,True,,False,True,0,210.0,526.0,5,5,2,True,False,60.930743862,526.0,88.4162,3317,2320959,301.0293860435486,505.0,21.0,0.8891,13,0,0,0,19,0,0
Scholl_LUTZ1_c07,Scholl_LUTZ1,Scholl,32,1894.0,c07,7,high,low,high,mid,7042,published_results/extra_remaining_instances_2026-06-10/solutions/Scholl_LUTZ1_c07/epsilon_trace.csv,6,epsilon,5,209,True,,False,True,0,175.0,743.6,4,4,3,True,False,89.190014021,743.6,88.0056,3325,1179521,301.0518217086792,685.0,58.6,0.7937,5,0,0,0,27,0,0
Scholl_LUTZ1_c07,Scholl_LUTZ1,Scholl,32,1894.0,c07,7,high,low,high,mid,7042,published_results/extra_remaining_instances_2026-06-10/solutions/Scholl_LUTZ1_c07/epsilon_trace.csv,7,epsilon,6,174,True,,False,True,0,162.0,1823.6499999999999,6,3,6,True,False,112.65,1823.65,93.8228,5669,1870446,301.01665902137756,1692.0,131.65,0.7683,0,6,0,0,21,4,1
Scholl_LUTZ1_c07,Scholl_LUTZ1,Scholl,32,1894.0,c07,7,high,low,high,mid,7042,published_results/extra_remaining_instances_2026-06-10/solutions/Scholl_LUTZ1_c07/epsilon_trace.csv,8,epsilon,7,161,True,,False,True,1,135.0,820.2,3,3,3,True,True,820.2,820.2,0.0,4212,1763820,158.32098817825317,800.0,20.200000000000003,0.9289,0,0,0,0,32,0,0
Scholl_LUTZ1_c07,Scholl_LUTZ1,Scholl,32,1894.0,c07,7,high,low,high,mid,7042,published_results/extra_remaining_instances_2026-06-10/solutions/Scholl_LUTZ1_c07/epsilon_trace.csv,9,epsilon,8,134,False,infeasible,,,0,,,,,,,,,,,,,,,,,,,,,,,
Scholl_LUTZ1_c08,Scholl_LUTZ1,Scholl,32,1894.0,c08,8,high,mid,low,high,8042,published_results/extra_remaining_instances_2026-06-10/solutions/Scholl_LUTZ1_c08/epsilon_trace.csv,1,E0_HI_only,0,,True,,False,True,0,320.0,0.0,8,8,0,True,True,320.0,320.0,0.0,32,6833,0.2776782512664795,0.0,0.0,,32,0,0,0,0,0,0
Scholl_LUTZ1_c08,Scholl_LUTZ1,Scholl,32,1894.0,c08,8,high,mid,low,high,8042,published_results/extra_remaining_instances_2026-06-10/solutions/Scholl_LUTZ1_c08/epsilon_trace.csv,2,epsilon,1,319,True,,False,True,0,294.0,515.0,8,7,2,True,False,0.0,515.0,100.0,5013,1747969,301.0494318008423,449.0,66.0,0.6515,24,1,0,0,7,0,0
Scholl_LUTZ1_c08,Scholl_LUTZ1,Scholl,32,1894.0,c08,8,high,mid,low,high,8042,published_results/extra_remaining_instances_2026-06-10/solutions/Scholl_LUTZ1_c08/epsilon_trace.csv,3,epsilon,2,293,True,,False,True,1,290.0,477.75,7,7,2,True,False,104.61547288,477.75,78.1025,10016,2990969,301.0376727581024,435.0,42.75,0.7743,24,0,0,0,8,0,0
Scholl_LUTZ1_c08,Scholl_LUTZ1,Scholl,32,1894.0,c08,8,high,mid,low,high,8042,published_results/extra_remaining_instances_2026-06-10/solutions/Scholl_LUTZ1_c08/epsilon_trace.csv,4,epsilon,3,289,True,,False,True,0,268.0,1206.65,8,6,4,True,False,4.1371700859,1206.65,99.6571,5612,1905806,301.04894185066223,1125.0,81.65,0.7845,15,2,0,0,15,0,0
Scholl_LUTZ1_c08,Scholl_LUTZ1,Scholl,32,1894.0,c08,8,high,mid,low,high,8042,published_results/extra_remaining_instances_2026-06-10/solutions/Scholl_LUTZ1_c08/epsilon_trace.csv,5,epsilon,4,267,True,,False,True,1,260.0,1087.1,6,6,4,True,False,94.7,1087.1,91.2887,3708,1350509,301.0542390346527,1064.0,23.1,0.939,11,0,0,0,18,2,1
Scholl_LUTZ1_c08,Scholl_LUTZ1,Scholl,32,1894.0,c08,8,high,mid,low,high,8042,published_results/extra_remaining_instances_2026-06-10/solutions/Scholl_LUTZ1_c08/epsilon_trace.csv,6,epsilon,5,259,True,,False,True,0,251.0,2162.2999999999997,9,5,7,True,False,110.08674699,2162.3,94.9088,10194,2802286,600.9986481666565,1992.0,170.3,0.7431,7,5,0,0,20,0,0
Scholl_LUTZ1_c08,Scholl_LUTZ1,Scholl,32,1894.0,c08,8,high,mid,low,high,8042,published_results/extra_remaining_instances_2026-06-10/solutions/Scholl_LUTZ1_c08/epsilon_trace.csv,7,epsilon,6,250,True,,False,True,0,250.0,3795.75,14,4,10,True,False,4.1371700859,3795.75,99.891,3296,1605289,301.0537521839142,3538.0,257.75,0.7278,16,16,0,0,0,0,0
Scholl_LUTZ1_c08,Scholl_LUTZ1,Scholl,32,1894.0,c08,8,high,mid,low,high,8042,published_results/extra_remaining_instances_2026-06-10/solutions/Scholl_LUTZ1_c08/epsilon_trace.csv,8,epsilon,7,249,True,,False,True,2,242.0,1881.0500000000002,8,5,6,True,False,15.909506894,1881.05,99.1542,5208,1297469,301.04739594459534,1768.0,113.05000000000001,0.801,7,6,0,0,19,0,0
Scholl_LUTZ1_c08,Scholl_LUTZ1,Scholl,32,1894.0,c08,8,high,mid,low,high,8042,published_results/extra_remaining_instances_2026-06-10/solutions/Scholl_LUTZ1_c08/epsilon_trace.csv,9,epsilon,8,241,False,infeasible,,,0,,,,,,,,,,,,,,,,,,,,,,,
Scholl_LUTZ1_c09,Scholl_LUTZ1,Scholl,32,1894.0,c09,9,high,high,mid,low,9042,published_results/extra_remaining_instances_2026-06-10/solutions/Scholl_LUTZ1_c09/epsilon_trace.csv,1,E0_HI_only,0,,True,,False,True,0,320.0,0.0,8,8,0,True,True,320.0,320.0,0.0,32,6833,1.5142440795898438,0.0,0.0,,32,0,0,0,0,0,0
Scholl_LUTZ1_c09,Scholl_LUTZ1,Scholl,32,1894.0,c09,9,high,high,mid,low,9042,published_results/extra_remaining_instances_2026-06-10/solutions/Scholl_LUTZ1_c09/epsilon_trace.csv,2,epsilon,1,319,True,,False,True,0,308.0,767.95,9,7,4,True,False,3.2595086165,767.95,99.5756,4127,1542808,301.0251839160919,550.0,217.95000000000002,0.4246,21,2,0,0,0,7,2
Scholl_LUTZ1_c09,Scholl_LUTZ1,Scholl,32,1894.0,c09,9,high,high,mid,low,9042,published_results/extra_remaining_instances_2026-06-10/solutions/Scholl_LUTZ1_c09/epsilon_trace.csv,3,epsilon,2,307,True,,False,True,1,298.0,738.2,9,7,2,True,False,0.0,738.2,100.0,4243,1665996,301.03395891189575,687.0,51.2,0.7297,28,4,0,0,0,0,0
Scholl_LUTZ1_c09,Scholl_LUTZ1,Scholl,32,1894.0,c09,9,high,high,mid,low,9042,published_results/extra_remaining_instances_2026-06-10/solutions/Scholl_LUTZ1_c09/epsilon_trace.csv,4,epsilon,3,297,True,,False,True,0,282.0,1436.5000000000002,9,6,6,True,False,0.0,1436.5,100.0,5498,1931608,301.0402789115906,1218.0,218.5,0.6155,15,4,0,0,0,8,5
Scholl_LUTZ1_c09,Scholl_LUTZ1,Scholl,32,1894.0,c09,9,high,high,mid,low,9042,published_results/extra_remaining_instances_2026-06-10/solutions/Scholl_LUTZ1_c09/epsilon_trace.csv,5,epsilon,4,281,True,,False,True,0,276.0,1689.9,10,6,4,True,False,0.0,1689.9,100.0,4120,1489029,301.05113792419434,1632.0,57.900000000000006,0.8471,24,8,0,0,0,0,0
Scholl_LUTZ1_c09,Scholl_LUTZ1,Scholl,32,1894.0,c09,9,high,high,mid,low,9042,published_results/extra_remaining_instances_2026-06-10/solutions/Scholl_LUTZ1_c09/epsilon_trace.csv,6,epsilon,5,275,False,infeasible,,,0,,,,,,,,,,,,,,,,,,,,,,,
Scholl_ROSZIEG_c01,Scholl_ROSZIEG,Scholl,25,19.0,c01,1,low,low,low,low,1042,published_results/extra_remaining_instances_2026-06-10/solutions/Scholl_ROSZIEG_c01/epsilon_trace.csv,1,E0_HI_only,0,,True,,False,True,0,280.0,0.0,7,7,0,True,True,280.0,280.0,0.0,0,833,0.07488727569580078,0.0,0.0,,25,0,0,0,0,0,0
Scholl_ROSZIEG_c01,Scholl_ROSZIEG,Scholl,25,19.0,c01,1,low,low,low,low,1042,published_results/extra_remaining_instances_2026-06-10/solutions/Scholl_ROSZIEG_c01/epsilon_trace.csv,2,epsilon,1,279,True,,False,True,0,245.0,3.0,6,6,1,True,False,1.55,3.0,48.3333,12006,3426386,300.5337200164795,3.0,0.0,1.0,20,0,0,0,0,3,2
Scholl_ROSZIEG_c01,Scholl_ROSZIEG,Scholl,25,19.0,c01,1,low,low,low,low,1042,published_results/extra_remaining_instances_2026-06-10/solutions/Scholl_ROSZIEG_c01/epsilon_trace.csv,3,epsilon,2,244,True,,False,True,0,210.0,9.15,5,5,2,True,False,2.4623239437,9.15,73.0894,16017,2725122,300.6399359703064,9.0,0.15000000000000002,0.9211,14,0,0,0,6,3,2
Scholl_ROSZIEG_c01,Scholl_ROSZIEG,Scholl,25,19.0,c01,1,low,low,low,low,1042,published_results/extra_remaining_instances_2026-06-10/solutions/Scholl_ROSZIEG_c01/epsilon_trace.csv,4,epsilon,3,209,True,,False,True,0,188.0,16.950000000000003,6,4,4,True,False,0.275,16.95,98.3776,9197,2705623,300.6077938079834,16.0,0.9500000000000001,0.75,8,4,0,0,6,4,3
Scholl_ROSZIEG_c01,Scholl_ROSZIEG,Scholl,25,19.0,c01,1,low,low,low,low,1042,published_results/extra_remaining_instances_2026-06-10/solutions/Scholl_ROSZIEG_c01/epsilon_trace.csv,5,epsilon,4,187,True,,False,True,1,184.0,14.75,5,4,4,True,False,2.6985169936,14.75,81.705,24672,3325769,300.57089471817017,14.0,0.75,0.8026,5,1,0,0,6,8,5
Scholl_ROSZIEG_c01,Scholl_ROSZIEG,Scholl,25,19.0,c01,1,low,low,low,low,1042,published_results/extra_remaining_instances_2026-06-10/solutions/Scholl_ROSZIEG_c01/epsilon_trace.csv,6,epsilon,5,183,True,,False,True,0,179.0,16.05,5,4,3,True,False,1.8956107358,16.05,88.1893,11501,2320956,300.5379137992859,16.0,0.05,0.9825,8,4,0,0,7,4,2
Scholl_ROSZIEG_c01,Scholl_ROSZIEG,Scholl,25,19.0,c01,1,low,low,low,low,1042,published_results/extra_remaining_instances_2026-06-10/solutions/Scholl_ROSZIEG_c01/epsilon_trace.csv,7,epsilon,6,178,True,,False,True,0,175.0,17.1,4,4,3,True,False,4.7666666667,17.1,72.1248,21377,3634103,300.5467870235443,17.0,0.1,0.9649,5,0,0,0,14,4,2
Scholl_ROSZIEG_c01,Scholl_ROSZIEG,Scholl,25,19.0,c01,1,low,low,low,low,1042,published_results/extra_remaining_instances_2026-06-10/solutions/Scholl_ROSZIEG_c01/epsilon_trace.csv,8,epsilon,7,174,True,,False,True,0,166.0,23.0,7,3,6,True,False,3.8040901445,23.0,83.4605,11523,3458164,300.5877478122711,21.0,2.0,0.6491,6,8,0,0,6,3,2
Scholl_ROSZIEG_c01,Scholl_ROSZIEG,Scholl,25,19.0,c01,1,low,low,low,low,1042,published_results/extra_remaining_instances_2026-06-10/solutions/Scholl_ROSZIEG_c01/epsilon_trace.csv,9,epsilon,8,165,True,,False,True,1,152.0,21.6,6,3,4,True,False,1.7705917674,21.6,91.8028,9202,3120897,300.53438901901245,21.0,0.6000000000000001,0.8421,11,7,0,0,7,0,0
Scholl_ROSZIEG_c01,Scholl_ROSZIEG,Scholl,25,19.0,c01,1,low,low,low,low,1042,published_results/extra_remaining_instances_2026-06-10/solutions/Scholl_ROSZIEG_c01/epsilon_trace.csv,10,epsilon,9,151,True,,False,True,0,148.0,23.45,5,3,4,True,False,3.55,23.45,84.8614,7302,3244808,300.5303370952606,23.0,0.45,0.8816,5,7,0,0,13,0,0
Scholl_ROSZIEG_c01,Scholl_ROSZIEG,Scholl,25,19.0,c01,1,low,low,low,low,1042,published_results/extra_remaining_instances_2026-06-10/solutions/Scholl_ROSZIEG_c01/epsilon_trace.csv,11,epsilon,10,147,True,,False,True,1,144.0,23.150000000000002,4,3,4,True,False,4.2346325129,23.15,81.7079,9697,2962922,300.5657069683075,23.0,0.15000000000000002,0.9605,0,4,0,0,14,5,2
Scholl_ROSZIEG_c01,Scholl_ROSZIEG,Scholl,25,19.0,c01,1,low,low,low,low,1042,published_results/extra_remaining_instances_2026-06-10/solutions/Scholl_ROSZIEG_c01/epsilon_trace.csv,12,epsilon,11,143,True,,False,True,0,117.0,28.1,5,2,5,True,False,3.55,28.1,87.3665,9703,3032654,300.6081669330597,28.0,0.1,0.9789,0,11,0,0,7,5,2
Scholl_ROSZIEG_c01,Scholl_ROSZIEG,Scholl,25,19.0,c01,1,low,low,low,low,1042,published_results/extra_remaining_instances_2026-06-10/solutions/Scholl_ROSZIEG_c01/epsilon_trace.csv,13,epsilon,12,116,True,,False,True,0,99.0,37.65,7,1,7,True,True,37.65,37.65,0.0,58492,5289100,294.3703100681305,37.0,0.65,0.9023,0,18,0,0,0,5,2
Scholl_ROSZIEG_c01,Scholl_ROSZIEG,Scholl,25,19.0,c01,1,low,low,low,low,1042,published_results/extra_remaining_instances_2026-06-10/solutions/Scholl_ROSZIEG_c01/epsilon_trace.csv,14,epsilon,13,98,True,,False,True,0,94.0,38.099999999999994,7,1,6,True,True,38.1,38.1,0.0,1559,251146,15.254075288772583,38.0,0.1,0.9825,6,19,0,0,0,0,0
Scholl_ROSZIEG_c01,Scholl_ROSZIEG,Scholl,25,19.0,c01,1,low,low,low,low,1042,published_results/extra_remaining_instances_2026-06-10/solutions/Scholl_ROSZIEG_c01/epsilon_trace.csv,15,epsilon,14,93,True,,False,True,0,90.0,38.349999999999994,6,1,6,True,True,38.35,38.35,0.0,798,185066,13.035409927368164,38.0,0.35000000000000003,0.9386,0,18,0,0,7,0,0
Scholl_ROSZIEG_c01,Scholl_ROSZIEG,Scholl,25,19.0,c01,1,low,low,low,low,1042,published_results/extra_remaining_instances_2026-06-10/solutions/Scholl_ROSZIEG_c01/epsilon_trace.csv,16,epsilon,15,89,True,,False,True,0,72.0,47.89999999999999,8,0,8,True,True,47.9,47.9,0.0,0,9124,7.230108976364136,47.0,0.9,0.8816,0,25,0,0,0,0,0
Scholl_ROSZIEG_c01,Scholl_ROSZIEG,Scholl,25,19.0,c01,1,low,low,low,low,1042,published_results/extra_remaining_instances_2026-06-10/solutions/Scholl_ROSZIEG_c01/epsilon_trace.csv,17,epsilon,16,71,False,infeasible,,,0,,,,,,,,,,,,,,,,,,,,,,,
Scholl_ROSZIEG_c02,Scholl_ROSZIEG,Scholl,25,19.0,c02,2,low,mid,mid,mid,2042,published_results/extra_remaining_instances_2026-06-10/solutions/Scholl_ROSZIEG_c02/epsilon_trace.csv,1,E0_HI_only,0,,True,,False,True,0,280.0,0.0,7,7,0,True,True,280.0,280.0,0.0,0,833,0.07843708992004395,0.0,0.0,,25,0,0,0,0,0,0
Scholl_ROSZIEG_c02,Scholl_ROSZIEG,Scholl,25,19.0,c02,2,low,mid,mid,mid,2042,published_results/extra_remaining_instances_2026-06-10/solutions/Scholl_ROSZIEG_c02/epsilon_trace.csv,2,epsilon,1,279,True,,False,True,0,258.0,5.15,8,6,2,True,False,1.75,5.15,66.0194,14039,3950307,300.52190613746643,4.0,1.1500000000000001,0.3947,23,2,0,0,0,0,0
Scholl_ROSZIEG_c02,Scholl_ROSZIEG,Scholl,25,19.0,c02,2,low,mid,mid,mid,2042,published_results/extra_remaining_instances_2026-06-10/solutions/Scholl_ROSZIEG_c02/epsilon_trace.csv,3,epsilon,2,257,True,,False,True,0,249.0,5.2,7,6,1,True,False,1.6414535898,5.2,68.4336,12174,2504017,300.5675039291382,5.0,0.2,0.7895,22,3,0,0,0,0,0
Scholl_ROSZIEG_c02,Scholl_ROSZIEG,Scholl,25,19.0,c02,2,low,mid,mid,mid,2042,published_results/extra_remaining_instances_2026-06-10/solutions/Scholl_ROSZIEG_c02/epsilon_trace.csv,4,epsilon,3,248,True,,False,True,0,227.0,11.15,8,5,3,True,False,0.95,11.15,91.4798,6965,3337879,300.56136894226074,10.0,1.1500000000000001,0.5965,20,5,0,0,0,0,0
Scholl_ROSZIEG_c02,Scholl_ROSZIEG,Scholl,25,19.0,c02,2,low,mid,mid,mid,2042,published_results/extra_remaining_instances_2026-06-10/solutions/Scholl_ROSZIEG_c02/epsilon_trace.csv,5,epsilon,4,226,True,,False,True,0,218.0,12.100000000000001,7,5,2,True,False,0.95,12.1,92.1488,10559,2332899,300.55566692352295,12.0,0.1,0.9474,19,6,0,0,0,0,0
Scholl_ROSZIEG_c02,Scholl_ROSZIEG,Scholl,25,19.0,c02,2,low,mid,mid,mid,2042,published_results/extra_remaining_instances_2026-06-10/solutions/Scholl_ROSZIEG_c02/epsilon_trace.csv,6,epsilon,5,217,True,,False,True,0,205.0,18.1,9,4,5,True,False,1.65,18.1,90.884,7119,1875408,300.53764486312866,16.0,2.1,0.5579,17,8,0,0,0,0,0
Scholl_ROSZIEG_c02,Scholl_ROSZIEG,Scholl,25,19.0,c02,2,low,mid,mid,mid,2042,published_results/extra_remaining_instances_2026-06-10/solutions/Scholl_ROSZIEG_c02/epsilon_trace.csv,7,epsilon,6,204,True,,False,True,1,187.0,17.25,7,4,3,True,False,1.4457521655,17.25,91.6188,5176,2596864,300.52465415000916,17.0,0.25,0.9123,16,9,0,0,0,0,0
Scholl_ROSZIEG_c02,Scholl_ROSZIEG,Scholl,25,19.0,c02,2,low,mid,mid,mid,2042,published_results/extra_remaining_instances_2026-06-10/solutions/Scholl_ROSZIEG_c02/epsilon_trace.csv,8,epsilon,7,186,True,,False,True,0,165.0,24.099999999999998,8,3,5,True,False,3.4176726295,24.1,85.8188,10643,3565245,300.52370595932007,23.0,1.1,0.7684,13,12,0,0,0,0,0
Scholl_ROSZIEG_c02,Scholl_ROSZIEG,Scholl,25,19.0,c02,2,low,mid,mid,mid,2042,published_results/extra_remaining_instances_2026-06-10/solutions/Scholl_ROSZIEG_c02/epsilon_trace.csv,9,epsilon,8,164,True,,False,True,0,156.0,24.200000000000003,7,3,4,True,False,1.9480238118,24.2,91.9503,7523,2351439,300.5413658618927,24.0,0.2,0.9474,14,11,0,0,0,0,0
Scholl_ROSZIEG_c02,Scholl_ROSZIEG,Scholl,25,19.0,c02,2,low,mid,mid,mid,2042,published_results/extra_remaining_instances_2026-06-10/solutions/Scholl_ROSZIEG_c02/epsilon_trace.csv,10,epsilon,9,155,True,,False,True,0,134.0,33.099999999999994,8,2,6,True,False,3.4469597249,33.1,89.5862,7772,2796314,300.5699179172516,32.0,1.1,0.807,9,16,0,0,0,0,0
Scholl_ROSZIEG_c02,Scholl_ROSZIEG,Scholl,25,19.0,c02,2,low,mid,mid,mid,2042,published_results/extra_remaining_instances_2026-06-10/solutions/Scholl_ROSZIEG_c02/epsilon_trace.csv,11,epsilon,10,133,True,,False,True,1,130.0,30.8,7,2,6,True,False,14.85,30.8,51.7857,24008,3581807,300.6497120857239,30.0,0.8,0.8596,6,13,0,0,0,4,2
Scholl_ROSZIEG_c02,Scholl_ROSZIEG,Scholl,25,19.0,c02,2,low,mid,mid,mid,2042,published_results/extra_remaining_instances_2026-06-10/solutions/Scholl_ROSZIEG_c02/epsilon_trace.csv,12,epsilon,11,129,True,,False,True,1,125.0,30.200000000000003,7,2,5,True,True,30.2,30.2,0.0,39151,3403356,246.4662401676178,30.0,0.2,0.9579,11,14,0,0,0,0,0
Scholl_ROSZIEG_c02,Scholl_ROSZIEG,Scholl,25,19.0,c02,2,low,mid,mid,mid,2042,published_results/extra_remaining_instances_2026-06-10/solutions/Scholl_ROSZIEG_c02/epsilon_trace.csv,13,epsilon,12,124,True,,False,True,0,112.0,39.95,9,1,8,True,False,28.922857143,39.95,27.6024,41598,4738089,300.5394928455353,38.0,1.9500000000000002,0.7434,7,18,0,0,0,0,0
Scholl_ROSZIEG_c02,Scholl_ROSZIEG,Scholl,25,19.0,c02,2,low,mid,mid,mid,2042,published_results/extra_remaining_instances_2026-06-10/solutions/Scholl_ROSZIEG_c02/epsilon_trace.csv,14,epsilon,13,111,True,,False,True,1,103.0,39.0,8,1,7,True,True,39.0,39.0,0.0,25897,2580988,177.6985559463501,38.0,1.0,0.8496,7,18,0,0,0,0,0
Scholl_ROSZIEG_c02,Scholl_ROSZIEG,Scholl,25,19.0,c02,2,low,mid,mid,mid,2042,published_results/extra_remaining_instances_2026-06-10/solutions/Scholl_ROSZIEG_c02/epsilon_trace.csv,15,epsilon,14,102,True,,False,True,0,94.0,39.099999999999994,7,1,6,True,True,39.1,39.1,0.0,4350,235924,18.091830730438232,39.0,0.1,0.9825,5,20,0,0,0,0,0
Scholl_ROSZIEG_c02,Scholl_ROSZIEG,Scholl,25,19.0,c02,2,low,mid,mid,mid,2042,published_results/extra_remaining_instances_2026-06-10/solutions/Scholl_ROSZIEG_c02/epsilon_trace.csv,16,epsilon,15,93,True,,False,True,0,72.0,49.849999999999994,8,0,8,True,True,49.85,49.85,0.0,607,191406,14.747236013412476,49.0,0.8500000000000001,0.8882,0,25,0,0,0,0,0
Scholl_ROSZIEG_c02,Scholl_ROSZIEG,Scholl,25,19.0,c02,2,low,mid,mid,mid,2042,published_results/extra_remaining_instances_2026-06-10/solutions/Scholl_ROSZIEG_c02/epsilon_trace.csv,17,epsilon,16,71,False,infeasible,,,0,,,,,,,,,,,,,,,,,,,,,,,
Scholl_ROSZIEG_c03,Scholl_ROSZIEG,Scholl,25,19.0,c03,3,low,high,high,high,3042,published_results/extra_remaining_instances_2026-06-10/solutions/Scholl_ROSZIEG_c03/epsilon_trace.csv,1,E0_HI_only,0,,True,,False,True,0,280.0,0.0,7,7,0,True,True,280.0,280.0,0.0,0,833,0.0754859447479248,0.0,0.0,,25,0,0,0,0,0,0
Scholl_ROSZIEG_c03,Scholl_ROSZIEG,Scholl,25,19.0,c03,3,low,high,high,high,3042,published_results/extra_remaining_instances_2026-06-10/solutions/Scholl_ROSZIEG_c03/epsilon_trace.csv,2,epsilon,1,279,True,,False,True,0,258.0,5.2,8,6,2,True,False,0.022752133012,5.2,99.5625,5024,2679479,300.54556798934937,4.0,1.2000000000000002,0.3684,23,2,0,0,0,0,0
Scholl_ROSZIEG_c03,Scholl_ROSZIEG,Scholl,25,19.0,c03,3,low,high,high,high,3042,published_results/extra_remaining_instances_2026-06-10/solutions/Scholl_ROSZIEG_c03/epsilon_trace.csv,3,epsilon,2,257,True,,False,True,1,249.0,5.1,7,6,1,True,False,1.75,5.1,65.6863,8402,2821880,300.55752396583557,5.0,0.1,0.8947,22,3,0,0,0,0,0
Scholl_ROSZIEG_c03,Scholl_ROSZIEG,Scholl,25,19.0,c03,3,low,high,high,high,3042,published_results/extra_remaining_instances_2026-06-10/solutions/Scholl_ROSZIEG_c03/epsilon_trace.csv,4,epsilon,3,248,True,,False,True,0,218.0,9.299999999999999,7,5,2,True,False,1.75,9.3,81.1828,11601,2461200,300.593181848526,9.0,0.30000000000000004,0.8421,20,5,0,0,0,0,0
Scholl_ROSZIEG_c03,Scholl_ROSZIEG,Scholl,25,19.0,c03,3,low,high,high,high,3042,published_results/extra_remaining_instances_2026-06-10/solutions/Scholl_ROSZIEG_c03/epsilon_trace.csv,5,epsilon,4,217,True,,False,True,0,196.0,17.200000000000003,8,4,4,True,False,1.75,17.2,89.8256,11974,2377646,300.55768609046936,16.0,1.2000000000000002,0.6842,18,7,0,0,0,0,0
Scholl_ROSZIEG_c03,Scholl_ROSZIEG,Scholl,25,19.0,c03,3,low,high,high,high,3042,published_results/extra_remaining_instances_2026-06-10/solutions/Scholl_ROSZIEG_c03/epsilon_trace.csv,6,epsilon,5,195,True,,False,True,0,192.0,17.500000000000004,7,4,4,True,False,2.2383243295,17.5,87.2096,7719,2995433,300.5516881942749,17.0,0.5,0.8684,13,7,0,0,0,3,2
Scholl_ROSZIEG_c03,Scholl_ROSZIEG,Scholl,25,19.0,c03,3,low,high,high,high,3042,published_results/extra_remaining_instances_2026-06-10/solutions/Scholl_ROSZIEG_c03/epsilon_trace.csv,7,epsilon,6,191,True,,False,True,2,187.0,16.3,7,4,3,True,False,4.788383054,16.3,70.6234,12462,2794139,300.5804657936096,16.0,0.30000000000000004,0.8947,17,8,0,0,0,0,0
Scholl_ROSZIEG_c03,Scholl_ROSZIEG,Scholl,25,19.0,c03,3,low,high,high,high,3042,published_results/extra_remaining_instances_2026-06-10/solutions/Scholl_ROSZIEG_c03/epsilon_trace.csv,8,epsilon,7,186,True,,False,True,0,165.0,23.15,8,3,5,True,False,4.0448449428,23.15,82.5277,12242,3485577,300.57903695106506,22.0,1.1500000000000001,0.7579,14,11,0,0,0,0,0
Scholl_ROSZIEG_c03,Scholl_ROSZIEG,Scholl,25,19.0,c03,3,low,high,high,high,3042,published_results/extra_remaining_instances_2026-06-10/solutions/Scholl_ROSZIEG_c03/epsilon_trace.csv,9,epsilon,8,164,True,,False,True,0,156.0,23.250000000000004,7,3,4,True,False,6.983173866,23.25,69.9648,14493,4111692,300.5374038219452,23.0,0.25,0.9342,14,11,0,0,0,0,0
Scholl_ROSZIEG_c03,Scholl_ROSZIEG,Scholl,25,19.0,c03,3,low,high,high,high,3042,published_results/extra_remaining_instances_2026-06-10/solutions/Scholl_ROSZIEG_c03/epsilon_trace.csv,10,epsilon,9,155,True,,False,True,0,125.0,30.3,7,2,5,True,False,3.6557160978,30.3,87.9349,8601,2654729,300.5534908771515,30.0,0.30000000000000004,0.9368,10,15,0,0,0,0,0
Scholl_ROSZIEG_c03,Scholl_ROSZIEG,Scholl,25,19.0,c03,3,low,high,high,high,3042,published_results/extra_remaining_instances_2026-06-10/solutions/Scholl_ROSZIEG_c03/epsilon_trace.csv,11,epsilon,10,124,True,,False,True,0,103.0,39.05,8,1,7,True,True,39.05,39.05,0.0,51724,2943150,255.60460495948792,38.0,1.05,0.8421,6,19,0,0,0,0,0
Scholl_ROSZIEG_c03,Scholl_ROSZIEG,Scholl,25,19.0,c03,3,low,high,high,high,3042,published_results/extra_remaining_instances_2026-06-10/solutions/Scholl_ROSZIEG_c03/epsilon_trace.csv,12,epsilon,11,102,True,,False,True,0,94.0,39.1,7,1,6,True,True,39.1,39.1,0.0,20855,1352042,65.40175008773804,39.0,0.1,0.9825,4,21,0,0,0,0,0
Scholl_ROSZIEG_c03,Scholl_ROSZIEG,Scholl,25,19.0,c03,3,low,high,high,high,3042,published_results/extra_remaining_instances_2026-06-10/solutions/Scholl_ROSZIEG_c03/epsilon_trace.csv,13,epsilon,12,93,True,,False,True,0,72.0,48.949999999999996,8,0,8,True,True,48.95,48.95,0.0,0,11236,8.16391396522522,48.0,0.9500000000000001,0.875,0,25,0,0,0,0,0
Scholl_ROSZIEG_c03,Scholl_ROSZIEG,Scholl,25,19.0,c03,3,low,high,high,high,3042,published_results/extra_remaining_instances_2026-06-10/solutions/Scholl_ROSZIEG_c03/epsilon_trace.csv,14,epsilon,13,71,False,infeasible,,,0,,,,,,,,,,,,,,,,,,,,,,,
Scholl_ROSZIEG_c04,Scholl_ROSZIEG,Scholl,25,19.0,c04,4,mid,low,mid,high,4042,published_results/extra_remaining_instances_2026-06-10/solutions/Scholl_ROSZIEG_c04/epsilon_trace.csv,1,E0_HI_only,0,,True,,False,True,0,280.0,0.0,7,7,0,True,True,280.0,280.0,0.0,0,833,0.07518386840820312,0.0,0.0,,25,0,0,0,0,0,0
Scholl_ROSZIEG_c04,Scholl_ROSZIEG,Scholl,25,19.0,c04,4,mid,low,mid,high,4042,published_results/extra_remaining_instances_2026-06-10/solutions/Scholl_ROSZIEG_c04/epsilon_trace.csv,2,epsilon,1,279,True,,False,True,0,245.0,5.15,6,6,1,True,False,3.378125,5.15,34.4053,16965,3617738,300.56769323349,5.0,0.15000000000000002,0.8421,20,0,0,0,5,0,0
Scholl_ROSZIEG_c04,Scholl_ROSZIEG,Scholl,25,19.0,c04,4,mid,low,mid,high,4042,published_results/extra_remaining_instances_2026-06-10/solutions/Scholl_ROSZIEG_c04/epsilon_trace.csv,3,epsilon,2,244,True,,False,True,0,214.0,9.4,6,5,2,True,False,1.75,9.4,81.383,10376,2858471,300.5295400619507,9.0,0.4,0.7895,17,2,0,0,6,0,0
Scholl_ROSZIEG_c04,Scholl_ROSZIEG,Scholl,25,19.0,c04,4,mid,low,mid,high,4042,published_results/extra_remaining_instances_2026-06-10/solutions/Scholl_ROSZIEG_c04/epsilon_trace.csv,4,epsilon,3,213,True,,False,True,0,210.0,11.200000000000001,5,5,2,True,False,3.7675126994,11.2,66.3615,11321,3731314,300.5314359664917,11.0,0.2,0.8947,14,0,0,0,11,0,0
Scholl_ROSZIEG_c04,Scholl_ROSZIEG,Scholl,25,19.0,c04,4,mid,low,mid,high,4042,published_results/extra_remaining_instances_2026-06-10/solutions/Scholl_ROSZIEG_c04/epsilon_trace.csv,5,epsilon,4,209,True,,False,True,0,179.0,15.450000000000001,5,4,3,True,False,1.6,15.45,89.644,8615,2587332,300.5366270542145,15.0,0.45,0.8421,11,2,0,0,12,0,0
Scholl_ROSZIEG_c04,Scholl_ROSZIEG,Scholl,25,19.0,c04,4,mid,low,mid,high,4042,published_results/extra_remaining_instances_2026-06-10/solutions/Scholl_ROSZIEG_c04/epsilon_trace.csv,6,epsilon,5,178,True,,False,True,0,175.0,20.2,4,4,3,True,False,3.9817698699,20.2,80.2883,8419,2745807,300.55200695991516,20.0,0.2,0.9298,5,0,0,0,20,0,0
Scholl_ROSZIEG_c04,Scholl_ROSZIEG,Scholl,25,19.0,c04,4,mid,low,mid,high,4042,published_results/extra_remaining_instances_2026-06-10/solutions/Scholl_ROSZIEG_c04/epsilon_trace.csv,7,epsilon,6,174,True,,False,True,0,148.0,23.3,5,3,4,True,False,4.9230140626,23.3,78.8712,8714,3032707,300.5320041179657,23.0,0.30000000000000004,0.9211,7,4,0,0,14,0,0
Scholl_ROSZIEG_c04,Scholl_ROSZIEG,Scholl,25,19.0,c04,4,mid,low,mid,high,4042,published_results/extra_remaining_instances_2026-06-10/solutions/Scholl_ROSZIEG_c04/epsilon_trace.csv,8,epsilon,7,147,True,,False,True,0,144.0,26.45,4,3,4,True,True,26.45,26.45,0.0,3357,902108,36.19120407104492,26.0,0.45,0.8816,0,2,0,0,23,0,0
Scholl_ROSZIEG_c04,Scholl_ROSZIEG,Scholl,25,19.0,c04,4,mid,low,mid,high,4042,published_results/extra_remaining_instances_2026-06-10/solutions/Scholl_ROSZIEG_c04/epsilon_trace.csv,9,epsilon,8,143,True,,False,True,0,126.0,35.55,6,2,6,True,True,35.55,35.55,0.0,3744,1064201,41.30227589607239,35.0,0.55,0.9035,0,12,0,0,13,0,0
Scholl_ROSZIEG_c04,Scholl_ROSZIEG,Scholl,25,19.0,c04,4,mid,low,mid,high,4042,published_results/extra_remaining_instances_2026-06-10/solutions/Scholl_ROSZIEG_c04/epsilon_trace.csv,10,epsilon,9,125,True,,False,True,0,117.0,49.25,9,1,9,True,True,49.25,49.25,0.0,672,212851,8.789016008377075,48.0,1.25,0.8538,0,18,0,0,7,0,0
Scholl_ROSZIEG_c04,Scholl_ROSZIEG,Scholl,25,19.0,c04,4,mid,low,mid,high,4042,published_results/extra_remaining_instances_2026-06-10/solutions/Scholl_ROSZIEG_c04/epsilon_trace.csv,11,epsilon,10,116,False,infeasible,,,0,,,,,,,,,,,,,,,,,,,,,,,
Scholl_ROSZIEG_c05,Scholl_ROSZIEG,Scholl,25,19.0,c05,5,mid,mid,high,low,5042,published_results/extra_remaining_instances_2026-06-10/solutions/Scholl_ROSZIEG_c05/epsilon_trace.csv,1,E0_HI_only,0,,True,,False,True,0,280.0,0.0,7,7,0,True,True,280.0,280.0,0.0,0,833,0.07614612579345703,0.0,0.0,,25,0,0,0,0,0,0
Scholl_ROSZIEG_c05,Scholl_ROSZIEG,Scholl,25,19.0,c05,5,mid,mid,high,low,5042,published_results/extra_remaining_instances_2026-06-10/solutions/Scholl_ROSZIEG_c05/epsilon_trace.csv,2,epsilon,1,279,True,,False,True,0,254.0,7.2,7,6,2,True,False,1.0428571429,7.2,85.5159,8748,3391089,300.553640127182,7.0,0.2,0.8947,18,2,0,0,0,3,2
Scholl_ROSZIEG_c05,Scholl_ROSZIEG,Scholl,25,19.0,c05,5,mid,mid,high,low,5042,published_results/extra_remaining_instances_2026-06-10/solutions/Scholl_ROSZIEG_c05/epsilon_trace.csv,3,epsilon,2,253,True,,False,True,0,250.0,9.2,6,6,2,True,False,1.55,9.2,83.1522,7514,2273390,300.53710103034973,9.0,0.2,0.8947,17,0,0,0,8,0,0
Scholl_ROSZIEG_c05,Scholl_ROSZIEG,Scholl,25,19.0,c05,5,mid,mid,high,low,5042,published_results/extra_remaining_instances_2026-06-10/solutions/Scholl_ROSZIEG_c05/epsilon_trace.csv,4,epsilon,3,249,True,,False,True,0,232.0,14.900000000000002,8,5,4,True,False,1.1176150451,14.9,92.4992,10985,2066918,300.5410521030426,14.0,0.9,0.7632,16,5,0,0,0,3,1
Scholl_ROSZIEG_c05,Scholl_ROSZIEG,Scholl,25,19.0,c05,5,mid,mid,high,low,5042,published_results/extra_remaining_instances_2026-06-10/solutions/Scholl_ROSZIEG_c05/epsilon_trace.csv,5,epsilon,4,231,True,,False,True,0,228.0,15.4,7,5,4,True,False,3.6263888889,15.4,76.452,12481,2369980,300.58541798591614,15.0,0.4,0.8947,11,5,0,0,0,5,4
Scholl_ROSZIEG_c05,Scholl_ROSZIEG,Scholl,25,19.0,c05,5,mid,mid,high,low,5042,published_results/extra_remaining_instances_2026-06-10/solutions/Scholl_ROSZIEG_c05/epsilon_trace.csv,6,epsilon,5,227,True,,False,True,1,227.0,15.2,8,5,3,True,False,1.4803219817,15.2,90.261,8562,2749853,300.5254189968109,15.0,0.2,0.9298,20,5,0,0,0,0,0
Scholl_ROSZIEG_c05,Scholl_ROSZIEG,Scholl,25,19.0,c05,5,mid,mid,high,low,5042,published_results/extra_remaining_instances_2026-06-10/solutions/Scholl_ROSZIEG_c05/epsilon_trace.csv,7,epsilon,6,226,True,,False,True,0,223.0,16.05,7,5,3,True,False,1.0,16.05,93.7695,8732,2419253,300.5239989757538,16.0,0.05,0.9825,16,4,0,0,5,0,0
Scholl_ROSZIEG_c05,Scholl_ROSZIEG,Scholl,25,19.0,c05,5,mid,mid,high,low,5042,published_results/extra_remaining_instances_2026-06-10/solutions/Scholl_ROSZIEG_c05/epsilon_trace.csv,8,epsilon,7,222,True,,False,True,0,205.0,24.05,9,4,5,True,False,2.5,24.05,89.605,14558,3339550,300.52849984169006,23.0,1.05,0.7789,16,9,0,0,0,0,0
Scholl_ROSZIEG_c05,Scholl_ROSZIEG,Scholl,25,19.0,c05,5,mid,mid,high,low,5042,published_results/extra_remaining_instances_2026-06-10/solutions/Scholl_ROSZIEG_c05/epsilon_trace.csv,9,epsilon,8,204,True,,False,True,0,201.0,24.65,8,4,5,True,False,2.3651229638,24.65,90.4052,7537,3272595,300.5279438495636,24.0,0.65,0.8632,13,8,0,0,4,0,0
Scholl_ROSZIEG_c05,Scholl_ROSZIEG,Scholl,25,19.0,c05,5,mid,mid,high,low,5042,published_results/extra_remaining_instances_2026-06-10/solutions/Scholl_ROSZIEG_c05/epsilon_trace.csv,10,epsilon,9,200,True,,False,True,0,197.0,25.05,7,4,5,True,False,4.523603218,25.05,81.9417,15971,4055111,300.53219771385193,25.0,0.05,0.9895,9,7,0,0,4,2,3
Scholl_ROSZIEG_c05,Scholl_ROSZIEG,Scholl,25,19.0,c05,5,mid,mid,high,low,5042,published_results/extra_remaining_instances_2026-06-10/solutions/Scholl_ROSZIEG_c05/epsilon_trace.csv,11,epsilon,10,196,True,,False,True,0,179.0,35.15,9,3,7,True,False,3.728139535,35.15,89.3936,7663,3018161,300.52090287208557,34.0,1.1500000000000001,0.8271,9,12,0,0,4,0,0
Scholl_ROSZIEG_c05,Scholl_ROSZIEG,Scholl,25,19.0,c05,5,mid,mid,high,low,5042,published_results/extra_remaining_instances_2026-06-10/solutions/Scholl_ROSZIEG_c05/epsilon_trace.csv,12,epsilon,11,178,True,,False,True,1,174.0,34.3,9,3,6,True,False,7.1322511246,34.3,79.2063,11687,3073279,300.5513379573822,34.0,0.30000000000000004,0.9474,11,14,0,0,0,0,0
Scholl_ROSZIEG_c05,Scholl_ROSZIEG,Scholl,25,19.0,c05,5,mid,mid,high,low,5042,published_results/extra_remaining_instances_2026-06-10/solutions/Scholl_ROSZIEG_c05/epsilon_trace.csv,13,epsilon,12,173,True,,False,True,0,170.0,35.099999999999994,8,3,6,True,False,6.3,35.1,82.0513,12218,4033815,300.5285470485687,35.0,0.1,0.9825,9,11,0,0,5,0,0
Scholl_ROSZIEG_c05,Scholl_ROSZIEG,Scholl,25,19.0,c05,5,mid,mid,high,low,5042,published_results/extra_remaining_instances_2026-06-10/solutions/Scholl_ROSZIEG_c05/epsilon_trace.csv,14,epsilon,13,169,True,,False,True,0,157.0,42.699999999999996,10,2,9,True,False,6.6666666667,42.7,84.3872,10492,2922431,300.56728196144104,41.0,1.7000000000000002,0.8012,4,18,0,0,0,2,1
Scholl_ROSZIEG_c05,Scholl_ROSZIEG,Scholl,25,19.0,c05,5,mid,mid,high,low,5042,published_results/extra_remaining_instances_2026-06-10/solutions/Scholl_ROSZIEG_c05/epsilon_trace.csv,15,epsilon,14,156,True,,False,True,1,152.0,40.949999999999996,10,2,8,True,False,14.25903104,40.95,65.1794,15040,4534973,300.52484822273254,40.0,0.9500000000000001,0.875,9,16,0,0,0,0,0
Scholl_ROSZIEG_c05,Scholl_ROSZIEG,Scholl,25,19.0,c05,5,mid,mid,high,low,5042,published_results/extra_remaining_instances_2026-06-10/solutions/Scholl_ROSZIEG_c05/epsilon_trace.csv,16,epsilon,15,151,True,,False,True,0,148.0,43.54999999999999,9,2,8,True,False,20.343550223,43.55,53.2869,15523,3539603,300.5122148990631,43.0,0.55,0.9276,6,15,0,0,4,0,0
Scholl_ROSZIEG_c05,Scholl_ROSZIEG,Scholl,25,19.0,c05,5,mid,mid,high,low,5042,published_results/extra_remaining_instances_2026-06-10/solutions/Scholl_ROSZIEG_c05/epsilon_trace.csv,17,epsilon,16,147,True,,False,True,0,144.0,47.3,8,2,8,True,False,31.749495839,47.3,32.8763,14960,3832690,300.53885197639465,47.0,0.30000000000000004,0.9605,0,16,0,0,9,0,0
Scholl_ROSZIEG_c05,Scholl_ROSZIEG,Scholl,25,19.0,c05,5,mid,mid,high,low,5042,published_results/extra_remaining_instances_2026-06-10/solutions/Scholl_ROSZIEG_c05/epsilon_trace.csv,18,epsilon,17,143,True,,False,True,0,130.0,50.39999999999999,11,1,10,True,False,36.793842199,50.4,26.9963,13797,3012772,300.54644799232483,49.0,1.4000000000000001,0.8526,5,20,0,0,0,0,0
Scholl_ROSZIEG_c05,Scholl_ROSZIEG,Scholl,25,19.0,c05,5,mid,mid,high,low,5042,published_results/extra_remaining_instances_2026-06-10/solutions/Scholl_ROSZIEG_c05/epsilon_trace.csv,19,epsilon,18,129,True,,False,True,0,126.0,53.24999999999999,10,1,10,True,True,53.25,53.25,0.0,3106,762830,43.330482006073,52.0,1.25,0.8684,0,20,0,0,5,0,0
Scholl_ROSZIEG_c05,Scholl_ROSZIEG,Scholl,25,19.0,c05,5,mid,mid,high,low,5042,published_results/extra_remaining_instances_2026-06-10/solutions/Scholl_ROSZIEG_c05/epsilon_trace.csv,20,epsilon,19,125,True,,False,True,0,108.0,61.949999999999996,12,0,12,True,True,61.95,61.95,0.0,594,240655,22.170818090438843,60.0,1.9500000000000002,0.8289,0,25,0,0,0,0,0
Scholl_ROSZIEG_c05,Scholl_ROSZIEG,Scholl,25,19.0,c05,5,mid,mid,high,low,5042,published_results/extra_remaining_instances_2026-06-10/solutions/Scholl_ROSZIEG_c05/epsilon_trace.csv,21,epsilon,20,107,False,infeasible,,,0,,,,,,,,,,,,,,,,,,,,,,,
Scholl_ROSZIEG_c06,Scholl_ROSZIEG,Scholl,25,19.0,c06,6,mid,high,low,mid,6042,published_results/extra_remaining_instances_2026-06-10/solutions/Scholl_ROSZIEG_c06/epsilon_trace.csv,1,E0_HI_only,0,,True,,False,True,0,280.0,0.0,7,7,0,True,True,280.0,280.0,0.0,0,833,0.07736825942993164,0.0,0.0,,25,0,0,0,0,0,0
Scholl_ROSZIEG_c06,Scholl_ROSZIEG,Scholl,25,19.0,c06,6,mid,high,low,mid,6042,published_results/extra_remaining_instances_2026-06-10/solutions/Scholl_ROSZIEG_c06/epsilon_trace.csv,2,epsilon,1,279,True,,False,True,0,254.0,6.4,7,6,2,True,False,1.0,6.4,84.375,9203,2518324,300.5524048805237,6.0,0.4,0.7895,20,2,0,0,0,2,1
Scholl_ROSZIEG_c06,Scholl_ROSZIEG,Scholl,25,19.0,c06,6,mid,high,low,mid,6042,published_results/extra_remaining_instances_2026-06-10/solutions/Scholl_ROSZIEG_c06/epsilon_trace.csv,3,epsilon,2,253,True,,False,True,1,250.0,6.05,6,6,2,True,True,6.05,6.05,0.0,28418,3544766,298.4110929965973,6.0,0.05,0.9737,16,0,0,0,0,6,3
Scholl_ROSZIEG_c06,Scholl_ROSZIEG,Scholl,25,19.0,c06,6,mid,high,low,mid,6042,published_results/extra_remaining_instances_2026-06-10/solutions/Scholl_ROSZIEG_c06/epsilon_trace.csv,4,epsilon,3,249,True,,False,True,0,227.0,13.65,8,5,3,True,False,4.0077344641,13.65,70.6393,21235,4335428,300.5542788505554,13.0,0.65,0.7719,21,4,0,0,0,0,0
Scholl_ROSZIEG_c06,Scholl_ROSZIEG,Scholl,25,19.0,c06,6,mid,high,low,mid,6042,published_results/extra_remaining_instances_2026-06-10/solutions/Scholl_ROSZIEG_c06/epsilon_trace.csv,5,epsilon,4,226,True,,False,True,0,205.0,23.1,9,4,5,True,False,1.3680497925,23.1,94.0777,8467,2612097,300.5356819629669,22.0,1.1,0.7684,17,8,0,0,0,0,0
Scholl_ROSZIEG_c06,Scholl_ROSZIEG,Scholl,25,19.0,c06,6,mid,high,low,mid,6042,published_results/extra_remaining_instances_2026-06-10/solutions/Scholl_ROSZIEG_c06/epsilon_trace.csv,6,epsilon,5,204,True,,False,True,0,201.0,24.55,8,4,5,True,False,4.5,24.55,81.6701,13967,3677237,300.52896308898926,24.0,0.55,0.8842,15,7,0,0,3,0,0
Scholl_ROSZIEG_c06,Scholl_ROSZIEG,Scholl,25,19.0,c06,6,mid,high,low,mid,6042,published_results/extra_remaining_instances_2026-06-10/solutions/Scholl_ROSZIEG_c06/epsilon_trace.csv,7,epsilon,6,200,True,,False,True,0,183.0,32.74999999999999,10,3,7,True,False,2.2,32.75,93.2824,7529,2416207,300.5380291938782,31.0,1.75,0.7368,13,12,0,0,0,0,0
Scholl_ROSZIEG_c06,Scholl_ROSZIEG,Scholl,25,19.0,c06,6,mid,high,low,mid,6042,published_results/extra_remaining_instances_2026-06-10/solutions/Scholl_ROSZIEG_c06/epsilon_trace.csv,8,epsilon,7,182,True,,False,True,1,174.0,31.700000000000003,9,3,6,True,False,4.2082021513,31.7,86.7249,8033,3220168,300.5312530994415,31.0,0.7000000000000001,0.8772,13,12,0,0,0,0,0
Scholl_ROSZIEG_c06,Scholl_ROSZIEG,Scholl,25,19.0,c06,6,mid,high,low,mid,6042,published_results/extra_remaining_instances_2026-06-10/solutions/Scholl_ROSZIEG_c06/epsilon_trace.csv,9,epsilon,8,173,True,,False,True,0,152.0,40.35,10,2,8,True,False,6.6085524708,40.35,83.6219,13286,3944965,300.5384922027588,39.0,1.35,0.8224,11,14,0,0,0,0,0
Scholl_ROSZIEG_c06,Scholl_ROSZIEG,Scholl,25,19.0,c06,6,mid,high,low,mid,6042,published_results/extra_remaining_instances_2026-06-10/solutions/Scholl_ROSZIEG_c06/epsilon_trace.csv,10,epsilon,9,151,True,,False,True,0,143.0,42.29999999999999,9,2,7,True,False,7.0358778626,42.3,83.3667,9347,3144804,300.55167984962463,42.0,0.30000000000000004,0.9549,8,17,0,0,0,0,0
Scholl_ROSZIEG_c06,Scholl_ROSZIEG,Scholl,25,19.0,c06,6,mid,high,low,mid,6042,published_results/extra_remaining_instances_2026-06-10/solutions/Scholl_ROSZIEG_c06/epsilon_trace.csv,11,epsilon,10,142,True,,False,True,0,130.0,50.00000000000001,11,1,10,True,False,33.56279914,50.0,32.8744,11218,3619231,300.53153014183044,48.0,2.0,0.7895,7,18,0,0,0,0,0
Scholl_ROSZIEG_c06,Scholl_ROSZIEG,Scholl,25,19.0,c06,6,mid,high,low,mid,6042,published_results/extra_remaining_instances_2026-06-10/solutions/Scholl_ROSZIEG_c06/epsilon_trace.csv,12,epsilon,11,129,True,,False,True,1,121.0,49.05,10,1,9,True,False,45.939772727,49.05,6.3409,19584,4198529,300.5258078575134,48.0,1.05,0.8772,7,18,0,0,0,0,0
Scholl_ROSZIEG_c06,Scholl_ROSZIEG,Scholl,25,19.0,c06,6,mid,high,low,mid,6042,published_results/extra_remaining_instances_2026-06-10/solutions/Scholl_ROSZIEG_c06/epsilon_trace.csv,13,epsilon,12,120,True,,False,True,0,99.0,62.39999999999999,11,0,11,True,True,62.4,62.4,0.0,964,277998,21.41159415245056,61.0,1.4000000000000001,0.866,0,25,0,0,0,0,0
Scholl_ROSZIEG_c06,Scholl_ROSZIEG,Scholl,25,19.0,c06,6,mid,high,low,mid,6042,published_results/extra_remaining_instances_2026-06-10/solutions/Scholl_ROSZIEG_c06/epsilon_trace.csv,14,epsilon,13,98,False,infeasible,,,0,,,,,,,,,,,,,,,,,,,,,,,
Scholl_ROSZIEG_c07,Scholl_ROSZIEG,Scholl,25,19.0,c07,7,high,low,high,mid,7042,published_results/extra_remaining_instances_2026-06-10/solutions/Scholl_ROSZIEG_c07/epsilon_trace.csv,1,E0_HI_only,0,,True,,False,True,0,280.0,0.0,7,7,0,True,True,280.0,280.0,0.0,0,833,0.07546496391296387,0.0,0.0,,25,0,0,0,0,0,0
Scholl_ROSZIEG_c07,Scholl_ROSZIEG,Scholl,25,19.0,c07,7,high,low,high,mid,7042,published_results/extra_remaining_instances_2026-06-10/solutions/Scholl_ROSZIEG_c07/epsilon_trace.csv,2,epsilon,1,279,True,,False,True,0,245.0,5.1,6,6,1,True,False,3.89973097,5.1,23.5347,32742,3546467,300.66351890563965,5.0,0.1,0.8947,20,0,0,0,5,0,0
Scholl_ROSZIEG_c07,Scholl_ROSZIEG,Scholl,25,19.0,c07,7,high,low,high,mid,7042,published_results/extra_remaining_instances_2026-06-10/solutions/Scholl_ROSZIEG_c07/epsilon_trace.csv,3,epsilon,2,244,True,,False,True,0,214.0,11.200000000000001,6,5,2,True,False,4.4850527503,11.2,59.9549,23576,4876879,300.54156589508057,11.0,0.2,0.8947,17,2,0,0,6,0,0
Scholl_ROSZIEG_c07,Scholl_ROSZIEG,Scholl,25,19.0,c07,7,high,low,high,mid,7042,published_results/extra_remaining_instances_2026-06-10/solutions/Scholl_ROSZIEG_c07/epsilon_trace.csv,4,epsilon,3,213,True,,False,True,1,210.0,10.35,5,5,2,True,False,2.6,10.35,74.8792,9730,2623847,300.57583594322205,10.0,0.35000000000000003,0.8158,15,0,0,0,10,0,0
Scholl_ROSZIEG_c07,Scholl_ROSZIEG,Scholl,25,19.0,c07,7,high,low,high,mid,7042,published_results/extra_remaining_instances_2026-06-10/solutions/Scholl_ROSZIEG_c07/epsilon_trace.csv,5,epsilon,4,209,True,,False,True,0,179.0,17.3,5,4,3,True,False,6.7153354633,17.3,61.183,32334,3788049,301.1481490135193,17.0,0.30000000000000004,0.8947,11,1,0,0,13,0,0
Scholl_ROSZIEG_c07,Scholl_ROSZIEG,Scholl,25,19.0,c07,7,high,low,high,mid,7042,published_results/extra_remaining_instances_2026-06-10/solutions/Scholl_ROSZIEG_c07/epsilon_trace.csv,6,epsilon,5,178,True,,False,True,0,175.0,19.25,4,4,3,True,False,13.406313534,19.25,30.3568,21546,5031911,300.5498068332672,19.0,0.25,0.9123,6,0,0,0,19,0,0
Scholl_ROSZIEG_c07,Scholl_ROSZIEG,Scholl,25,19.0,c07,7,high,low,high,mid,7042,published_results/extra_remaining_instances_2026-06-10/solutions/Scholl_ROSZIEG_c07/epsilon_trace.csv,7,epsilon,6,174,True,,False,True,0,157.0,27.55,6,3,5,True,False,6.014802955,27.55,78.1677,10041,3985376,300.51877212524414,27.0,0.55,0.8842,6,5,0,0,14,0,0
Scholl_ROSZIEG_c07,Scholl_ROSZIEG,Scholl,25,19.0,c07,7,high,low,high,mid,7042,published_results/extra_remaining_instances_2026-06-10/solutions/Scholl_ROSZIEG_c07/epsilon_trace.csv,8,epsilon,7,156,True,,False,True,1,144.0,27.2,4,3,4,True,True,27.2,27.2,0.0,14966,3282680,157.3190541267395,27.0,0.2,0.9474,0,3,0,0,22,0,0
Scholl_ROSZIEG_c07,Scholl_ROSZIEG,Scholl,25,19.0,c07,7,high,low,high,mid,7042,published_results/extra_remaining_instances_2026-06-10/solutions/Scholl_ROSZIEG_c07/epsilon_trace.csv,9,epsilon,8,143,True,,False,True,0,135.0,41.25,7,2,7,True,True,41.25,41.25,0.0,2096,490288,18.091813802719116,41.0,0.25,0.9624,0,10,0,0,15,0,0
Scholl_ROSZIEG_c07,Scholl_ROSZIEG,Scholl,25,19.0,c07,7,high,low,high,mid,7042,published_results/extra_remaining_instances_2026-06-10/solutions/Scholl_ROSZIEG_c07/epsilon_trace.csv,10,epsilon,9,134,False,infeasible,,,0,,,,,,,,,,,,,,,,,,,,,,,
Scholl_ROSZIEG_c08,Scholl_ROSZIEG,Scholl,25,19.0,c08,8,high,mid,low,high,8042,published_results/extra_remaining_instances_2026-06-10/solutions/Scholl_ROSZIEG_c08/epsilon_trace.csv,1,E0_HI_only,0,,True,,False,True,0,280.0,0.0,7,7,0,True,True,280.0,280.0,0.0,0,833,0.07503414154052734,0.0,0.0,,25,0,0,0,0,0,0
Scholl_ROSZIEG_c08,Scholl_ROSZIEG,Scholl,25,19.0,c08,8,high,mid,low,high,8042,published_results/extra_remaining_instances_2026-06-10/solutions/Scholl_ROSZIEG_c08/epsilon_trace.csv,2,epsilon,1,279,True,,False,True,0,250.0,8.0,6,6,2,True,False,3.7242651929,8.0,53.4467,32531,3764662,300.6650528907776,8.0,0.0,1.0,18,0,0,0,7,0,0
Scholl_ROSZIEG_c08,Scholl_ROSZIEG,Scholl,25,19.0,c08,8,high,mid,low,high,8042,published_results/extra_remaining_instances_2026-06-10/solutions/Scholl_ROSZIEG_c08/epsilon_trace.csv,3,epsilon,2,249,True,,False,True,0,224.0,18.05,6,5,4,True,False,4.8120460053,18.05,73.3405,23711,4830413,300.53695487976074,18.0,0.05,0.9868,11,2,0,0,12,0,0
Scholl_ROSZIEG_c08,Scholl_ROSZIEG,Scholl,25,19.0,c08,8,high,mid,low,high,8042,published_results/extra_remaining_instances_2026-06-10/solutions/Scholl_ROSZIEG_c08/epsilon_trace.csv,4,epsilon,3,223,True,,False,True,0,211.0,33.75,8,4,7,True,False,4.4833392094,33.75,86.716,10593,2813865,300.5387499332428,33.0,0.75,0.8872,6,8,0,0,11,0,0
Scholl_ROSZIEG_c08,Scholl_ROSZIEG,Scholl,25,19.0,c08,8,high,mid,low,high,8042,published_results/extra_remaining_instances_2026-06-10/solutions/Scholl_ROSZIEG_c08/epsilon_trace.csv,5,epsilon,4,210,True,,False,True,0,202.0,51.349999999999994,11,3,10,True,False,4.489365891,51.35,91.2573,9482,3612199,300.5282039642334,50.0,1.35,0.8579,4,12,0,0,9,0,0
Scholl_ROSZIEG_c08,Scholl_ROSZIEG,Scholl,25,19.0,c08,8,high,mid,low,high,8042,published_results/extra_remaining_instances_2026-06-10/solutions/Scholl_ROSZIEG_c08/epsilon_trace.csv,6,epsilon,5,201,True,,False,True,1,193.0,44.8,10,3,9,True,False,3.7914110429,44.8,91.537,10028,3361090,300.503231048584,44.0,0.8,0.9064,5,13,0,0,7,0,0
Scholl_ROSZIEG_c08,Scholl_ROSZIEG,Scholl,25,19.0,c08,8,high,mid,low,high,8042,published_results/extra_remaining_instances_2026-06-10/solutions/Scholl_ROSZIEG_c08/epsilon_trace.csv,7,epsilon,6,192,True,,False,True,0,189.0,46.49999999999999,9,3,9,True,False,9.4443735989,46.5,79.6895,10124,4513724,300.5239906311035,46.0,0.5,0.9415,0,12,0,0,13,0,0
Scholl_ROSZIEG_c08,Scholl_ROSZIEG,Scholl,25,19.0,c08,8,high,mid,low,high,8042,published_results/extra_remaining_instances_2026-06-10/solutions/Scholl_ROSZIEG_c08/epsilon_trace.csv,8,epsilon,7,188,False,infeasible,,,0,,,,,,,,,,,,,,,,,,,,,,,
Scholl_ROSZIEG_c09,Scholl_ROSZIEG,Scholl,25,19.0,c09,9,high,high,mid,low,9042,published_results/extra_remaining_instances_2026-06-10/solutions/Scholl_ROSZIEG_c09/epsilon_trace.csv,1,E0_HI_only,0,,True,,False,True,0,280.0,0.0,7,7,0,True,True,280.0,280.0,0.0,0,833,0.07454991340637207,0.0,0.0,,25,0,0,0,0,0,0
Scholl_ROSZIEG_c09,Scholl_ROSZIEG,Scholl,25,19.0,c09,9,high,high,mid,low,9042,published_results/extra_remaining_instances_2026-06-10/solutions/Scholl_ROSZIEG_c09/epsilon_trace.csv,2,epsilon,1,279,True,,False,True,0,258.0,10.2,8,6,2,True,False,3.5725952381,10.2,64.9746,19504,3325681,300.62834095954895,10.0,0.2,0.8947,23,2,0,0,0,0,0
Scholl_ROSZIEG_c09,Scholl_ROSZIEG,Scholl,25,19.0,c09,9,high,high,mid,low,9042,published_results/extra_remaining_instances_2026-06-10/solutions/Scholl_ROSZIEG_c09/epsilon_trace.csv,3,epsilon,2,257,True,,False,True,0,245.0,21.450000000000003,10,5,5,True,False,2.725,21.45,87.296,17706,2823659,300.6041340827942,20.0,1.4500000000000002,0.6947,20,5,0,0,0,0,0
Scholl_ROSZIEG_c09,Scholl_ROSZIEG,Scholl,25,19.0,c09,9,high,high,mid,low,9042,published_results/extra_remaining_instances_2026-06-10/solutions/Scholl_ROSZIEG_c09/epsilon_trace.csv,4,epsilon,3,244,True,,False,True,1,236.0,20.55,9,5,4,True,False,1.55,20.55,92.4574,10680,2568663,300.58488178253174,20.0,0.55,0.8553,20,5,0,0,0,0,0
Scholl_ROSZIEG_c09,Scholl_ROSZIEG,Scholl,25,19.0,c09,9,high,high,mid,low,9042,published_results/extra_remaining_instances_2026-06-10/solutions/Scholl_ROSZIEG_c09/epsilon_trace.csv,5,epsilon,4,235,True,,False,True,0,232.0,36.25000000000001,12,4,8,True,False,4.7656284153,36.25,86.8534,22463,5940616,600.6076929569244,34.0,2.25,0.7039,16,9,0,0,0,0,0
Scholl_ROSZIEG_c09,Scholl_ROSZIEG,Scholl,25,19.0,c09,9,high,high,mid,low,9042,published_results/extra_remaining_instances_2026-06-10/solutions/Scholl_ROSZIEG_c09/epsilon_trace.csv,6,epsilon,5,231,True,,False,True,0,223.0,36.85,11,4,7,True,False,4.7863179074,36.85,87.0113,12288,3137298,300.55556297302246,36.0,0.8500000000000001,0.8722,15,10,0,0,0,0,0
Scholl_ROSZIEG_c09,Scholl_ROSZIEG,Scholl,25,19.0,c09,9,high,high,mid,low,9042,published_results/extra_remaining_instances_2026-06-10/solutions/Scholl_ROSZIEG_c09/epsilon_trace.csv,7,epsilon,6,222,True,,False,True,0,219.0,53.449999999999996,14,3,11,True,False,1.8,53.45,96.6324,11857,3429681,300.53682112693787,51.0,2.45,0.7656,10,15,0,0,0,0,0
Scholl_ROSZIEG_c09,Scholl_ROSZIEG,Scholl,25,19.0,c09,9,high,high,mid,low,9042,published_results/extra_remaining_instances_2026-06-10/solutions/Scholl_ROSZIEG_c09/epsilon_trace.csv,8,epsilon,7,218,True,,False,True,1,210.0,49.85,13,3,10,True,False,2.2875100402,49.85,95.4112,7207,2215976,301.1880168914795,48.0,1.85,0.8053,11,14,0,0,0,0,0
Scholl_ROSZIEG_c09,Scholl_ROSZIEG,Scholl,25,19.0,c09,9,high,high,mid,low,9042,published_results/extra_remaining_instances_2026-06-10/solutions/Scholl_ROSZIEG_c09/epsilon_trace.csv,9,epsilon,8,209,False,infeasible,,,0,,,,,,,,,,,,,,,,,,,,,,,
