run_name,base_instance,source,n_tasks,T,config_name,config_id,alpha_level,beta_level,gamma_level,sigma_level,seed,source_file,row_in_file,point_idx,cost,energy,stations,workers,cobots,certified,lb,ub,mip_gap_pct,n_nodes,solver_iterations,cpu_s,energy_tasks,energy_idle,cobot_util,HI,CI,SEH,SEC,SU,SIH,SIC
Otto_instance_n=100_156_c01,Otto_instance_n=100_156,Otto,100,1000.0,c01,1,low,low,low,low,1042,published_results/extra_remaining_instances_2026-06-10/solutions/Otto_instance_n=100_156_c01/pareto_front.csv,1,0,920.0,0.0,23,23,0,True,920.0,920.0,0.0,1560,48670,3.47,0.0,0.0,,100,0,0,0,0,0,0
Otto_instance_n=100_156_c02,Otto_instance_n=100_156,Otto,100,1000.0,c02,2,low,mid,mid,mid,2042,published_results/extra_remaining_instances_2026-06-10/solutions/Otto_instance_n=100_156_c02/pareto_front.csv,1,0,920.0,0.0,23,23,0,True,920.0,920.0,0.0,1560,48670,3.51,0.0,0.0,,100,0,0,0,0,0,0
Otto_instance_n=100_156_c03,Otto_instance_n=100_156,Otto,100,1000.0,c03,3,low,high,high,high,3042,published_results/extra_remaining_instances_2026-06-10/solutions/Otto_instance_n=100_156_c03/pareto_front.csv,1,0,920.0,0.0,23,23,0,True,920.0,920.0,0.0,1560,48670,3.46,0.0,0.0,,100,0,0,0,0,0,0
Otto_instance_n=100_156_c04,Otto_instance_n=100_156,Otto,100,1000.0,c04,4,mid,low,mid,high,4042,published_results/extra_remaining_instances_2026-06-10/solutions/Otto_instance_n=100_156_c04/pareto_front.csv,1,0,920.0,0.0,23,23,0,True,920.0,920.0,0.0,1560,48670,3.48,0.0,0.0,,100,0,0,0,0,0,0
Otto_instance_n=100_156_c05,Otto_instance_n=100_156,Otto,100,1000.0,c05,5,mid,mid,high,low,5042,published_results/extra_remaining_instances_2026-06-10/solutions/Otto_instance_n=100_156_c05/pareto_front.csv,1,0,920.0,0.0,23,23,0,True,920.0,920.0,0.0,1560,48670,3.51,0.0,0.0,,100,0,0,0,0,0,0
Otto_instance_n=100_156_c06,Otto_instance_n=100_156,Otto,100,1000.0,c06,6,mid,high,low,mid,6042,published_results/extra_remaining_instances_2026-06-10/solutions/Otto_instance_n=100_156_c06/pareto_front.csv,1,0,920.0,0.0,23,23,0,True,920.0,920.0,0.0,1560,48670,3.43,0.0,0.0,,100,0,0,0,0,0,0
Otto_instance_n=100_156_c07,Otto_instance_n=100_156,Otto,100,1000.0,c07,7,high,low,high,mid,7042,published_results/extra_remaining_instances_2026-06-10/solutions/Otto_instance_n=100_156_c07/pareto_front.csv,1,0,920.0,0.0,23,23,0,True,920.0,920.0,0.0,1560,48670,3.46,0.0,0.0,,100,0,0,0,0,0,0
Otto_instance_n=100_156_c08,Otto_instance_n=100_156,Otto,100,1000.0,c08,8,high,mid,low,high,8042,published_results/extra_remaining_instances_2026-06-10/solutions/Otto_instance_n=100_156_c08/pareto_front.csv,1,0,920.0,0.0,23,23,0,True,920.0,920.0,0.0,1560,48670,3.47,0.0,0.0,,100,0,0,0,0,0,0
Otto_instance_n=100_156_c09,Otto_instance_n=100_156,Otto,100,1000.0,c09,9,high,high,mid,low,9042,published_results/extra_remaining_instances_2026-06-10/solutions/Otto_instance_n=100_156_c09/pareto_front.csv,1,0,920.0,0.0,23,23,0,True,920.0,920.0,0.0,1560,48670,3.46,0.0,0.0,,100,0,0,0,0,0,0
Otto_instance_n=100_33_c01,Otto_instance_n=100_33,Otto,100,1000.0,c01,1,low,low,low,low,1042,published_results/extra_remaining_instances_2026-06-10/solutions/Otto_instance_n=100_33_c01/pareto_front.csv,1,0,600.0,0.0,15,15,0,True,600.0,600.0,0.0,0,11959,2.22,0.0,0.0,,100,0,0,0,0,0,0
Otto_instance_n=100_33_c02,Otto_instance_n=100_33,Otto,100,1000.0,c02,2,low,mid,mid,mid,2042,published_results/extra_remaining_instances_2026-06-10/solutions/Otto_instance_n=100_33_c02/pareto_front.csv,1,0,600.0,0.0,15,15,0,True,600.0,600.0,0.0,0,11959,2.19,0.0,0.0,,100,0,0,0,0,0,0
Otto_instance_n=100_33_c03,Otto_instance_n=100_33,Otto,100,1000.0,c03,3,low,high,high,high,3042,published_results/extra_remaining_instances_2026-06-10/solutions/Otto_instance_n=100_33_c03/pareto_front.csv,1,0,600.0,0.0,15,15,0,True,600.0,600.0,0.0,0,11959,2.39,0.0,0.0,,100,0,0,0,0,0,0
Otto_instance_n=100_33_c04,Otto_instance_n=100_33,Otto,100,1000.0,c04,4,mid,low,mid,high,4042,published_results/extra_remaining_instances_2026-06-10/solutions/Otto_instance_n=100_33_c04/pareto_front.csv,1,0,600.0,0.0,15,15,0,True,600.0,600.0,0.0,0,11959,2.22,0.0,0.0,,100,0,0,0,0,0,0
Otto_instance_n=100_33_c05,Otto_instance_n=100_33,Otto,100,1000.0,c05,5,mid,mid,high,low,5042,published_results/extra_remaining_instances_2026-06-10/solutions/Otto_instance_n=100_33_c05/pareto_front.csv,1,0,600.0,0.0,15,15,0,True,600.0,600.0,0.0,0,11959,2.21,0.0,0.0,,100,0,0,0,0,0,0
Otto_instance_n=100_33_c06,Otto_instance_n=100_33,Otto,100,1000.0,c06,6,mid,high,low,mid,6042,published_results/extra_remaining_instances_2026-06-10/solutions/Otto_instance_n=100_33_c06/pareto_front.csv,1,0,600.0,0.0,15,15,0,True,600.0,600.0,0.0,0,13534,2.56,0.0,0.0,,100,0,0,0,0,0,0
Otto_instance_n=100_33_c07,Otto_instance_n=100_33,Otto,100,1000.0,c07,7,high,low,high,mid,7042,published_results/extra_remaining_instances_2026-06-10/solutions/Otto_instance_n=100_33_c07/pareto_front.csv,1,0,600.0,0.0,15,15,0,True,600.0,600.0,0.0,0,11959,2.19,0.0,0.0,,100,0,0,0,0,0,0
Otto_instance_n=100_33_c08,Otto_instance_n=100_33,Otto,100,1000.0,c08,8,high,mid,low,high,8042,published_results/extra_remaining_instances_2026-06-10/solutions/Otto_instance_n=100_33_c08/pareto_front.csv,1,0,600.0,0.0,15,15,0,True,600.0,600.0,0.0,0,11959,2.2,0.0,0.0,,100,0,0,0,0,0,0
Otto_instance_n=100_33_c09,Otto_instance_n=100_33,Otto,100,1000.0,c09,9,high,high,mid,low,9042,published_results/extra_remaining_instances_2026-06-10/solutions/Otto_instance_n=100_33_c09/pareto_front.csv,1,0,600.0,0.0,15,15,0,True,600.0,600.0,0.0,0,11959,2.23,0.0,0.0,,100,0,0,0,0,0,0
Otto_instance_n=20_146_c01,Otto_instance_n=20_146,Otto,20,1000.0,c01,1,low,low,low,low,1042,published_results/extra_remaining_instances_2026-06-10/solutions/Otto_instance_n=20_146_c01/pareto_front.csv,1,0,120.0,0.0,3,3,0,True,120.0,120.0,0.0,0,985,0.04,0.0,0.0,,20,0,0,0,0,0,0
Otto_instance_n=20_146_c01,Otto_instance_n=20_146,Otto,20,1000.0,c01,1,low,low,low,low,1042,published_results/extra_remaining_instances_2026-06-10/solutions/Otto_instance_n=20_146_c01/pareto_front.csv,2,1,85.0,107.55,2,2,1,False,53.5,107.55,50.2557,211288,8559517,300.33,92.0,15.55,0.689,7,0,0,0,0,10,3
Otto_instance_n=20_146_c01,Otto_instance_n=20_146,Otto,20,1000.0,c01,1,low,low,low,low,1042,published_results/extra_remaining_instances_2026-06-10/solutions/Otto_instance_n=20_146_c01/pareto_front.csv,3,2,54.0,217.55,2,1,2,True,217.55,217.55,0.0,78910,2508896,61.11,170.0,47.55,0.5245,0,1,0,0,19,0,0
Otto_instance_n=20_146_c01,Otto_instance_n=20_146,Otto,20,1000.0,c01,1,low,low,low,low,1042,published_results/extra_remaining_instances_2026-06-10/solutions/Otto_instance_n=20_146_c01/pareto_front.csv,4,3,27.0,700.1,3,0,3,True,700.1,700.1,0.0,7984,224940,1.81,680.0,20.1,0.866,0,20,0,0,0,0,0
Otto_instance_n=20_146_c02,Otto_instance_n=20_146,Otto,20,1000.0,c02,2,low,mid,mid,mid,2042,published_results/extra_remaining_instances_2026-06-10/solutions/Otto_instance_n=20_146_c02/pareto_front.csv,1,0,120.0,0.0,3,3,0,True,120.0,120.0,0.0,0,985,0.04,0.0,0.0,,20,0,0,0,0,0,0
Otto_instance_n=20_146_c02,Otto_instance_n=20_146,Otto,20,1000.0,c02,2,low,mid,mid,mid,2042,published_results/extra_remaining_instances_2026-06-10/solutions/Otto_instance_n=20_146_c02/pareto_front.csv,2,1,85.0,124.6,2,2,1,False,67.7,124.6,45.6661,211226,6456045,300.32,120.0,4.6,0.908,6,0,0,0,0,8,6
Otto_instance_n=20_146_c02,Otto_instance_n=20_146,Otto,20,1000.0,c02,2,low,mid,mid,mid,2042,published_results/extra_remaining_instances_2026-06-10/solutions/Otto_instance_n=20_146_c02/pareto_front.csv,3,2,54.0,374.0,2,1,2,False,234.23721209,374.0,37.3697,486611,9562407,300.39,372.0,2.0,0.98,0,9,0,0,0,6,5
Otto_instance_n=20_146_c02,Otto_instance_n=20_146,Otto,20,1000.0,c02,2,low,mid,mid,mid,2042,published_results/extra_remaining_instances_2026-06-10/solutions/Otto_instance_n=20_146_c02/pareto_front.csv,4,3,27.0,724.2,3,0,3,True,724.2,724.2,0.0,1379,41290,0.85,706.0,18.2,0.8787,0,20,0,0,0,0,0
Otto_instance_n=20_146_c03,Otto_instance_n=20_146,Otto,20,1000.0,c03,3,low,high,high,high,3042,published_results/extra_remaining_instances_2026-06-10/solutions/Otto_instance_n=20_146_c03/pareto_front.csv,1,0,120.0,0.0,3,3,0,True,120.0,120.0,0.0,0,985,0.05,0.0,0.0,,20,0,0,0,0,0,0
Otto_instance_n=20_146_c03,Otto_instance_n=20_146,Otto,20,1000.0,c03,3,low,high,high,high,3042,published_results/extra_remaining_instances_2026-06-10/solutions/Otto_instance_n=20_146_c03/pareto_front.csv,2,1,89.0,175.6,3,2,1,False,76.95,175.6,56.1788,232583,6136050,300.35,157.0,18.6,0.628,15,5,0,0,0,0,0
Otto_instance_n=20_146_c03,Otto_instance_n=20_146,Otto,20,1000.0,c03,3,low,high,high,high,3042,published_results/extra_remaining_instances_2026-06-10/solutions/Otto_instance_n=20_146_c03/pareto_front.csv,3,2,58.0,419.45,3,1,2,False,63.1,419.45,84.9565,348443,9893553,300.32,398.0,21.45,0.7855,8,12,0,0,0,0,0
Otto_instance_n=20_146_c03,Otto_instance_n=20_146,Otto,20,1000.0,c03,3,low,high,high,high,3042,published_results/extra_remaining_instances_2026-06-10/solutions/Otto_instance_n=20_146_c03/pareto_front.csv,4,3,27.0,701.95,3,0,3,False,287.66913043,701.95,59.0186,835528,29091923,300.45,681.0,20.95,0.8603,0,20,0,0,0,0,0
Otto_instance_n=20_146_c04,Otto_instance_n=20_146,Otto,20,1000.0,c04,4,mid,low,mid,high,4042,published_results/extra_remaining_instances_2026-06-10/solutions/Otto_instance_n=20_146_c04/pareto_front.csv,1,0,120.0,0.0,3,3,0,True,120.0,120.0,0.0,0,985,0.04,0.0,0.0,,20,0,0,0,0,0,0
Otto_instance_n=20_146_c04,Otto_instance_n=20_146,Otto,20,1000.0,c04,4,mid,low,mid,high,4042,published_results/extra_remaining_instances_2026-06-10/solutions/Otto_instance_n=20_146_c04/pareto_front.csv,2,1,85.0,111.55,2,2,1,True,111.55,111.55,0.0,16636,644118,30.11,91.0,20.55,0.589,9,0,0,0,11,0,0
Otto_instance_n=20_146_c04,Otto_instance_n=20_146,Otto,20,1000.0,c04,4,mid,low,mid,high,4042,published_results/extra_remaining_instances_2026-06-10/solutions/Otto_instance_n=20_146_c04/pareto_front.csv,3,2,45.0,155.25,1,1,1,True,155.25,155.25,0.0,75,12376,1.4,154.0,1.25,0.975,0,0,0,0,20,0,0
Otto_instance_n=20_146_c04,Otto_instance_n=20_146,Otto,20,1000.0,c04,4,mid,low,mid,high,4042,published_results/extra_remaining_instances_2026-06-10/solutions/Otto_instance_n=20_146_c04/pareto_front.csv,4,3,36.0,1019.35,4,0,4,True,1019.35,1019.35,0.0,0,0,0.41,1011.0,8.35,0.9583,0,20,0,0,0,0,0
Otto_instance_n=20_146_c05,Otto_instance_n=20_146,Otto,20,1000.0,c05,5,mid,mid,high,low,5042,published_results/extra_remaining_instances_2026-06-10/solutions/Otto_instance_n=20_146_c05/pareto_front.csv,1,0,120.0,0.0,3,3,0,True,120.0,120.0,0.0,0,985,0.04,0.0,0.0,,20,0,0,0,0,0,0
Otto_instance_n=20_146_c05,Otto_instance_n=20_146,Otto,20,1000.0,c05,5,mid,mid,high,low,5042,published_results/extra_remaining_instances_2026-06-10/solutions/Otto_instance_n=20_146_c05/pareto_front.csv,2,1,85.0,126.15,2,2,1,False,54.734687199,126.15,56.6114,239944,6789875,300.32,124.0,2.15,0.957,6,0,0,0,0,9,5
Otto_instance_n=20_146_c05,Otto_instance_n=20_146,Otto,20,1000.0,c05,5,mid,mid,high,low,5042,published_results/extra_remaining_instances_2026-06-10/solutions/Otto_instance_n=20_146_c05/pareto_front.csv,3,2,63.0,500.35,3,1,3,False,251.95809411,500.35,49.6436,433883,10554305,300.39,472.0,28.35,0.811,0,7,0,0,0,7,6
Otto_instance_n=20_146_c05,Otto_instance_n=20_146,Otto,20,1000.0,c05,5,mid,mid,high,low,5042,published_results/extra_remaining_instances_2026-06-10/solutions/Otto_instance_n=20_146_c05/pareto_front.csv,4,3,36.0,978.6500000000001,4,0,4,False,270.24482359,978.65,72.386,525239,18812008,300.39,967.0,11.65,0.9417,0,20,0,0,0,0,0
Otto_instance_n=20_146_c06,Otto_instance_n=20_146,Otto,20,1000.0,c06,6,mid,high,low,mid,6042,published_results/extra_remaining_instances_2026-06-10/solutions/Otto_instance_n=20_146_c06/pareto_front.csv,1,0,120.0,0.0,3,3,0,True,120.0,120.0,0.0,0,985,0.04,0.0,0.0,,20,0,0,0,0,0,0
Otto_instance_n=20_146_c06,Otto_instance_n=20_146,Otto,20,1000.0,c06,6,mid,high,low,mid,6042,published_results/extra_remaining_instances_2026-06-10/solutions/Otto_instance_n=20_146_c06/pareto_front.csv,2,1,89.0,230.65,3,2,1,False,67.4,230.65,70.7782,185296,7877411,300.61,224.0,6.65,0.867,16,4,0,0,0,0,0
Otto_instance_n=20_146_c06,Otto_instance_n=20_146,Otto,20,1000.0,c06,6,mid,high,low,mid,6042,published_results/extra_remaining_instances_2026-06-10/solutions/Otto_instance_n=20_146_c06/pareto_front.csv,3,2,63.0,576.1,3,1,3,False,59.5,576.1,89.6719,399822,12224092,300.49,558.0,18.1,0.8793,0,8,0,0,0,6,6
Otto_instance_n=20_146_c06,Otto_instance_n=20_146,Otto,20,1000.0,c06,6,mid,high,low,mid,6042,published_results/extra_remaining_instances_2026-06-10/solutions/Otto_instance_n=20_146_c06/pareto_front.csv,4,3,36.0,985.55,4,0,4,False,304.53723909,985.55,69.0998,703447,23161535,300.4,973.0,12.55,0.9373,0,20,0,0,0,0,0
Otto_instance_n=20_146_c07,Otto_instance_n=20_146,Otto,20,1000.0,c07,7,high,low,high,mid,7042,published_results/extra_remaining_instances_2026-06-10/solutions/Otto_instance_n=20_146_c07/pareto_front.csv,1,0,120.0,0.0,3,3,0,True,120.0,120.0,0.0,0,985,0.04,0.0,0.0,,20,0,0,0,0,0,0
Otto_instance_n=20_146_c07,Otto_instance_n=20_146,Otto,20,1000.0,c07,7,high,low,high,mid,7042,published_results/extra_remaining_instances_2026-06-10/solutions/Otto_instance_n=20_146_c07/pareto_front.csv,2,1,85.0,115.95,2,2,1,True,115.95,115.95,0.0,24511,1036978,43.22,97.0,18.95,0.621,9,0,0,0,11,0,0
Otto_instance_n=20_146_c07,Otto_instance_n=20_146,Otto,20,1000.0,c07,7,high,low,high,mid,7042,published_results/extra_remaining_instances_2026-06-10/solutions/Otto_instance_n=20_146_c07/pareto_front.csv,3,2,54.0,233.15,2,1,2,True,233.15,233.15,0.0,99,26540,2.48,189.0,44.15,0.5585,0,1,0,0,19,0,0
Otto_instance_n=20_146_c08,Otto_instance_n=20_146,Otto,20,1000.0,c08,8,high,mid,low,high,8042,published_results/extra_remaining_instances_2026-06-10/solutions/Otto_instance_n=20_146_c08/pareto_front.csv,1,0,120.0,0.0,3,3,0,True,120.0,120.0,0.0,0,985,0.04,0.0,0.0,,20,0,0,0,0,0,0
Otto_instance_n=20_146_c08,Otto_instance_n=20_146,Otto,20,1000.0,c08,8,high,mid,low,high,8042,published_results/extra_remaining_instances_2026-06-10/solutions/Otto_instance_n=20_146_c08/pareto_front.csv,2,1,94.0,246.70000000000002,3,2,2,False,172.15,246.7,30.2189,204538,7962359,300.32,209.0,37.7,0.623,10,1,0,0,9,0,0
Otto_instance_n=20_146_c08,Otto_instance_n=20_146,Otto,20,1000.0,c08,8,high,mid,low,high,8042,published_results/extra_remaining_instances_2026-06-10/solutions/Otto_instance_n=20_146_c08/pareto_front.csv,3,2,90.0,272.55,2,2,2,False,190.54298314,272.55,30.0888,351783,9097881,300.29,268.0,4.55,0.9545,0,0,0,0,11,5,4
Otto_instance_n=20_146_c08,Otto_instance_n=20_146,Otto,20,1000.0,c08,8,high,mid,low,high,8042,published_results/extra_remaining_instances_2026-06-10/solutions/Otto_instance_n=20_146_c08/pareto_front.csv,4,3,72.0,748.8499999999999,4,1,4,False,438.93768743,748.85,41.3851,217462,8766048,300.62,713.0,35.85,0.8207,0,7,0,0,13,0,0
Otto_instance_n=20_146_c08,Otto_instance_n=20_146,Otto,20,1000.0,c08,8,high,mid,low,high,8042,published_results/extra_remaining_instances_2026-06-10/solutions/Otto_instance_n=20_146_c08/pareto_front.csv,5,4,54.0,1451.5,6,0,6,True,1451.5,1451.5,0.0,56963,1694869,36.36,1437.0,14.5,0.9517,0,20,0,0,0,0,0
Otto_instance_n=20_146_c09,Otto_instance_n=20_146,Otto,20,1000.0,c09,9,high,high,mid,low,9042,published_results/extra_remaining_instances_2026-06-10/solutions/Otto_instance_n=20_146_c09/pareto_front.csv,1,0,120.0,0.0,3,3,0,True,120.0,120.0,0.0,0,985,0.04,0.0,0.0,,20,0,0,0,0,0,0
Otto_instance_n=20_146_c09,Otto_instance_n=20_146,Otto,20,1000.0,c09,9,high,high,mid,low,9042,published_results/extra_remaining_instances_2026-06-10/solutions/Otto_instance_n=20_146_c09/pareto_front.csv,2,1,90.0,225.5,2,2,2,False,56.641624709,225.5,74.8818,171986,9390420,300.32,204.0,21.5,0.785,0,0,0,0,0,14,6
Otto_instance_n=20_146_c09,Otto_instance_n=20_146,Otto,20,1000.0,c09,9,high,high,mid,low,9042,published_results/extra_remaining_instances_2026-06-10/solutions/Otto_instance_n=20_146_c09/pareto_front.csv,3,2,72.0,824.8499999999999,4,1,4,False,55.95,824.85,93.2169,390231,15740416,300.32,807.0,17.85,0.9107,0,10,0,0,0,7,3
Otto_instance_n=20_146_c09,Otto_instance_n=20_146,Otto,20,1000.0,c09,9,high,high,mid,low,9042,published_results/extra_remaining_instances_2026-06-10/solutions/Otto_instance_n=20_146_c09/pareto_front.csv,4,3,54.0,1548.35,6,0,6,False,354.7,1548.35,77.0917,467376,19687861,300.34,1537.0,11.35,0.9622,0,20,0,0,0,0,0
Otto_instance_n=20_240_c01,Otto_instance_n=20_240,Otto,20,1000.0,c01,1,low,low,low,low,1042,published_results/extra_remaining_instances_2026-06-10/solutions/Otto_instance_n=20_240_c01/pareto_front.csv,1,0,120.0,0.0,3,3,0,True,120.0,120.0,0.0,0,570,0.03,0.0,0.0,,20,0,0,0,0,0,0
Otto_instance_n=20_240_c01,Otto_instance_n=20_240,Otto,20,1000.0,c01,1,low,low,low,low,1042,published_results/extra_remaining_instances_2026-06-10/solutions/Otto_instance_n=20_240_c01/pareto_front.csv,2,1,85.0,125.2,2,2,1,False,76.656791975,125.2,38.7725,80845,3487773,300.47,110.0,15.2,0.696,7,0,0,0,13,0,0
Otto_instance_n=20_240_c01,Otto_instance_n=20_240,Otto,20,1000.0,c01,1,low,low,low,low,1042,published_results/extra_remaining_instances_2026-06-10/solutions/Otto_instance_n=20_240_c01/pareto_front.csv,3,2,54.0,244.05,2,1,2,True,244.05,244.05,0.0,10071,306274,11.04,203.0,41.05,0.5895,0,3,0,0,17,0,0
Otto_instance_n=20_240_c01,Otto_instance_n=20_240,Otto,20,1000.0,c01,1,low,low,low,low,1042,published_results/extra_remaining_instances_2026-06-10/solutions/Otto_instance_n=20_240_c01/pareto_front.csv,4,3,27.0,747.4,3,0,3,True,747.4,747.4,0.0,0,1032,0.57,741.0,6.4,0.9573,0,20,0,0,0,0,0
Otto_instance_n=20_240_c02,Otto_instance_n=20_240,Otto,20,1000.0,c02,2,low,mid,mid,mid,2042,published_results/extra_remaining_instances_2026-06-10/solutions/Otto_instance_n=20_240_c02/pareto_front.csv,1,0,120.0,0.0,3,3,0,True,120.0,120.0,0.0,0,570,0.03,0.0,0.0,,20,0,0,0,0,0,0
Otto_instance_n=20_240_c02,Otto_instance_n=20_240,Otto,20,1000.0,c02,2,low,mid,mid,mid,2042,published_results/extra_remaining_instances_2026-06-10/solutions/Otto_instance_n=20_240_c02/pareto_front.csv,2,1,90.0,210.7,2,2,2,False,123.73254462,210.7,41.2755,281574,5259518,300.42,177.0,33.7,0.663,0,0,0,0,0,12,8
Otto_instance_n=20_240_c02,Otto_instance_n=20_240,Otto,20,1000.0,c02,2,low,mid,mid,mid,2042,published_results/extra_remaining_instances_2026-06-10/solutions/Otto_instance_n=20_240_c02/pareto_front.csv,3,2,89.0,232.95,3,2,1,True,232.95,232.95,0.0,96006,2264600,75.44,226.0,6.95,0.861,14,6,0,0,0,0,0
Otto_instance_n=20_240_c02,Otto_instance_n=20_240,Otto,20,1000.0,c02,2,low,mid,mid,mid,2042,published_results/extra_remaining_instances_2026-06-10/solutions/Otto_instance_n=20_240_c02/pareto_front.csv,4,3,63.0,456.85,3,1,3,False,330.2,456.85,27.7224,328741,8431528,300.38,411.0,45.85,0.6943,0,9,0,0,0,5,6
Otto_instance_n=20_240_c02,Otto_instance_n=20_240,Otto,20,1000.0,c02,2,low,mid,mid,mid,2042,published_results/extra_remaining_instances_2026-06-10/solutions/Otto_instance_n=20_240_c02/pareto_front.csv,5,4,58.0,484.7,3,1,2,True,484.7,484.7,0.0,161803,5683154,84.81,476.0,8.7,0.913,7,13,0,0,0,0,0
Otto_instance_n=20_240_c02,Otto_instance_n=20_240,Otto,20,1000.0,c02,2,low,mid,mid,mid,2042,published_results/extra_remaining_instances_2026-06-10/solutions/Otto_instance_n=20_240_c02/pareto_front.csv,6,5,27.0,762.4,3,0,3,True,762.4,762.4,0.0,213367,3672010,35.32,753.0,9.4,0.9373,0,20,0,0,0,0,0
Otto_instance_n=20_240_c03,Otto_instance_n=20_240,Otto,20,1000.0,c03,3,low,high,high,high,3042,published_results/extra_remaining_instances_2026-06-10/solutions/Otto_instance_n=20_240_c03/pareto_front.csv,1,0,120.0,0.0,3,3,0,True,120.0,120.0,0.0,0,570,0.03,0.0,0.0,,20,0,0,0,0,0,0
Otto_instance_n=20_240_c03,Otto_instance_n=20_240,Otto,20,1000.0,c03,3,low,high,high,high,3042,published_results/extra_remaining_instances_2026-06-10/solutions/Otto_instance_n=20_240_c03/pareto_front.csv,2,1,89.0,231.6,3,2,1,False,188.58834586,231.6,18.5715,266877,6337452,300.31,227.0,4.6,0.908,13,7,0,0,0,0,0
Otto_instance_n=20_240_c03,Otto_instance_n=20_240,Otto,20,1000.0,c03,3,low,high,high,high,3042,published_results/extra_remaining_instances_2026-06-10/solutions/Otto_instance_n=20_240_c03/pareto_front.csv,3,2,58.0,471.0,3,1,2,False,427.1950946,471.0,9.3004,282225,7166732,300.41,464.0,7.0,0.93,8,12,0,0,0,0,0
Otto_instance_n=20_240_c03,Otto_instance_n=20_240,Otto,20,1000.0,c03,3,low,high,high,high,3042,published_results/extra_remaining_instances_2026-06-10/solutions/Otto_instance_n=20_240_c03/pareto_front.csv,4,3,27.0,752.25,3,0,3,True,752.25,752.25,0.0,8038,162691,2.66,746.0,6.25,0.9583,0,20,0,0,0,0,0
Otto_instance_n=20_240_c04,Otto_instance_n=20_240,Otto,20,1000.0,c04,4,mid,low,mid,high,4042,published_results/extra_remaining_instances_2026-06-10/solutions/Otto_instance_n=20_240_c04/pareto_front.csv,1,0,120.0,0.0,3,3,0,True,120.0,120.0,0.0,0,570,0.04,0.0,0.0,,20,0,0,0,0,0,0
Otto_instance_n=20_240_c04,Otto_instance_n=20_240,Otto,20,1000.0,c04,4,mid,low,mid,high,4042,published_results/extra_remaining_instances_2026-06-10/solutions/Otto_instance_n=20_240_c04/pareto_front.csv,2,1,85.0,124.2,2,2,1,True,124.2,124.2,0.0,2788,150441,6.21,108.0,16.2,0.676,7,0,0,0,13,0,0
Otto_instance_n=20_240_c04,Otto_instance_n=20_240,Otto,20,1000.0,c04,4,mid,low,mid,high,4042,published_results/extra_remaining_instances_2026-06-10/solutions/Otto_instance_n=20_240_c04/pareto_front.csv,3,2,54.0,268.7,2,1,2,True,268.7,268.7,0.0,338,56844,2.71,235.0,33.7,0.663,0,2,0,0,18,0,0
Otto_instance_n=20_240_c04,Otto_instance_n=20_240,Otto,20,1000.0,c04,4,mid,low,mid,high,4042,published_results/extra_remaining_instances_2026-06-10/solutions/Otto_instance_n=20_240_c04/pareto_front.csv,4,3,45.0,1146.8,5,0,5,True,1146.8,1146.8,0.0,140,8474,0.77,1106.0,40.8,0.8368,0,20,0,0,0,0,0
Otto_instance_n=20_240_c05,Otto_instance_n=20_240,Otto,20,1000.0,c05,5,mid,mid,high,low,5042,published_results/extra_remaining_instances_2026-06-10/solutions/Otto_instance_n=20_240_c05/pareto_front.csv,1,0,120.0,0.0,3,3,0,True,120.0,120.0,0.0,0,570,0.03,0.0,0.0,,20,0,0,0,0,0,0
Otto_instance_n=20_240_c05,Otto_instance_n=20_240,Otto,20,1000.0,c05,5,mid,mid,high,low,5042,published_results/extra_remaining_instances_2026-06-10/solutions/Otto_instance_n=20_240_c05/pareto_front.csv,2,1,90.0,223.75,2,2,2,False,109.8,223.75,50.9274,136010,7796406,300.34,196.0,27.75,0.7225,0,0,0,0,0,13,7
Otto_instance_n=20_240_c05,Otto_instance_n=20_240,Otto,20,1000.0,c05,5,mid,mid,high,low,5042,published_results/extra_remaining_instances_2026-06-10/solutions/Otto_instance_n=20_240_c05/pareto_front.csv,3,2,63.0,587.2500000000001,3,1,3,False,417.87083333,587.25,28.8428,360771,8894270,300.33,575.0,12.25,0.9183,0,8,0,0,0,6,6
Otto_instance_n=20_240_c05,Otto_instance_n=20_240,Otto,20,1000.0,c05,5,mid,mid,high,low,5042,published_results/extra_remaining_instances_2026-06-10/solutions/Otto_instance_n=20_240_c05/pareto_front.csv,4,3,45.0,1101.65,5,0,5,True,1101.65,1101.65,0.0,11346,294150,5.41,1056.0,45.65,0.8174,0,20,0,0,0,0,0
Otto_instance_n=20_240_c06,Otto_instance_n=20_240,Otto,20,1000.0,c06,6,mid,high,low,mid,6042,published_results/extra_remaining_instances_2026-06-10/solutions/Otto_instance_n=20_240_c06/pareto_front.csv,1,0,120.0,0.0,3,3,0,True,120.0,120.0,0.0,0,570,0.03,0.0,0.0,,20,0,0,0,0,0,0
Otto_instance_n=20_240_c06,Otto_instance_n=20_240,Otto,20,1000.0,c06,6,mid,high,low,mid,6042,published_results/extra_remaining_instances_2026-06-10/solutions/Otto_instance_n=20_240_c06/pareto_front.csv,2,1,90.0,271.90000000000003,2,2,2,False,177.07370598,271.9,34.8754,251363,6638987,300.35,266.0,5.9,0.941,0,0,0,0,0,10,10
Otto_instance_n=20_240_c06,Otto_instance_n=20_240,Otto,20,1000.0,c06,6,mid,high,low,mid,6042,published_results/extra_remaining_instances_2026-06-10/solutions/Otto_instance_n=20_240_c06/pareto_front.csv,3,2,72.0,678.6500000000001,4,1,4,False,519.37219373,678.65,23.4698,412295,8632784,300.36,628.0,50.65,0.7468,0,10,0,0,0,6,4
Otto_instance_n=20_240_c06,Otto_instance_n=20_240,Otto,20,1000.0,c06,6,mid,high,low,mid,6042,published_results/extra_remaining_instances_2026-06-10/solutions/Otto_instance_n=20_240_c06/pareto_front.csv,4,3,67.0,680.5500000000001,4,1,3,True,680.55,680.55,0.0,253169,5010828,105.68,663.0,17.55,0.883,6,14,0,0,0,0,0
Otto_instance_n=20_240_c06,Otto_instance_n=20_240,Otto,20,1000.0,c06,6,mid,high,low,mid,6042,published_results/extra_remaining_instances_2026-06-10/solutions/Otto_instance_n=20_240_c06/pareto_front.csv,5,4,45.0,1103.9999999999998,5,0,5,True,1104.0,1104.0,0.0,200792,2981056,49.16,1060.0,44.0,0.824,0,20,0,0,0,0,0
Otto_instance_n=20_240_c07,Otto_instance_n=20_240,Otto,20,1000.0,c07,7,high,low,high,mid,7042,published_results/extra_remaining_instances_2026-06-10/solutions/Otto_instance_n=20_240_c07/pareto_front.csv,1,0,120.0,0.0,3,3,0,True,120.0,120.0,0.0,0,570,0.03,0.0,0.0,,20,0,0,0,0,0,0
Otto_instance_n=20_240_c07,Otto_instance_n=20_240,Otto,20,1000.0,c07,7,high,low,high,mid,7042,published_results/extra_remaining_instances_2026-06-10/solutions/Otto_instance_n=20_240_c07/pareto_front.csv,2,1,85.0,127.5,2,2,1,True,127.5,127.5,0.0,5883,177152,6.89,113.0,14.5,0.71,7,0,0,0,13,0,0
Otto_instance_n=20_240_c07,Otto_instance_n=20_240,Otto,20,1000.0,c07,7,high,low,high,mid,7042,published_results/extra_remaining_instances_2026-06-10/solutions/Otto_instance_n=20_240_c07/pareto_front.csv,3,2,54.0,308.09999999999997,2,1,2,True,308.1,308.1,0.0,146,39497,2.72,285.0,23.1,0.769,0,2,0,0,18,0,0
Otto_instance_n=20_240_c08,Otto_instance_n=20_240,Otto,20,1000.0,c08,8,high,mid,low,high,8042,published_results/extra_remaining_instances_2026-06-10/solutions/Otto_instance_n=20_240_c08/pareto_front.csv,1,0,120.0,0.0,3,3,0,True,120.0,120.0,0.0,0,570,0.04,0.0,0.0,,20,0,0,0,0,0,0
Otto_instance_n=20_240_c08,Otto_instance_n=20_240,Otto,20,1000.0,c08,8,high,mid,low,high,8042,published_results/extra_remaining_instances_2026-06-10/solutions/Otto_instance_n=20_240_c08/pareto_front.csv,2,1,90.0,294.45000000000005,2,2,2,True,294.45,294.45,0.0,37694,1873276,73.17,288.0,6.45,0.9355,0,0,0,0,20,0,0
Otto_instance_n=20_240_c08,Otto_instance_n=20_240,Otto,20,1000.0,c08,8,high,mid,low,high,8042,published_results/extra_remaining_instances_2026-06-10/solutions/Otto_instance_n=20_240_c08/pareto_front.csv,3,2,72.0,844.8,4,1,4,True,844.8,844.8,0.0,40219,1376251,35.94,829.0,15.8,0.921,0,10,0,0,10,0,0
Otto_instance_n=20_240_c08,Otto_instance_n=20_240,Otto,20,1000.0,c08,8,high,mid,low,high,8042,published_results/extra_remaining_instances_2026-06-10/solutions/Otto_instance_n=20_240_c08/pareto_front.csv,4,3,63.0,1613.95,7,0,7,True,1613.95,1613.95,0.0,4041,274915,4.33,1574.0,39.95,0.8859,0,20,0,0,0,0,0
Otto_instance_n=20_240_c09,Otto_instance_n=20_240,Otto,20,1000.0,c09,9,high,high,mid,low,9042,published_results/extra_remaining_instances_2026-06-10/solutions/Otto_instance_n=20_240_c09/pareto_front.csv,1,0,120.0,0.0,3,3,0,True,120.0,120.0,0.0,0,570,0.03,0.0,0.0,,20,0,0,0,0,0,0
Otto_instance_n=20_240_c09,Otto_instance_n=20_240,Otto,20,1000.0,c09,9,high,high,mid,low,9042,published_results/extra_remaining_instances_2026-06-10/solutions/Otto_instance_n=20_240_c09/pareto_front.csv,2,1,99.0,409.35,3,2,3,False,184.55,409.35,54.9163,264080,6491367,300.53,368.0,41.35,0.7243,0,1,0,0,0,13,6
Otto_instance_n=20_240_c09,Otto_instance_n=20_240,Otto,20,1000.0,c09,9,high,high,mid,low,9042,published_results/extra_remaining_instances_2026-06-10/solutions/Otto_instance_n=20_240_c09/pareto_front.csv,3,2,98.0,507.20000000000005,4,2,2,False,282.4,507.2,44.3218,260499,7124124,300.31,503.0,4.2,0.958,13,7,0,0,0,0,0
Otto_instance_n=20_240_c09,Otto_instance_n=20_240,Otto,20,1000.0,c09,9,high,high,mid,low,9042,published_results/extra_remaining_instances_2026-06-10/solutions/Otto_instance_n=20_240_c09/pareto_front.csv,4,3,81.0,1005.6999999999999,5,1,5,False,465.43689168,1005.7,53.7201,392859,7540779,300.29,966.0,39.7,0.8412,0,11,0,0,0,5,4
Otto_instance_n=20_240_c09,Otto_instance_n=20_240,Otto,20,1000.0,c09,9,high,high,mid,low,9042,published_results/extra_remaining_instances_2026-06-10/solutions/Otto_instance_n=20_240_c09/pareto_front.csv,5,4,63.0,1703.0,7,0,7,True,1703.0,1703.0,0.0,351878,15100049,230.25,1666.0,37.0,0.8943,0,20,0,0,0,0,0
Otto_instance_n=20_288_c01,Otto_instance_n=20_288,Otto,20,1000.0,c01,1,low,low,low,low,1042,published_results/extra_remaining_instances_2026-06-10/solutions/Otto_instance_n=20_288_c01/pareto_front.csv,1,0,240.0,0.0,6,6,0,True,240.0,240.0,0.0,0,697,0.04,0.0,0.0,,20,0,0,0,0,0,0
Otto_instance_n=20_288_c01,Otto_instance_n=20_288,Otto,20,1000.0,c01,1,low,low,low,low,1042,published_results/extra_remaining_instances_2026-06-10/solutions/Otto_instance_n=20_288_c01/pareto_front.csv,2,1,205.0,60.800000000000004,5,5,1,True,60.8,60.8,0.0,5533,618505,29.06,14.0,46.8,0.064,16,0,3,1,0,0,0
Otto_instance_n=20_288_c01,Otto_instance_n=20_288,Otto,20,1000.0,c01,1,low,low,low,low,1042,published_results/extra_remaining_instances_2026-06-10/solutions/Otto_instance_n=20_288_c01/pareto_front.csv,3,2,165.0,128.65,4,4,1,True,128.65,128.65,0.0,16727,1859348,140.31,117.0,11.65,0.767,13,0,0,0,7,0,0
Otto_instance_n=20_288_c01,Otto_instance_n=20_288,Otto,20,1000.0,c01,1,low,low,low,low,1042,published_results/extra_remaining_instances_2026-06-10/solutions/Otto_instance_n=20_288_c01/pareto_front.csv,4,3,130.0,235.5,3,3,2,True,235.5,235.5,0.0,59223,4389535,178.31,206.0,29.5,0.705,5,0,0,0,10,3,2
Otto_instance_n=20_288_c01,Otto_instance_n=20_288,Otto,20,1000.0,c01,1,low,low,low,low,1042,published_results/extra_remaining_instances_2026-06-10/solutions/Otto_instance_n=20_288_c01/pareto_front.csv,5,4,90.0,302.2,2,2,2,True,302.2,302.2,0.0,15378,2219054,94.94,298.0,4.2,0.958,0,0,0,0,20,0,0
Otto_instance_n=20_288_c01,Otto_instance_n=20_288,Otto,20,1000.0,c01,1,low,low,low,low,1042,published_results/extra_remaining_instances_2026-06-10/solutions/Otto_instance_n=20_288_c01/pareto_front.csv,6,5,72.0,754.5000000000001,4,1,4,True,754.5,754.5,0.0,13046,1177647,43.63,723.0,31.5,0.8425,0,10,0,0,10,0,0
Otto_instance_n=20_288_c01,Otto_instance_n=20_288,Otto,20,1000.0,c01,1,low,low,low,low,1042,published_results/extra_remaining_instances_2026-06-10/solutions/Otto_instance_n=20_288_c01/pareto_front.csv,7,6,54.0,1341.6499999999999,6,0,6,True,1341.65,1341.65,0.0,826,79311,3.3,1291.0,50.65,0.8312,0,20,0,0,0,0,0
Otto_instance_n=20_288_c02,Otto_instance_n=20_288,Otto,20,1000.0,c02,2,low,mid,mid,mid,2042,published_results/extra_remaining_instances_2026-06-10/solutions/Otto_instance_n=20_288_c02/pareto_front.csv,1,0,240.0,0.0,6,6,0,True,240.0,240.0,0.0,0,697,0.04,0.0,0.0,,20,0,0,0,0,0,0
Otto_instance_n=20_288_c02,Otto_instance_n=20_288,Otto,20,1000.0,c02,2,low,mid,mid,mid,2042,published_results/extra_remaining_instances_2026-06-10/solutions/Otto_instance_n=20_288_c02/pareto_front.csv,2,1,205.0,74.5,5,5,1,True,74.5,74.5,0.0,10501,616104,30.44,41.0,33.5,0.33,16,0,0,0,0,3,1
Otto_instance_n=20_288_c02,Otto_instance_n=20_288,Otto,20,1000.0,c02,2,low,mid,mid,mid,2042,published_results/extra_remaining_instances_2026-06-10/solutions/Otto_instance_n=20_288_c02/pareto_front.csv,3,2,170.0,220.60000000000002,4,4,2,False,145.96626572,220.6,33.8322,103501,7134845,300.32,194.0,26.6,0.734,8,0,0,0,0,6,6
Otto_instance_n=20_288_c02,Otto_instance_n=20_288,Otto,20,1000.0,c02,2,low,mid,mid,mid,2042,published_results/extra_remaining_instances_2026-06-10/solutions/Otto_instance_n=20_288_c02/pareto_front.csv,4,3,135.0,392.90000000000003,3,3,3,False,156.40261421,392.9,60.1928,38824,4249464,300.4,383.0,9.9,0.934,0,0,0,0,0,9,11
Otto_instance_n=20_288_c02,Otto_instance_n=20_288,Otto,20,1000.0,c02,2,low,mid,mid,mid,2042,published_results/extra_remaining_instances_2026-06-10/solutions/Otto_instance_n=20_288_c02/pareto_front.csv,5,4,108.0,684.35,4,2,4,False,426.9882183,684.35,37.6067,92788,7691873,300.33,658.0,26.35,0.8682,0,8,0,0,0,4,8
Otto_instance_n=20_288_c02,Otto_instance_n=20_288,Otto,20,1000.0,c02,2,low,mid,mid,mid,2042,published_results/extra_remaining_instances_2026-06-10/solutions/Otto_instance_n=20_288_c02/pareto_front.csv,6,5,107.0,768.15,5,2,3,True,768.15,768.15,0.0,37141,3427685,218.81,764.0,4.15,0.9723,8,12,0,0,0,0,0
Otto_instance_n=20_288_c02,Otto_instance_n=20_288,Otto,20,1000.0,c02,2,low,mid,mid,mid,2042,published_results/extra_remaining_instances_2026-06-10/solutions/Otto_instance_n=20_288_c02/pareto_front.csv,7,6,81.0,986.4,5,1,5,False,856.7892746,986.4,13.1398,241339,8742246,300.33,947.0,39.4,0.8424,0,13,0,0,0,2,5
Otto_instance_n=20_288_c02,Otto_instance_n=20_288,Otto,20,1000.0,c02,2,low,mid,mid,mid,2042,published_results/extra_remaining_instances_2026-06-10/solutions/Otto_instance_n=20_288_c02/pareto_front.csv,8,7,76.0,1050.25,5,1,4,True,1050.25,1050.25,0.0,4701,198809,5.85,1045.0,5.25,0.9738,3,17,0,0,0,0,0
Otto_instance_n=20_288_c02,Otto_instance_n=20_288,Otto,20,1000.0,c02,2,low,mid,mid,mid,2042,published_results/extra_remaining_instances_2026-06-10/solutions/Otto_instance_n=20_288_c02/pareto_front.csv,9,8,54.0,1354.7,6,0,6,True,1354.7,1354.7,0.0,7430,213415,5.58,1300.0,54.7,0.8177,0,20,0,0,0,0,0
Otto_instance_n=20_288_c03,Otto_instance_n=20_288,Otto,20,1000.0,c03,3,low,high,high,high,3042,published_results/extra_remaining_instances_2026-06-10/solutions/Otto_instance_n=20_288_c03/pareto_front.csv,1,0,240.0,0.0,6,6,0,True,240.0,240.0,0.0,0,697,0.03,0.0,0.0,,20,0,0,0,0,0,0
Otto_instance_n=20_288_c03,Otto_instance_n=20_288,Otto,20,1000.0,c03,3,low,high,high,high,3042,published_results/extra_remaining_instances_2026-06-10/solutions/Otto_instance_n=20_288_c03/pareto_front.csv,2,1,209.0,79.15,6,5,1,True,79.15,79.15,0.0,7616,596823,32.27,35.0,44.15,0.117,19,1,0,0,0,0,0
Otto_instance_n=20_288_c03,Otto_instance_n=20_288,Otto,20,1000.0,c03,3,low,high,high,high,3042,published_results/extra_remaining_instances_2026-06-10/solutions/Otto_instance_n=20_288_c03/pareto_front.csv,3,2,205.0,90.85,5,5,1,True,90.85,90.85,0.0,7243,681764,35.86,64.0,26.85,0.463,16,0,0,0,0,3,1
Otto_instance_n=20_288_c03,Otto_instance_n=20_288,Otto,20,1000.0,c03,3,low,high,high,high,3042,published_results/extra_remaining_instances_2026-06-10/solutions/Otto_instance_n=20_288_c03/pareto_front.csv,4,3,174.0,301.6,5,4,2,True,301.6,301.6,0.0,123541,8223992,297.33,278.0,23.6,0.764,13,2,0,0,0,3,2
Otto_instance_n=20_288_c03,Otto_instance_n=20_288,Otto,20,1000.0,c03,3,low,high,high,high,3042,published_results/extra_remaining_instances_2026-06-10/solutions/Otto_instance_n=20_288_c03/pareto_front.csv,5,4,143.0,540.6999999999999,5,3,3,False,292.27028884,540.7,45.9459,101747,7690500,300.32,516.0,24.7,0.8353,8,6,0,0,0,3,3
Otto_instance_n=20_288_c03,Otto_instance_n=20_288,Otto,20,1000.0,c03,3,low,high,high,high,3042,published_results/extra_remaining_instances_2026-06-10/solutions/Otto_instance_n=20_288_c03/pareto_front.csv,6,5,107.0,777.0,5,2,3,True,777.0,777.0,0.0,38197,2426847,91.29,774.0,3.0,0.98,7,13,0,0,0,0,0
Otto_instance_n=20_288_c03,Otto_instance_n=20_288,Otto,20,1000.0,c03,3,low,high,high,high,3042,published_results/extra_remaining_instances_2026-06-10/solutions/Otto_instance_n=20_288_c03/pareto_front.csv,7,6,76.0,1014.75,5,1,4,True,1014.75,1014.75,0.0,151337,4053256,189.23,1010.0,4.75,0.9762,4,16,0,0,0,0,0
Otto_instance_n=20_288_c03,Otto_instance_n=20_288,Otto,20,1000.0,c03,3,low,high,high,high,3042,published_results/extra_remaining_instances_2026-06-10/solutions/Otto_instance_n=20_288_c03/pareto_front.csv,8,7,54.0,1330.3000000000002,6,0,6,True,1330.3,1330.3,0.0,841,64709,3.85,1277.0,53.3,0.8223,0,20,0,0,0,0,0
Otto_instance_n=20_288_c04,Otto_instance_n=20_288,Otto,20,1000.0,c04,4,mid,low,mid,high,4042,published_results/extra_remaining_instances_2026-06-10/solutions/Otto_instance_n=20_288_c04/pareto_front.csv,1,0,240.0,0.0,6,6,0,True,240.0,240.0,0.0,0,697,0.03,0.0,0.0,,20,0,0,0,0,0,0
Otto_instance_n=20_288_c04,Otto_instance_n=20_288,Otto,20,1000.0,c04,4,mid,low,mid,high,4042,published_results/extra_remaining_instances_2026-06-10/solutions/Otto_instance_n=20_288_c04/pareto_front.csv,2,1,209.0,81.65,6,5,1,True,81.65,81.65,0.0,7043,260845,7.99,40.0,41.65,0.167,19,1,0,0,0,0,0
Otto_instance_n=20_288_c04,Otto_instance_n=20_288,Otto,20,1000.0,c04,4,mid,low,mid,high,4042,published_results/extra_remaining_instances_2026-06-10/solutions/Otto_instance_n=20_288_c04/pareto_front.csv,3,2,205.0,89.45,5,5,1,True,89.45,89.45,0.0,4483,500302,10.46,58.0,31.45,0.371,16,0,0,0,4,0,0
Otto_instance_n=20_288_c04,Otto_instance_n=20_288,Otto,20,1000.0,c04,4,mid,low,mid,high,4042,published_results/extra_remaining_instances_2026-06-10/solutions/Otto_instance_n=20_288_c04/pareto_front.csv,4,3,165.0,128.35,4,4,1,True,128.35,128.35,0.0,9130,894881,32.81,116.0,12.35,0.753,12,0,0,0,8,0,0
Otto_instance_n=20_288_c04,Otto_instance_n=20_288,Otto,20,1000.0,c04,4,mid,low,mid,high,4042,published_results/extra_remaining_instances_2026-06-10/solutions/Otto_instance_n=20_288_c04/pareto_front.csv,5,4,130.0,250.95,3,3,2,True,250.95,250.95,0.0,6219,487693,15.5,222.0,28.95,0.7105,5,0,0,0,15,0,0
Otto_instance_n=20_288_c04,Otto_instance_n=20_288,Otto,20,1000.0,c04,4,mid,low,mid,high,4042,published_results/extra_remaining_instances_2026-06-10/solutions/Otto_instance_n=20_288_c04/pareto_front.csv,6,5,90.0,295.65,2,2,2,True,295.65,295.65,0.0,3007,669180,20.25,288.0,7.65,0.9235,0,0,0,0,20,0,0
Otto_instance_n=20_288_c04,Otto_instance_n=20_288,Otto,20,1000.0,c04,4,mid,low,mid,high,4042,published_results/extra_remaining_instances_2026-06-10/solutions/Otto_instance_n=20_288_c04/pareto_front.csv,7,6,81.0,973.55,5,1,5,True,973.55,973.55,0.0,239,50008,2.88,928.0,45.55,0.8178,0,9,0,0,11,0,0
Otto_instance_n=20_288_c04,Otto_instance_n=20_288,Otto,20,1000.0,c04,4,mid,low,mid,high,4042,published_results/extra_remaining_instances_2026-06-10/solutions/Otto_instance_n=20_288_c04/pareto_front.csv,8,7,72.0,1915.6499999999999,8,0,8,True,1915.65,1915.65,0.0,668,84719,3.14,1875.0,40.65,0.8984,0,20,0,0,0,0,0
Otto_instance_n=20_288_c05,Otto_instance_n=20_288,Otto,20,1000.0,c05,5,mid,mid,high,low,5042,published_results/extra_remaining_instances_2026-06-10/solutions/Otto_instance_n=20_288_c05/pareto_front.csv,1,0,240.0,0.0,6,6,0,True,240.0,240.0,0.0,0,697,0.04,0.0,0.0,,20,0,0,0,0,0,0
Otto_instance_n=20_288_c05,Otto_instance_n=20_288,Otto,20,1000.0,c05,5,mid,mid,high,low,5042,published_results/extra_remaining_instances_2026-06-10/solutions/Otto_instance_n=20_288_c05/pareto_front.csv,2,1,205.0,69.65,5,5,1,True,69.65,69.65,0.0,7496,750983,38.66,32.0,37.65,0.247,15,0,0,0,0,4,1
Otto_instance_n=20_288_c05,Otto_instance_n=20_288,Otto,20,1000.0,c05,5,mid,mid,high,low,5042,published_results/extra_remaining_instances_2026-06-10/solutions/Otto_instance_n=20_288_c05/pareto_front.csv,3,2,170.0,231.79999999999998,4,4,2,True,231.8,231.8,0.0,95829,4325646,283.95,213.0,18.8,0.812,7,0,0,0,0,8,5
Otto_instance_n=20_288_c05,Otto_instance_n=20_288,Otto,20,1000.0,c05,5,mid,mid,high,low,5042,published_results/extra_remaining_instances_2026-06-10/solutions/Otto_instance_n=20_288_c05/pareto_front.csv,4,3,144.0,519.65,4,3,4,False,322.9829122,519.65,37.8461,119665,6811376,300.33,486.0,33.65,0.8317,0,1,0,0,0,10,9
Otto_instance_n=20_288_c05,Otto_instance_n=20_288,Otto,20,1000.0,c05,5,mid,mid,high,low,5042,published_results/extra_remaining_instances_2026-06-10/solutions/Otto_instance_n=20_288_c05/pareto_front.csv,5,4,143.0,631.6,5,3,3,False,400.63742434,631.6,36.5679,106163,7084190,300.31,630.0,1.6,0.9893,8,6,0,0,0,4,2
Otto_instance_n=20_288_c05,Otto_instance_n=20_288,Otto,20,1000.0,c05,5,mid,mid,high,low,5042,published_results/extra_remaining_instances_2026-06-10/solutions/Otto_instance_n=20_288_c05/pareto_front.csv,6,5,117.0,916.15,5,2,5,False,473.65,916.15,48.3,154971,8362747,300.31,887.0,29.15,0.8834,0,7,0,0,5,5,3
Otto_instance_n=20_288_c05,Otto_instance_n=20_288,Otto,20,1000.0,c05,5,mid,mid,high,low,5042,published_results/extra_remaining_instances_2026-06-10/solutions/Otto_instance_n=20_288_c05/pareto_front.csv,7,6,99.0,1369.7999999999997,7,1,7,False,1027.6171233,1369.8,24.9805,141459,6332861,301.1,1311.0,58.8,0.832,0,13,0,0,0,4,3
Otto_instance_n=20_288_c05,Otto_instance_n=20_288,Otto,20,1000.0,c05,5,mid,mid,high,low,5042,published_results/extra_remaining_instances_2026-06-10/solutions/Otto_instance_n=20_288_c05/pareto_front.csv,8,7,90.0,1393.75,6,1,6,True,1393.75,1393.75,0.0,28317,1397237,48.57,1380.0,13.75,0.9542,0,15,0,0,5,0,0
Otto_instance_n=20_288_c05,Otto_instance_n=20_288,Otto,20,1000.0,c05,5,mid,mid,high,low,5042,published_results/extra_remaining_instances_2026-06-10/solutions/Otto_instance_n=20_288_c05/pareto_front.csv,9,8,72.0,1854.4999999999998,8,0,8,True,1854.5,1854.5,0.0,1569,153829,6.76,1810.0,44.5,0.8887,0,20,0,0,0,0,0
Otto_instance_n=20_288_c06,Otto_instance_n=20_288,Otto,20,1000.0,c06,6,mid,high,low,mid,6042,published_results/extra_remaining_instances_2026-06-10/solutions/Otto_instance_n=20_288_c06/pareto_front.csv,1,0,240.0,0.0,6,6,0,True,240.0,240.0,0.0,0,697,0.03,0.0,0.0,,20,0,0,0,0,0,0
Otto_instance_n=20_288_c06,Otto_instance_n=20_288,Otto,20,1000.0,c06,6,mid,high,low,mid,6042,published_results/extra_remaining_instances_2026-06-10/solutions/Otto_instance_n=20_288_c06/pareto_front.csv,2,1,205.0,81.8,5,5,1,True,81.8,81.8,0.0,6605,584391,17.0,50.0,31.8,0.364,17,0,0,0,0,2,1
Otto_instance_n=20_288_c06,Otto_instance_n=20_288,Otto,20,1000.0,c06,6,mid,high,low,mid,6042,published_results/extra_remaining_instances_2026-06-10/solutions/Otto_instance_n=20_288_c06/pareto_front.csv,3,2,174.0,342.95,5,4,2,False,236.45844981,342.95,31.0516,111279,7667631,300.31,325.0,17.95,0.8205,13,2,0,0,0,3,2
Otto_instance_n=20_288_c06,Otto_instance_n=20_288,Otto,20,1000.0,c06,6,mid,high,low,mid,6042,published_results/extra_remaining_instances_2026-06-10/solutions/Otto_instance_n=20_288_c06/pareto_front.csv,4,3,148.0,668.7,5,3,4,False,314.68876659,668.7,52.9402,100192,6071966,300.32,635.0,33.7,0.8315,5,3,0,0,0,7,5
Otto_instance_n=20_288_c06,Otto_instance_n=20_288,Otto,20,1000.0,c06,6,mid,high,low,mid,6042,published_results/extra_remaining_instances_2026-06-10/solutions/Otto_instance_n=20_288_c06/pareto_front.csv,5,4,147.0,688.6500000000001,6,3,3,True,688.65,688.65,0.0,91688,7590463,299.08,679.0,9.65,0.9357,12,8,0,0,0,0,0
Otto_instance_n=20_288_c06,Otto_instance_n=20_288,Otto,20,1000.0,c06,6,mid,high,low,mid,6042,published_results/extra_remaining_instances_2026-06-10/solutions/Otto_instance_n=20_288_c06/pareto_front.csv,6,5,121.0,1027.8,6,2,5,False,442.60916584,1027.8,56.9363,80668,8064307,300.3,1000.0,27.8,0.8888,5,8,0,0,0,4,3
Otto_instance_n=20_288_c06,Otto_instance_n=20_288,Otto,20,1000.0,c06,6,mid,high,low,mid,6042,published_results/extra_remaining_instances_2026-06-10/solutions/Otto_instance_n=20_288_c06/pareto_front.csv,7,6,94.0,1412.85,7,1,6,False,737.0,1412.85,47.8359,82096,6620689,300.31,1397.0,15.85,0.9472,5,15,0,0,0,0,0
Otto_instance_n=20_288_c06,Otto_instance_n=20_288,Otto,20,1000.0,c06,6,mid,high,low,mid,6042,published_results/extra_remaining_instances_2026-06-10/solutions/Otto_instance_n=20_288_c06/pareto_front.csv,8,7,72.0,1815.5500000000002,8,0,8,True,1815.55,1815.55,0.0,20508,1000354,30.73,1768.0,47.55,0.8811,0,20,0,0,0,0,0
Otto_instance_n=20_288_c07,Otto_instance_n=20_288,Otto,20,1000.0,c07,7,high,low,high,mid,7042,published_results/extra_remaining_instances_2026-06-10/solutions/Otto_instance_n=20_288_c07/pareto_front.csv,1,0,240.0,0.0,6,6,0,True,240.0,240.0,0.0,0,697,0.03,0.0,0.0,,20,0,0,0,0,0,0
Otto_instance_n=20_288_c07,Otto_instance_n=20_288,Otto,20,1000.0,c07,7,high,low,high,mid,7042,published_results/extra_remaining_instances_2026-06-10/solutions/Otto_instance_n=20_288_c07/pareto_front.csv,2,1,205.0,89.35,5,5,1,True,89.35,89.35,0.0,6500,282823,7.59,66.0,23.35,0.533,17,0,0,0,0,2,1
Otto_instance_n=20_288_c07,Otto_instance_n=20_288,Otto,20,1000.0,c07,7,high,low,high,mid,7042,published_results/extra_remaining_instances_2026-06-10/solutions/Otto_instance_n=20_288_c07/pareto_front.csv,3,2,165.0,128.15,4,4,1,True,128.15,128.15,0.0,4639,269622,6.97,117.0,11.15,0.777,11,0,0,0,9,0,0
Otto_instance_n=20_288_c07,Otto_instance_n=20_288,Otto,20,1000.0,c07,7,high,low,high,mid,7042,published_results/extra_remaining_instances_2026-06-10/solutions/Otto_instance_n=20_288_c07/pareto_front.csv,4,3,130.0,259.75,3,3,2,True,259.75,259.75,0.0,6550,604585,16.72,236.0,23.75,0.7625,3,0,0,0,17,0,0
Otto_instance_n=20_288_c07,Otto_instance_n=20_288,Otto,20,1000.0,c07,7,high,low,high,mid,7042,published_results/extra_remaining_instances_2026-06-10/solutions/Otto_instance_n=20_288_c07/pareto_front.csv,5,4,90.0,302.7,2,2,2,True,302.7,302.7,0.0,453,155038,5.64,299.0,3.7,0.963,0,0,0,0,20,0,0
Otto_instance_n=20_288_c08,Otto_instance_n=20_288,Otto,20,1000.0,c08,8,high,mid,low,high,8042,published_results/extra_remaining_instances_2026-06-10/solutions/Otto_instance_n=20_288_c08/pareto_front.csv,1,0,240.0,0.0,6,6,0,True,240.0,240.0,0.0,0,697,0.04,0.0,0.0,,20,0,0,0,0,0,0
Otto_instance_n=20_288_c08,Otto_instance_n=20_288,Otto,20,1000.0,c08,8,high,mid,low,high,8042,published_results/extra_remaining_instances_2026-06-10/solutions/Otto_instance_n=20_288_c08/pareto_front.csv,2,1,209.0,102.7,6,5,1,True,102.7,102.7,0.0,6612,479212,17.93,66.0,36.7,0.266,19,1,0,0,0,0,0
Otto_instance_n=20_288_c08,Otto_instance_n=20_288,Otto,20,1000.0,c08,8,high,mid,low,high,8042,published_results/extra_remaining_instances_2026-06-10/solutions/Otto_instance_n=20_288_c08/pareto_front.csv,3,2,205.0,112.6,5,5,1,True,112.6,112.6,0.0,5199,446365,12.12,95.0,17.6,0.648,16,0,0,0,4,0,0
Otto_instance_n=20_288_c08,Otto_instance_n=20_288,Otto,20,1000.0,c08,8,high,mid,low,high,8042,published_results/extra_remaining_instances_2026-06-10/solutions/Otto_instance_n=20_288_c08/pareto_front.csv,4,3,170.0,292.34999999999997,4,4,2,True,292.35,292.35,0.0,27419,2615253,93.21,288.0,4.35,0.9565,8,0,0,0,12,0,0
Otto_instance_n=20_288_c08,Otto_instance_n=20_288,Otto,20,1000.0,c08,8,high,mid,low,high,8042,published_results/extra_remaining_instances_2026-06-10/solutions/Otto_instance_n=20_288_c08/pareto_front.csv,5,4,144.0,668.7,4,3,4,True,668.7,668.7,0.0,41582,4042385,137.61,658.0,10.7,0.9465,0,3,0,0,17,0,0
Otto_instance_n=20_288_c08,Otto_instance_n=20_288,Otto,20,1000.0,c08,8,high,mid,low,high,8042,published_results/extra_remaining_instances_2026-06-10/solutions/Otto_instance_n=20_288_c08/pareto_front.csv,6,5,135.0,1357.1999999999998,7,2,7,True,1357.2,1357.2,0.0,6513,748081,16.49,1299.0,58.2,0.8337,0,9,0,0,11,0,0
Otto_instance_n=20_288_c09,Otto_instance_n=20_288,Otto,20,1000.0,c09,9,high,high,mid,low,9042,published_results/extra_remaining_instances_2026-06-10/solutions/Otto_instance_n=20_288_c09/pareto_front.csv,1,0,240.0,0.0,6,6,0,True,240.0,240.0,0.0,0,697,0.04,0.0,0.0,,20,0,0,0,0,0,0
Otto_instance_n=20_288_c09,Otto_instance_n=20_288,Otto,20,1000.0,c09,9,high,high,mid,low,9042,published_results/extra_remaining_instances_2026-06-10/solutions/Otto_instance_n=20_288_c09/pareto_front.csv,2,1,205.0,88.0,5,5,1,True,88.0,88.0,0.0,7757,494748,19.3,62.0,26.0,0.48,15,0,0,0,0,4,1
Otto_instance_n=20_288_c09,Otto_instance_n=20_288,Otto,20,1000.0,c09,9,high,high,mid,low,9042,published_results/extra_remaining_instances_2026-06-10/solutions/Otto_instance_n=20_288_c09/pareto_front.csv,3,2,175.0,370.4,4,4,3,False,318.89640861,370.4,13.9049,191457,8092086,300.34,357.0,13.4,0.9107,4,0,0,0,0,11,5
Otto_instance_n=20_288_c09,Otto_instance_n=20_288,Otto,20,1000.0,c09,9,high,high,mid,low,9042,published_results/extra_remaining_instances_2026-06-10/solutions/Otto_instance_n=20_288_c09/pareto_front.csv,4,3,162.0,947.5,6,3,6,False,492.68692207,947.5,48.0014,107781,8483025,300.32,883.0,64.5,0.785,0,4,0,0,0,10,6
Otto_instance_n=20_288_c09,Otto_instance_n=20_288,Otto,20,1000.0,c09,9,high,high,mid,low,9042,published_results/extra_remaining_instances_2026-06-10/solutions/Otto_instance_n=20_288_c09/pareto_front.csv,5,4,157.0,968.35,6,3,5,False,604.35247949,968.35,37.5895,128895,8842392,300.3,942.0,26.35,0.8946,4,5,0,0,0,8,3
Otto_instance_n=20_288_c09,Otto_instance_n=20_288,Otto,20,1000.0,c09,9,high,high,mid,low,9042,published_results/extra_remaining_instances_2026-06-10/solutions/Otto_instance_n=20_288_c09/pareto_front.csv,6,5,144.0,1551.4500000000003,8,2,8,False,725.31782612,1551.45,53.249,95373,6361816,300.44,1481.0,70.45,0.8239,0,9,0,0,0,7,4
Otto_instance_n=20_288_c09,Otto_instance_n=20_288,Otto,20,1000.0,c09,9,high,high,mid,low,9042,published_results/extra_remaining_instances_2026-06-10/solutions/Otto_instance_n=20_288_c09/pareto_front.csv,7,6,135.0,1583.6,7,2,7,True,1583.6,1583.6,0.0,105167,6385658,211.01,1565.0,18.6,0.9469,0,9,0,0,0,7,4
Otto_instance_n=20_288_c09,Otto_instance_n=20_288,Otto,20,1000.0,c09,9,high,high,mid,low,9042,published_results/extra_remaining_instances_2026-06-10/solutions/Otto_instance_n=20_288_c09/pareto_front.csv,8,7,126.0,2223.1,10,1,10,False,754.36174091,2223.1,66.0671,32493,6249136,300.29,2154.0,69.1,0.8618,0,15,0,0,0,3,2
Otto_instance_n=20_455_c01,Otto_instance_n=20_455,Otto,20,1000.0,c01,1,low,low,low,low,1042,published_results/extra_remaining_instances_2026-06-10/solutions/Otto_instance_n=20_455_c01/pareto_front.csv,1,0,120.0,0.0,3,3,0,True,120.0,120.0,0.0,0,0,0.02,0.0,0.0,,20,0,0,0,0,0,0
Otto_instance_n=20_455_c01,Otto_instance_n=20_455,Otto,20,1000.0,c01,1,low,low,low,low,1042,published_results/extra_remaining_instances_2026-06-10/solutions/Otto_instance_n=20_455_c01/pareto_front.csv,2,1,85.0,125.05,2,2,1,True,125.05,125.05,0.0,16726,757661,38.51,109.0,16.05,0.679,7,0,0,0,13,0,0
Otto_instance_n=20_455_c01,Otto_instance_n=20_455,Otto,20,1000.0,c01,1,low,low,low,low,1042,published_results/extra_remaining_instances_2026-06-10/solutions/Otto_instance_n=20_455_c01/pareto_front.csv,3,2,54.0,244.25,2,1,2,True,244.25,244.25,0.0,1262,74846,3.33,204.0,40.25,0.5975,0,2,0,0,18,0,0
Otto_instance_n=20_455_c01,Otto_instance_n=20_455,Otto,20,1000.0,c01,1,low,low,low,low,1042,published_results/extra_remaining_instances_2026-06-10/solutions/Otto_instance_n=20_455_c01/pareto_front.csv,4,3,27.0,720.4,3,0,3,True,720.4,720.4,0.0,0,847,0.61,708.0,12.4,0.9173,0,20,0,0,0,0,0
Otto_instance_n=20_455_c02,Otto_instance_n=20_455,Otto,20,1000.0,c02,2,low,mid,mid,mid,2042,published_results/extra_remaining_instances_2026-06-10/solutions/Otto_instance_n=20_455_c02/pareto_front.csv,1,0,120.0,0.0,3,3,0,True,120.0,120.0,0.0,0,0,0.02,0.0,0.0,,20,0,0,0,0,0,0
Otto_instance_n=20_455_c02,Otto_instance_n=20_455,Otto,20,1000.0,c02,2,low,mid,mid,mid,2042,published_results/extra_remaining_instances_2026-06-10/solutions/Otto_instance_n=20_455_c02/pareto_front.csv,2,1,90.0,202.8,2,2,2,True,202.8,202.8,0.0,69326,1459719,81.23,162.0,40.8,0.592,0,0,0,0,0,12,8
Otto_instance_n=20_455_c02,Otto_instance_n=20_455,Otto,20,1000.0,c02,2,low,mid,mid,mid,2042,published_results/extra_remaining_instances_2026-06-10/solutions/Otto_instance_n=20_455_c02/pareto_front.csv,3,2,89.0,219.9,3,2,1,True,219.9,219.9,0.0,1581,120820,3.76,209.0,10.9,0.782,13,7,0,0,0,0,0
Otto_instance_n=20_455_c02,Otto_instance_n=20_455,Otto,20,1000.0,c02,2,low,mid,mid,mid,2042,published_results/extra_remaining_instances_2026-06-10/solutions/Otto_instance_n=20_455_c02/pareto_front.csv,4,3,63.0,467.3,3,1,3,True,467.3,467.3,0.0,17088,706525,23.57,416.0,51.3,0.658,0,10,0,0,0,5,5
Otto_instance_n=20_455_c02,Otto_instance_n=20_455,Otto,20,1000.0,c02,2,low,mid,mid,mid,2042,published_results/extra_remaining_instances_2026-06-10/solutions/Otto_instance_n=20_455_c02/pareto_front.csv,5,4,58.0,476.9,3,1,2,True,476.9,476.9,0.0,1324,54687,1.62,464.0,12.9,0.871,5,15,0,0,0,0,0
Otto_instance_n=20_455_c02,Otto_instance_n=20_455,Otto,20,1000.0,c02,2,low,mid,mid,mid,2042,published_results/extra_remaining_instances_2026-06-10/solutions/Otto_instance_n=20_455_c02/pareto_front.csv,6,5,27.0,749.85,3,0,3,True,749.85,749.85,0.0,416,32370,0.99,735.0,14.85,0.901,0,20,0,0,0,0,0
Otto_instance_n=20_455_c03,Otto_instance_n=20_455,Otto,20,1000.0,c03,3,low,high,high,high,3042,published_results/extra_remaining_instances_2026-06-10/solutions/Otto_instance_n=20_455_c03/pareto_front.csv,1,0,120.0,0.0,3,3,0,True,120.0,120.0,0.0,0,0,0.02,0.0,0.0,,20,0,0,0,0,0,0
Otto_instance_n=20_455_c03,Otto_instance_n=20_455,Otto,20,1000.0,c03,3,low,high,high,high,3042,published_results/extra_remaining_instances_2026-06-10/solutions/Otto_instance_n=20_455_c03/pareto_front.csv,2,1,89.0,206.4,3,2,1,True,206.4,206.4,0.0,10281,797143,38.52,194.0,12.4,0.752,13,7,0,0,0,0,0
Otto_instance_n=20_455_c03,Otto_instance_n=20_455,Otto,20,1000.0,c03,3,low,high,high,high,3042,published_results/extra_remaining_instances_2026-06-10/solutions/Otto_instance_n=20_455_c03/pareto_front.csv,3,2,58.0,461.25,3,1,2,True,461.25,461.25,0.0,5017,222155,6.3,448.0,13.25,0.8675,5,15,0,0,0,0,0
Otto_instance_n=20_455_c03,Otto_instance_n=20_455,Otto,20,1000.0,c03,3,low,high,high,high,3042,published_results/extra_remaining_instances_2026-06-10/solutions/Otto_instance_n=20_455_c03/pareto_front.csv,4,3,27.0,728.1499999999999,3,0,3,True,728.15,728.15,0.0,0,1151,0.68,715.0,13.15,0.9123,0,20,0,0,0,0,0
Otto_instance_n=20_455_c04,Otto_instance_n=20_455,Otto,20,1000.0,c04,4,mid,low,mid,high,4042,published_results/extra_remaining_instances_2026-06-10/solutions/Otto_instance_n=20_455_c04/pareto_front.csv,1,0,120.0,0.0,3,3,0,True,120.0,120.0,0.0,0,0,0.02,0.0,0.0,,20,0,0,0,0,0,0
Otto_instance_n=20_455_c04,Otto_instance_n=20_455,Otto,20,1000.0,c04,4,mid,low,mid,high,4042,published_results/extra_remaining_instances_2026-06-10/solutions/Otto_instance_n=20_455_c04/pareto_front.csv,2,1,85.0,122.2,2,2,1,True,122.2,122.2,0.0,1198,159124,6.22,106.0,16.2,0.676,9,0,0,0,11,0,0
Otto_instance_n=20_455_c04,Otto_instance_n=20_455,Otto,20,1000.0,c04,4,mid,low,mid,high,4042,published_results/extra_remaining_instances_2026-06-10/solutions/Otto_instance_n=20_455_c04/pareto_front.csv,3,2,54.0,244.0,2,1,2,True,244.0,244.0,0.0,99,18177,1.85,204.0,40.0,0.6,0,2,0,0,18,0,0
Otto_instance_n=20_455_c04,Otto_instance_n=20_455,Otto,20,1000.0,c04,4,mid,low,mid,high,4042,published_results/extra_remaining_instances_2026-06-10/solutions/Otto_instance_n=20_455_c04/pareto_front.csv,4,3,45.0,1098.7,5,0,5,True,1098.7,1098.7,0.0,0,744,0.57,1050.0,48.7,0.8052,0,20,0,0,0,0,0
Otto_instance_n=20_455_c05,Otto_instance_n=20_455,Otto,20,1000.0,c05,5,mid,mid,high,low,5042,published_results/extra_remaining_instances_2026-06-10/solutions/Otto_instance_n=20_455_c05/pareto_front.csv,1,0,120.0,0.0,3,3,0,True,120.0,120.0,0.0,0,0,0.02,0.0,0.0,,20,0,0,0,0,0,0
Otto_instance_n=20_455_c05,Otto_instance_n=20_455,Otto,20,1000.0,c05,5,mid,mid,high,low,5042,published_results/extra_remaining_instances_2026-06-10/solutions/Otto_instance_n=20_455_c05/pareto_front.csv,2,1,90.0,214.65,2,2,2,True,214.65,214.65,0.0,38989,1045523,68.24,181.0,33.65,0.6635,0,0,0,0,0,12,8
Otto_instance_n=20_455_c05,Otto_instance_n=20_455,Otto,20,1000.0,c05,5,mid,mid,high,low,5042,published_results/extra_remaining_instances_2026-06-10/solutions/Otto_instance_n=20_455_c05/pareto_front.csv,3,2,63.0,592.15,3,1,3,True,592.15,592.15,0.0,21164,718903,24.79,576.0,16.15,0.8923,0,12,0,0,0,4,4
Otto_instance_n=20_455_c05,Otto_instance_n=20_455,Otto,20,1000.0,c05,5,mid,mid,high,low,5042,published_results/extra_remaining_instances_2026-06-10/solutions/Otto_instance_n=20_455_c05/pareto_front.csv,4,3,45.0,1069.55,5,0,5,True,1069.55,1069.55,0.0,84,12481,1.02,1017.0,52.55,0.7898,0,20,0,0,0,0,0
Otto_instance_n=20_455_c06,Otto_instance_n=20_455,Otto,20,1000.0,c06,6,mid,high,low,mid,6042,published_results/extra_remaining_instances_2026-06-10/solutions/Otto_instance_n=20_455_c06/pareto_front.csv,1,0,120.0,0.0,3,3,0,True,120.0,120.0,0.0,0,0,0.02,0.0,0.0,,20,0,0,0,0,0,0
Otto_instance_n=20_455_c06,Otto_instance_n=20_455,Otto,20,1000.0,c06,6,mid,high,low,mid,6042,published_results/extra_remaining_instances_2026-06-10/solutions/Otto_instance_n=20_455_c06/pareto_front.csv,2,1,94.0,306.15,3,2,2,True,306.15,306.15,0.0,50685,2229922,101.31,279.0,27.15,0.7285,6,4,0,0,0,6,4
Otto_instance_n=20_455_c06,Otto_instance_n=20_455,Otto,20,1000.0,c06,6,mid,high,low,mid,6042,published_results/extra_remaining_instances_2026-06-10/solutions/Otto_instance_n=20_455_c06/pareto_front.csv,3,2,63.0,632.1,3,1,3,True,632.1,632.1,0.0,32300,1369233,44.26,622.0,10.1,0.9327,0,11,0,0,0,4,5
Otto_instance_n=20_455_c06,Otto_instance_n=20_455,Otto,20,1000.0,c06,6,mid,high,low,mid,6042,published_results/extra_remaining_instances_2026-06-10/solutions/Otto_instance_n=20_455_c06/pareto_front.csv,4,3,45.0,1067.95,5,0,5,True,1067.95,1067.95,0.0,0,673,0.94,1013.0,54.95,0.7802,0,20,0,0,0,0,0
Otto_instance_n=20_455_c07,Otto_instance_n=20_455,Otto,20,1000.0,c07,7,high,low,high,mid,7042,published_results/extra_remaining_instances_2026-06-10/solutions/Otto_instance_n=20_455_c07/pareto_front.csv,1,0,120.0,0.0,3,3,0,True,120.0,120.0,0.0,0,0,0.02,0.0,0.0,,20,0,0,0,0,0,0
Otto_instance_n=20_455_c07,Otto_instance_n=20_455,Otto,20,1000.0,c07,7,high,low,high,mid,7042,published_results/extra_remaining_instances_2026-06-10/solutions/Otto_instance_n=20_455_c07/pareto_front.csv,2,1,85.0,118.95,2,2,1,True,118.95,118.95,0.0,104,53298,3.44,102.0,16.95,0.661,9,0,0,0,11,0,0
Otto_instance_n=20_455_c07,Otto_instance_n=20_455,Otto,20,1000.0,c07,7,high,low,high,mid,7042,published_results/extra_remaining_instances_2026-06-10/solutions/Otto_instance_n=20_455_c07/pareto_front.csv,3,2,54.0,276.2,2,1,2,True,276.2,276.2,0.0,39,8588,1.49,244.0,32.2,0.678,0,3,0,0,17,0,0
Otto_instance_n=20_455_c08,Otto_instance_n=20_455,Otto,20,1000.0,c08,8,high,mid,low,high,8042,published_results/extra_remaining_instances_2026-06-10/solutions/Otto_instance_n=20_455_c08/pareto_front.csv,1,0,120.0,0.0,3,3,0,True,120.0,120.0,0.0,0,0,0.03,0.0,0.0,,20,0,0,0,0,0,0
Otto_instance_n=20_455_c08,Otto_instance_n=20_455,Otto,20,1000.0,c08,8,high,mid,low,high,8042,published_results/extra_remaining_instances_2026-06-10/solutions/Otto_instance_n=20_455_c08/pareto_front.csv,2,1,94.0,279.40000000000003,3,2,2,True,279.4,279.4,0.0,3424,351699,11.12,248.0,31.4,0.686,6,2,0,0,12,0,0
Otto_instance_n=20_455_c08,Otto_instance_n=20_455,Otto,20,1000.0,c08,8,high,mid,low,high,8042,published_results/extra_remaining_instances_2026-06-10/solutions/Otto_instance_n=20_455_c08/pareto_front.csv,3,2,90.0,287.3,2,2,2,True,287.3,287.3,0.0,665,71733,3.07,276.0,11.3,0.887,0,0,0,0,20,0,0
Otto_instance_n=20_455_c08,Otto_instance_n=20_455,Otto,20,1000.0,c08,8,high,mid,low,high,8042,published_results/extra_remaining_instances_2026-06-10/solutions/Otto_instance_n=20_455_c08/pareto_front.csv,4,3,72.0,792.7499999999999,4,1,4,True,792.75,792.75,0.0,483,60754,3.5,768.0,24.75,0.8762,0,12,0,0,8,0,0
Otto_instance_n=20_455_c08,Otto_instance_n=20_455,Otto,20,1000.0,c08,8,high,mid,low,high,8042,published_results/extra_remaining_instances_2026-06-10/solutions/Otto_instance_n=20_455_c08/pareto_front.csv,5,4,63.0,1537.75,7,0,7,True,1537.75,1537.75,0.0,0,1487,1.43,1477.0,60.75,0.8264,0,20,0,0,0,0,0
Otto_instance_n=20_455_c09,Otto_instance_n=20_455,Otto,20,1000.0,c09,9,high,high,mid,low,9042,published_results/extra_remaining_instances_2026-06-10/solutions/Otto_instance_n=20_455_c09/pareto_front.csv,1,0,120.0,0.0,3,3,0,True,120.0,120.0,0.0,0,0,0.02,0.0,0.0,,20,0,0,0,0,0,0
Otto_instance_n=20_455_c09,Otto_instance_n=20_455,Otto,20,1000.0,c09,9,high,high,mid,low,9042,published_results/extra_remaining_instances_2026-06-10/solutions/Otto_instance_n=20_455_c09/pareto_front.csv,2,1,99.0,362.95,3,2,3,True,362.95,362.95,0.0,40975,1194128,74.99,315.0,47.95,0.6803,0,1,0,0,0,13,6
Otto_instance_n=20_455_c09,Otto_instance_n=20_455,Otto,20,1000.0,c09,9,high,high,mid,low,9042,published_results/extra_remaining_instances_2026-06-10/solutions/Otto_instance_n=20_455_c09/pareto_front.csv,3,2,98.0,478.75,4,2,2,True,478.75,478.75,0.0,6248,258132,8.24,468.0,10.75,0.8925,13,7,0,0,0,0,0
Otto_instance_n=20_455_c09,Otto_instance_n=20_455,Otto,20,1000.0,c09,9,high,high,mid,low,9042,published_results/extra_remaining_instances_2026-06-10/solutions/Otto_instance_n=20_455_c09/pareto_front.csv,4,3,81.0,983.3999999999999,5,1,5,True,983.4,983.4,0.0,34030,1165147,44.95,936.0,47.4,0.8104,0,12,0,0,0,5,3
Otto_instance_n=20_455_c09,Otto_instance_n=20_455,Otto,20,1000.0,c09,9,high,high,mid,low,9042,published_results/extra_remaining_instances_2026-06-10/solutions/Otto_instance_n=20_455_c09/pareto_front.csv,5,4,76.0,1019.4,5,1,4,True,1019.4,1019.4,0.0,364,38604,2.3,1007.0,12.4,0.938,5,15,0,0,0,0,0
Otto_instance_n=20_455_c09,Otto_instance_n=20_455,Otto,20,1000.0,c09,9,high,high,mid,low,9042,published_results/extra_remaining_instances_2026-06-10/solutions/Otto_instance_n=20_455_c09/pareto_front.csv,6,5,63.0,1650.8499999999997,7,0,7,True,1650.85,1650.85,0.0,450,43508,2.32,1598.0,52.85,0.849,0,20,0,0,0,0,0
Otto_instance_n=50_15_c01,Otto_instance_n=50_15,Otto,50,1000.0,c01,1,low,low,low,low,1042,published_results/extra_remaining_instances_2026-06-10/solutions/Otto_instance_n=50_15_c01/pareto_front.csv,1,0,320.0,0.0,8,8,0,True,320.0,320.0,0.0,0,1307,0.21,0.0,0.0,,50,0,0,0,0,0,0
Otto_instance_n=50_15_c01,Otto_instance_n=50_15,Otto,50,1000.0,c01,1,low,low,low,low,1042,published_results/extra_remaining_instances_2026-06-10/solutions/Otto_instance_n=50_15_c01/pareto_front.csv,2,1,294.0,171.3,8,7,2,False,0.0,171.3,100.0,1213,369653,304.21,102.0,69.3,0.307,40,1,0,0,9,0,0
Otto_instance_n=50_15_c01,Otto_instance_n=50_15,Otto,50,1000.0,c01,1,low,low,low,low,1042,published_results/extra_remaining_instances_2026-06-10/solutions/Otto_instance_n=50_15_c01/pareto_front.csv,3,2,259.0,395.45000000000005,7,6,3,False,0.0,395.45,100.0,2200,1280534,603.54,331.0,64.45,0.5703,25,5,0,0,20,0,0
Otto_instance_n=50_15_c01,Otto_instance_n=50_15,Otto,50,1000.0,c01,1,low,low,low,low,1042,published_results/extra_remaining_instances_2026-06-10/solutions/Otto_instance_n=50_15_c01/pareto_front.csv,4,3,250.0,573.65,10,5,6,False,0.0,573.65,100.0,614,615572,303.85,364.0,209.65,0.3012,24,6,0,0,20,0,0
Otto_instance_n=50_15_c01,Otto_instance_n=50_15,Otto,50,1000.0,c01,1,low,low,low,low,1042,published_results/extra_remaining_instances_2026-06-10/solutions/Otto_instance_n=50_15_c01/pareto_front.csv,5,4,227.0,653.0500000000001,8,5,3,False,0.0,653.05,100.0,806,658899,603.52,627.0,26.05,0.8263,33,17,0,0,0,0,0
Otto_instance_n=50_15_c01,Otto_instance_n=50_15,Otto,50,1000.0,c01,1,low,low,low,low,1042,published_results/extra_remaining_instances_2026-06-10/solutions/Otto_instance_n=50_15_c01/pareto_front.csv,6,5,196.0,879.8499999999999,8,4,4,False,0.0028366577657,879.85,99.9997,338,356614,303.7,853.0,26.85,0.8658,26,24,0,0,0,0,0
Otto_instance_n=50_15_c01,Otto_instance_n=50_15,Otto,50,1000.0,c01,1,low,low,low,low,1042,published_results/extra_remaining_instances_2026-06-10/solutions/Otto_instance_n=50_15_c01/pareto_front.csv,7,6,165.0,1179.3,8,3,5,False,0.0,1179.3,100.0,749,599252,303.59,1147.0,32.3,0.8708,18,32,0,0,0,0,0
Otto_instance_n=50_15_c01,Otto_instance_n=50_15,Otto,50,1000.0,c01,1,low,low,low,low,1042,published_results/extra_remaining_instances_2026-06-10/solutions/Otto_instance_n=50_15_c01/pareto_front.csv,8,7,134.0,1422.2000000000003,8,2,6,False,0.0,1422.2,100.0,1383,734374,303.65,1389.0,33.2,0.8893,16,34,0,0,0,0,0
Otto_instance_n=50_15_c02,Otto_instance_n=50_15,Otto,50,1000.0,c02,2,low,mid,mid,mid,2042,published_results/extra_remaining_instances_2026-06-10/solutions/Otto_instance_n=50_15_c02/pareto_front.csv,1,0,320.0,0.0,8,8,0,True,320.0,320.0,0.0,0,1307,0.22,0.0,0.0,,50,0,0,0,0,0,0
Otto_instance_n=50_15_c02,Otto_instance_n=50_15,Otto,50,1000.0,c02,2,low,mid,mid,mid,2042,published_results/extra_remaining_instances_2026-06-10/solutions/Otto_instance_n=50_15_c02/pareto_front.csv,2,1,307.0,254.14999999999998,10,7,3,False,0.0,254.15,100.0,3876,786723,303.45,132.0,122.15,0.1857,46,4,0,0,0,0,0
Otto_instance_n=50_15_c02,Otto_instance_n=50_15,Otto,50,1000.0,c02,2,low,mid,mid,mid,2042,published_results/extra_remaining_instances_2026-06-10/solutions/Otto_instance_n=50_15_c02/pareto_front.csv,3,2,298.0,314.45000000000005,9,7,2,False,0.0,314.45,100.0,1524,639177,303.61,266.0,48.45,0.5155,42,8,0,0,0,0,0
Otto_instance_n=50_15_c02,Otto_instance_n=50_15,Otto,50,1000.0,c02,2,low,mid,mid,mid,2042,published_results/extra_remaining_instances_2026-06-10/solutions/Otto_instance_n=50_15_c02/pareto_front.csv,4,3,276.0,491.25,10,6,4,False,0.0,491.25,100.0,2435,725416,303.55,365.0,126.25,0.3688,39,11,0,0,0,0,0
Otto_instance_n=50_15_c02,Otto_instance_n=50_15,Otto,50,1000.0,c02,2,low,mid,mid,mid,2042,published_results/extra_remaining_instances_2026-06-10/solutions/Otto_instance_n=50_15_c02/pareto_front.csv,5,4,223.0,632.3,7,5,3,False,0.0,632.3,100.0,379,443623,303.56,626.0,6.3,0.958,30,12,0,0,8,0,0
Otto_instance_n=50_15_c02,Otto_instance_n=50_15,Otto,50,1000.0,c02,2,low,mid,mid,mid,2042,published_results/extra_remaining_instances_2026-06-10/solutions/Otto_instance_n=50_15_c02/pareto_front.csv,6,5,196.0,908.15,8,4,4,False,0.0,908.15,100.0,842,545081,303.55,882.0,26.15,0.8692,26,24,0,0,0,0,0
Otto_instance_n=50_15_c02,Otto_instance_n=50_15,Otto,50,1000.0,c02,2,low,mid,mid,mid,2042,published_results/extra_remaining_instances_2026-06-10/solutions/Otto_instance_n=50_15_c02/pareto_front.csv,7,6,161.0,1151.5,7,3,5,False,0.0,1151.5,100.0,1388,765303,303.51,1144.0,7.5,0.97,15,27,0,0,8,0,0
Otto_instance_n=50_15_c03,Otto_instance_n=50_15,Otto,50,1000.0,c03,3,low,high,high,high,3042,published_results/extra_remaining_instances_2026-06-10/solutions/Otto_instance_n=50_15_c03/pareto_front.csv,1,0,320.0,0.0,8,8,0,True,320.0,320.0,0.0,0,1307,0.24,0.0,0.0,,50,0,0,0,0,0,0
Otto_instance_n=50_15_c03,Otto_instance_n=50_15,Otto,50,1000.0,c03,3,low,high,high,high,3042,published_results/extra_remaining_instances_2026-06-10/solutions/Otto_instance_n=50_15_c03/pareto_front.csv,2,1,298.0,259.0,9,7,2,False,0.0,259.0,100.0,2671,951571,603.46,199.0,60.0,0.4,45,5,0,0,0,0,0
Otto_instance_n=50_15_c03,Otto_instance_n=50_15,Otto,50,1000.0,c03,3,low,high,high,high,3042,published_results/extra_remaining_instances_2026-06-10/solutions/Otto_instance_n=50_15_c03/pareto_front.csv,3,2,276.0,506.55,10,6,4,False,0.0,506.55,100.0,1486,1059362,303.56,383.0,123.55,0.3822,40,10,0,0,0,0,0
Otto_instance_n=50_15_c03,Otto_instance_n=50_15,Otto,50,1000.0,c03,3,low,high,high,high,3042,published_results/extra_remaining_instances_2026-06-10/solutions/Otto_instance_n=50_15_c03/pareto_front.csv,4,3,272.0,890.0999999999999,13,5,8,False,0.0,890.1,100.0,1122,680884,303.52,609.0,281.1,0.2973,33,17,0,0,0,0,0
Otto_instance_n=50_15_c04,Otto_instance_n=50_15,Otto,50,1000.0,c04,4,mid,low,mid,high,4042,published_results/extra_remaining_instances_2026-06-10/solutions/Otto_instance_n=50_15_c04/pareto_front.csv,1,0,320.0,0.0,8,8,0,True,320.0,320.0,0.0,0,1307,0.23,0.0,0.0,,50,0,0,0,0,0,0
Otto_instance_n=50_15_c04,Otto_instance_n=50_15,Otto,50,1000.0,c04,4,mid,low,mid,high,4042,published_results/extra_remaining_instances_2026-06-10/solutions/Otto_instance_n=50_15_c04/pareto_front.csv,2,1,285.0,115.8,7,7,1,False,0.0,115.8,100.0,326,495130,303.83,96.0,19.8,0.604,39,0,0,0,11,0,0
Otto_instance_n=50_15_c04,Otto_instance_n=50_15,Otto,50,1000.0,c04,4,mid,low,mid,high,4042,published_results/extra_remaining_instances_2026-06-10/solutions/Otto_instance_n=50_15_c04/pareto_front.csv,3,2,254.0,247.95000000000002,7,6,2,False,0.0,247.95,100.0,909,517484,303.6,210.0,37.95,0.6205,35,1,0,0,14,0,0
Otto_instance_n=50_15_c04,Otto_instance_n=50_15,Otto,50,1000.0,c04,4,mid,low,mid,high,4042,published_results/extra_remaining_instances_2026-06-10/solutions/Otto_instance_n=50_15_c04/pareto_front.csv,4,3,219.0,335.3,6,5,3,False,0.0,335.3,100.0,265,405016,303.58,272.0,63.3,0.578,23,1,0,0,26,0,0
Otto_instance_n=50_15_c04,Otto_instance_n=50_15,Otto,50,1000.0,c04,4,mid,low,mid,high,4042,published_results/extra_remaining_instances_2026-06-10/solutions/Otto_instance_n=50_15_c04/pareto_front.csv,5,4,179.0,409.45000000000005,5,4,3,False,7.29582501,409.45,98.2181,1685,1303260,603.2,372.0,37.45,0.7503,17,1,0,0,32,0,0
Otto_instance_n=50_15_c04,Otto_instance_n=50_15,Otto,50,1000.0,c04,4,mid,low,mid,high,4042,published_results/extra_remaining_instances_2026-06-10/solutions/Otto_instance_n=50_15_c04/pareto_front.csv,6,5,135.0,459.5,3,3,3,False,0.0,459.5,100.0,833,785943,303.51,454.0,5.5,0.9633,0,0,0,0,50,0,0
Otto_instance_n=50_15_c04,Otto_instance_n=50_15,Otto,50,1000.0,c04,4,mid,low,mid,high,4042,published_results/extra_remaining_instances_2026-06-10/solutions/Otto_instance_n=50_15_c04/pareto_front.csv,7,6,126.0,1171.35,6,2,6,False,11.485610879,1171.35,99.0195,2943,1272784,303.7,1131.0,40.35,0.8655,0,13,0,0,37,0,0
Otto_instance_n=50_15_c04,Otto_instance_n=50_15,Otto,50,1000.0,c04,4,mid,low,mid,high,4042,published_results/extra_remaining_instances_2026-06-10/solutions/Otto_instance_n=50_15_c04/pareto_front.csv,8,7,108.0,1889.4,8,1,8,False,53.6,1889.4,97.1631,2294,1313949,303.49,1878.0,11.4,0.9715,0,32,0,0,18,0,0
Otto_instance_n=50_15_c05,Otto_instance_n=50_15,Otto,50,1000.0,c05,5,mid,mid,high,low,5042,published_results/extra_remaining_instances_2026-06-10/solutions/Otto_instance_n=50_15_c05/pareto_front.csv,1,0,320.0,0.0,8,8,0,True,320.0,320.0,0.0,0,1307,0.21,0.0,0.0,,50,0,0,0,0,0,0
Otto_instance_n=50_15_c05,Otto_instance_n=50_15,Otto,50,1000.0,c05,5,mid,mid,high,low,5042,published_results/extra_remaining_instances_2026-06-10/solutions/Otto_instance_n=50_15_c05/pareto_front.csv,2,1,285.0,151.95,7,7,1,False,0.0,151.95,100.0,1525,466586,303.66,151.0,0.95,0.981,39,0,0,0,11,0,0
Otto_instance_n=50_15_c05,Otto_instance_n=50_15,Otto,50,1000.0,c05,5,mid,mid,high,low,5042,published_results/extra_remaining_instances_2026-06-10/solutions/Otto_instance_n=50_15_c05/pareto_front.csv,3,2,263.0,500.85,8,6,3,False,0.0,500.85,100.0,2048,489759,308.75,464.0,36.85,0.7543,34,5,0,0,11,0,0
Otto_instance_n=50_15_c05,Otto_instance_n=50_15,Otto,50,1000.0,c05,5,mid,mid,high,low,5042,published_results/extra_remaining_instances_2026-06-10/solutions/Otto_instance_n=50_15_c05/pareto_front.csv,4,3,256.0,1490.2000000000003,13,4,12,False,0.0,1490.2,100.0,1497,852627,303.6,1155.0,335.2,0.4413,6,16,6,1,21,0,0
Otto_instance_n=50_15_c06,Otto_instance_n=50_15,Otto,50,1000.0,c06,6,mid,high,low,mid,6042,published_results/extra_remaining_instances_2026-06-10/solutions/Otto_instance_n=50_15_c06/pareto_front.csv,1,0,320.0,0.0,8,8,0,True,320.0,320.0,0.0,0,1307,0.21,0.0,0.0,,50,0,0,0,0,0,0
Otto_instance_n=50_15_c06,Otto_instance_n=50_15,Otto,50,1000.0,c06,6,mid,high,low,mid,6042,published_results/extra_remaining_instances_2026-06-10/solutions/Otto_instance_n=50_15_c06/pareto_front.csv,2,1,289.0,195.65,8,7,1,False,0.0,195.65,100.0,3478,489620,315.09,180.0,15.65,0.687,47,3,0,0,0,0,0
Otto_instance_n=50_15_c06,Otto_instance_n=50_15,Otto,50,1000.0,c06,6,mid,high,low,mid,6042,published_results/extra_remaining_instances_2026-06-10/solutions/Otto_instance_n=50_15_c06/pareto_front.csv,3,2,272.0,594.55,9,6,4,False,0.0,594.55,100.0,506,832010,304.07,495.0,99.55,0.5022,33,10,6,1,0,0,0
Otto_instance_n=50_15_c06,Otto_instance_n=50_15,Otto,50,1000.0,c06,6,mid,high,low,mid,6042,published_results/extra_remaining_instances_2026-06-10/solutions/Otto_instance_n=50_15_c06/pareto_front.csv,4,3,267.0,621.35,9,6,3,False,0.0,621.35,100.0,717,760347,303.61,582.0,39.35,0.7377,39,11,0,0,0,0,0
Otto_instance_n=50_15_c06,Otto_instance_n=50_15,Otto,50,1000.0,c06,6,mid,high,low,mid,6042,published_results/extra_remaining_instances_2026-06-10/solutions/Otto_instance_n=50_15_c06/pareto_front.csv,5,4,241.0,883.9500000000002,9,5,5,False,0.0,883.95,100.0,3632,1367595,603.34,820.0,63.95,0.7442,25,14,0,0,0,7,4
Otto_instance_n=50_15_c06,Otto_instance_n=50_15,Otto,50,1000.0,c06,6,mid,high,low,mid,6042,published_results/extra_remaining_instances_2026-06-10/solutions/Otto_instance_n=50_15_c06/pareto_front.csv,6,5,214.0,1272.8999999999999,10,4,6,False,0.0,1272.9,100.0,801,468009,303.59,1212.0,60.9,0.797,27,23,0,0,0,0,0
Otto_instance_n=50_15_c06,Otto_instance_n=50_15,Otto,50,1000.0,c06,6,mid,high,low,mid,6042,published_results/extra_remaining_instances_2026-06-10/solutions/Otto_instance_n=50_15_c06/pareto_front.csv,7,6,183.0,1651.8500000000001,10,3,7,False,0.0,1651.85,100.0,1095,977662,303.52,1619.0,32.85,0.9061,23,27,0,0,0,0,0
Otto_instance_n=50_15_c07,Otto_instance_n=50_15,Otto,50,1000.0,c07,7,high,low,high,mid,7042,published_results/extra_remaining_instances_2026-06-10/solutions/Otto_instance_n=50_15_c07/pareto_front.csv,1,0,320.0,0.0,8,8,0,True,320.0,320.0,0.0,0,1307,0.28,0.0,0.0,,50,0,0,0,0,0,0
Otto_instance_n=50_15_c07,Otto_instance_n=50_15,Otto,50,1000.0,c07,7,high,low,high,mid,7042,published_results/extra_remaining_instances_2026-06-10/solutions/Otto_instance_n=50_15_c07/pareto_front.csv,2,1,285.0,117.85,7,7,1,False,0.0,117.85,100.0,982,670582,303.66,101.0,16.85,0.663,40,0,0,0,10,0,0
Otto_instance_n=50_15_c07,Otto_instance_n=50_15,Otto,50,1000.0,c07,7,high,low,high,mid,7042,published_results/extra_remaining_instances_2026-06-10/solutions/Otto_instance_n=50_15_c07/pareto_front.csv,3,2,272.0,339.84999999999997,9,6,4,False,0.0,339.85,100.0,804,542109,303.57,198.0,141.85,0.2908,33,3,0,0,14,0,0
Otto_instance_n=50_15_c07,Otto_instance_n=50_15,Otto,50,1000.0,c07,7,high,low,high,mid,7042,published_results/extra_remaining_instances_2026-06-10/solutions/Otto_instance_n=50_15_c07/pareto_front.csv,4,3,263.0,1412.35,12,5,7,False,0.0,1412.35,100.0,2221,1123996,603.28,1330.0,82.35,0.7647,32,18,0,0,0,0,0
Otto_instance_n=50_15_c08,Otto_instance_n=50_15,Otto,50,1000.0,c08,8,high,mid,low,high,8042,published_results/extra_remaining_instances_2026-06-10/solutions/Otto_instance_n=50_15_c08/pareto_front.csv,1,0,320.0,0.0,8,8,0,True,320.0,320.0,0.0,0,1307,0.2,0.0,0.0,,50,0,0,0,0,0,0
Otto_instance_n=50_15_c09,Otto_instance_n=50_15,Otto,50,1000.0,c09,9,high,high,mid,low,9042,published_results/extra_remaining_instances_2026-06-10/solutions/Otto_instance_n=50_15_c09/pareto_front.csv,1,0,320.0,0.0,8,8,0,True,320.0,320.0,0.0,0,1307,0.21,0.0,0.0,,50,0,0,0,0,0,0
Otto_instance_n=50_15_c09,Otto_instance_n=50_15,Otto,50,1000.0,c09,9,high,high,mid,low,9042,published_results/extra_remaining_instances_2026-06-10/solutions/Otto_instance_n=50_15_c09/pareto_front.csv,2,1,298.0,318.7,9,7,2,False,0.0,318.7,100.0,2535,569482,303.68,275.0,43.7,0.563,46,4,0,0,0,0,0
Otto_instance_n=50_58_c01,Otto_instance_n=50_58,Otto,50,1000.0,c01,1,low,low,low,low,1042,published_results/extra_remaining_instances_2026-06-10/solutions/Otto_instance_n=50_58_c01/pareto_front.csv,1,0,440.0,0.0,11,11,0,True,440.0,440.0,0.0,0,2607,0.28,0.0,0.0,,50,0,0,0,0,0,0
Otto_instance_n=50_58_c01,Otto_instance_n=50_58,Otto,50,1000.0,c01,1,low,low,low,low,1042,published_results/extra_remaining_instances_2026-06-10/solutions/Otto_instance_n=50_58_c01/pareto_front.csv,2,1,427.0,272.45,13,10,3,False,6.1033770135e-33,272.45,100.0,3478,1337905,603.28,153.0,119.45,0.2037,46,4,0,0,0,0,0
Otto_instance_n=50_58_c02,Otto_instance_n=50_58,Otto,50,1000.0,c02,2,low,mid,mid,mid,2042,published_results/extra_remaining_instances_2026-06-10/solutions/Otto_instance_n=50_58_c02/pareto_front.csv,1,0,440.0,0.0,11,11,0,True,440.0,440.0,0.0,0,2607,0.4,0.0,0.0,,50,0,0,0,0,0,0
Otto_instance_n=50_58_c02,Otto_instance_n=50_58,Otto,50,1000.0,c02,2,low,mid,mid,mid,2042,published_results/extra_remaining_instances_2026-06-10/solutions/Otto_instance_n=50_58_c02/pareto_front.csv,2,1,409.0,182.45,11,10,1,False,0.0,182.45,100.0,3460,1661474,603.5,167.0,15.45,0.691,46,4,0,0,0,0,0
Otto_instance_n=50_58_c02,Otto_instance_n=50_58,Otto,50,1000.0,c02,2,low,mid,mid,mid,2042,published_results/extra_remaining_instances_2026-06-10/solutions/Otto_instance_n=50_58_c02/pareto_front.csv,3,2,378.0,428.04999999999995,11,9,2,False,0.0,428.05,100.0,615,405639,303.56,410.0,18.05,0.8195,39,11,0,0,0,0,0
Otto_instance_n=50_58_c02,Otto_instance_n=50_58,Otto,50,1000.0,c02,2,low,mid,mid,mid,2042,published_results/extra_remaining_instances_2026-06-10/solutions/Otto_instance_n=50_58_c02/pareto_front.csv,4,3,375.0,1305.45,17,7,11,False,0.0,1305.45,100.0,775,496883,303.57,960.0,345.45,0.3719,23,18,0,0,9,0,0
Otto_instance_n=50_58_c03,Otto_instance_n=50_58,Otto,50,1000.0,c03,3,low,high,high,high,3042,published_results/extra_remaining_instances_2026-06-10/solutions/Otto_instance_n=50_58_c03/pareto_front.csv,1,0,440.0,0.0,11,11,0,True,440.0,440.0,0.0,0,2607,0.25,0.0,0.0,,50,0,0,0,0,0,0
Otto_instance_n=50_58_c03,Otto_instance_n=50_58,Otto,50,1000.0,c03,3,low,high,high,high,3042,published_results/extra_remaining_instances_2026-06-10/solutions/Otto_instance_n=50_58_c03/pareto_front.csv,2,1,436.0,440.90000000000003,14,10,4,False,0.0,440.9,100.0,3849,1619411,603.63,302.0,138.9,0.3055,42,8,0,0,0,0,0
Otto_instance_n=50_58_c03,Otto_instance_n=50_58,Otto,50,1000.0,c03,3,low,high,high,high,3042,published_results/extra_remaining_instances_2026-06-10/solutions/Otto_instance_n=50_58_c03/pareto_front.csv,3,2,383.0,494.00000000000006,11,9,3,False,0.0,494.0,100.0,2930,1131777,303.6,455.0,39.0,0.74,35,9,0,0,0,3,3
Otto_instance_n=50_58_c04,Otto_instance_n=50_58,Otto,50,1000.0,c04,4,mid,low,mid,high,4042,published_results/extra_remaining_instances_2026-06-10/solutions/Otto_instance_n=50_58_c04/pareto_front.csv,1,0,440.0,0.0,11,11,0,True,440.0,440.0,0.0,0,2607,0.41,0.0,0.0,,50,0,0,0,0,0,0
Otto_instance_n=50_58_c05,Otto_instance_n=50_58,Otto,50,1000.0,c05,5,mid,mid,high,low,5042,published_results/extra_remaining_instances_2026-06-10/solutions/Otto_instance_n=50_58_c05/pareto_front.csv,1,0,440.0,0.0,11,11,0,True,440.0,440.0,0.0,0,2607,0.48,0.0,0.0,,50,0,0,0,0,0,0
Otto_instance_n=50_58_c05,Otto_instance_n=50_58,Otto,50,1000.0,c05,5,mid,mid,high,low,5042,published_results/extra_remaining_instances_2026-06-10/solutions/Otto_instance_n=50_58_c05/pareto_front.csv,2,1,418.0,370.85,12,10,2,False,0.0,370.85,100.0,3636,1673465,603.26,339.0,31.85,0.6815,48,2,0,0,0,0,0
Otto_instance_n=50_58_c05,Otto_instance_n=50_58,Otto,50,1000.0,c05,5,mid,mid,high,low,5042,published_results/extra_remaining_instances_2026-06-10/solutions/Otto_instance_n=50_58_c05/pareto_front.csv,3,2,387.0,677.3,12,9,3,False,0.0,677.3,100.0,2670,1055776,303.61,657.0,20.3,0.8647,44,6,0,0,0,0,0
Otto_instance_n=50_58_c05,Otto_instance_n=50_58,Otto,50,1000.0,c05,5,mid,mid,high,low,5042,published_results/extra_remaining_instances_2026-06-10/solutions/Otto_instance_n=50_58_c05/pareto_front.csv,4,3,352.0,864.35,11,8,4,False,0.0,864.35,100.0,359,483408,303.54,853.0,11.35,0.9432,32,11,0,0,0,2,5
Otto_instance_n=50_58_c05,Otto_instance_n=50_58,Otto,50,1000.0,c05,5,mid,mid,high,low,5042,published_results/extra_remaining_instances_2026-06-10/solutions/Otto_instance_n=50_58_c05/pareto_front.csv,5,4,330.0,1274.6499999999999,12,7,6,False,0.0,1274.65,100.0,892,704606,303.59,1245.0,29.65,0.9012,26,17,0,0,7,0,0
Otto_instance_n=50_58_c06,Otto_instance_n=50_58,Otto,50,1000.0,c06,6,mid,high,low,mid,6042,published_results/extra_remaining_instances_2026-06-10/solutions/Otto_instance_n=50_58_c06/pareto_front.csv,1,0,440.0,0.0,11,11,0,True,440.0,440.0,0.0,0,2607,0.32,0.0,0.0,,50,0,0,0,0,0,0
Otto_instance_n=50_58_c06,Otto_instance_n=50_58,Otto,50,1000.0,c06,6,mid,high,low,mid,6042,published_results/extra_remaining_instances_2026-06-10/solutions/Otto_instance_n=50_58_c06/pareto_front.csv,2,1,418.0,281.5,12,10,2,False,0.0,281.5,100.0,3393,1730988,603.36,228.0,53.5,0.465,45,5,0,0,0,0,0
Otto_instance_n=50_58_c06,Otto_instance_n=50_58,Otto,50,1000.0,c06,6,mid,high,low,mid,6042,published_results/extra_remaining_instances_2026-06-10/solutions/Otto_instance_n=50_58_c06/pareto_front.csv,3,2,387.0,607.5000000000001,12,9,3,False,0.0,607.5,100.0,2468,607189,303.67,573.0,34.5,0.77,44,6,0,0,0,0,0
Otto_instance_n=50_58_c06,Otto_instance_n=50_58,Otto,50,1000.0,c06,6,mid,high,low,mid,6042,published_results/extra_remaining_instances_2026-06-10/solutions/Otto_instance_n=50_58_c06/pareto_front.csv,4,3,374.0,1187.4,14,8,6,False,0.0,1187.4,100.0,399,403299,303.64,1095.0,92.4,0.692,34,16,0,0,0,0,0
Otto_instance_n=50_58_c07,Otto_instance_n=50_58,Otto,50,1000.0,c07,7,high,low,high,mid,7042,published_results/extra_remaining_instances_2026-06-10/solutions/Otto_instance_n=50_58_c07/pareto_front.csv,1,0,440.0,0.0,11,11,0,True,440.0,440.0,0.0,0,2607,0.25,0.0,0.0,,50,0,0,0,0,0,0
Otto_instance_n=50_58_c08,Otto_instance_n=50_58,Otto,50,1000.0,c08,8,high,mid,low,high,8042,published_results/extra_remaining_instances_2026-06-10/solutions/Otto_instance_n=50_58_c08/pareto_front.csv,1,0,440.0,0.0,11,11,0,True,440.0,440.0,0.0,0,2607,1.38,0.0,0.0,,50,0,0,0,0,0,0
Otto_instance_n=50_58_c08,Otto_instance_n=50_58,Otto,50,1000.0,c08,8,high,mid,low,high,8042,published_results/extra_remaining_instances_2026-06-10/solutions/Otto_instance_n=50_58_c08/pareto_front.csv,2,1,423.0,345.2,12,10,3,False,0.0,345.2,100.0,3577,470084,303.68,267.0,78.2,0.4787,42,2,0,0,6,0,0
Otto_instance_n=50_58_c08,Otto_instance_n=50_58,Otto,50,1000.0,c08,8,high,mid,low,high,8042,published_results/extra_remaining_instances_2026-06-10/solutions/Otto_instance_n=50_58_c08/pareto_front.csv,3,2,418.0,413.6,12,10,2,False,0.0,413.6,100.0,1139,891922,303.67,391.0,22.6,0.774,47,3,0,0,0,0,0
Otto_instance_n=50_58_c08,Otto_instance_n=50_58,Otto,50,1000.0,c08,8,high,mid,low,high,8042,published_results/extra_remaining_instances_2026-06-10/solutions/Otto_instance_n=50_58_c08/pareto_front.csv,4,3,388.0,683.4000000000001,11,9,4,False,0.0,683.4,100.0,4652,2135734,603.36,646.0,37.4,0.813,34,3,0,0,13,0,0
Otto_instance_n=50_58_c08,Otto_instance_n=50_58,Otto,50,1000.0,c08,8,high,mid,low,high,8042,published_results/extra_remaining_instances_2026-06-10/solutions/Otto_instance_n=50_58_c08/pareto_front.csv,5,4,379.0,1392.8500000000001,14,8,7,False,0.0,1392.85,100.0,6789,1924542,603.76,1312.0,80.85,0.769,33,9,0,0,8,0,0
Otto_instance_n=50_58_c09,Otto_instance_n=50_58,Otto,50,1000.0,c09,9,high,high,mid,low,9042,published_results/extra_remaining_instances_2026-06-10/solutions/Otto_instance_n=50_58_c09/pareto_front.csv,1,0,440.0,0.0,11,11,0,True,440.0,440.0,0.0,0,2607,0.26,0.0,0.0,,50,0,0,0,0,0,0
Otto_instance_n=50_58_c09,Otto_instance_n=50_58,Otto,50,1000.0,c09,9,high,high,mid,low,9042,published_results/extra_remaining_instances_2026-06-10/solutions/Otto_instance_n=50_58_c09/pareto_front.csv,2,1,418.0,429.75,12,10,2,False,0.0,429.75,100.0,3559,391937,303.55,409.0,20.75,0.7925,48,2,0,0,0,0,0
Otto_instance_n=50_58_c09,Otto_instance_n=50_58,Otto,50,1000.0,c09,9,high,high,mid,low,9042,published_results/extra_remaining_instances_2026-06-10/solutions/Otto_instance_n=50_58_c09/pareto_front.csv,3,2,396.0,824.2,13,9,4,False,0.0,824.2,100.0,5173,2010220,603.28,790.0,34.2,0.829,41,9,0,0,0,0,0
Otto_instance_n=50_69_c01,Otto_instance_n=50_69,Otto,50,1000.0,c01,1,low,low,low,low,1042,published_results/extra_remaining_instances_2026-06-10/solutions/Otto_instance_n=50_69_c01/pareto_front.csv,1,0,480.0,0.0,12,12,0,True,480.0,480.0,0.0,0,1589,0.45,0.0,0.0,,50,0,0,0,0,0,0
Otto_instance_n=50_69_c01,Otto_instance_n=50_69,Otto,50,1000.0,c01,1,low,low,low,low,1042,published_results/extra_remaining_instances_2026-06-10/solutions/Otto_instance_n=50_69_c01/pareto_front.csv,2,1,454.0,187.85000000000002,12,11,2,False,0.0,187.85,100.0,2824,1200049,303.71,129.0,58.85,0.4115,44,1,0,0,5,0,0
Otto_instance_n=50_69_c02,Otto_instance_n=50_69,Otto,50,1000.0,c02,2,low,mid,mid,mid,2042,published_results/extra_remaining_instances_2026-06-10/solutions/Otto_instance_n=50_69_c02/pareto_front.csv,1,0,480.0,0.0,12,12,0,True,480.0,480.0,0.0,0,1589,0.38,0.0,0.0,,50,0,0,0,0,0,0
Otto_instance_n=50_69_c03,Otto_instance_n=50_69,Otto,50,1000.0,c03,3,low,high,high,high,3042,published_results/extra_remaining_instances_2026-06-10/solutions/Otto_instance_n=50_69_c03/pareto_front.csv,1,0,480.0,0.0,12,12,0,True,480.0,480.0,0.0,0,1589,0.4,0.0,0.0,,50,0,0,0,0,0,0
Otto_instance_n=50_69_c03,Otto_instance_n=50_69,Otto,50,1000.0,c03,3,low,high,high,high,3042,published_results/extra_remaining_instances_2026-06-10/solutions/Otto_instance_n=50_69_c03/pareto_front.csv,2,1,476.0,432.65000000000003,15,11,4,False,0.0,432.65,100.0,2130,744276,303.55,293.0,139.65,0.3018,44,6,0,0,0,0,0
Otto_instance_n=50_69_c03,Otto_instance_n=50_69,Otto,50,1000.0,c03,3,low,high,high,high,3042,published_results/extra_remaining_instances_2026-06-10/solutions/Otto_instance_n=50_69_c03/pareto_front.csv,3,2,427.0,543.4499999999999,13,10,3,False,0.0,543.45,100.0,1708,1254449,303.96,492.0,51.45,0.657,39,11,0,0,0,0,0
Otto_instance_n=50_69_c03,Otto_instance_n=50_69,Otto,50,1000.0,c03,3,low,high,high,high,3042,published_results/extra_remaining_instances_2026-06-10/solutions/Otto_instance_n=50_69_c03/pareto_front.csv,4,3,423.0,908.2499999999998,16,9,7,False,0.0,908.25,100.0,3361,2229186,603.34,699.0,209.25,0.4021,37,13,0,0,0,0,0
Otto_instance_n=50_69_c04,Otto_instance_n=50_69,Otto,50,1000.0,c04,4,mid,low,mid,high,4042,published_results/extra_remaining_instances_2026-06-10/solutions/Otto_instance_n=50_69_c04/pareto_front.csv,1,0,480.0,0.0,12,12,0,True,480.0,480.0,0.0,0,1589,0.35,0.0,0.0,,50,0,0,0,0,0,0
Otto_instance_n=50_69_c04,Otto_instance_n=50_69,Otto,50,1000.0,c04,4,mid,low,mid,high,4042,published_results/extra_remaining_instances_2026-06-10/solutions/Otto_instance_n=50_69_c04/pareto_front.csv,2,1,436.0,686.2499999999999,14,10,4,False,0.0,686.25,100.0,2437,1194060,303.75,617.0,69.25,0.6538,43,7,0,0,0,0,0
Otto_instance_n=50_69_c04,Otto_instance_n=50_69,Otto,50,1000.0,c04,4,mid,low,mid,high,4042,published_results/extra_remaining_instances_2026-06-10/solutions/Otto_instance_n=50_69_c04/pareto_front.csv,3,2,423.0,1214.5999999999997,16,9,7,False,0.0,1214.6,100.0,3284,1281633,303.55,1078.0,136.6,0.6097,37,13,0,0,0,0,0
Otto_instance_n=50_69_c04,Otto_instance_n=50_69,Otto,50,1000.0,c04,4,mid,low,mid,high,4042,published_results/extra_remaining_instances_2026-06-10/solutions/Otto_instance_n=50_69_c04/pareto_front.csv,4,3,419.0,1594.8500000000004,19,8,11,False,0.0,1594.85,100.0,826,553095,303.53,1304.0,290.85,0.4712,34,16,0,0,0,0,0
Otto_instance_n=50_69_c05,Otto_instance_n=50_69,Otto,50,1000.0,c05,5,mid,mid,high,low,5042,published_results/extra_remaining_instances_2026-06-10/solutions/Otto_instance_n=50_69_c05/pareto_front.csv,1,0,480.0,0.0,12,12,0,True,480.0,480.0,0.0,0,1589,0.34,0.0,0.0,,50,0,0,0,0,0,0
Otto_instance_n=50_69_c05,Otto_instance_n=50_69,Otto,50,1000.0,c05,5,mid,mid,high,low,5042,published_results/extra_remaining_instances_2026-06-10/solutions/Otto_instance_n=50_69_c05/pareto_front.csv,2,1,450.0,288.20000000000005,11,11,2,False,0.0,288.2,100.0,3336,335474,303.55,282.0,6.2,0.938,41,0,0,0,9,0,0
Otto_instance_n=50_69_c06,Otto_instance_n=50_69,Otto,50,1000.0,c06,6,mid,high,low,mid,6042,published_results/extra_remaining_instances_2026-06-10/solutions/Otto_instance_n=50_69_c06/pareto_front.csv,1,0,480.0,0.0,12,12,0,True,480.0,480.0,0.0,0,1589,0.34,0.0,0.0,,50,0,0,0,0,0,0
Otto_instance_n=50_69_c06,Otto_instance_n=50_69,Otto,50,1000.0,c06,6,mid,high,low,mid,6042,published_results/extra_remaining_instances_2026-06-10/solutions/Otto_instance_n=50_69_c06/pareto_front.csv,2,1,467.0,391.79999999999995,14,11,3,False,0.0,391.8,100.0,3632,1224950,303.56,304.0,87.8,0.4147,46,4,0,0,0,0,0
Otto_instance_n=50_69_c06,Otto_instance_n=50_69,Otto,50,1000.0,c06,6,mid,high,low,mid,6042,published_results/extra_remaining_instances_2026-06-10/solutions/Otto_instance_n=50_69_c06/pareto_front.csv,3,2,427.0,654.0500000000001,13,10,3,False,0.0,654.05,100.0,3376,659523,303.58,628.0,26.05,0.8263,45,5,0,0,0,0,0
Otto_instance_n=50_69_c06,Otto_instance_n=50_69,Otto,50,1000.0,c06,6,mid,high,low,mid,6042,published_results/extra_remaining_instances_2026-06-10/solutions/Otto_instance_n=50_69_c06/pareto_front.csv,4,3,405.0,1001.8000000000001,14,9,5,False,0.0,1001.8,100.0,3513,1756624,603.29,947.0,54.8,0.7808,40,10,0,0,0,0,0
Otto_instance_n=50_69_c06,Otto_instance_n=50_69,Otto,50,1000.0,c06,6,mid,high,low,mid,6042,published_results/extra_remaining_instances_2026-06-10/solutions/Otto_instance_n=50_69_c06/pareto_front.csv,5,4,383.0,1432.0000000000002,15,8,7,False,0.0,1432.0,100.0,1188,934092,303.54,1353.0,79.0,0.7743,35,15,0,0,0,0,0
Otto_instance_n=50_69_c07,Otto_instance_n=50_69,Otto,50,1000.0,c07,7,high,low,high,mid,7042,published_results/extra_remaining_instances_2026-06-10/solutions/Otto_instance_n=50_69_c07/pareto_front.csv,1,0,480.0,0.0,12,12,0,True,480.0,480.0,0.0,0,1589,0.35,0.0,0.0,,50,0,0,0,0,0,0
Otto_instance_n=50_69_c07,Otto_instance_n=50_69,Otto,50,1000.0,c07,7,high,low,high,mid,7042,published_results/extra_remaining_instances_2026-06-10/solutions/Otto_instance_n=50_69_c07/pareto_front.csv,2,1,445.0,128.7,11,11,1,False,0.0,128.7,100.0,3540,1559748,603.57,116.0,12.7,0.746,42,0,0,0,8,0,0
Otto_instance_n=50_69_c07,Otto_instance_n=50_69,Otto,50,1000.0,c07,7,high,low,high,mid,7042,published_results/extra_remaining_instances_2026-06-10/solutions/Otto_instance_n=50_69_c07/pareto_front.csv,3,2,428.0,386.75,12,10,4,False,0.0,386.75,100.0,3407,417069,303.59,270.0,116.75,0.4163,36,2,0,0,12,0,0
Otto_instance_n=50_69_c07,Otto_instance_n=50_69,Otto,50,1000.0,c07,7,high,low,high,mid,7042,published_results/extra_remaining_instances_2026-06-10/solutions/Otto_instance_n=50_69_c07/pareto_front.csv,4,3,414.0,392.45,11,10,2,False,0.0,392.45,100.0,2341,2250439,603.31,385.0,7.45,0.9255,37,3,0,0,10,0,0
Otto_instance_n=50_69_c08,Otto_instance_n=50_69,Otto,50,1000.0,c08,8,high,mid,low,high,8042,published_results/extra_remaining_instances_2026-06-10/solutions/Otto_instance_n=50_69_c08/pareto_front.csv,1,0,480.0,0.0,12,12,0,True,480.0,480.0,0.0,0,1589,0.64,0.0,0.0,,50,0,0,0,0,0,0
Otto_instance_n=50_69_c08,Otto_instance_n=50_69,Otto,50,1000.0,c08,8,high,mid,low,high,8042,published_results/extra_remaining_instances_2026-06-10/solutions/Otto_instance_n=50_69_c08/pareto_front.csv,2,1,467.0,565.0500000000001,14,11,3,False,0.0,565.05,100.0,2004,759849,303.58,511.0,54.05,0.6397,44,6,0,0,0,0,0
Otto_instance_n=50_69_c08,Otto_instance_n=50_69,Otto,50,1000.0,c08,8,high,mid,low,high,8042,published_results/extra_remaining_instances_2026-06-10/solutions/Otto_instance_n=50_69_c08/pareto_front.csv,3,2,437.0,804.6,13,10,5,False,0.0,804.6,100.0,2814,1295902,303.51,737.0,67.6,0.7296,34,5,0,0,11,0,0
Otto_instance_n=50_69_c08,Otto_instance_n=50_69,Otto,50,1000.0,c08,8,high,mid,low,high,8042,published_results/extra_remaining_instances_2026-06-10/solutions/Otto_instance_n=50_69_c08/pareto_front.csv,4,3,432.0,854.4000000000001,13,10,4,False,0.0,854.4,100.0,3348,1209859,603.28,842.0,12.4,0.938,37,8,0,0,5,0,0
Otto_instance_n=50_69_c09,Otto_instance_n=50_69,Otto,50,1000.0,c09,9,high,high,mid,low,9042,published_results/extra_remaining_instances_2026-06-10/solutions/Otto_instance_n=50_69_c09/pareto_front.csv,1,0,480.0,0.0,12,12,0,True,480.0,480.0,0.0,0,1589,0.35,0.0,0.0,,50,0,0,0,0,0,0
Otto_instance_n=50_69_c09,Otto_instance_n=50_69,Otto,50,1000.0,c09,9,high,high,mid,low,9042,published_results/extra_remaining_instances_2026-06-10/solutions/Otto_instance_n=50_69_c09/pareto_front.csv,2,1,463.0,511.2,13,11,3,False,0.0,511.2,100.0,1162,472244,303.56,486.0,25.2,0.832,41,3,0,0,0,4,2
Otto_instance_n=50_69_c09,Otto_instance_n=50_69,Otto,50,1000.0,c09,9,high,high,mid,low,9042,published_results/extra_remaining_instances_2026-06-10/solutions/Otto_instance_n=50_69_c09/pareto_front.csv,3,2,441.0,967.0500000000001,14,10,5,False,0.0,967.05,100.0,3378,453928,303.49,933.0,34.05,0.8638,36,8,0,0,0,4,2
Otto_instance_n=50_69_c09,Otto_instance_n=50_69,Otto,50,1000.0,c09,9,high,high,mid,low,9042,published_results/extra_remaining_instances_2026-06-10/solutions/Otto_instance_n=50_69_c09/pareto_front.csv,4,3,423.0,1696.0500000000002,16,9,7,False,0.0,1696.05,100.0,2061,1048018,303.54,1674.0,22.05,0.937,36,14,0,0,0,0,0
Otto_instance_n=50_69_c09,Otto_instance_n=50_69,Otto,50,1000.0,c09,9,high,high,mid,low,9042,published_results/extra_remaining_instances_2026-06-10/solutions/Otto_instance_n=50_69_c09/pareto_front.csv,5,4,419.0,2344.5,19,8,11,False,0.0,2344.5,100.0,1204,1239934,603.59,2230.0,114.5,0.7918,30,20,0,0,0,0,0
Scholl_BOWMAN8_c01,Scholl_BOWMAN8,Scholl,8,20.0,c01,1,low,low,low,low,1042,published_results/extra_remaining_instances_2026-06-10/solutions/Scholl_BOWMAN8_c01/pareto_front.csv,1,0,200.0,0.0,5,5,0,True,200.0,200.0,0.0,0,0,0.02,0.0,0.0,,8,0,0,0,0,0,0
Scholl_BOWMAN8_c01,Scholl_BOWMAN8,Scholl,8,20.0,c01,1,low,low,low,low,1042,published_results/extra_remaining_instances_2026-06-10/solutions/Scholl_BOWMAN8_c01/pareto_front.csv,2,1,165.0,2.45,4,4,1,True,2.45,2.45,0.0,321,8042,0.21,2.0,0.45,0.55,6,0,0,0,2,0,0
Scholl_BOWMAN8_c01,Scholl_BOWMAN8,Scholl,8,20.0,c01,1,low,low,low,low,1042,published_results/extra_remaining_instances_2026-06-10/solutions/Scholl_BOWMAN8_c01/pareto_front.csv,3,2,125.0,3.25,3,3,1,True,3.25,3.25,0.0,234,5604,0.21,3.0,0.25,0.75,5,0,0,0,3,0,0
Scholl_BOWMAN8_c01,Scholl_BOWMAN8,Scholl,8,20.0,c01,1,low,low,low,low,1042,published_results/extra_remaining_instances_2026-06-10/solutions/Scholl_BOWMAN8_c01/pareto_front.csv,4,3,90.0,7.3,2,2,2,True,7.3,7.3,0.0,0,1074,0.29,7.0,0.3,0.85,0,0,0,0,4,2,2
Scholl_BOWMAN8_c01,Scholl_BOWMAN8,Scholl,8,20.0,c01,1,low,low,low,low,1042,published_results/extra_remaining_instances_2026-06-10/solutions/Scholl_BOWMAN8_c01/pareto_front.csv,5,4,63.0,14.55,3,1,3,True,14.55,14.55,0.0,0,905,0.2,14.0,0.55,0.8167,0,4,0,0,4,0,0
Scholl_BOWMAN8_c01,Scholl_BOWMAN8,Scholl,8,20.0,c01,1,low,low,low,low,1042,published_results/extra_remaining_instances_2026-06-10/solutions/Scholl_BOWMAN8_c01/pareto_front.csv,6,5,45.0,25.1,5,0,5,True,25.1,25.1,0.0,0,464,0.1,24.0,1.1,0.78,0,8,0,0,0,0,0
Scholl_BOWMAN8_c02,Scholl_BOWMAN8,Scholl,8,20.0,c02,2,low,mid,mid,mid,2042,published_results/extra_remaining_instances_2026-06-10/solutions/Scholl_BOWMAN8_c02/pareto_front.csv,1,0,200.0,0.0,5,5,0,True,200.0,200.0,0.0,0,0,0.01,0.0,0.0,,8,0,0,0,0,0,0
Scholl_BOWMAN8_c02,Scholl_BOWMAN8,Scholl,8,20.0,c02,2,low,mid,mid,mid,2042,published_results/extra_remaining_instances_2026-06-10/solutions/Scholl_BOWMAN8_c02/pareto_front.csv,2,1,165.0,3.15,4,4,1,True,3.15,3.15,0.0,500,9116,0.19,3.0,0.15,0.85,6,0,0,0,2,0,0
Scholl_BOWMAN8_c02,Scholl_BOWMAN8,Scholl,8,20.0,c02,2,low,mid,mid,mid,2042,published_results/extra_remaining_instances_2026-06-10/solutions/Scholl_BOWMAN8_c02/pareto_front.csv,3,2,134.0,7.550000000000001,4,3,2,True,7.55,7.55,0.0,491,11644,0.21,7.0,0.55,0.725,5,1,0,0,2,0,0
Scholl_BOWMAN8_c02,Scholl_BOWMAN8,Scholl,8,20.0,c02,2,low,mid,mid,mid,2042,published_results/extra_remaining_instances_2026-06-10/solutions/Scholl_BOWMAN8_c02/pareto_front.csv,4,3,130.0,8.15,3,3,2,True,8.15,8.15,0.0,0,1323,0.27,8.0,0.15,0.925,3,0,0,0,5,0,0
Scholl_BOWMAN8_c02,Scholl_BOWMAN8,Scholl,8,20.0,c02,2,low,mid,mid,mid,2042,published_results/extra_remaining_instances_2026-06-10/solutions/Scholl_BOWMAN8_c02/pareto_front.csv,5,4,103.0,12.700000000000001,4,2,3,True,12.7,12.7,0.0,0,1482,0.25,12.0,0.7,0.7667,3,3,0,0,2,0,0
Scholl_BOWMAN8_c02,Scholl_BOWMAN8,Scholl,8,20.0,c02,2,low,mid,mid,mid,2042,published_results/extra_remaining_instances_2026-06-10/solutions/Scholl_BOWMAN8_c02/pareto_front.csv,6,5,99.0,14.2,3,2,3,True,14.2,14.2,0.0,0,1563,0.27,14.0,0.2,0.9333,0,3,0,0,5,0,0
Scholl_BOWMAN8_c02,Scholl_BOWMAN8,Scholl,8,20.0,c02,2,low,mid,mid,mid,2042,published_results/extra_remaining_instances_2026-06-10/solutions/Scholl_BOWMAN8_c02/pareto_front.csv,7,6,76.0,18.15,5,1,4,True,18.15,18.15,0.0,0,904,0.19,17.0,1.15,0.7125,3,5,0,0,0,0,0
Scholl_BOWMAN8_c02,Scholl_BOWMAN8,Scholl,8,20.0,c02,2,low,mid,mid,mid,2042,published_results/extra_remaining_instances_2026-06-10/solutions/Scholl_BOWMAN8_c02/pareto_front.csv,8,7,72.0,19.6,4,1,4,True,19.6,19.6,0.0,0,965,0.2,19.0,0.6,0.85,0,5,0,0,3,0,0
Scholl_BOWMAN8_c02,Scholl_BOWMAN8,Scholl,8,20.0,c02,2,low,mid,mid,mid,2042,published_results/extra_remaining_instances_2026-06-10/solutions/Scholl_BOWMAN8_c02/pareto_front.csv,9,8,45.0,25.05,5,0,5,True,25.05,25.05,0.0,0,413,0.13,24.0,1.05,0.79,0,8,0,0,0,0,0
Scholl_BOWMAN8_c03,Scholl_BOWMAN8,Scholl,8,20.0,c03,3,low,high,high,high,3042,published_results/extra_remaining_instances_2026-06-10/solutions/Scholl_BOWMAN8_c03/pareto_front.csv,1,0,200.0,0.0,5,5,0,True,200.0,200.0,0.0,0,0,0.01,0.0,0.0,,8,0,0,0,0,0,0
Scholl_BOWMAN8_c03,Scholl_BOWMAN8,Scholl,8,20.0,c03,3,low,high,high,high,3042,published_results/extra_remaining_instances_2026-06-10/solutions/Scholl_BOWMAN8_c03/pareto_front.csv,2,1,169.0,3.45,5,4,1,True,3.45,3.45,0.0,0,272,0.11,3.0,0.45,0.55,7,1,0,0,0,0,0
Scholl_BOWMAN8_c03,Scholl_BOWMAN8,Scholl,8,20.0,c03,3,low,high,high,high,3042,published_results/extra_remaining_instances_2026-06-10/solutions/Scholl_BOWMAN8_c03/pareto_front.csv,3,2,138.0,6.95,5,3,2,True,6.95,6.95,0.0,0,966,0.19,6.0,0.95,0.525,6,2,0,0,0,0,0
Scholl_BOWMAN8_c03,Scholl_BOWMAN8,Scholl,8,20.0,c03,3,low,high,high,high,3042,published_results/extra_remaining_instances_2026-06-10/solutions/Scholl_BOWMAN8_c03/pareto_front.csv,4,3,107.0,12.149999999999999,5,2,3,True,12.15,12.15,0.0,0,1081,0.19,11.0,1.15,0.6167,5,3,0,0,0,0,0
Scholl_BOWMAN8_c03,Scholl_BOWMAN8,Scholl,8,20.0,c03,3,low,high,high,high,3042,published_results/extra_remaining_instances_2026-06-10/solutions/Scholl_BOWMAN8_c03/pareto_front.csv,5,4,76.0,18.2,5,1,4,True,18.2,18.2,0.0,0,1072,0.19,17.0,1.2,0.7,3,5,0,0,0,0,0
Scholl_BOWMAN8_c03,Scholl_BOWMAN8,Scholl,8,20.0,c03,3,low,high,high,high,3042,published_results/extra_remaining_instances_2026-06-10/solutions/Scholl_BOWMAN8_c03/pareto_front.csv,6,5,45.0,25.2,5,0,5,True,25.2,25.2,0.0,0,387,0.1,24.0,1.2,0.76,0,8,0,0,0,0,0
Scholl_BOWMAN8_c04,Scholl_BOWMAN8,Scholl,8,20.0,c04,4,mid,low,mid,high,4042,published_results/extra_remaining_instances_2026-06-10/solutions/Scholl_BOWMAN8_c04/pareto_front.csv,1,0,200.0,0.0,5,5,0,True,200.0,200.0,0.0,0,0,0.01,0.0,0.0,,8,0,0,0,0,0,0
Scholl_BOWMAN8_c04,Scholl_BOWMAN8,Scholl,8,20.0,c04,4,mid,low,mid,high,4042,published_results/extra_remaining_instances_2026-06-10/solutions/Scholl_BOWMAN8_c04/pareto_front.csv,2,1,165.0,2.45,4,4,1,True,2.45,2.45,0.0,421,12332,0.2,2.0,0.45,0.55,6,0,0,0,2,0,0
Scholl_BOWMAN8_c04,Scholl_BOWMAN8,Scholl,8,20.0,c04,4,mid,low,mid,high,4042,published_results/extra_remaining_instances_2026-06-10/solutions/Scholl_BOWMAN8_c04/pareto_front.csv,3,2,125.0,3.25,3,3,1,True,3.25,3.25,0.0,170,4220,0.19,3.0,0.25,0.75,5,0,0,0,3,0,0
Scholl_BOWMAN8_c04,Scholl_BOWMAN8,Scholl,8,20.0,c04,4,mid,low,mid,high,4042,published_results/extra_remaining_instances_2026-06-10/solutions/Scholl_BOWMAN8_c04/pareto_front.csv,4,3,94.0,8.200000000000001,3,2,2,True,8.2,8.2,0.0,0,1434,0.19,8.0,0.2,0.9,3,1,0,0,4,0,0
Scholl_BOWMAN8_c04,Scholl_BOWMAN8,Scholl,8,20.0,c04,4,mid,low,mid,high,4042,published_results/extra_remaining_instances_2026-06-10/solutions/Scholl_BOWMAN8_c04/pareto_front.csv,5,4,90.0,8.3,2,2,2,True,8.3,8.3,0.0,0,641,0.13,8.0,0.3,0.85,0,0,0,0,8,0,0
Scholl_BOWMAN8_c04,Scholl_BOWMAN8,Scholl,8,20.0,c04,4,mid,low,mid,high,4042,published_results/extra_remaining_instances_2026-06-10/solutions/Scholl_BOWMAN8_c04/pareto_front.csv,6,5,63.0,17.1,3,1,3,True,17.1,17.1,0.0,0,571,0.13,17.0,0.1,0.9667,0,4,0,0,4,0,0
Scholl_BOWMAN8_c05,Scholl_BOWMAN8,Scholl,8,20.0,c05,5,mid,mid,high,low,5042,published_results/extra_remaining_instances_2026-06-10/solutions/Scholl_BOWMAN8_c05/pareto_front.csv,1,0,200.0,0.0,5,5,0,True,200.0,200.0,0.0,0,0,0.01,0.0,0.0,,8,0,0,0,0,0,0
Scholl_BOWMAN8_c05,Scholl_BOWMAN8,Scholl,8,20.0,c05,5,mid,mid,high,low,5042,published_results/extra_remaining_instances_2026-06-10/solutions/Scholl_BOWMAN8_c05/pareto_front.csv,2,1,165.0,4.05,4,4,1,True,4.05,4.05,0.0,545,11833,0.2,4.0,0.05,0.95,6,0,0,0,2,0,0
Scholl_BOWMAN8_c05,Scholl_BOWMAN8,Scholl,8,20.0,c05,5,mid,mid,high,low,5042,published_results/extra_remaining_instances_2026-06-10/solutions/Scholl_BOWMAN8_c05/pareto_front.csv,3,2,130.0,8.100000000000001,3,3,2,True,8.1,8.1,0.0,498,12130,0.2,8.0,0.1,0.95,3,0,0,0,5,0,0
Scholl_BOWMAN8_c05,Scholl_BOWMAN8,Scholl,8,20.0,c05,5,mid,mid,high,low,5042,published_results/extra_remaining_instances_2026-06-10/solutions/Scholl_BOWMAN8_c05/pareto_front.csv,4,3,108.0,15.8,4,2,4,True,15.8,15.8,0.0,0,1308,0.24,15.0,0.8,0.8,0,3,0,0,2,2,1
Scholl_BOWMAN8_c05,Scholl_BOWMAN8,Scholl,8,20.0,c05,5,mid,mid,high,low,5042,published_results/extra_remaining_instances_2026-06-10/solutions/Scholl_BOWMAN8_c05/pareto_front.csv,5,4,81.0,24.45,5,1,5,True,24.45,24.45,0.0,0,982,0.19,24.0,0.45,0.91,0,6,0,0,2,0,0
Scholl_BOWMAN8_c06,Scholl_BOWMAN8,Scholl,8,20.0,c06,6,mid,high,low,mid,6042,published_results/extra_remaining_instances_2026-06-10/solutions/Scholl_BOWMAN8_c06/pareto_front.csv,1,0,200.0,0.0,5,5,0,True,200.0,200.0,0.0,0,0,0.01,0.0,0.0,,8,0,0,0,0,0,0
Scholl_BOWMAN8_c06,Scholl_BOWMAN8,Scholl,8,20.0,c06,6,mid,high,low,mid,6042,published_results/extra_remaining_instances_2026-06-10/solutions/Scholl_BOWMAN8_c06/pareto_front.csv,2,1,169.0,4.15,5,4,1,True,4.15,4.15,0.0,0,83,0.09,4.0,0.15,0.85,7,1,0,0,0,0,0
Scholl_BOWMAN8_c06,Scholl_BOWMAN8,Scholl,8,20.0,c06,6,mid,high,low,mid,6042,published_results/extra_remaining_instances_2026-06-10/solutions/Scholl_BOWMAN8_c06/pareto_front.csv,3,2,138.0,8.5,5,3,2,True,8.5,8.5,0.0,0,971,0.17,8.0,0.5,0.75,6,2,0,0,0,0,0
Scholl_BOWMAN8_c06,Scholl_BOWMAN8,Scholl,8,20.0,c06,6,mid,high,low,mid,6042,published_results/extra_remaining_instances_2026-06-10/solutions/Scholl_BOWMAN8_c06/pareto_front.csv,4,3,116.0,16.400000000000002,6,2,4,True,16.4,16.4,0.0,0,974,0.17,15.0,1.4,0.65,4,4,0,0,0,0,0
Scholl_BOWMAN8_c06,Scholl_BOWMAN8,Scholl,8,20.0,c06,6,mid,high,low,mid,6042,published_results/extra_remaining_instances_2026-06-10/solutions/Scholl_BOWMAN8_c06/pareto_front.csv,5,4,112.0,17.0,5,2,4,True,17.0,17.0,0.0,0,1058,0.18,16.0,1.0,0.75,1,4,0,0,0,2,1
Scholl_BOWMAN8_c06,Scholl_BOWMAN8,Scholl,8,20.0,c06,6,mid,high,low,mid,6042,published_results/extra_remaining_instances_2026-06-10/solutions/Scholl_BOWMAN8_c06/pareto_front.csv,6,5,107.0,17.25,5,2,3,True,17.25,17.25,0.0,0,1088,0.2,17.0,0.25,0.9167,3,5,0,0,0,0,0
Scholl_BOWMAN8_c06,Scholl_BOWMAN8,Scholl,8,20.0,c06,6,mid,high,low,mid,6042,published_results/extra_remaining_instances_2026-06-10/solutions/Scholl_BOWMAN8_c06/pareto_front.csv,7,6,85.0,24.95,6,1,5,True,24.95,24.95,0.0,0,179,0.07,24.0,0.95,0.81,1,7,0,0,0,0,0
Scholl_BOWMAN8_c07,Scholl_BOWMAN8,Scholl,8,20.0,c07,7,high,low,high,mid,7042,published_results/extra_remaining_instances_2026-06-10/solutions/Scholl_BOWMAN8_c07/pareto_front.csv,1,0,200.0,0.0,5,5,0,True,200.0,200.0,0.0,0,0,0.01,0.0,0.0,,8,0,0,0,0,0,0
Scholl_BOWMAN8_c07,Scholl_BOWMAN8,Scholl,8,20.0,c07,7,high,low,high,mid,7042,published_results/extra_remaining_instances_2026-06-10/solutions/Scholl_BOWMAN8_c07/pareto_front.csv,2,1,165.0,3.4,4,4,1,True,3.4,3.4,0.0,0,269,0.12,3.0,0.4,0.6,6,0,0,0,2,0,0
Scholl_BOWMAN8_c07,Scholl_BOWMAN8,Scholl,8,20.0,c07,7,high,low,high,mid,7042,published_results/extra_remaining_instances_2026-06-10/solutions/Scholl_BOWMAN8_c07/pareto_front.csv,3,2,125.0,4.25,3,3,1,True,4.25,4.25,0.0,0,254,0.11,4.0,0.25,0.75,5,0,0,0,3,0,0
Scholl_BOWMAN8_c07,Scholl_BOWMAN8,Scholl,8,20.0,c07,7,high,low,high,mid,7042,published_results/extra_remaining_instances_2026-06-10/solutions/Scholl_BOWMAN8_c07/pareto_front.csv,4,3,90.0,9.4,2,2,2,True,9.4,9.4,0.0,0,761,0.1,9.0,0.4,0.8,0,0,0,0,8,0,0
Scholl_BOWMAN8_c08,Scholl_BOWMAN8,Scholl,8,20.0,c08,8,high,mid,low,high,8042,published_results/extra_remaining_instances_2026-06-10/solutions/Scholl_BOWMAN8_c08/pareto_front.csv,1,0,200.0,0.0,5,5,0,True,200.0,200.0,0.0,0,0,0.01,0.0,0.0,,8,0,0,0,0,0,0
Scholl_BOWMAN8_c08,Scholl_BOWMAN8,Scholl,8,20.0,c08,8,high,mid,low,high,8042,published_results/extra_remaining_instances_2026-06-10/solutions/Scholl_BOWMAN8_c08/pareto_front.csv,2,1,165.0,3.15,4,4,1,True,3.15,3.15,0.0,92,1538,0.17,3.0,0.15,0.85,6,0,0,0,2,0,0
Scholl_BOWMAN8_c08,Scholl_BOWMAN8,Scholl,8,20.0,c08,8,high,mid,low,high,8042,published_results/extra_remaining_instances_2026-06-10/solutions/Scholl_BOWMAN8_c08/pareto_front.csv,3,2,130.0,8.2,3,3,2,True,8.2,8.2,0.0,317,6403,0.13,8.0,0.2,0.9,3,0,0,0,5,0,0
Scholl_BOWMAN8_c09,Scholl_BOWMAN8,Scholl,8,20.0,c09,9,high,high,mid,low,9042,published_results/extra_remaining_instances_2026-06-10/solutions/Scholl_BOWMAN8_c09/pareto_front.csv,1,0,200.0,0.0,5,5,0,True,200.0,200.0,0.0,0,0,0.01,0.0,0.0,,8,0,0,0,0,0,0
Scholl_BOWMAN8_c09,Scholl_BOWMAN8,Scholl,8,20.0,c09,9,high,high,mid,low,9042,published_results/extra_remaining_instances_2026-06-10/solutions/Scholl_BOWMAN8_c09/pareto_front.csv,2,1,169.0,5.05,5,4,1,True,5.05,5.05,0.0,0,118,0.09,5.0,0.05,0.95,7,1,0,0,0,0,0
Scholl_BOWMAN8_c09,Scholl_BOWMAN8,Scholl,8,20.0,c09,9,high,high,mid,low,9042,published_results/extra_remaining_instances_2026-06-10/solutions/Scholl_BOWMAN8_c09/pareto_front.csv,3,2,157.0,20.95,6,3,5,True,20.95,20.95,0.0,0,62,0.07,20.0,0.95,0.81,1,3,0,0,4,0,0
Scholl_HESKIA_c01,Scholl_HESKIA,Scholl,28,236.0,c01,1,low,low,low,low,1042,published_results/extra_remaining_instances_2026-06-10/solutions/Scholl_HESKIA_c01/pareto_front.csv,1,0,200.0,0.0,5,5,0,True,200.0,200.0,0.0,0,1872,0.07,0.0,0.0,,28,0,0,0,0,0,0
Scholl_HESKIA_c01,Scholl_HESKIA,Scholl,28,236.0,c01,1,low,low,low,low,1042,published_results/extra_remaining_instances_2026-06-10/solutions/Scholl_HESKIA_c01/pareto_front.csv,2,1,165.0,19.95,4,4,1,False,12.5,19.95,37.3434,44631,2544216,300.77,13.0,6.95,0.411,21,0,0,0,0,4,3
Scholl_HESKIA_c01,Scholl_HESKIA,Scholl,28,236.0,c01,1,low,low,low,low,1042,published_results/extra_remaining_instances_2026-06-10/solutions/Scholl_HESKIA_c01/pareto_front.csv,3,2,125.0,37.1,3,3,1,False,21.2,37.1,42.8571,29423,2045814,301.99,36.0,1.1,0.9068,18,0,0,0,10,0,0
Scholl_HESKIA_c01,Scholl_HESKIA,Scholl,28,236.0,c01,1,low,low,low,low,1042,published_results/extra_remaining_instances_2026-06-10/solutions/Scholl_HESKIA_c01/pareto_front.csv,4,3,90.0,80.45,2,2,2,False,29.223120087,80.45,63.6754,22408,3164299,300.72,77.0,3.45,0.8538,0,0,0,0,28,0,0
Scholl_HESKIA_c01,Scholl_HESKIA,Scholl,28,236.0,c01,1,low,low,low,low,1042,published_results/extra_remaining_instances_2026-06-10/solutions/Scholl_HESKIA_c01/pareto_front.csv,5,4,63.0,155.45,3,1,3,False,132.23593244,155.45,14.9335,120588,6399865,300.72,152.0,3.45,0.9025,0,12,0,0,16,0,0
Scholl_HESKIA_c01,Scholl_HESKIA,Scholl,28,236.0,c01,1,low,low,low,low,1042,published_results/extra_remaining_instances_2026-06-10/solutions/Scholl_HESKIA_c01/pareto_front.csv,6,5,45.0,282.7,5,0,5,True,282.7,282.7,0.0,1132,82900,3.56,275.0,7.7,0.8695,0,28,0,0,0,0,0
Scholl_HESKIA_c02,Scholl_HESKIA,Scholl,28,236.0,c02,2,low,mid,mid,mid,2042,published_results/extra_remaining_instances_2026-06-10/solutions/Scholl_HESKIA_c02/pareto_front.csv,1,0,200.0,0.0,5,5,0,True,200.0,200.0,0.0,0,1872,0.08,0.0,0.0,,28,0,0,0,0,0,0
Scholl_HESKIA_c02,Scholl_HESKIA,Scholl,28,236.0,c02,2,low,mid,mid,mid,2042,published_results/extra_remaining_instances_2026-06-10/solutions/Scholl_HESKIA_c02/pareto_front.csv,2,1,165.0,24.15,4,4,1,False,12.6,24.15,47.8261,27438,2246196,300.87,20.0,4.15,0.6483,20,0,0,0,0,6,2
Scholl_HESKIA_c02,Scholl_HESKIA,Scholl,28,236.0,c02,2,low,mid,mid,mid,2042,published_results/extra_remaining_instances_2026-06-10/solutions/Scholl_HESKIA_c02/pareto_front.csv,3,2,134.0,76.60000000000001,4,3,2,False,13.561680031,76.6,82.2955,18684,2473293,300.75,72.0,4.6,0.8051,13,5,0,0,0,6,4
Scholl_HESKIA_c02,Scholl_HESKIA,Scholl,28,236.0,c02,2,low,mid,mid,mid,2042,published_results/extra_remaining_instances_2026-06-10/solutions/Scholl_HESKIA_c02/pareto_front.csv,4,3,103.0,144.95,4,2,3,False,27.574197481,144.95,80.9768,42883,3623506,300.74,141.0,3.95,0.8884,12,6,0,0,0,6,4
Scholl_HESKIA_c02,Scholl_HESKIA,Scholl,28,236.0,c02,2,low,mid,mid,mid,2042,published_results/extra_remaining_instances_2026-06-10/solutions/Scholl_HESKIA_c02/pareto_front.csv,5,4,72.0,211.6,4,1,4,False,86.134615385,211.6,59.2937,69806,3894848,300.71,208.0,3.6,0.9237,0,15,0,0,0,10,3
Scholl_HESKIA_c02,Scholl_HESKIA,Scholl,28,236.0,c02,2,low,mid,mid,mid,2042,published_results/extra_remaining_instances_2026-06-10/solutions/Scholl_HESKIA_c02/pareto_front.csv,6,5,45.0,298.5,5,0,5,True,298.5,298.5,0.0,18910,1061181,28.29,291.0,7.5,0.8729,0,28,0,0,0,0,0
Scholl_HESKIA_c03,Scholl_HESKIA,Scholl,28,236.0,c03,3,low,high,high,high,3042,published_results/extra_remaining_instances_2026-06-10/solutions/Scholl_HESKIA_c03/pareto_front.csv,1,0,200.0,0.0,5,5,0,True,200.0,200.0,0.0,0,1872,0.08,0.0,0.0,,28,0,0,0,0,0,0
Scholl_HESKIA_c03,Scholl_HESKIA,Scholl,28,236.0,c03,3,low,high,high,high,3042,published_results/extra_remaining_instances_2026-06-10/solutions/Scholl_HESKIA_c03/pareto_front.csv,2,1,165.0,26.75,4,4,1,False,12.45,26.75,53.4579,22959,3028692,300.74,24.0,2.75,0.7669,19,0,0,0,0,6,3
Scholl_HESKIA_c03,Scholl_HESKIA,Scholl,28,236.0,c03,3,low,high,high,high,3042,published_results/extra_remaining_instances_2026-06-10/solutions/Scholl_HESKIA_c03/pareto_front.csv,3,2,134.0,82.0,4,3,2,False,12.523536585,82.0,84.7274,19206,1671972,301.66,79.0,3.0,0.8729,16,3,0,0,0,4,5
Scholl_HESKIA_c03,Scholl_HESKIA,Scholl,28,236.0,c03,3,low,high,high,high,3042,published_results/extra_remaining_instances_2026-06-10/solutions/Scholl_HESKIA_c03/pareto_front.csv,4,3,103.0,142.1,4,2,3,False,26.672004303,142.1,81.2301,30170,4251444,300.72,139.0,3.1,0.9124,6,10,0,0,0,8,4
Scholl_HESKIA_c03,Scholl_HESKIA,Scholl,28,236.0,c03,3,low,high,high,high,3042,published_results/extra_remaining_instances_2026-06-10/solutions/Scholl_HESKIA_c03/pareto_front.csv,5,4,72.0,201.70000000000002,4,1,4,False,82.25,201.7,59.2216,65936,6897671,300.72,199.0,2.7,0.9428,0,14,0,0,0,10,4
Scholl_HESKIA_c03,Scholl_HESKIA,Scholl,28,236.0,c03,3,low,high,high,high,3042,published_results/extra_remaining_instances_2026-06-10/solutions/Scholl_HESKIA_c03/pareto_front.csv,6,5,45.0,276.15000000000003,5,0,5,True,276.15,276.15,0.0,12059,1055207,26.8,267.0,9.15,0.8449,0,28,0,0,0,0,0
Scholl_HESKIA_c04,Scholl_HESKIA,Scholl,28,236.0,c04,4,mid,low,mid,high,4042,published_results/extra_remaining_instances_2026-06-10/solutions/Scholl_HESKIA_c04/pareto_front.csv,1,0,200.0,0.0,5,5,0,True,200.0,200.0,0.0,0,1872,0.07,0.0,0.0,,28,0,0,0,0,0,0
Scholl_HESKIA_c04,Scholl_HESKIA,Scholl,28,236.0,c04,4,mid,low,mid,high,4042,published_results/extra_remaining_instances_2026-06-10/solutions/Scholl_HESKIA_c04/pareto_front.csv,2,1,165.0,26.5,4,4,1,False,12.536322832,26.5,52.6931,40289,3079247,300.77,21.0,5.5,0.5339,22,0,0,0,6,0,0
Scholl_HESKIA_c04,Scholl_HESKIA,Scholl,28,236.0,c04,4,mid,low,mid,high,4042,published_results/extra_remaining_instances_2026-06-10/solutions/Scholl_HESKIA_c04/pareto_front.csv,3,2,125.0,37.9,3,3,1,True,37.9,37.9,0.0,16859,2432290,232.78,37.0,0.9,0.9237,17,0,0,0,11,0,0
Scholl_HESKIA_c04,Scholl_HESKIA,Scholl,28,236.0,c04,4,mid,low,mid,high,4042,published_results/extra_remaining_instances_2026-06-10/solutions/Scholl_HESKIA_c04/pareto_front.csv,4,3,90.0,81.15,2,2,2,True,81.15,81.15,0.0,14390,2220762,144.81,78.0,3.15,0.8665,0,0,0,0,28,0,0
Scholl_HESKIA_c04,Scholl_HESKIA,Scholl,28,236.0,c04,4,mid,low,mid,high,4042,published_results/extra_remaining_instances_2026-06-10/solutions/Scholl_HESKIA_c04/pareto_front.csv,5,4,72.0,199.05,4,1,4,True,199.05,199.05,0.0,13777,1191534,47.96,193.0,6.05,0.8718,0,12,0,0,16,0,0
Scholl_HESKIA_c04,Scholl_HESKIA,Scholl,28,236.0,c04,4,mid,low,mid,high,4042,published_results/extra_remaining_instances_2026-06-10/solutions/Scholl_HESKIA_c04/pareto_front.csv,6,5,63.0,410.75,7,0,7,True,410.75,410.75,0.0,0,3426,3.13,403.0,7.75,0.9062,0,28,0,0,0,0,0
Scholl_HESKIA_c05,Scholl_HESKIA,Scholl,28,236.0,c05,5,mid,mid,high,low,5042,published_results/extra_remaining_instances_2026-06-10/solutions/Scholl_HESKIA_c05/pareto_front.csv,1,0,200.0,0.0,5,5,0,True,200.0,200.0,0.0,0,1872,0.07,0.0,0.0,,28,0,0,0,0,0,0
Scholl_HESKIA_c05,Scholl_HESKIA,Scholl,28,236.0,c05,5,mid,mid,high,low,5042,published_results/extra_remaining_instances_2026-06-10/solutions/Scholl_HESKIA_c05/pareto_front.csv,2,1,165.0,23.3,4,4,1,False,12.4,23.3,46.7811,39475,2808211,300.73,19.0,4.3,0.6356,20,0,0,0,0,7,1
Scholl_HESKIA_c05,Scholl_HESKIA,Scholl,28,236.0,c05,5,mid,mid,high,low,5042,published_results/extra_remaining_instances_2026-06-10/solutions/Scholl_HESKIA_c05/pareto_front.csv,3,2,135.0,86.35,3,3,3,False,12.5,86.35,85.524,15177,1711651,300.79,77.0,9.35,0.7359,0,0,0,0,8,16,4
Scholl_HESKIA_c05,Scholl_HESKIA,Scholl,28,236.0,c05,5,mid,mid,high,low,5042,published_results/extra_remaining_instances_2026-06-10/solutions/Scholl_HESKIA_c05/pareto_front.csv,4,3,134.0,90.85,4,3,2,False,13.918991539,90.85,84.6792,24934,1986357,300.73,90.0,0.85,0.964,15,3,0,0,0,6,4
Scholl_HESKIA_c05,Scholl_HESKIA,Scholl,28,236.0,c05,5,mid,mid,high,low,5042,published_results/extra_remaining_instances_2026-06-10/solutions/Scholl_HESKIA_c05/pareto_front.csv,5,4,108.0,158.55,4,2,4,False,25.100900235,158.55,84.1685,68845,3961023,300.73,153.0,5.55,0.8824,0,6,0,0,0,15,7
Scholl_HESKIA_c05,Scholl_HESKIA,Scholl,28,236.0,c05,5,mid,mid,high,low,5042,published_results/extra_remaining_instances_2026-06-10/solutions/Scholl_HESKIA_c05/pareto_front.csv,6,5,81.0,266.40000000000003,5,1,5,False,82.625508783,266.4,68.9844,85760,7078404,300.72,265.0,1.4,0.9763,0,14,0,0,0,10,4
Scholl_HESKIA_c05,Scholl_HESKIA,Scholl,28,236.0,c05,5,mid,mid,high,low,5042,published_results/extra_remaining_instances_2026-06-10/solutions/Scholl_HESKIA_c05/pareto_front.csv,7,6,63.0,395.4,7,0,7,True,395.4,395.4,0.0,28840,2444770,72.88,386.0,9.4,0.8862,0,28,0,0,0,0,0
Scholl_HESKIA_c06,Scholl_HESKIA,Scholl,28,236.0,c06,6,mid,high,low,mid,6042,published_results/extra_remaining_instances_2026-06-10/solutions/Scholl_HESKIA_c06/pareto_front.csv,1,0,200.0,0.0,5,5,0,True,200.0,200.0,0.0,0,1872,0.07,0.0,0.0,,28,0,0,0,0,0,0
Scholl_HESKIA_c06,Scholl_HESKIA,Scholl,28,236.0,c06,6,mid,high,low,mid,6042,published_results/extra_remaining_instances_2026-06-10/solutions/Scholl_HESKIA_c06/pareto_front.csv,2,1,165.0,25.75,4,4,1,False,12.55,25.75,51.2621,35613,1195559,300.74,22.0,3.75,0.6822,22,0,0,0,0,4,2
Scholl_HESKIA_c06,Scholl_HESKIA,Scholl,28,236.0,c06,6,mid,high,low,mid,6042,published_results/extra_remaining_instances_2026-06-10/solutions/Scholl_HESKIA_c06/pareto_front.csv,3,2,138.0,106.39999999999999,5,3,2,False,25.15,106.4,76.3628,28555,2207471,302.8,104.0,2.4,0.8983,20,8,0,0,0,0,0
Scholl_HESKIA_c06,Scholl_HESKIA,Scholl,28,236.0,c06,6,mid,high,low,mid,6042,published_results/extra_remaining_instances_2026-06-10/solutions/Scholl_HESKIA_c06/pareto_front.csv,4,3,108.0,183.55,4,2,4,False,49.7375,183.55,72.9025,20055,3370194,300.7,182.0,1.55,0.9672,0,7,0,0,0,13,8
Scholl_HESKIA_c06,Scholl_HESKIA,Scholl,28,236.0,c06,6,mid,high,low,mid,6042,published_results/extra_remaining_instances_2026-06-10/solutions/Scholl_HESKIA_c06/pareto_front.csv,5,4,81.0,275.6,5,1,5,False,95.35,275.6,65.4028,45279,3869825,300.79,275.0,0.6,0.9898,0,14,0,0,0,10,4
Scholl_HESKIA_c06,Scholl_HESKIA,Scholl,28,236.0,c06,6,mid,high,low,mid,6042,published_results/extra_remaining_instances_2026-06-10/solutions/Scholl_HESKIA_c06/pareto_front.csv,6,5,63.0,385.25,7,0,7,True,385.25,385.25,0.0,6397,680992,29.09,374.0,11.25,0.8638,0,28,0,0,0,0,0
Scholl_HESKIA_c07,Scholl_HESKIA,Scholl,28,236.0,c07,7,high,low,high,mid,7042,published_results/extra_remaining_instances_2026-06-10/solutions/Scholl_HESKIA_c07/pareto_front.csv,1,0,200.0,0.0,5,5,0,True,200.0,200.0,0.0,0,1872,0.07,0.0,0.0,,28,0,0,0,0,0,0
Scholl_HESKIA_c07,Scholl_HESKIA,Scholl,28,236.0,c07,7,high,low,high,mid,7042,published_results/extra_remaining_instances_2026-06-10/solutions/Scholl_HESKIA_c07/pareto_front.csv,2,1,165.0,24.9,4,4,1,False,12.5,24.9,49.7992,78406,2869329,300.72,19.0,5.9,0.5,23,0,0,0,5,0,0
Scholl_HESKIA_c07,Scholl_HESKIA,Scholl,28,236.0,c07,7,high,low,high,mid,7042,published_results/extra_remaining_instances_2026-06-10/solutions/Scholl_HESKIA_c07/pareto_front.csv,3,2,125.0,36.9,3,3,1,True,36.9,36.9,0.0,10166,1323916,200.22,36.0,0.9,0.9237,20,0,0,0,8,0,0
Scholl_HESKIA_c07,Scholl_HESKIA,Scholl,28,236.0,c07,7,high,low,high,mid,7042,published_results/extra_remaining_instances_2026-06-10/solutions/Scholl_HESKIA_c07/pareto_front.csv,4,3,90.0,80.10000000000001,2,2,2,True,80.1,80.1,0.0,16967,1781998,153.0,77.0,3.1,0.8686,0,0,0,0,28,0,0
Scholl_HESKIA_c07,Scholl_HESKIA,Scholl,28,236.0,c07,7,high,low,high,mid,7042,published_results/extra_remaining_instances_2026-06-10/solutions/Scholl_HESKIA_c07/pareto_front.csv,5,4,81.0,279.1,5,1,5,True,279.1,279.1,0.0,245,50611,4.56,275.0,4.1,0.9305,0,14,0,0,14,0,0
Scholl_HESKIA_c08,Scholl_HESKIA,Scholl,28,236.0,c08,8,high,mid,low,high,8042,published_results/extra_remaining_instances_2026-06-10/solutions/Scholl_HESKIA_c08/pareto_front.csv,1,0,200.0,0.0,5,5,0,True,200.0,200.0,0.0,0,1872,0.07,0.0,0.0,,28,0,0,0,0,0,0
Scholl_HESKIA_c08,Scholl_HESKIA,Scholl,28,236.0,c08,8,high,mid,low,high,8042,published_results/extra_remaining_instances_2026-06-10/solutions/Scholl_HESKIA_c08/pareto_front.csv,2,1,165.0,32.2,4,4,1,False,12.45,32.2,61.3354,49242,2432477,303.14,30.0,2.2,0.8136,23,0,0,0,5,0,0
Scholl_HESKIA_c08,Scholl_HESKIA,Scholl,28,236.0,c08,8,high,mid,low,high,8042,published_results/extra_remaining_instances_2026-06-10/solutions/Scholl_HESKIA_c08/pareto_front.csv,3,2,139.0,107.1,4,3,3,False,32.156410256,107.1,69.9753,23263,3600993,300.73,100.0,7.1,0.7994,9,3,0,0,16,0,0
Scholl_HESKIA_c08,Scholl_HESKIA,Scholl,28,236.0,c08,8,high,mid,low,high,8042,published_results/extra_remaining_instances_2026-06-10/solutions/Scholl_HESKIA_c08/pareto_front.csv,4,3,135.0,113.35000000000001,3,3,3,False,65.809762675,113.35,41.9411,27909,4526495,300.73,111.0,2.35,0.9336,0,0,0,0,28,0,0
Scholl_HESKIA_c08,Scholl_HESKIA,Scholl,28,236.0,c08,8,high,mid,low,high,8042,published_results/extra_remaining_instances_2026-06-10/solutions/Scholl_HESKIA_c08/pareto_front.csv,5,4,117.0,228.85000000000002,5,2,5,False,81.143403032,228.85,64.543,28930,4784761,300.72,221.0,7.85,0.8669,0,9,0,0,19,0,0
Scholl_HESKIA_c08,Scholl_HESKIA,Scholl,28,236.0,c08,8,high,mid,low,high,8042,published_results/extra_remaining_instances_2026-06-10/solutions/Scholl_HESKIA_c08/pareto_front.csv,6,5,99.0,391.40000000000003,7,1,7,False,111.39222017,391.4,71.5401,35155,6374894,300.72,387.0,4.4,0.9467,0,20,0,0,8,0,0
Scholl_HESKIA_c08,Scholl_HESKIA,Scholl,28,236.0,c08,8,high,mid,low,high,8042,published_results/extra_remaining_instances_2026-06-10/solutions/Scholl_HESKIA_c08/pareto_front.csv,7,6,90.0,584.9999999999999,10,0,10,True,585.0,585.0,0.0,2521,348214,12.01,574.0,11.0,0.9068,0,28,0,0,0,0,0
Scholl_HESKIA_c09,Scholl_HESKIA,Scholl,28,236.0,c09,9,high,high,mid,low,9042,published_results/extra_remaining_instances_2026-06-10/solutions/Scholl_HESKIA_c09/pareto_front.csv,1,0,200.0,0.0,5,5,0,True,200.0,200.0,0.0,0,1872,0.07,0.0,0.0,,28,0,0,0,0,0,0
Scholl_HESKIA_c09,Scholl_HESKIA,Scholl,28,236.0,c09,9,high,high,mid,low,9042,published_results/extra_remaining_instances_2026-06-10/solutions/Scholl_HESKIA_c09/pareto_front.csv,2,1,165.0,24.8,4,4,1,False,12.4,24.8,50.0,31604,3400573,300.72,22.0,2.8,0.7627,23,0,0,0,0,4,1
Scholl_HESKIA_c09,Scholl_HESKIA,Scholl,28,236.0,c09,9,high,high,mid,low,9042,published_results/extra_remaining_instances_2026-06-10/solutions/Scholl_HESKIA_c09/pareto_front.csv,3,2,139.0,122.55,4,3,3,False,40.05,122.55,67.3195,64725,3710840,300.74,121.0,1.55,0.9562,6,2,0,0,0,15,5
Scholl_HESKIA_c09,Scholl_HESKIA,Scholl,28,236.0,c09,9,high,high,mid,low,9042,published_results/extra_remaining_instances_2026-06-10/solutions/Scholl_HESKIA_c09/pareto_front.csv,4,3,126.0,256.70000000000005,6,2,6,False,49.585976821,256.7,80.6833,62850,3887115,300.73,244.0,12.7,0.8206,0,9,0,0,0,14,5
Scholl_HESKIA_c09,Scholl_HESKIA,Scholl,28,236.0,c09,9,high,high,mid,low,9042,published_results/extra_remaining_instances_2026-06-10/solutions/Scholl_HESKIA_c09/pareto_front.csv,5,4,121.0,273.6,6,2,5,False,86.914886384,273.6,68.2329,35927,3583135,300.71,271.0,2.6,0.9559,9,12,0,0,0,5,2
Scholl_HESKIA_c09,Scholl_HESKIA,Scholl,28,236.0,c09,9,high,high,mid,low,9042,published_results/extra_remaining_instances_2026-06-10/solutions/Scholl_HESKIA_c09/pareto_front.csv,6,5,99.0,415.45000000000005,7,1,7,False,298.5,415.45,28.1502,71403,3495313,302.06,414.0,1.45,0.9824,0,20,0,0,0,5,3
Scholl_JACKSON_c01,Scholl_JACKSON,Scholl,11,11.0,c01,1,low,low,low,low,1042,published_results/extra_remaining_instances_2026-06-10/solutions/Scholl_JACKSON_c01/pareto_front.csv,1,0,200.0,0.0,5,5,0,True,200.0,200.0,0.0,0,125,0.02,0.0,0.0,,11,0,0,0,0,0,0
Scholl_JACKSON_c01,Scholl_JACKSON,Scholl,11,11.0,c01,1,low,low,low,low,1042,published_results/extra_remaining_instances_2026-06-10/solutions/Scholl_JACKSON_c01/pareto_front.csv,2,1,165.0,1.25,4,4,1,True,1.25,1.25,0.0,185,10576,0.55,1.0,0.25,0.5455,8,0,0,0,0,2,1
Scholl_JACKSON_c01,Scholl_JACKSON,Scholl,11,11.0,c01,1,low,low,low,low,1042,published_results/extra_remaining_instances_2026-06-10/solutions/Scholl_JACKSON_c01/pareto_front.csv,3,2,125.0,5.0,3,3,1,True,5.0,5.0,0.0,3856,100119,1.61,5.0,0.0,1.0,6,0,0,0,5,0,0
Scholl_JACKSON_c01,Scholl_JACKSON,Scholl,11,11.0,c01,1,low,low,low,low,1042,published_results/extra_remaining_instances_2026-06-10/solutions/Scholl_JACKSON_c01/pareto_front.csv,4,3,103.0,8.5,4,2,3,True,8.5,8.5,0.0,4849,96253,1.71,8.0,0.5,0.697,4,3,0,0,4,0,0
Scholl_JACKSON_c01,Scholl_JACKSON,Scholl,11,11.0,c01,1,low,low,low,low,1042,published_results/extra_remaining_instances_2026-06-10/solutions/Scholl_JACKSON_c01/pareto_front.csv,5,4,94.0,9.0,3,2,2,True,9.0,9.0,0.0,0,3458,0.84,9.0,0.0,1.0,4,2,0,0,5,0,0
Scholl_JACKSON_c01,Scholl_JACKSON,Scholl,11,11.0,c01,1,low,low,low,low,1042,published_results/extra_remaining_instances_2026-06-10/solutions/Scholl_JACKSON_c01/pareto_front.csv,6,5,90.0,11.0,2,2,2,True,11.0,11.0,0.0,0,3982,0.84,11.0,0.0,1.0,0,0,0,0,11,0,0
Scholl_JACKSON_c01,Scholl_JACKSON,Scholl,11,11.0,c01,1,low,low,low,low,1042,published_results/extra_remaining_instances_2026-06-10/solutions/Scholl_JACKSON_c01/pareto_front.csv,7,6,76.0,13.200000000000001,5,1,4,True,13.2,13.2,0.0,1009,49771,1.39,13.0,0.2,0.9091,3,8,0,0,0,0,0
Scholl_JACKSON_c01,Scholl_JACKSON,Scholl,11,11.0,c01,1,low,low,low,low,1042,published_results/extra_remaining_instances_2026-06-10/solutions/Scholl_JACKSON_c01/pareto_front.csv,8,7,72.0,13.400000000000002,4,1,4,True,13.4,13.4,0.0,0,2242,0.54,13.0,0.4,0.8182,0,6,0,0,5,0,0
Scholl_JACKSON_c01,Scholl_JACKSON,Scholl,11,11.0,c01,1,low,low,low,low,1042,published_results/extra_remaining_instances_2026-06-10/solutions/Scholl_JACKSON_c01/pareto_front.csv,9,8,45.0,18.200000000000003,5,0,5,True,18.2,18.2,0.0,0,1729,0.4,18.0,0.2,0.9273,0,11,0,0,0,0,0
Scholl_JACKSON_c02,Scholl_JACKSON,Scholl,11,11.0,c02,2,low,mid,mid,mid,2042,published_results/extra_remaining_instances_2026-06-10/solutions/Scholl_JACKSON_c02/pareto_front.csv,1,0,200.0,0.0,5,5,0,True,200.0,200.0,0.0,0,125,0.01,0.0,0.0,,11,0,0,0,0,0,0
Scholl_JACKSON_c02,Scholl_JACKSON,Scholl,11,11.0,c02,2,low,mid,mid,mid,2042,published_results/extra_remaining_instances_2026-06-10/solutions/Scholl_JACKSON_c02/pareto_front.csv,2,1,165.0,2.0,4,4,1,True,2.0,2.0,0.0,1614,54982,0.89,2.0,0.0,1.0,7,0,0,0,0,2,2
Scholl_JACKSON_c02,Scholl_JACKSON,Scholl,11,11.0,c02,2,low,mid,mid,mid,2042,published_results/extra_remaining_instances_2026-06-10/solutions/Scholl_JACKSON_c02/pareto_front.csv,3,2,147.0,5.8500000000000005,6,3,3,True,5.85,5.85,0.0,9374,307774,5.57,5.0,0.85,0.4848,8,3,0,0,0,0,0
Scholl_JACKSON_c02,Scholl_JACKSON,Scholl,11,11.0,c02,2,low,mid,mid,mid,2042,published_results/extra_remaining_instances_2026-06-10/solutions/Scholl_JACKSON_c02/pareto_front.csv,4,3,134.0,6.1,4,3,2,True,6.1,6.1,0.0,5719,227974,2.35,6.0,0.1,0.9091,5,2,0,0,0,2,2
Scholl_JACKSON_c02,Scholl_JACKSON,Scholl,11,11.0,c02,2,low,mid,mid,mid,2042,published_results/extra_remaining_instances_2026-06-10/solutions/Scholl_JACKSON_c02/pareto_front.csv,5,4,116.0,9.95,6,2,4,True,9.95,9.95,0.0,14753,925480,18.3,9.0,0.95,0.5682,6,5,0,0,0,0,0
Scholl_JACKSON_c02,Scholl_JACKSON,Scholl,11,11.0,c02,2,low,mid,mid,mid,2042,published_results/extra_remaining_instances_2026-06-10/solutions/Scholl_JACKSON_c02/pareto_front.csv,6,5,107.0,10.15,5,2,3,True,10.15,10.15,0.0,2567,78535,1.53,10.0,0.15,0.9091,5,6,0,0,0,0,0
Scholl_JACKSON_c02,Scholl_JACKSON,Scholl,11,11.0,c02,2,low,mid,mid,mid,2042,published_results/extra_remaining_instances_2026-06-10/solutions/Scholl_JACKSON_c02/pareto_front.csv,7,6,103.0,11.1,4,2,3,True,11.1,11.1,0.0,1206,69773,1.47,11.0,0.1,0.9394,2,5,0,0,0,2,2
Scholl_JACKSON_c02,Scholl_JACKSON,Scholl,11,11.0,c02,2,low,mid,mid,mid,2042,published_results/extra_remaining_instances_2026-06-10/solutions/Scholl_JACKSON_c02/pareto_front.csv,8,7,76.0,14.25,5,1,4,True,14.25,14.25,0.0,2253,88498,1.57,14.0,0.25,0.8864,3,8,0,0,0,0,0
Scholl_JACKSON_c02,Scholl_JACKSON,Scholl,11,11.0,c02,2,low,mid,mid,mid,2042,published_results/extra_remaining_instances_2026-06-10/solutions/Scholl_JACKSON_c02/pareto_front.csv,9,8,45.0,19.250000000000004,5,0,5,True,19.25,19.25,0.0,0,1341,0.29,19.0,0.25,0.9091,0,11,0,0,0,0,0
Scholl_JACKSON_c03,Scholl_JACKSON,Scholl,11,11.0,c03,3,low,high,high,high,3042,published_results/extra_remaining_instances_2026-06-10/solutions/Scholl_JACKSON_c03/pareto_front.csv,1,0,200.0,0.0,5,5,0,True,200.0,200.0,0.0,0,125,0.01,0.0,0.0,,11,0,0,0,0,0,0
Scholl_JACKSON_c03,Scholl_JACKSON,Scholl,11,11.0,c03,3,low,high,high,high,3042,published_results/extra_remaining_instances_2026-06-10/solutions/Scholl_JACKSON_c03/pareto_front.csv,2,1,169.0,2.2,5,4,1,True,2.2,2.2,0.0,1643,46991,0.85,2.0,0.2,0.6364,10,1,0,0,0,0,0
Scholl_JACKSON_c03,Scholl_JACKSON,Scholl,11,11.0,c03,3,low,high,high,high,3042,published_results/extra_remaining_instances_2026-06-10/solutions/Scholl_JACKSON_c03/pareto_front.csv,3,2,147.0,5.8500000000000005,6,3,3,True,5.85,5.85,0.0,6344,150831,2.26,5.0,0.85,0.4848,8,3,0,0,0,0,0
Scholl_JACKSON_c03,Scholl_JACKSON,Scholl,11,11.0,c03,3,low,high,high,high,3042,published_results/extra_remaining_instances_2026-06-10/solutions/Scholl_JACKSON_c03/pareto_front.csv,4,3,138.0,6.2,5,3,2,True,6.2,6.2,0.0,3026,115659,1.58,6.0,0.2,0.8182,8,3,0,0,0,0,0
Scholl_JACKSON_c03,Scholl_JACKSON,Scholl,11,11.0,c03,3,low,high,high,high,3042,published_results/extra_remaining_instances_2026-06-10/solutions/Scholl_JACKSON_c03/pareto_front.csv,5,4,116.0,9.85,6,2,4,True,9.85,9.85,0.0,7034,273419,4.58,9.0,0.85,0.6136,6,5,0,0,0,0,0
Scholl_JACKSON_c03,Scholl_JACKSON,Scholl,11,11.0,c03,3,low,high,high,high,3042,published_results/extra_remaining_instances_2026-06-10/solutions/Scholl_JACKSON_c03/pareto_front.csv,6,5,107.0,10.2,5,2,3,True,10.2,10.2,0.0,1539,58595,1.96,10.0,0.2,0.8788,6,5,0,0,0,0,0
Scholl_JACKSON_c03,Scholl_JACKSON,Scholl,11,11.0,c03,3,low,high,high,high,3042,published_results/extra_remaining_instances_2026-06-10/solutions/Scholl_JACKSON_c03/pareto_front.csv,7,6,76.0,14.25,5,1,4,True,14.25,14.25,0.0,1083,42801,1.36,14.0,0.25,0.8864,4,7,0,0,0,0,0
Scholl_JACKSON_c03,Scholl_JACKSON,Scholl,11,11.0,c03,3,low,high,high,high,3042,published_results/extra_remaining_instances_2026-06-10/solutions/Scholl_JACKSON_c03/pareto_front.csv,8,7,45.0,19.2,5,0,5,True,19.2,19.2,0.0,0,1344,0.3,19.0,0.2,0.9273,0,11,0,0,0,0,0
Scholl_JACKSON_c04,Scholl_JACKSON,Scholl,11,11.0,c04,4,mid,low,mid,high,4042,published_results/extra_remaining_instances_2026-06-10/solutions/Scholl_JACKSON_c04/pareto_front.csv,1,0,200.0,0.0,5,5,0,True,200.0,200.0,0.0,0,125,0.01,0.0,0.0,,11,0,0,0,0,0,0
Scholl_JACKSON_c04,Scholl_JACKSON,Scholl,11,11.0,c04,4,mid,low,mid,high,4042,published_results/extra_remaining_instances_2026-06-10/solutions/Scholl_JACKSON_c04/pareto_front.csv,2,1,169.0,2.15,5,4,1,True,2.15,2.15,0.0,853,39349,0.69,2.0,0.15,0.7273,10,1,0,0,0,0,0
Scholl_JACKSON_c04,Scholl_JACKSON,Scholl,11,11.0,c04,4,mid,low,mid,high,4042,published_results/extra_remaining_instances_2026-06-10/solutions/Scholl_JACKSON_c04/pareto_front.csv,3,2,165.0,3.1,4,4,1,True,3.1,3.1,0.0,280,16729,0.49,3.0,0.1,0.8182,8,0,0,0,3,0,0
Scholl_JACKSON_c04,Scholl_JACKSON,Scholl,11,11.0,c04,4,mid,low,mid,high,4042,published_results/extra_remaining_instances_2026-06-10/solutions/Scholl_JACKSON_c04/pareto_front.csv,4,3,134.0,6.15,4,3,2,True,6.15,6.15,0.0,3623,134539,1.36,6.0,0.15,0.8636,6,1,0,0,4,0,0
Scholl_JACKSON_c04,Scholl_JACKSON,Scholl,11,11.0,c04,4,mid,low,mid,high,4042,published_results/extra_remaining_instances_2026-06-10/solutions/Scholl_JACKSON_c04/pareto_front.csv,5,4,130.0,7.1499999999999995,3,3,2,True,7.15,7.15,0.0,1775,71700,0.95,7.0,0.15,0.8636,4,0,0,0,7,0,0
Scholl_JACKSON_c04,Scholl_JACKSON,Scholl,11,11.0,c04,4,mid,low,mid,high,4042,published_results/extra_remaining_instances_2026-06-10/solutions/Scholl_JACKSON_c04/pareto_front.csv,6,5,112.0,10.6,5,2,4,True,10.6,10.6,0.0,3392,131255,1.51,10.0,0.6,0.7273,4,3,0,0,4,0,0
Scholl_JACKSON_c04,Scholl_JACKSON,Scholl,11,11.0,c04,4,mid,low,mid,high,4042,published_results/extra_remaining_instances_2026-06-10/solutions/Scholl_JACKSON_c04/pareto_front.csv,7,6,103.0,11.100000000000001,4,2,3,True,11.1,11.1,0.0,0,5060,0.87,11.0,0.1,0.9394,4,2,0,0,5,0,0
Scholl_JACKSON_c04,Scholl_JACKSON,Scholl,11,11.0,c04,4,mid,low,mid,high,4042,published_results/extra_remaining_instances_2026-06-10/solutions/Scholl_JACKSON_c04/pareto_front.csv,8,7,99.0,12.150000000000002,3,2,3,True,12.15,12.15,0.0,0,3350,0.71,12.0,0.15,0.9091,0,3,0,0,8,0,0
Scholl_JACKSON_c04,Scholl_JACKSON,Scholl,11,11.0,c04,4,mid,low,mid,high,4042,published_results/extra_remaining_instances_2026-06-10/solutions/Scholl_JACKSON_c04/pareto_front.csv,9,8,94.0,16.7,7,1,6,True,16.7,16.7,0.0,373,47811,1.23,16.0,0.7,0.7879,4,7,0,0,0,0,0
Scholl_JACKSON_c04,Scholl_JACKSON,Scholl,11,11.0,c04,4,mid,low,mid,high,4042,published_results/extra_remaining_instances_2026-06-10/solutions/Scholl_JACKSON_c04/pareto_front.csv,10,9,90.0,16.799999999999997,6,1,6,True,16.8,16.8,0.0,440,39806,1.06,16.0,0.8,0.7576,0,7,0,0,4,0,0
Scholl_JACKSON_c04,Scholl_JACKSON,Scholl,11,11.0,c04,4,mid,low,mid,high,4042,published_results/extra_remaining_instances_2026-06-10/solutions/Scholl_JACKSON_c04/pareto_front.csv,11,10,81.0,17.4,5,1,5,True,17.4,17.4,0.0,0,2012,0.63,17.0,0.4,0.8545,0,6,0,0,5,0,0
Scholl_JACKSON_c04,Scholl_JACKSON,Scholl,11,11.0,c04,4,mid,low,mid,high,4042,published_results/extra_remaining_instances_2026-06-10/solutions/Scholl_JACKSON_c04/pareto_front.csv,12,11,72.0,23.950000000000003,8,0,8,True,23.95,23.95,0.0,0,1177,0.29,23.0,0.95,0.7841,0,11,0,0,0,0,0
Scholl_JACKSON_c05,Scholl_JACKSON,Scholl,11,11.0,c05,5,mid,mid,high,low,5042,published_results/extra_remaining_instances_2026-06-10/solutions/Scholl_JACKSON_c05/pareto_front.csv,1,0,200.0,0.0,5,5,0,True,200.0,200.0,0.0,0,125,0.01,0.0,0.0,,11,0,0,0,0,0,0
Scholl_JACKSON_c05,Scholl_JACKSON,Scholl,11,11.0,c05,5,mid,mid,high,low,5042,published_results/extra_remaining_instances_2026-06-10/solutions/Scholl_JACKSON_c05/pareto_front.csv,2,1,169.0,2.2,5,4,1,True,2.2,2.2,0.0,797,28036,0.6,2.0,0.2,0.6364,10,1,0,0,0,0,0
Scholl_JACKSON_c05,Scholl_JACKSON,Scholl,11,11.0,c05,5,mid,mid,high,low,5042,published_results/extra_remaining_instances_2026-06-10/solutions/Scholl_JACKSON_c05/pareto_front.csv,3,2,165.0,3.0,4,4,1,True,3.0,3.0,0.0,302,16642,0.52,3.0,0.0,1.0,8,0,0,0,3,0,0
Scholl_JACKSON_c05,Scholl_JACKSON,Scholl,11,11.0,c05,5,mid,mid,high,low,5042,published_results/extra_remaining_instances_2026-06-10/solutions/Scholl_JACKSON_c05/pareto_front.csv,4,3,147.0,6.6000000000000005,6,3,3,True,6.6,6.6,0.0,4272,131940,1.5,6.0,0.6,0.6364,8,3,0,0,0,0,0
Scholl_JACKSON_c05,Scholl_JACKSON,Scholl,11,11.0,c05,5,mid,mid,high,low,5042,published_results/extra_remaining_instances_2026-06-10/solutions/Scholl_JACKSON_c05/pareto_front.csv,5,4,134.0,7.05,4,3,2,True,7.05,7.05,0.0,3231,130330,1.68,7.0,0.05,0.9545,6,1,0,0,4,0,0
Scholl_JACKSON_c05,Scholl_JACKSON,Scholl,11,11.0,c05,5,mid,mid,high,low,5042,published_results/extra_remaining_instances_2026-06-10/solutions/Scholl_JACKSON_c05/pareto_front.csv,6,5,116.0,11.35,6,2,4,True,11.35,11.35,0.0,5737,181593,2.48,11.0,0.35,0.8409,6,5,0,0,0,0,0
Scholl_JACKSON_c05,Scholl_JACKSON,Scholl,11,11.0,c05,5,mid,mid,high,low,5042,published_results/extra_remaining_instances_2026-06-10/solutions/Scholl_JACKSON_c05/pareto_front.csv,7,6,112.0,12.15,5,2,4,True,12.15,12.15,0.0,1596,78118,1.72,12.0,0.15,0.9318,4,4,0,0,3,0,0
Scholl_JACKSON_c05,Scholl_JACKSON,Scholl,11,11.0,c05,5,mid,mid,high,low,5042,published_results/extra_remaining_instances_2026-06-10/solutions/Scholl_JACKSON_c05/pareto_front.csv,8,7,94.0,17.55,7,1,6,True,17.55,17.55,0.0,1861,96135,1.89,17.0,0.55,0.8333,4,7,0,0,0,0,0
Scholl_JACKSON_c05,Scholl_JACKSON,Scholl,11,11.0,c05,5,mid,mid,high,low,5042,published_results/extra_remaining_instances_2026-06-10/solutions/Scholl_JACKSON_c05/pareto_front.csv,9,8,90.0,19.35,6,1,6,True,19.35,19.35,0.0,672,33350,1.08,19.0,0.35,0.8939,0,8,0,0,3,0,0
Scholl_JACKSON_c05,Scholl_JACKSON,Scholl,11,11.0,c05,5,mid,mid,high,low,5042,published_results/extra_remaining_instances_2026-06-10/solutions/Scholl_JACKSON_c05/pareto_front.csv,10,9,72.0,24.75,8,0,8,True,24.75,24.75,0.0,0,2430,0.52,24.0,0.75,0.8295,0,11,0,0,0,0,0
Scholl_JACKSON_c06,Scholl_JACKSON,Scholl,11,11.0,c06,6,mid,high,low,mid,6042,published_results/extra_remaining_instances_2026-06-10/solutions/Scholl_JACKSON_c06/pareto_front.csv,1,0,200.0,0.0,5,5,0,True,200.0,200.0,0.0,0,125,0.02,0.0,0.0,,11,0,0,0,0,0,0
Scholl_JACKSON_c06,Scholl_JACKSON,Scholl,11,11.0,c06,6,mid,high,low,mid,6042,published_results/extra_remaining_instances_2026-06-10/solutions/Scholl_JACKSON_c06/pareto_front.csv,2,1,169.0,2.2,5,4,1,True,2.2,2.2,0.0,632,21450,0.5,2.0,0.2,0.6364,10,1,0,0,0,0,0
Scholl_JACKSON_c06,Scholl_JACKSON,Scholl,11,11.0,c06,6,mid,high,low,mid,6042,published_results/extra_remaining_instances_2026-06-10/solutions/Scholl_JACKSON_c06/pareto_front.csv,3,2,147.0,6.65,6,3,3,True,6.65,6.65,0.0,5018,144461,1.57,6.0,0.65,0.6061,8,3,0,0,0,0,0
Scholl_JACKSON_c06,Scholl_JACKSON,Scholl,11,11.0,c06,6,mid,high,low,mid,6042,published_results/extra_remaining_instances_2026-06-10/solutions/Scholl_JACKSON_c06/pareto_front.csv,4,3,138.0,8.0,5,3,2,True,8.0,8.0,0.0,4738,104242,1.16,8.0,0.0,1.0,8,3,0,0,0,0,0
Scholl_JACKSON_c06,Scholl_JACKSON,Scholl,11,11.0,c06,6,mid,high,low,mid,6042,published_results/extra_remaining_instances_2026-06-10/solutions/Scholl_JACKSON_c06/pareto_front.csv,5,4,116.0,11.400000000000002,6,2,4,True,11.4,11.4,0.0,10488,308842,4.98,11.0,0.4,0.8182,5,6,0,0,0,0,0
Scholl_JACKSON_c06,Scholl_JACKSON,Scholl,11,11.0,c06,6,mid,high,low,mid,6042,published_results/extra_remaining_instances_2026-06-10/solutions/Scholl_JACKSON_c06/pareto_front.csv,6,5,94.0,17.650000000000002,7,1,6,True,17.65,17.65,0.0,2680,112780,1.74,17.0,0.65,0.803,3,8,0,0,0,0,0
Scholl_JACKSON_c06,Scholl_JACKSON,Scholl,11,11.0,c06,6,mid,high,low,mid,6042,published_results/extra_remaining_instances_2026-06-10/solutions/Scholl_JACKSON_c06/pareto_front.csv,7,6,72.0,24.900000000000002,8,0,8,True,24.9,24.9,0.0,139,14674,0.78,24.0,0.9,0.7955,0,11,0,0,0,0,0
Scholl_JACKSON_c07,Scholl_JACKSON,Scholl,11,11.0,c07,7,high,low,high,mid,7042,published_results/extra_remaining_instances_2026-06-10/solutions/Scholl_JACKSON_c07/pareto_front.csv,1,0,200.0,0.0,5,5,0,True,200.0,200.0,0.0,0,125,0.01,0.0,0.0,,11,0,0,0,0,0,0
Scholl_JACKSON_c07,Scholl_JACKSON,Scholl,11,11.0,c07,7,high,low,high,mid,7042,published_results/extra_remaining_instances_2026-06-10/solutions/Scholl_JACKSON_c07/pareto_front.csv,2,1,169.0,2.15,5,4,1,True,2.15,2.15,0.0,361,11832,0.39,2.0,0.15,0.7273,10,1,0,0,0,0,0
Scholl_JACKSON_c07,Scholl_JACKSON,Scholl,11,11.0,c07,7,high,low,high,mid,7042,published_results/extra_remaining_instances_2026-06-10/solutions/Scholl_JACKSON_c07/pareto_front.csv,3,2,165.0,3.15,4,4,1,True,3.15,3.15,0.0,138,7500,0.36,3.0,0.15,0.7273,8,0,0,0,3,0,0
Scholl_JACKSON_c07,Scholl_JACKSON,Scholl,11,11.0,c07,7,high,low,high,mid,7042,published_results/extra_remaining_instances_2026-06-10/solutions/Scholl_JACKSON_c07/pareto_front.csv,4,3,125.0,5.0,3,3,1,True,5.0,5.0,0.0,752,38820,0.58,5.0,0.0,1.0,6,0,0,0,5,0,0
Scholl_JACKSON_c07,Scholl_JACKSON,Scholl,11,11.0,c07,7,high,low,high,mid,7042,published_results/extra_remaining_instances_2026-06-10/solutions/Scholl_JACKSON_c07/pareto_front.csv,5,4,90.0,11.0,2,2,2,True,11.0,11.0,0.0,232,8283,0.3,11.0,0.0,1.0,0,0,0,0,11,0,0
Scholl_JACKSON_c08,Scholl_JACKSON,Scholl,11,11.0,c08,8,high,mid,low,high,8042,published_results/extra_remaining_instances_2026-06-10/solutions/Scholl_JACKSON_c08/pareto_front.csv,1,0,200.0,0.0,5,5,0,True,200.0,200.0,0.0,0,125,0.02,0.0,0.0,,11,0,0,0,0,0,0
Scholl_JACKSON_c08,Scholl_JACKSON,Scholl,11,11.0,c08,8,high,mid,low,high,8042,published_results/extra_remaining_instances_2026-06-10/solutions/Scholl_JACKSON_c08/pareto_front.csv,2,1,165.0,3.0,4,4,1,True,3.0,3.0,0.0,1177,44758,0.55,3.0,0.0,1.0,8,0,0,0,3,0,0
Scholl_JACKSON_c08,Scholl_JACKSON,Scholl,11,11.0,c08,8,high,mid,low,high,8042,published_results/extra_remaining_instances_2026-06-10/solutions/Scholl_JACKSON_c08/pareto_front.csv,3,2,139.0,9.05,4,3,3,True,9.05,9.05,0.0,1254,41347,0.59,9.0,0.05,0.9697,4,1,0,0,6,0,0
Scholl_JACKSON_c08,Scholl_JACKSON,Scholl,11,11.0,c08,8,high,mid,low,high,8042,published_results/extra_remaining_instances_2026-06-10/solutions/Scholl_JACKSON_c08/pareto_front.csv,4,3,130.0,17.600000000000005,7,2,6,True,17.6,17.6,0.0,346,19937,0.49,17.0,0.6,0.8182,2,6,0,0,3,0,0
Scholl_JACKSON_c08,Scholl_JACKSON,Scholl,11,11.0,c08,8,high,mid,low,high,8042,published_results/extra_remaining_instances_2026-06-10/solutions/Scholl_JACKSON_c08/pareto_front.csv,5,4,126.0,18.350000000000005,6,2,6,True,18.35,18.35,0.0,0,247,0.25,18.0,0.35,0.8939,0,5,0,0,6,0,0
Scholl_JACKSON_c09,Scholl_JACKSON,Scholl,11,11.0,c09,9,high,high,mid,low,9042,published_results/extra_remaining_instances_2026-06-10/solutions/Scholl_JACKSON_c09/pareto_front.csv,1,0,200.0,0.0,5,5,0,True,200.0,200.0,0.0,0,125,0.01,0.0,0.0,,11,0,0,0,0,0,0
Scholl_JACKSON_c09,Scholl_JACKSON,Scholl,11,11.0,c09,9,high,high,mid,low,9042,published_results/extra_remaining_instances_2026-06-10/solutions/Scholl_JACKSON_c09/pareto_front.csv,2,1,169.0,3.0,5,4,1,True,3.0,3.0,0.0,937,38559,0.52,3.0,0.0,1.0,10,1,0,0,0,0,0
Scholl_JACKSON_c09,Scholl_JACKSON,Scholl,11,11.0,c09,9,high,high,mid,low,9042,published_results/extra_remaining_instances_2026-06-10/solutions/Scholl_JACKSON_c09/pareto_front.csv,3,2,147.0,10.05,6,3,3,True,10.05,10.05,0.0,2020,72154,0.92,10.0,0.05,0.9697,8,3,0,0,0,0,0
Scholl_LUTZ1_c01,Scholl_LUTZ1,Scholl,32,1894.0,c01,1,low,low,low,low,1042,published_results/extra_remaining_instances_2026-06-10/solutions/Scholl_LUTZ1_c01/pareto_front.csv,1,0,320.0,0.0,8,8,0,True,320.0,320.0,0.0,32,6833,9.46,0.0,0.0,,32,0,0,0,0,0,0
Scholl_LUTZ1_c01,Scholl_LUTZ1,Scholl,32,1894.0,c01,1,low,low,low,low,1042,published_results/extra_remaining_instances_2026-06-10/solutions/Scholl_LUTZ1_c01/pareto_front.csv,2,1,285.0,214.8,7,7,1,False,0.0,214.8,100.0,6549,2089069,301.03,182.0,32.8,0.6536,25,0,0,0,7,0,0
Scholl_LUTZ1_c01,Scholl_LUTZ1,Scholl,32,1894.0,c01,1,low,low,low,low,1042,published_results/extra_remaining_instances_2026-06-10/solutions/Scholl_LUTZ1_c01/pareto_front.csv,3,2,254.0,480.7,7,6,2,False,0.0,480.7,100.0,3902,1255991,301.04,409.0,71.7,0.6214,21,2,0,0,9,0,0
Scholl_LUTZ1_c01,Scholl_LUTZ1,Scholl,32,1894.0,c01,1,low,low,low,low,1042,published_results/extra_remaining_instances_2026-06-10/solutions/Scholl_LUTZ1_c01/pareto_front.csv,4,3,135.0,829.45,3,3,3,False,1.0529027859,829.45,99.8731,3697,1183271,301.0,813.0,16.45,0.9421,0,0,0,0,32,0,0
Scholl_LUTZ1_c01,Scholl_LUTZ1,Scholl,32,1894.0,c01,1,low,low,low,low,1042,published_results/extra_remaining_instances_2026-06-10/solutions/Scholl_LUTZ1_c01/pareto_front.csv,5,4,117.0,1711.4,5,2,5,False,104.94559909,1711.4,93.8679,5645,2009426,301.02,1630.0,81.4,0.8281,0,11,0,0,21,0,0
Scholl_LUTZ1_c01,Scholl_LUTZ1,Scholl,32,1894.0,c01,1,low,low,low,low,1042,published_results/extra_remaining_instances_2026-06-10/solutions/Scholl_LUTZ1_c01/pareto_front.csv,6,5,90.0,2548.5,6,1,6,False,1181.8637683,2548.5,53.6251,23753,5566276,301.0,2506.0,42.5,0.9252,0,18,0,0,14,0,0
Scholl_LUTZ1_c01,Scholl_LUTZ1,Scholl,32,1894.0,c01,1,low,low,low,low,1042,published_results/extra_remaining_instances_2026-06-10/solutions/Scholl_LUTZ1_c01/pareto_front.csv,7,6,72.0,3663.15,8,0,8,True,3663.15,3663.15,0.0,1007,330764,22.98,3597.0,66.15,0.9127,0,32,0,0,0,0,0
Scholl_LUTZ1_c02,Scholl_LUTZ1,Scholl,32,1894.0,c02,2,low,mid,mid,mid,2042,published_results/extra_remaining_instances_2026-06-10/solutions/Scholl_LUTZ1_c02/pareto_front.csv,1,0,320.0,0.0,8,8,0,True,320.0,320.0,0.0,32,6833,61.51,0.0,0.0,,32,0,0,0,0,0,0
Scholl_LUTZ1_c02,Scholl_LUTZ1,Scholl,32,1894.0,c02,2,low,mid,mid,mid,2042,published_results/extra_remaining_instances_2026-06-10/solutions/Scholl_LUTZ1_c02/pareto_front.csv,2,1,289.0,378.9,8,7,1,False,0.0,378.9,100.0,4097,1146101,301.02,346.0,32.9,0.6526,29,3,0,0,0,0,0
Scholl_LUTZ1_c02,Scholl_LUTZ1,Scholl,32,1894.0,c02,2,low,mid,mid,mid,2042,published_results/extra_remaining_instances_2026-06-10/solutions/Scholl_LUTZ1_c02/pareto_front.csv,3,2,258.0,834.4499999999999,8,6,2,False,0.0,834.45,100.0,3725,1751335,301.03,789.0,45.45,0.76,25,7,0,0,0,0,0
Scholl_LUTZ1_c02,Scholl_LUTZ1,Scholl,32,1894.0,c02,2,low,mid,mid,mid,2042,published_results/extra_remaining_instances_2026-06-10/solutions/Scholl_LUTZ1_c02/pareto_front.csv,4,3,227.0,1304.6,8,5,3,False,0.0,1304.6,100.0,3553,1256005,301.13,1245.0,59.6,0.7902,24,8,0,0,0,0,0
Scholl_LUTZ1_c02,Scholl_LUTZ1,Scholl,32,1894.0,c02,2,low,mid,mid,mid,2042,published_results/extra_remaining_instances_2026-06-10/solutions/Scholl_LUTZ1_c02/pareto_front.csv,5,4,201.0,1756.75,8,4,5,False,2.094601808,1756.75,99.8808,3395,1199123,301.06,1642.0,114.75,0.7577,14,13,0,0,0,2,3
Scholl_LUTZ1_c02,Scholl_LUTZ1,Scholl,32,1894.0,c02,2,low,mid,mid,mid,2042,published_results/extra_remaining_instances_2026-06-10/solutions/Scholl_LUTZ1_c02/pareto_front.csv,6,5,196.0,1853.4,8,4,4,False,17.17002945,1853.4,99.0736,3423,1497516,300.99,1799.0,54.4,0.8564,16,16,0,0,0,0,0
Scholl_LUTZ1_c02,Scholl_LUTZ1,Scholl,32,1894.0,c02,2,low,mid,mid,mid,2042,published_results/extra_remaining_instances_2026-06-10/solutions/Scholl_LUTZ1_c02/pareto_front.csv,7,6,165.0,2237.2500000000005,8,3,5,False,66.872588706,2237.25,97.0109,3323,1067346,301.07,2168.0,69.25,0.8537,16,16,0,0,0,0,0
Scholl_LUTZ1_c02,Scholl_LUTZ1,Scholl,32,1894.0,c02,2,low,mid,mid,mid,2042,published_results/extra_remaining_instances_2026-06-10/solutions/Scholl_LUTZ1_c02/pareto_front.csv,8,7,130.0,2676.4500000000003,7,2,6,False,281.62720422,2676.45,89.4776,5133,1841026,301.02,2643.0,33.45,0.9411,4,23,0,0,0,3,2
Scholl_LUTZ1_c02,Scholl_LUTZ1,Scholl,32,1894.0,c02,2,low,mid,mid,mid,2042,published_results/extra_remaining_instances_2026-06-10/solutions/Scholl_LUTZ1_c02/pareto_front.csv,9,8,99.0,3131.7000000000003,7,1,7,True,3131.7000000000003,3131.7000000000003,0.0,27396,3941352,294.08,3087.0,44.7,0.9326,0,25,0,0,0,3,4
Scholl_LUTZ1_c02,Scholl_LUTZ1,Scholl,32,1894.0,c02,2,low,mid,mid,mid,2042,published_results/extra_remaining_instances_2026-06-10/solutions/Scholl_LUTZ1_c02/pareto_front.csv,10,9,72.0,3771.5499999999997,8,0,8,True,3771.55,3771.55,0.0,1755,820334,58.53,3698.0,73.55,0.9029,0,32,0,0,0,0,0
Scholl_LUTZ1_c03,Scholl_LUTZ1,Scholl,32,1894.0,c03,3,low,high,high,high,3042,published_results/extra_remaining_instances_2026-06-10/solutions/Scholl_LUTZ1_c03/pareto_front.csv,1,0,320.0,0.0,8,8,0,True,320.0,320.0,0.0,32,6833,0.22,0.0,0.0,,32,0,0,0,0,0,0
Scholl_LUTZ1_c03,Scholl_LUTZ1,Scholl,32,1894.0,c03,3,low,high,high,high,3042,published_results/extra_remaining_instances_2026-06-10/solutions/Scholl_LUTZ1_c03/pareto_front.csv,2,1,289.0,343.85,8,7,1,False,0.0,343.85,100.0,5255,1534135,301.05,310.0,33.85,0.6426,29,3,0,0,0,0,0
Scholl_LUTZ1_c03,Scholl_LUTZ1,Scholl,32,1894.0,c03,3,low,high,high,high,3042,published_results/extra_remaining_instances_2026-06-10/solutions/Scholl_LUTZ1_c03/pareto_front.csv,3,2,258.0,782.5500000000001,8,6,2,False,3.9437879711,782.55,99.496,3409,1321523,301.02,741.0,41.55,0.7806,23,9,0,0,0,0,0
Scholl_LUTZ1_c03,Scholl_LUTZ1,Scholl,32,1894.0,c03,3,low,high,high,high,3042,published_results/extra_remaining_instances_2026-06-10/solutions/Scholl_LUTZ1_c03/pareto_front.csv,4,3,227.0,1253.05,8,5,3,False,1.1665162192,1253.05,99.9069,3487,963920,301.03,1208.0,45.05,0.8414,17,15,0,0,0,0,0
Scholl_LUTZ1_c03,Scholl_LUTZ1,Scholl,32,1894.0,c03,3,low,high,high,high,3042,published_results/extra_remaining_instances_2026-06-10/solutions/Scholl_LUTZ1_c03/pareto_front.csv,5,4,205.0,1849.1999999999998,9,4,5,False,0.22151496567,1849.2,99.988,3354,1391138,301.02,1702.0,147.2,0.6891,14,18,0,0,0,0,0
Scholl_LUTZ1_c03,Scholl_LUTZ1,Scholl,32,1894.0,c03,3,low,high,high,high,3042,published_results/extra_remaining_instances_2026-06-10/solutions/Scholl_LUTZ1_c03/pareto_front.csv,6,5,197.0,1951.25,7,4,5,False,54.298825519,1951.25,97.2172,3738,1126675,301.04,1896.0,55.25,0.8833,9,11,0,0,0,6,6
Scholl_LUTZ1_c03,Scholl_LUTZ1,Scholl,32,1894.0,c03,3,low,high,high,high,3042,published_results/extra_remaining_instances_2026-06-10/solutions/Scholl_LUTZ1_c03/pareto_front.csv,7,6,165.0,2197.5,8,3,5,False,105.47297323,2197.5,95.2003,3236,1242299,301.09,2147.0,50.5,0.8933,10,22,0,0,0,0,0
Scholl_LUTZ1_c03,Scholl_LUTZ1,Scholl,32,1894.0,c03,3,low,high,high,high,3042,published_results/extra_remaining_instances_2026-06-10/solutions/Scholl_LUTZ1_c03/pareto_front.csv,8,7,134.0,2687.75,8,2,6,False,370.3916499,2687.75,86.2193,5595,1990857,301.1,2625.0,62.75,0.8896,6,26,0,0,0,0,0
Scholl_LUTZ1_c03,Scholl_LUTZ1,Scholl,32,1894.0,c03,3,low,high,high,high,3042,published_results/extra_remaining_instances_2026-06-10/solutions/Scholl_LUTZ1_c03/pareto_front.csv,9,8,103.0,3200.5,8,1,7,False,1045.3759051,3200.5,67.3371,5748,2236174,301.13,3138.0,62.5,0.9057,2,30,0,0,0,0,0
Scholl_LUTZ1_c03,Scholl_LUTZ1,Scholl,32,1894.0,c03,3,low,high,high,high,3042,published_results/extra_remaining_instances_2026-06-10/solutions/Scholl_LUTZ1_c03/pareto_front.csv,10,9,72.0,3711.1999999999994,8,0,8,True,3711.2,3711.2,0.0,4968,531915,28.12,3645.0,66.2,0.9126,0,32,0,0,0,0,0
Scholl_LUTZ1_c04,Scholl_LUTZ1,Scholl,32,1894.0,c04,4,mid,low,mid,high,4042,published_results/extra_remaining_instances_2026-06-10/solutions/Scholl_LUTZ1_c04/pareto_front.csv,1,0,320.0,0.0,8,8,0,True,320.0,320.0,0.0,32,6833,0.22,0.0,0.0,,32,0,0,0,0,0,0
Scholl_LUTZ1_c04,Scholl_LUTZ1,Scholl,32,1894.0,c04,4,mid,low,mid,high,4042,published_results/extra_remaining_instances_2026-06-10/solutions/Scholl_LUTZ1_c04/pareto_front.csv,2,1,285.0,244.5,7,7,1,False,0.0,244.5,100.0,4444,1631584,301.02,221.0,23.5,0.7518,23,0,0,0,9,0,0
Scholl_LUTZ1_c04,Scholl_LUTZ1,Scholl,32,1894.0,c04,4,mid,low,mid,high,4042,published_results/extra_remaining_instances_2026-06-10/solutions/Scholl_LUTZ1_c04/pareto_front.csv,3,2,245.0,271.55,6,6,1,False,95.9640625,271.55,64.6606,3679,1640156,301.12,266.0,5.55,0.9414,22,0,0,0,10,0,0
Scholl_LUTZ1_c04,Scholl_LUTZ1,Scholl,32,1894.0,c04,4,mid,low,mid,high,4042,published_results/extra_remaining_instances_2026-06-10/solutions/Scholl_LUTZ1_c04/pareto_front.csv,4,3,210.0,505.8,5,5,2,False,0.0,505.8,100.0,3973,1546822,301.07,472.0,33.8,0.8215,12,0,0,0,20,0,0
Scholl_LUTZ1_c04,Scholl_LUTZ1,Scholl,32,1894.0,c04,4,mid,low,mid,high,4042,published_results/extra_remaining_instances_2026-06-10/solutions/Scholl_LUTZ1_c04/pareto_front.csv,5,4,175.0,740.1,4,4,3,False,112.37083168,740.1,84.8168,3340,1134845,301.08,682.0,58.1,0.7955,5,0,0,0,27,0,0
Scholl_LUTZ1_c04,Scholl_LUTZ1,Scholl,32,1894.0,c04,4,mid,low,mid,high,4042,published_results/extra_remaining_instances_2026-06-10/solutions/Scholl_LUTZ1_c04/pareto_front.csv,6,5,135.0,820.25,3,3,3,False,330.98374628,820.25,59.6484,6628,2760463,301.06,799.0,21.25,0.9252,0,0,0,0,32,0,0
Scholl_LUTZ1_c04,Scholl_LUTZ1,Scholl,32,1894.0,c04,4,mid,low,mid,high,4042,published_results/extra_remaining_instances_2026-06-10/solutions/Scholl_LUTZ1_c04/pareto_front.csv,7,6,117.0,1894.15,5,2,5,True,1894.15,1894.15,0.0,2264,893918,44.13,1874.0,20.15,0.9574,0,8,0,0,24,0,0
Scholl_LUTZ1_c04,Scholl_LUTZ1,Scholl,32,1894.0,c04,4,mid,low,mid,high,4042,published_results/extra_remaining_instances_2026-06-10/solutions/Scholl_LUTZ1_c04/pareto_front.csv,8,7,108.0,3414.3,8,1,8,True,3414.3,3414.3,0.0,652,303136,20.05,3362.0,52.3,0.931,0,22,0,0,10,0,0
Scholl_LUTZ1_c05,Scholl_LUTZ1,Scholl,32,1894.0,c05,5,mid,mid,high,low,5042,published_results/extra_remaining_instances_2026-06-10/solutions/Scholl_LUTZ1_c05/pareto_front.csv,1,0,320.0,0.0,8,8,0,True,320.0,320.0,0.0,32,6833,0.22,0.0,0.0,,32,0,0,0,0,0,0
Scholl_LUTZ1_c05,Scholl_LUTZ1,Scholl,32,1894.0,c05,5,mid,mid,high,low,5042,published_results/extra_remaining_instances_2026-06-10/solutions/Scholl_LUTZ1_c05/pareto_front.csv,2,1,294.0,429.9,8,7,2,False,0.0,429.9,100.0,8327,2282336,301.03,343.0,86.9,0.5412,27,1,0,0,0,2,2
Scholl_LUTZ1_c05,Scholl_LUTZ1,Scholl,32,1894.0,c05,5,mid,mid,high,low,5042,published_results/extra_remaining_instances_2026-06-10/solutions/Scholl_LUTZ1_c05/pareto_front.csv,3,2,289.0,475.3,8,7,1,False,0.0,475.3,100.0,3773,1863078,301.03,473.0,2.3,0.9757,30,2,0,0,0,0,0
Scholl_LUTZ1_c05,Scholl_LUTZ1,Scholl,32,1894.0,c05,5,mid,mid,high,low,5042,published_results/extra_remaining_instances_2026-06-10/solutions/Scholl_LUTZ1_c05/pareto_front.csv,4,3,259.0,900.9,7,6,3,False,0.0,900.9,100.0,3654,1365931,301.02,851.0,49.9,0.8244,18,4,0,0,6,2,2
Scholl_LUTZ1_c05,Scholl_LUTZ1,Scholl,32,1894.0,c05,5,mid,mid,high,low,5042,published_results/extra_remaining_instances_2026-06-10/solutions/Scholl_LUTZ1_c05/pareto_front.csv,5,4,229.0,1387.0,6,5,5,False,19.571189346,1387.0,98.589,3264,1239669,301.04,1310.0,77.0,0.8374,2,3,0,0,20,5,2
Scholl_LUTZ1_c05,Scholl_LUTZ1,Scholl,32,1894.0,c05,5,mid,mid,high,low,5042,published_results/extra_remaining_instances_2026-06-10/solutions/Scholl_LUTZ1_c05/pareto_front.csv,6,5,206.0,2120.0500000000006,8,4,6,False,0.0,2120.05,100.0,3647,1763116,301.08,2039.0,81.05,0.8574,9,11,0,0,12,0,0
Scholl_LUTZ1_c05,Scholl_LUTZ1,Scholl,32,1894.0,c05,5,mid,mid,high,low,5042,published_results/extra_remaining_instances_2026-06-10/solutions/Scholl_LUTZ1_c05/pareto_front.csv,7,6,175.0,2866.5,8,3,7,False,109.15,2866.5,96.1922,3363,1645761,301.0,2833.0,33.5,0.9495,4,16,0,0,7,2,3
Scholl_LUTZ1_c05,Scholl_LUTZ1,Scholl,32,1894.0,c05,5,mid,mid,high,low,5042,published_results/extra_remaining_instances_2026-06-10/solutions/Scholl_LUTZ1_c05/pareto_front.csv,8,7,157.0,3694.8,10,2,9,False,234.91690252,3694.8,93.642,5215,1908490,301.03,3580.0,114.8,0.8653,2,22,0,0,8,0,0
Scholl_LUTZ1_c06,Scholl_LUTZ1,Scholl,32,1894.0,c06,6,mid,high,low,mid,6042,published_results/extra_remaining_instances_2026-06-10/solutions/Scholl_LUTZ1_c06/pareto_front.csv,1,0,320.0,0.0,8,8,0,True,320.0,320.0,0.0,32,6833,0.21,0.0,0.0,,32,0,0,0,0,0,0
Scholl_LUTZ1_c06,Scholl_LUTZ1,Scholl,32,1894.0,c06,6,mid,high,low,mid,6042,published_results/extra_remaining_instances_2026-06-10/solutions/Scholl_LUTZ1_c06/pareto_front.csv,2,1,307.0,904.4000000000001,10,7,3,False,0.0,904.4,100.0,4440,1921815,301.03,775.0,129.4,0.5445,27,5,0,0,0,0,0
Scholl_LUTZ1_c06,Scholl_LUTZ1,Scholl,32,1894.0,c06,6,mid,high,low,mid,6042,published_results/extra_remaining_instances_2026-06-10/solutions/Scholl_LUTZ1_c06/pareto_front.csv,3,2,267.0,1189.8500000000001,9,6,3,False,0.0,1189.85,100.0,3805,1794747,301.0,1115.0,74.85,0.7365,23,9,0,0,0,0,0
Scholl_LUTZ1_c06,Scholl_LUTZ1,Scholl,32,1894.0,c06,6,mid,high,low,mid,6042,published_results/extra_remaining_instances_2026-06-10/solutions/Scholl_LUTZ1_c06/pareto_front.csv,4,3,245.0,1906.6,10,5,5,False,0.0,1906.6,100.0,4253,1574363,301.04,1780.0,126.6,0.7326,20,12,0,0,0,0,0
Scholl_LUTZ1_c06,Scholl_LUTZ1,Scholl,32,1894.0,c06,6,mid,high,low,mid,6042,published_results/extra_remaining_instances_2026-06-10/solutions/Scholl_LUTZ1_c06/pareto_front.csv,5,4,210.0,2427.8999999999996,9,4,6,False,14.050480849,2427.9,99.4213,3365,1308789,301.05,2353.0,74.9,0.8682,12,16,0,0,0,2,2
Scholl_LUTZ1_c06,Scholl_LUTZ1,Scholl,32,1894.0,c06,6,mid,high,low,mid,6042,published_results/extra_remaining_instances_2026-06-10/solutions/Scholl_LUTZ1_c06/pareto_front.csv,6,5,183.0,3074.5499999999997,10,3,7,False,107.14990487,3074.55,96.5149,3514,2179955,301.01,2987.0,87.55,0.8679,13,19,0,0,0,0,0
Scholl_LUTZ1_c07,Scholl_LUTZ1,Scholl,32,1894.0,c07,7,high,low,high,mid,7042,published_results/extra_remaining_instances_2026-06-10/solutions/Scholl_LUTZ1_c07/pareto_front.csv,1,0,320.0,0.0,8,8,0,True,320.0,320.0,0.0,32,6833,0.44,0.0,0.0,,32,0,0,0,0,0,0
Scholl_LUTZ1_c07,Scholl_LUTZ1,Scholl,32,1894.0,c07,7,high,low,high,mid,7042,published_results/extra_remaining_instances_2026-06-10/solutions/Scholl_LUTZ1_c07/pareto_front.csv,2,1,285.0,214.65,7,7,1,False,0.0,214.65,100.0,4439,2720306,301.08,180.0,34.65,0.6341,27,0,0,0,5,0,0
Scholl_LUTZ1_c07,Scholl_LUTZ1,Scholl,32,1894.0,c07,7,high,low,high,mid,7042,published_results/extra_remaining_instances_2026-06-10/solutions/Scholl_LUTZ1_c07/pareto_front.csv,3,2,245.0,284.05,6,6,1,False,0.01694002314,284.05,99.994,3859,3040546,301.05,282.0,2.05,0.9784,19,0,0,0,13,0,0
Scholl_LUTZ1_c07,Scholl_LUTZ1,Scholl,32,1894.0,c07,7,high,low,high,mid,7042,published_results/extra_remaining_instances_2026-06-10/solutions/Scholl_LUTZ1_c07/pareto_front.csv,4,3,210.0,526.0,5,5,2,False,60.930743862,526.0,88.4162,3317,2320959,301.03,505.0,21.0,0.8891,13,0,0,0,19,0,0
Scholl_LUTZ1_c07,Scholl_LUTZ1,Scholl,32,1894.0,c07,7,high,low,high,mid,7042,published_results/extra_remaining_instances_2026-06-10/solutions/Scholl_LUTZ1_c07/pareto_front.csv,5,4,175.0,743.6,4,4,3,False,89.190014021,743.6,88.0056,3325,1179521,301.05,685.0,58.6,0.7937,5,0,0,0,27,0,0
Scholl_LUTZ1_c07,Scholl_LUTZ1,Scholl,32,1894.0,c07,7,high,low,high,mid,7042,published_results/extra_remaining_instances_2026-06-10/solutions/Scholl_LUTZ1_c07/pareto_front.csv,6,5,135.0,820.2,3,3,3,True,820.2,820.2,0.0,4212,1763820,158.32,800.0,20.2,0.9289,0,0,0,0,32,0,0
Scholl_LUTZ1_c08,Scholl_LUTZ1,Scholl,32,1894.0,c08,8,high,mid,low,high,8042,published_results/extra_remaining_instances_2026-06-10/solutions/Scholl_LUTZ1_c08/pareto_front.csv,1,0,320.0,0.0,8,8,0,True,320.0,320.0,0.0,32,6833,0.28,0.0,0.0,,32,0,0,0,0,0,0
Scholl_LUTZ1_c08,Scholl_LUTZ1,Scholl,32,1894.0,c08,8,high,mid,low,high,8042,published_results/extra_remaining_instances_2026-06-10/solutions/Scholl_LUTZ1_c08/pareto_front.csv,2,1,290.0,477.75,7,7,2,False,104.61547288,477.75,78.1025,10016,2990969,301.04,435.0,42.75,0.7743,24,0,0,0,8,0,0
Scholl_LUTZ1_c08,Scholl_LUTZ1,Scholl,32,1894.0,c08,8,high,mid,low,high,8042,published_results/extra_remaining_instances_2026-06-10/solutions/Scholl_LUTZ1_c08/pareto_front.csv,3,2,260.0,1087.1,6,6,4,False,94.7,1087.1,91.2887,3708,1350509,301.05,1064.0,23.1,0.939,11,0,0,0,18,2,1
Scholl_LUTZ1_c08,Scholl_LUTZ1,Scholl,32,1894.0,c08,8,high,mid,low,high,8042,published_results/extra_remaining_instances_2026-06-10/solutions/Scholl_LUTZ1_c08/pareto_front.csv,4,3,242.0,1881.0500000000002,8,5,6,False,15.909506894,1881.05,99.1542,5208,1297469,301.05,1768.0,113.05,0.801,7,6,0,0,19,0,0
Scholl_LUTZ1_c09,Scholl_LUTZ1,Scholl,32,1894.0,c09,9,high,high,mid,low,9042,published_results/extra_remaining_instances_2026-06-10/solutions/Scholl_LUTZ1_c09/pareto_front.csv,1,0,320.0,0.0,8,8,0,True,320.0,320.0,0.0,32,6833,1.51,0.0,0.0,,32,0,0,0,0,0,0
Scholl_LUTZ1_c09,Scholl_LUTZ1,Scholl,32,1894.0,c09,9,high,high,mid,low,9042,published_results/extra_remaining_instances_2026-06-10/solutions/Scholl_LUTZ1_c09/pareto_front.csv,2,1,298.0,738.2,9,7,2,False,0.0,738.2,100.0,4243,1665996,301.03,687.0,51.2,0.7297,28,4,0,0,0,0,0
Scholl_LUTZ1_c09,Scholl_LUTZ1,Scholl,32,1894.0,c09,9,high,high,mid,low,9042,published_results/extra_remaining_instances_2026-06-10/solutions/Scholl_LUTZ1_c09/pareto_front.csv,3,2,282.0,1436.5000000000002,9,6,6,False,0.0,1436.5,100.0,5498,1931608,301.04,1218.0,218.5,0.6155,15,4,0,0,0,8,5
Scholl_LUTZ1_c09,Scholl_LUTZ1,Scholl,32,1894.0,c09,9,high,high,mid,low,9042,published_results/extra_remaining_instances_2026-06-10/solutions/Scholl_LUTZ1_c09/pareto_front.csv,4,3,276.0,1689.9,10,6,4,False,0.0,1689.9,100.0,4120,1489029,301.05,1632.0,57.9,0.8471,24,8,0,0,0,0,0
Scholl_ROSZIEG_c01,Scholl_ROSZIEG,Scholl,25,19.0,c01,1,low,low,low,low,1042,published_results/extra_remaining_instances_2026-06-10/solutions/Scholl_ROSZIEG_c01/pareto_front.csv,1,0,280.0,0.0,7,7,0,True,280.0,280.0,0.0,0,833,0.07,0.0,0.0,,25,0,0,0,0,0,0
Scholl_ROSZIEG_c01,Scholl_ROSZIEG,Scholl,25,19.0,c01,1,low,low,low,low,1042,published_results/extra_remaining_instances_2026-06-10/solutions/Scholl_ROSZIEG_c01/pareto_front.csv,2,1,245.0,3.0,6,6,1,False,1.55,3.0,48.3333,12006,3426386,300.53,3.0,0.0,1.0,20,0,0,0,0,3,2
Scholl_ROSZIEG_c01,Scholl_ROSZIEG,Scholl,25,19.0,c01,1,low,low,low,low,1042,published_results/extra_remaining_instances_2026-06-10/solutions/Scholl_ROSZIEG_c01/pareto_front.csv,3,2,210.0,9.15,5,5,2,False,2.4623239437,9.15,73.0894,16017,2725122,300.64,9.0,0.15,0.9211,14,0,0,0,6,3,2
Scholl_ROSZIEG_c01,Scholl_ROSZIEG,Scholl,25,19.0,c01,1,low,low,low,low,1042,published_results/extra_remaining_instances_2026-06-10/solutions/Scholl_ROSZIEG_c01/pareto_front.csv,4,3,184.0,14.75,5,4,4,False,2.6985169936,14.75,81.705,24672,3325769,300.57,14.0,0.75,0.8026,5,1,0,0,6,8,5
Scholl_ROSZIEG_c01,Scholl_ROSZIEG,Scholl,25,19.0,c01,1,low,low,low,low,1042,published_results/extra_remaining_instances_2026-06-10/solutions/Scholl_ROSZIEG_c01/pareto_front.csv,5,4,179.0,16.05,5,4,3,False,1.8956107358,16.05,88.1893,11501,2320956,300.54,16.0,0.05,0.9825,8,4,0,0,7,4,2
Scholl_ROSZIEG_c01,Scholl_ROSZIEG,Scholl,25,19.0,c01,1,low,low,low,low,1042,published_results/extra_remaining_instances_2026-06-10/solutions/Scholl_ROSZIEG_c01/pareto_front.csv,6,5,175.0,17.1,4,4,3,False,4.7666666667,17.1,72.1248,21377,3634103,300.55,17.0,0.1,0.9649,5,0,0,0,14,4,2
Scholl_ROSZIEG_c01,Scholl_ROSZIEG,Scholl,25,19.0,c01,1,low,low,low,low,1042,published_results/extra_remaining_instances_2026-06-10/solutions/Scholl_ROSZIEG_c01/pareto_front.csv,7,6,152.0,21.6,6,3,4,False,1.7705917674,21.6,91.8028,9202,3120897,300.53,21.0,0.6,0.8421,11,7,0,0,7,0,0
Scholl_ROSZIEG_c01,Scholl_ROSZIEG,Scholl,25,19.0,c01,1,low,low,low,low,1042,published_results/extra_remaining_instances_2026-06-10/solutions/Scholl_ROSZIEG_c01/pareto_front.csv,8,7,144.0,23.150000000000002,4,3,4,False,4.2346325129,23.15,81.7079,9697,2962922,300.57,23.0,0.15,0.9605,0,4,0,0,14,5,2
Scholl_ROSZIEG_c01,Scholl_ROSZIEG,Scholl,25,19.0,c01,1,low,low,low,low,1042,published_results/extra_remaining_instances_2026-06-10/solutions/Scholl_ROSZIEG_c01/pareto_front.csv,9,8,117.0,28.1,5,2,5,False,3.55,28.1,87.3665,9703,3032654,300.61,28.0,0.1,0.9789,0,11,0,0,7,5,2
Scholl_ROSZIEG_c01,Scholl_ROSZIEG,Scholl,25,19.0,c01,1,low,low,low,low,1042,published_results/extra_remaining_instances_2026-06-10/solutions/Scholl_ROSZIEG_c01/pareto_front.csv,10,9,99.0,37.65,7,1,7,True,37.65,37.65,0.0,58492,5289100,294.37,37.0,0.65,0.9023,0,18,0,0,0,5,2
Scholl_ROSZIEG_c01,Scholl_ROSZIEG,Scholl,25,19.0,c01,1,low,low,low,low,1042,published_results/extra_remaining_instances_2026-06-10/solutions/Scholl_ROSZIEG_c01/pareto_front.csv,11,10,94.0,38.099999999999994,7,1,6,True,38.1,38.1,0.0,1559,251146,15.25,38.0,0.1,0.9825,6,19,0,0,0,0,0
Scholl_ROSZIEG_c01,Scholl_ROSZIEG,Scholl,25,19.0,c01,1,low,low,low,low,1042,published_results/extra_remaining_instances_2026-06-10/solutions/Scholl_ROSZIEG_c01/pareto_front.csv,12,11,90.0,38.349999999999994,6,1,6,True,38.35,38.35,0.0,798,185066,13.04,38.0,0.35,0.9386,0,18,0,0,7,0,0
Scholl_ROSZIEG_c01,Scholl_ROSZIEG,Scholl,25,19.0,c01,1,low,low,low,low,1042,published_results/extra_remaining_instances_2026-06-10/solutions/Scholl_ROSZIEG_c01/pareto_front.csv,13,12,72.0,47.89999999999999,8,0,8,True,47.9,47.9,0.0,0,9124,7.23,47.0,0.9,0.8816,0,25,0,0,0,0,0
Scholl_ROSZIEG_c02,Scholl_ROSZIEG,Scholl,25,19.0,c02,2,low,mid,mid,mid,2042,published_results/extra_remaining_instances_2026-06-10/solutions/Scholl_ROSZIEG_c02/pareto_front.csv,1,0,280.0,0.0,7,7,0,True,280.0,280.0,0.0,0,833,0.08,0.0,0.0,,25,0,0,0,0,0,0
Scholl_ROSZIEG_c02,Scholl_ROSZIEG,Scholl,25,19.0,c02,2,low,mid,mid,mid,2042,published_results/extra_remaining_instances_2026-06-10/solutions/Scholl_ROSZIEG_c02/pareto_front.csv,2,1,258.0,5.15,8,6,2,False,1.75,5.15,66.0194,14039,3950307,300.52,4.0,1.15,0.3947,23,2,0,0,0,0,0
Scholl_ROSZIEG_c02,Scholl_ROSZIEG,Scholl,25,19.0,c02,2,low,mid,mid,mid,2042,published_results/extra_remaining_instances_2026-06-10/solutions/Scholl_ROSZIEG_c02/pareto_front.csv,3,2,249.0,5.2,7,6,1,False,1.6414535898,5.2,68.4336,12174,2504017,300.57,5.0,0.2,0.7895,22,3,0,0,0,0,0
Scholl_ROSZIEG_c02,Scholl_ROSZIEG,Scholl,25,19.0,c02,2,low,mid,mid,mid,2042,published_results/extra_remaining_instances_2026-06-10/solutions/Scholl_ROSZIEG_c02/pareto_front.csv,4,3,227.0,11.15,8,5,3,False,0.95,11.15,91.4798,6965,3337879,300.56,10.0,1.15,0.5965,20,5,0,0,0,0,0
Scholl_ROSZIEG_c02,Scholl_ROSZIEG,Scholl,25,19.0,c02,2,low,mid,mid,mid,2042,published_results/extra_remaining_instances_2026-06-10/solutions/Scholl_ROSZIEG_c02/pareto_front.csv,5,4,218.0,12.100000000000001,7,5,2,False,0.95,12.1,92.1488,10559,2332899,300.56,12.0,0.1,0.9474,19,6,0,0,0,0,0
Scholl_ROSZIEG_c02,Scholl_ROSZIEG,Scholl,25,19.0,c02,2,low,mid,mid,mid,2042,published_results/extra_remaining_instances_2026-06-10/solutions/Scholl_ROSZIEG_c02/pareto_front.csv,6,5,187.0,17.25,7,4,3,False,1.4457521655,17.25,91.6188,5176,2596864,300.52,17.0,0.25,0.9123,16,9,0,0,0,0,0
Scholl_ROSZIEG_c02,Scholl_ROSZIEG,Scholl,25,19.0,c02,2,low,mid,mid,mid,2042,published_results/extra_remaining_instances_2026-06-10/solutions/Scholl_ROSZIEG_c02/pareto_front.csv,7,6,165.0,24.099999999999998,8,3,5,False,3.4176726295,24.1,85.8188,10643,3565245,300.52,23.0,1.1,0.7684,13,12,0,0,0,0,0
Scholl_ROSZIEG_c02,Scholl_ROSZIEG,Scholl,25,19.0,c02,2,low,mid,mid,mid,2042,published_results/extra_remaining_instances_2026-06-10/solutions/Scholl_ROSZIEG_c02/pareto_front.csv,8,7,156.0,24.200000000000003,7,3,4,False,1.9480238118,24.2,91.9503,7523,2351439,300.54,24.0,0.2,0.9474,14,11,0,0,0,0,0
Scholl_ROSZIEG_c02,Scholl_ROSZIEG,Scholl,25,19.0,c02,2,low,mid,mid,mid,2042,published_results/extra_remaining_instances_2026-06-10/solutions/Scholl_ROSZIEG_c02/pareto_front.csv,9,8,125.0,30.200000000000003,7,2,5,True,30.2,30.2,0.0,39151,3403356,246.47,30.0,0.2,0.9579,11,14,0,0,0,0,0
Scholl_ROSZIEG_c02,Scholl_ROSZIEG,Scholl,25,19.0,c02,2,low,mid,mid,mid,2042,published_results/extra_remaining_instances_2026-06-10/solutions/Scholl_ROSZIEG_c02/pareto_front.csv,10,9,103.0,39.0,8,1,7,True,39.0,39.0,0.0,25897,2580988,177.7,38.0,1.0,0.8496,7,18,0,0,0,0,0
Scholl_ROSZIEG_c02,Scholl_ROSZIEG,Scholl,25,19.0,c02,2,low,mid,mid,mid,2042,published_results/extra_remaining_instances_2026-06-10/solutions/Scholl_ROSZIEG_c02/pareto_front.csv,11,10,94.0,39.099999999999994,7,1,6,True,39.1,39.1,0.0,4350,235924,18.09,39.0,0.1,0.9825,5,20,0,0,0,0,0
Scholl_ROSZIEG_c02,Scholl_ROSZIEG,Scholl,25,19.0,c02,2,low,mid,mid,mid,2042,published_results/extra_remaining_instances_2026-06-10/solutions/Scholl_ROSZIEG_c02/pareto_front.csv,12,11,72.0,49.849999999999994,8,0,8,True,49.85,49.85,0.0,607,191406,14.75,49.0,0.85,0.8882,0,25,0,0,0,0,0
Scholl_ROSZIEG_c03,Scholl_ROSZIEG,Scholl,25,19.0,c03,3,low,high,high,high,3042,published_results/extra_remaining_instances_2026-06-10/solutions/Scholl_ROSZIEG_c03/pareto_front.csv,1,0,280.0,0.0,7,7,0,True,280.0,280.0,0.0,0,833,0.08,0.0,0.0,,25,0,0,0,0,0,0
Scholl_ROSZIEG_c03,Scholl_ROSZIEG,Scholl,25,19.0,c03,3,low,high,high,high,3042,published_results/extra_remaining_instances_2026-06-10/solutions/Scholl_ROSZIEG_c03/pareto_front.csv,2,1,249.0,5.1,7,6,1,False,1.75,5.1,65.6863,8402,2821880,300.56,5.0,0.1,0.8947,22,3,0,0,0,0,0
Scholl_ROSZIEG_c03,Scholl_ROSZIEG,Scholl,25,19.0,c03,3,low,high,high,high,3042,published_results/extra_remaining_instances_2026-06-10/solutions/Scholl_ROSZIEG_c03/pareto_front.csv,3,2,218.0,9.299999999999999,7,5,2,False,1.75,9.3,81.1828,11601,2461200,300.59,9.0,0.3,0.8421,20,5,0,0,0,0,0
Scholl_ROSZIEG_c03,Scholl_ROSZIEG,Scholl,25,19.0,c03,3,low,high,high,high,3042,published_results/extra_remaining_instances_2026-06-10/solutions/Scholl_ROSZIEG_c03/pareto_front.csv,4,3,187.0,16.3,7,4,3,False,4.788383054,16.3,70.6234,12462,2794139,300.58,16.0,0.3,0.8947,17,8,0,0,0,0,0
Scholl_ROSZIEG_c03,Scholl_ROSZIEG,Scholl,25,19.0,c03,3,low,high,high,high,3042,published_results/extra_remaining_instances_2026-06-10/solutions/Scholl_ROSZIEG_c03/pareto_front.csv,5,4,165.0,23.15,8,3,5,False,4.0448449428,23.15,82.5277,12242,3485577,300.58,22.0,1.15,0.7579,14,11,0,0,0,0,0
Scholl_ROSZIEG_c03,Scholl_ROSZIEG,Scholl,25,19.0,c03,3,low,high,high,high,3042,published_results/extra_remaining_instances_2026-06-10/solutions/Scholl_ROSZIEG_c03/pareto_front.csv,6,5,156.0,23.250000000000004,7,3,4,False,6.983173866,23.25,69.9648,14493,4111692,300.54,23.0,0.25,0.9342,14,11,0,0,0,0,0
Scholl_ROSZIEG_c03,Scholl_ROSZIEG,Scholl,25,19.0,c03,3,low,high,high,high,3042,published_results/extra_remaining_instances_2026-06-10/solutions/Scholl_ROSZIEG_c03/pareto_front.csv,7,6,125.0,30.3,7,2,5,False,3.6557160978,30.3,87.9349,8601,2654729,300.55,30.0,0.3,0.9368,10,15,0,0,0,0,0
Scholl_ROSZIEG_c03,Scholl_ROSZIEG,Scholl,25,19.0,c03,3,low,high,high,high,3042,published_results/extra_remaining_instances_2026-06-10/solutions/Scholl_ROSZIEG_c03/pareto_front.csv,8,7,103.0,39.05,8,1,7,True,39.05,39.05,0.0,51724,2943150,255.6,38.0,1.05,0.8421,6,19,0,0,0,0,0
Scholl_ROSZIEG_c03,Scholl_ROSZIEG,Scholl,25,19.0,c03,3,low,high,high,high,3042,published_results/extra_remaining_instances_2026-06-10/solutions/Scholl_ROSZIEG_c03/pareto_front.csv,9,8,94.0,39.1,7,1,6,True,39.1,39.1,0.0,20855,1352042,65.4,39.0,0.1,0.9825,4,21,0,0,0,0,0
Scholl_ROSZIEG_c03,Scholl_ROSZIEG,Scholl,25,19.0,c03,3,low,high,high,high,3042,published_results/extra_remaining_instances_2026-06-10/solutions/Scholl_ROSZIEG_c03/pareto_front.csv,10,9,72.0,48.949999999999996,8,0,8,True,48.95,48.95,0.0,0,11236,8.16,48.0,0.95,0.875,0,25,0,0,0,0,0
Scholl_ROSZIEG_c04,Scholl_ROSZIEG,Scholl,25,19.0,c04,4,mid,low,mid,high,4042,published_results/extra_remaining_instances_2026-06-10/solutions/Scholl_ROSZIEG_c04/pareto_front.csv,1,0,280.0,0.0,7,7,0,True,280.0,280.0,0.0,0,833,0.08,0.0,0.0,,25,0,0,0,0,0,0
Scholl_ROSZIEG_c04,Scholl_ROSZIEG,Scholl,25,19.0,c04,4,mid,low,mid,high,4042,published_results/extra_remaining_instances_2026-06-10/solutions/Scholl_ROSZIEG_c04/pareto_front.csv,2,1,245.0,5.15,6,6,1,False,3.378125,5.15,34.4053,16965,3617738,300.57,5.0,0.15,0.8421,20,0,0,0,5,0,0
Scholl_ROSZIEG_c04,Scholl_ROSZIEG,Scholl,25,19.0,c04,4,mid,low,mid,high,4042,published_results/extra_remaining_instances_2026-06-10/solutions/Scholl_ROSZIEG_c04/pareto_front.csv,3,2,214.0,9.4,6,5,2,False,1.75,9.4,81.383,10376,2858471,300.53,9.0,0.4,0.7895,17,2,0,0,6,0,0
Scholl_ROSZIEG_c04,Scholl_ROSZIEG,Scholl,25,19.0,c04,4,mid,low,mid,high,4042,published_results/extra_remaining_instances_2026-06-10/solutions/Scholl_ROSZIEG_c04/pareto_front.csv,4,3,210.0,11.200000000000001,5,5,2,False,3.7675126994,11.2,66.3615,11321,3731314,300.53,11.0,0.2,0.8947,14,0,0,0,11,0,0
Scholl_ROSZIEG_c04,Scholl_ROSZIEG,Scholl,25,19.0,c04,4,mid,low,mid,high,4042,published_results/extra_remaining_instances_2026-06-10/solutions/Scholl_ROSZIEG_c04/pareto_front.csv,5,4,179.0,15.450000000000001,5,4,3,False,1.6,15.45,89.644,8615,2587332,300.54,15.0,0.45,0.8421,11,2,0,0,12,0,0
Scholl_ROSZIEG_c04,Scholl_ROSZIEG,Scholl,25,19.0,c04,4,mid,low,mid,high,4042,published_results/extra_remaining_instances_2026-06-10/solutions/Scholl_ROSZIEG_c04/pareto_front.csv,6,5,175.0,20.2,4,4,3,False,3.9817698699,20.2,80.2883,8419,2745807,300.55,20.0,0.2,0.9298,5,0,0,0,20,0,0
Scholl_ROSZIEG_c04,Scholl_ROSZIEG,Scholl,25,19.0,c04,4,mid,low,mid,high,4042,published_results/extra_remaining_instances_2026-06-10/solutions/Scholl_ROSZIEG_c04/pareto_front.csv,7,6,148.0,23.3,5,3,4,False,4.9230140626,23.3,78.8712,8714,3032707,300.53,23.0,0.3,0.9211,7,4,0,0,14,0,0
Scholl_ROSZIEG_c04,Scholl_ROSZIEG,Scholl,25,19.0,c04,4,mid,low,mid,high,4042,published_results/extra_remaining_instances_2026-06-10/solutions/Scholl_ROSZIEG_c04/pareto_front.csv,8,7,144.0,26.45,4,3,4,True,26.45,26.45,0.0,3357,902108,36.19,26.0,0.45,0.8816,0,2,0,0,23,0,0
Scholl_ROSZIEG_c04,Scholl_ROSZIEG,Scholl,25,19.0,c04,4,mid,low,mid,high,4042,published_results/extra_remaining_instances_2026-06-10/solutions/Scholl_ROSZIEG_c04/pareto_front.csv,9,8,126.0,35.55,6,2,6,True,35.55,35.55,0.0,3744,1064201,41.3,35.0,0.55,0.9035,0,12,0,0,13,0,0
Scholl_ROSZIEG_c04,Scholl_ROSZIEG,Scholl,25,19.0,c04,4,mid,low,mid,high,4042,published_results/extra_remaining_instances_2026-06-10/solutions/Scholl_ROSZIEG_c04/pareto_front.csv,10,9,117.0,49.25,9,1,9,True,49.25,49.25,0.0,672,212851,8.79,48.0,1.25,0.8538,0,18,0,0,7,0,0
Scholl_ROSZIEG_c05,Scholl_ROSZIEG,Scholl,25,19.0,c05,5,mid,mid,high,low,5042,published_results/extra_remaining_instances_2026-06-10/solutions/Scholl_ROSZIEG_c05/pareto_front.csv,1,0,280.0,0.0,7,7,0,True,280.0,280.0,0.0,0,833,0.08,0.0,0.0,,25,0,0,0,0,0,0
Scholl_ROSZIEG_c05,Scholl_ROSZIEG,Scholl,25,19.0,c05,5,mid,mid,high,low,5042,published_results/extra_remaining_instances_2026-06-10/solutions/Scholl_ROSZIEG_c05/pareto_front.csv,2,1,254.0,7.2,7,6,2,False,1.0428571429,7.2,85.5159,8748,3391089,300.55,7.0,0.2,0.8947,18,2,0,0,0,3,2
Scholl_ROSZIEG_c05,Scholl_ROSZIEG,Scholl,25,19.0,c05,5,mid,mid,high,low,5042,published_results/extra_remaining_instances_2026-06-10/solutions/Scholl_ROSZIEG_c05/pareto_front.csv,3,2,250.0,9.2,6,6,2,False,1.55,9.2,83.1522,7514,2273390,300.54,9.0,0.2,0.8947,17,0,0,0,8,0,0
Scholl_ROSZIEG_c05,Scholl_ROSZIEG,Scholl,25,19.0,c05,5,mid,mid,high,low,5042,published_results/extra_remaining_instances_2026-06-10/solutions/Scholl_ROSZIEG_c05/pareto_front.csv,4,3,232.0,14.900000000000002,8,5,4,False,1.1176150451,14.9,92.4992,10985,2066918,300.54,14.0,0.9,0.7632,16,5,0,0,0,3,1
Scholl_ROSZIEG_c05,Scholl_ROSZIEG,Scholl,25,19.0,c05,5,mid,mid,high,low,5042,published_results/extra_remaining_instances_2026-06-10/solutions/Scholl_ROSZIEG_c05/pareto_front.csv,5,4,227.0,15.2,8,5,3,False,1.4803219817,15.2,90.261,8562,2749853,300.53,15.0,0.2,0.9298,20,5,0,0,0,0,0
Scholl_ROSZIEG_c05,Scholl_ROSZIEG,Scholl,25,19.0,c05,5,mid,mid,high,low,5042,published_results/extra_remaining_instances_2026-06-10/solutions/Scholl_ROSZIEG_c05/pareto_front.csv,6,5,223.0,16.05,7,5,3,False,1.0,16.05,93.7695,8732,2419253,300.52,16.0,0.05,0.9825,16,4,0,0,5,0,0
Scholl_ROSZIEG_c05,Scholl_ROSZIEG,Scholl,25,19.0,c05,5,mid,mid,high,low,5042,published_results/extra_remaining_instances_2026-06-10/solutions/Scholl_ROSZIEG_c05/pareto_front.csv,7,6,205.0,24.05,9,4,5,False,2.5,24.05,89.605,14558,3339550,300.53,23.0,1.05,0.7789,16,9,0,0,0,0,0
Scholl_ROSZIEG_c05,Scholl_ROSZIEG,Scholl,25,19.0,c05,5,mid,mid,high,low,5042,published_results/extra_remaining_instances_2026-06-10/solutions/Scholl_ROSZIEG_c05/pareto_front.csv,8,7,201.0,24.65,8,4,5,False,2.3651229638,24.65,90.4052,7537,3272595,300.53,24.0,0.65,0.8632,13,8,0,0,4,0,0
Scholl_ROSZIEG_c05,Scholl_ROSZIEG,Scholl,25,19.0,c05,5,mid,mid,high,low,5042,published_results/extra_remaining_instances_2026-06-10/solutions/Scholl_ROSZIEG_c05/pareto_front.csv,9,8,197.0,25.05,7,4,5,False,4.523603218,25.05,81.9417,15971,4055111,300.53,25.0,0.05,0.9895,9,7,0,0,4,2,3
Scholl_ROSZIEG_c05,Scholl_ROSZIEG,Scholl,25,19.0,c05,5,mid,mid,high,low,5042,published_results/extra_remaining_instances_2026-06-10/solutions/Scholl_ROSZIEG_c05/pareto_front.csv,10,9,174.0,34.3,9,3,6,False,7.1322511246,34.3,79.2063,11687,3073279,300.55,34.0,0.3,0.9474,11,14,0,0,0,0,0
Scholl_ROSZIEG_c05,Scholl_ROSZIEG,Scholl,25,19.0,c05,5,mid,mid,high,low,5042,published_results/extra_remaining_instances_2026-06-10/solutions/Scholl_ROSZIEG_c05/pareto_front.csv,11,10,170.0,35.099999999999994,8,3,6,False,6.3,35.1,82.0513,12218,4033815,300.53,35.0,0.1,0.9825,9,11,0,0,5,0,0
Scholl_ROSZIEG_c05,Scholl_ROSZIEG,Scholl,25,19.0,c05,5,mid,mid,high,low,5042,published_results/extra_remaining_instances_2026-06-10/solutions/Scholl_ROSZIEG_c05/pareto_front.csv,12,11,152.0,40.949999999999996,10,2,8,False,14.25903104,40.95,65.1794,15040,4534973,300.52,40.0,0.95,0.875,9,16,0,0,0,0,0
Scholl_ROSZIEG_c05,Scholl_ROSZIEG,Scholl,25,19.0,c05,5,mid,mid,high,low,5042,published_results/extra_remaining_instances_2026-06-10/solutions/Scholl_ROSZIEG_c05/pareto_front.csv,13,12,148.0,43.54999999999999,9,2,8,False,20.343550223,43.55,53.2869,15523,3539603,300.51,43.0,0.55,0.9276,6,15,0,0,4,0,0
Scholl_ROSZIEG_c05,Scholl_ROSZIEG,Scholl,25,19.0,c05,5,mid,mid,high,low,5042,published_results/extra_remaining_instances_2026-06-10/solutions/Scholl_ROSZIEG_c05/pareto_front.csv,14,13,144.0,47.3,8,2,8,False,31.749495839,47.3,32.8763,14960,3832690,300.54,47.0,0.3,0.9605,0,16,0,0,9,0,0
Scholl_ROSZIEG_c05,Scholl_ROSZIEG,Scholl,25,19.0,c05,5,mid,mid,high,low,5042,published_results/extra_remaining_instances_2026-06-10/solutions/Scholl_ROSZIEG_c05/pareto_front.csv,15,14,130.0,50.39999999999999,11,1,10,False,36.793842199,50.4,26.9963,13797,3012772,300.55,49.0,1.4,0.8526,5,20,0,0,0,0,0
Scholl_ROSZIEG_c05,Scholl_ROSZIEG,Scholl,25,19.0,c05,5,mid,mid,high,low,5042,published_results/extra_remaining_instances_2026-06-10/solutions/Scholl_ROSZIEG_c05/pareto_front.csv,16,15,126.0,53.24999999999999,10,1,10,True,53.25,53.25,0.0,3106,762830,43.33,52.0,1.25,0.8684,0,20,0,0,5,0,0
Scholl_ROSZIEG_c05,Scholl_ROSZIEG,Scholl,25,19.0,c05,5,mid,mid,high,low,5042,published_results/extra_remaining_instances_2026-06-10/solutions/Scholl_ROSZIEG_c05/pareto_front.csv,17,16,108.0,61.949999999999996,12,0,12,True,61.95,61.95,0.0,594,240655,22.17,60.0,1.95,0.8289,0,25,0,0,0,0,0
Scholl_ROSZIEG_c06,Scholl_ROSZIEG,Scholl,25,19.0,c06,6,mid,high,low,mid,6042,published_results/extra_remaining_instances_2026-06-10/solutions/Scholl_ROSZIEG_c06/pareto_front.csv,1,0,280.0,0.0,7,7,0,True,280.0,280.0,0.0,0,833,0.08,0.0,0.0,,25,0,0,0,0,0,0
Scholl_ROSZIEG_c06,Scholl_ROSZIEG,Scholl,25,19.0,c06,6,mid,high,low,mid,6042,published_results/extra_remaining_instances_2026-06-10/solutions/Scholl_ROSZIEG_c06/pareto_front.csv,2,1,250.0,6.05,6,6,2,True,6.05,6.05,0.0,28418,3544766,298.41,6.0,0.05,0.9737,16,0,0,0,0,6,3
Scholl_ROSZIEG_c06,Scholl_ROSZIEG,Scholl,25,19.0,c06,6,mid,high,low,mid,6042,published_results/extra_remaining_instances_2026-06-10/solutions/Scholl_ROSZIEG_c06/pareto_front.csv,3,2,227.0,13.65,8,5,3,False,4.0077344641,13.65,70.6393,21235,4335428,300.55,13.0,0.65,0.7719,21,4,0,0,0,0,0
Scholl_ROSZIEG_c06,Scholl_ROSZIEG,Scholl,25,19.0,c06,6,mid,high,low,mid,6042,published_results/extra_remaining_instances_2026-06-10/solutions/Scholl_ROSZIEG_c06/pareto_front.csv,4,3,205.0,23.1,9,4,5,False,1.3680497925,23.1,94.0777,8467,2612097,300.54,22.0,1.1,0.7684,17,8,0,0,0,0,0
Scholl_ROSZIEG_c06,Scholl_ROSZIEG,Scholl,25,19.0,c06,6,mid,high,low,mid,6042,published_results/extra_remaining_instances_2026-06-10/solutions/Scholl_ROSZIEG_c06/pareto_front.csv,5,4,201.0,24.55,8,4,5,False,4.5,24.55,81.6701,13967,3677237,300.53,24.0,0.55,0.8842,15,7,0,0,3,0,0
Scholl_ROSZIEG_c06,Scholl_ROSZIEG,Scholl,25,19.0,c06,6,mid,high,low,mid,6042,published_results/extra_remaining_instances_2026-06-10/solutions/Scholl_ROSZIEG_c06/pareto_front.csv,6,5,174.0,31.700000000000003,9,3,6,False,4.2082021513,31.7,86.7249,8033,3220168,300.53,31.0,0.7,0.8772,13,12,0,0,0,0,0
Scholl_ROSZIEG_c06,Scholl_ROSZIEG,Scholl,25,19.0,c06,6,mid,high,low,mid,6042,published_results/extra_remaining_instances_2026-06-10/solutions/Scholl_ROSZIEG_c06/pareto_front.csv,7,6,152.0,40.35,10,2,8,False,6.6085524708,40.35,83.6219,13286,3944965,300.54,39.0,1.35,0.8224,11,14,0,0,0,0,0
Scholl_ROSZIEG_c06,Scholl_ROSZIEG,Scholl,25,19.0,c06,6,mid,high,low,mid,6042,published_results/extra_remaining_instances_2026-06-10/solutions/Scholl_ROSZIEG_c06/pareto_front.csv,8,7,143.0,42.29999999999999,9,2,7,False,7.0358778626,42.3,83.3667,9347,3144804,300.55,42.0,0.3,0.9549,8,17,0,0,0,0,0
Scholl_ROSZIEG_c06,Scholl_ROSZIEG,Scholl,25,19.0,c06,6,mid,high,low,mid,6042,published_results/extra_remaining_instances_2026-06-10/solutions/Scholl_ROSZIEG_c06/pareto_front.csv,9,8,121.0,49.05,10,1,9,False,45.939772727,49.05,6.3409,19584,4198529,300.53,48.0,1.05,0.8772,7,18,0,0,0,0,0
Scholl_ROSZIEG_c06,Scholl_ROSZIEG,Scholl,25,19.0,c06,6,mid,high,low,mid,6042,published_results/extra_remaining_instances_2026-06-10/solutions/Scholl_ROSZIEG_c06/pareto_front.csv,10,9,99.0,62.39999999999999,11,0,11,True,62.4,62.4,0.0,964,277998,21.41,61.0,1.4,0.866,0,25,0,0,0,0,0
Scholl_ROSZIEG_c07,Scholl_ROSZIEG,Scholl,25,19.0,c07,7,high,low,high,mid,7042,published_results/extra_remaining_instances_2026-06-10/solutions/Scholl_ROSZIEG_c07/pareto_front.csv,1,0,280.0,0.0,7,7,0,True,280.0,280.0,0.0,0,833,0.08,0.0,0.0,,25,0,0,0,0,0,0
Scholl_ROSZIEG_c07,Scholl_ROSZIEG,Scholl,25,19.0,c07,7,high,low,high,mid,7042,published_results/extra_remaining_instances_2026-06-10/solutions/Scholl_ROSZIEG_c07/pareto_front.csv,2,1,245.0,5.1,6,6,1,False,3.89973097,5.1,23.5347,32742,3546467,300.66,5.0,0.1,0.8947,20,0,0,0,5,0,0
Scholl_ROSZIEG_c07,Scholl_ROSZIEG,Scholl,25,19.0,c07,7,high,low,high,mid,7042,published_results/extra_remaining_instances_2026-06-10/solutions/Scholl_ROSZIEG_c07/pareto_front.csv,3,2,210.0,10.35,5,5,2,False,2.6,10.35,74.8792,9730,2623847,300.58,10.0,0.35,0.8158,15,0,0,0,10,0,0
Scholl_ROSZIEG_c07,Scholl_ROSZIEG,Scholl,25,19.0,c07,7,high,low,high,mid,7042,published_results/extra_remaining_instances_2026-06-10/solutions/Scholl_ROSZIEG_c07/pareto_front.csv,4,3,179.0,17.3,5,4,3,False,6.7153354633,17.3,61.183,32334,3788049,301.15,17.0,0.3,0.8947,11,1,0,0,13,0,0
Scholl_ROSZIEG_c07,Scholl_ROSZIEG,Scholl,25,19.0,c07,7,high,low,high,mid,7042,published_results/extra_remaining_instances_2026-06-10/solutions/Scholl_ROSZIEG_c07/pareto_front.csv,5,4,175.0,19.25,4,4,3,False,13.406313534,19.25,30.3568,21546,5031911,300.55,19.0,0.25,0.9123,6,0,0,0,19,0,0
Scholl_ROSZIEG_c07,Scholl_ROSZIEG,Scholl,25,19.0,c07,7,high,low,high,mid,7042,published_results/extra_remaining_instances_2026-06-10/solutions/Scholl_ROSZIEG_c07/pareto_front.csv,6,5,144.0,27.2,4,3,4,True,27.2,27.2,0.0,14966,3282680,157.32,27.0,0.2,0.9474,0,3,0,0,22,0,0
Scholl_ROSZIEG_c07,Scholl_ROSZIEG,Scholl,25,19.0,c07,7,high,low,high,mid,7042,published_results/extra_remaining_instances_2026-06-10/solutions/Scholl_ROSZIEG_c07/pareto_front.csv,7,6,135.0,41.25,7,2,7,True,41.25,41.25,0.0,2096,490288,18.09,41.0,0.25,0.9624,0,10,0,0,15,0,0
Scholl_ROSZIEG_c08,Scholl_ROSZIEG,Scholl,25,19.0,c08,8,high,mid,low,high,8042,published_results/extra_remaining_instances_2026-06-10/solutions/Scholl_ROSZIEG_c08/pareto_front.csv,1,0,280.0,0.0,7,7,0,True,280.0,280.0,0.0,0,833,0.08,0.0,0.0,,25,0,0,0,0,0,0
Scholl_ROSZIEG_c08,Scholl_ROSZIEG,Scholl,25,19.0,c08,8,high,mid,low,high,8042,published_results/extra_remaining_instances_2026-06-10/solutions/Scholl_ROSZIEG_c08/pareto_front.csv,2,1,250.0,8.0,6,6,2,False,3.7242651929,8.0,53.4467,32531,3764662,300.67,8.0,0.0,1.0,18,0,0,0,7,0,0
Scholl_ROSZIEG_c08,Scholl_ROSZIEG,Scholl,25,19.0,c08,8,high,mid,low,high,8042,published_results/extra_remaining_instances_2026-06-10/solutions/Scholl_ROSZIEG_c08/pareto_front.csv,3,2,224.0,18.05,6,5,4,False,4.8120460053,18.05,73.3405,23711,4830413,300.54,18.0,0.05,0.9868,11,2,0,0,12,0,0
Scholl_ROSZIEG_c08,Scholl_ROSZIEG,Scholl,25,19.0,c08,8,high,mid,low,high,8042,published_results/extra_remaining_instances_2026-06-10/solutions/Scholl_ROSZIEG_c08/pareto_front.csv,4,3,211.0,33.75,8,4,7,False,4.4833392094,33.75,86.716,10593,2813865,300.54,33.0,0.75,0.8872,6,8,0,0,11,0,0
Scholl_ROSZIEG_c08,Scholl_ROSZIEG,Scholl,25,19.0,c08,8,high,mid,low,high,8042,published_results/extra_remaining_instances_2026-06-10/solutions/Scholl_ROSZIEG_c08/pareto_front.csv,5,4,193.0,44.8,10,3,9,False,3.7914110429,44.8,91.537,10028,3361090,300.5,44.0,0.8,0.9064,5,13,0,0,7,0,0
Scholl_ROSZIEG_c08,Scholl_ROSZIEG,Scholl,25,19.0,c08,8,high,mid,low,high,8042,published_results/extra_remaining_instances_2026-06-10/solutions/Scholl_ROSZIEG_c08/pareto_front.csv,6,5,189.0,46.49999999999999,9,3,9,False,9.4443735989,46.5,79.6895,10124,4513724,300.52,46.0,0.5,0.9415,0,12,0,0,13,0,0
Scholl_ROSZIEG_c09,Scholl_ROSZIEG,Scholl,25,19.0,c09,9,high,high,mid,low,9042,published_results/extra_remaining_instances_2026-06-10/solutions/Scholl_ROSZIEG_c09/pareto_front.csv,1,0,280.0,0.0,7,7,0,True,280.0,280.0,0.0,0,833,0.07,0.0,0.0,,25,0,0,0,0,0,0
Scholl_ROSZIEG_c09,Scholl_ROSZIEG,Scholl,25,19.0,c09,9,high,high,mid,low,9042,published_results/extra_remaining_instances_2026-06-10/solutions/Scholl_ROSZIEG_c09/pareto_front.csv,2,1,258.0,10.2,8,6,2,False,3.5725952381,10.2,64.9746,19504,3325681,300.63,10.0,0.2,0.8947,23,2,0,0,0,0,0
Scholl_ROSZIEG_c09,Scholl_ROSZIEG,Scholl,25,19.0,c09,9,high,high,mid,low,9042,published_results/extra_remaining_instances_2026-06-10/solutions/Scholl_ROSZIEG_c09/pareto_front.csv,3,2,236.0,20.55,9,5,4,False,1.55,20.55,92.4574,10680,2568663,300.58,20.0,0.55,0.8553,20,5,0,0,0,0,0
Scholl_ROSZIEG_c09,Scholl_ROSZIEG,Scholl,25,19.0,c09,9,high,high,mid,low,9042,published_results/extra_remaining_instances_2026-06-10/solutions/Scholl_ROSZIEG_c09/pareto_front.csv,4,3,232.0,36.25000000000001,12,4,8,False,4.7656284153,36.25,86.8534,22463,5940616,600.61,34.0,2.25,0.7039,16,9,0,0,0,0,0
Scholl_ROSZIEG_c09,Scholl_ROSZIEG,Scholl,25,19.0,c09,9,high,high,mid,low,9042,published_results/extra_remaining_instances_2026-06-10/solutions/Scholl_ROSZIEG_c09/pareto_front.csv,5,4,223.0,36.85,11,4,7,False,4.7863179074,36.85,87.0113,12288,3137298,300.56,36.0,0.85,0.8722,15,10,0,0,0,0,0
Scholl_ROSZIEG_c09,Scholl_ROSZIEG,Scholl,25,19.0,c09,9,high,high,mid,low,9042,published_results/extra_remaining_instances_2026-06-10/solutions/Scholl_ROSZIEG_c09/pareto_front.csv,6,5,210.0,49.85,13,3,10,False,2.2875100402,49.85,95.4112,7207,2215976,301.19,48.0,1.85,0.8053,11,14,0,0,0,0,0
