step_type,iteration,cost_limit,feasible,stop_reason,dominated,added_to_pareto,removed_existing_points,cost,energy,stations,workers,cobots,valid,certified,lb,ub,mip_gap_pct,n_nodes,solver_iterations,cpu_point_s,energy_tasks,energy_idle,cobot_util,HI,CI,SEH,SEC,SU,SIH,SIC,run_name,selected_instance,base_instance,config_name,source_results_dir
E0_HI_only,0,,True,,False,True,0,160.0,0.0,4,4,0,True,True,160.0,160.0,0.0,0,0,0.10686802864074707,0.0,0.0,,7,0,0,0,0,0,0,Scholl_MERTENS_c01,Scholl_MERTENS,Scholl_MERTENS,c01,full_campaign_median_T_252_2026-06-04
epsilon,1,159,True,,False,True,0,125.0,1.1,3,3,1,True,True,1.1,1.1,0.0,0,205,0.0914309024810791,1.0,0.1,0.7778,5,0,0,0,0,1,1,Scholl_MERTENS_c01,Scholl_MERTENS,Scholl_MERTENS,c01,full_campaign_median_T_252_2026-06-04
epsilon,2,124,True,,False,True,0,98.0,4.300000000000001,4,2,2,True,True,4.3,4.3,0.0,583,18105,0.277263879776001,4.0,0.30000000000000004,0.6667,5,2,0,0,0,0,0,Scholl_MERTENS_c01,Scholl_MERTENS,Scholl_MERTENS,c01,full_campaign_median_T_252_2026-06-04
epsilon,3,97,True,,False,True,0,94.0,5.2,3,2,2,True,True,5.2,5.2,0.0,0,544,0.17462921142578125,5.0,0.2,0.7778,3,1,0,0,3,0,0,Scholl_MERTENS_c01,Scholl_MERTENS,Scholl_MERTENS,c01,full_campaign_median_T_252_2026-06-04
epsilon,4,93,True,,False,True,0,90.0,7.1499999999999995,2,2,2,True,True,7.15,7.15,0.0,0,953,0.174116849899292,7.0,0.15000000000000002,0.8333,0,0,0,0,7,0,0,Scholl_MERTENS_c01,Scholl_MERTENS,Scholl_MERTENS,c01,full_campaign_median_T_252_2026-06-04
epsilon,5,89,True,,False,True,0,67.0,8.200000000000001,4,1,3,True,True,8.2,8.2,0.0,0,807,0.16402101516723633,8.0,0.2,0.8519,2,5,0,0,0,0,0,Scholl_MERTENS_c01,Scholl_MERTENS,Scholl_MERTENS,c01,full_campaign_median_T_252_2026-06-04
epsilon,6,66,True,,False,True,0,63.0,8.35,3,1,3,True,True,8.35,8.35,0.0,0,1106,0.17949914932250977,8.0,0.35000000000000003,0.7407,0,3,0,0,4,0,0,Scholl_MERTENS_c01,Scholl_MERTENS,Scholl_MERTENS,c01,full_campaign_median_T_252_2026-06-04
epsilon,7,62,True,,False,True,0,45.0,12.600000000000001,5,0,5,True,True,12.6,12.6,0.0,0,463,0.10632014274597168,12.0,0.6000000000000001,0.7333,0,7,0,0,0,0,0,Scholl_MERTENS_c01,Scholl_MERTENS,Scholl_MERTENS,c01,full_campaign_median_T_252_2026-06-04
epsilon,8,44,False,infeasible,,,0,,,,,,,,,,,,,,,,,,,,,,,,Scholl_MERTENS_c01,Scholl_MERTENS,Scholl_MERTENS,c01,full_campaign_median_T_252_2026-06-04
E0_HI_only,0,,True,,False,True,0,160.0,0.0,4,4,0,True,True,160.0,160.0,0.0,0,0,0.011000871658325195,0.0,0.0,,7,0,0,0,0,0,0,Scholl_MERTENS_c02,Scholl_MERTENS,Scholl_MERTENS,c02,full_campaign_median_T_252_2026-06-04
epsilon,1,159,True,,False,True,0,125.0,1.15,3,3,1,True,True,1.15,1.15,0.0,252,3628,0.1508028507232666,1.0,0.15000000000000002,0.6667,5,0,0,0,0,1,1,Scholl_MERTENS_c02,Scholl_MERTENS,Scholl_MERTENS,c02,full_campaign_median_T_252_2026-06-04
epsilon,2,124,True,,False,True,0,98.0,4.25,4,2,2,True,True,4.25,4.25,0.0,543,14417,0.20873379707336426,4.0,0.25,0.7222,5,2,0,0,0,0,0,Scholl_MERTENS_c02,Scholl_MERTENS,Scholl_MERTENS,c02,full_campaign_median_T_252_2026-06-04
epsilon,3,97,True,,False,True,0,67.0,8.200000000000001,4,1,3,True,True,8.2,8.2,0.0,0,936,0.2166121006011963,8.0,0.2,0.8519,2,5,0,0,0,0,0,Scholl_MERTENS_c02,Scholl_MERTENS,Scholl_MERTENS,c02,full_campaign_median_T_252_2026-06-04
epsilon,4,66,True,,False,True,0,45.0,12.6,5,0,5,True,True,12.6,12.6,0.0,0,843,0.1786060333251953,12.0,0.6000000000000001,0.7333,0,7,0,0,0,0,0,Scholl_MERTENS_c02,Scholl_MERTENS,Scholl_MERTENS,c02,full_campaign_median_T_252_2026-06-04
epsilon,5,44,False,infeasible,,,0,,,,,,,,,,,,,,,,,,,,,,,,Scholl_MERTENS_c02,Scholl_MERTENS,Scholl_MERTENS,c02,full_campaign_median_T_252_2026-06-04
E0_HI_only,0,,True,,False,True,0,160.0,0.0,4,4,0,True,True,160.0,160.0,0.0,0,0,0.016063928604125977,0.0,0.0,,7,0,0,0,0,0,0,Scholl_MERTENS_c03,Scholl_MERTENS,Scholl_MERTENS,c03,full_campaign_median_T_252_2026-06-04
epsilon,1,159,True,,False,True,0,125.0,2.05,3,3,1,True,True,2.05,2.05,0.0,243,4249,0.1554560661315918,2.0,0.05,0.8889,5,0,0,0,0,1,1,Scholl_MERTENS_c03,Scholl_MERTENS,Scholl_MERTENS,c03,full_campaign_median_T_252_2026-06-04
epsilon,2,124,True,,False,True,0,98.0,4.300000000000001,4,2,2,True,True,4.3,4.3,0.0,527,7029,0.17162227630615234,4.0,0.30000000000000004,0.6667,5,2,0,0,0,0,0,Scholl_MERTENS_c03,Scholl_MERTENS,Scholl_MERTENS,c03,full_campaign_median_T_252_2026-06-04
epsilon,3,97,True,,False,True,0,94.0,6.05,3,2,2,True,True,6.05,6.05,0.0,0,883,0.18645501136779785,6.0,0.05,0.9444,2,3,0,0,0,1,1,Scholl_MERTENS_c03,Scholl_MERTENS,Scholl_MERTENS,c03,full_campaign_median_T_252_2026-06-04
epsilon,4,93,True,,False,True,0,67.0,8.3,4,1,3,True,True,8.3,8.3,0.0,0,973,0.17889690399169922,8.0,0.30000000000000004,0.7778,2,5,0,0,0,0,0,Scholl_MERTENS_c03,Scholl_MERTENS,Scholl_MERTENS,c03,full_campaign_median_T_252_2026-06-04
epsilon,5,66,True,,False,True,0,45.0,12.700000000000001,5,0,5,True,True,12.7,12.7,0.0,0,1003,0.17241811752319336,12.0,0.7000000000000001,0.6889,0,7,0,0,0,0,0,Scholl_MERTENS_c03,Scholl_MERTENS,Scholl_MERTENS,c03,full_campaign_median_T_252_2026-06-04
epsilon,6,44,False,infeasible,,,0,,,,,,,,,,,,,,,,,,,,,,,,Scholl_MERTENS_c03,Scholl_MERTENS,Scholl_MERTENS,c03,full_campaign_median_T_252_2026-06-04
E0_HI_only,0,,True,,False,True,0,160.0,0.0,4,4,0,True,True,160.0,160.0,0.0,0,0,0.013193130493164062,0.0,0.0,,7,0,0,0,0,0,0,Scholl_MERTENS_c04,Scholl_MERTENS,Scholl_MERTENS,c04,full_campaign_median_T_252_2026-06-04
epsilon,1,159,True,,False,True,0,129.0,2.1,4,3,1,True,True,2.1,2.1,0.0,99,1648,0.12355589866638184,2.0,0.1,0.7778,6,1,0,0,0,0,0,Scholl_MERTENS_c04,Scholl_MERTENS,Scholl_MERTENS,c04,full_campaign_median_T_252_2026-06-04
epsilon,2,128,True,,False,True,0,125.0,2.15,3,3,1,True,True,2.15,2.15,0.0,55,968,0.12864422798156738,2.0,0.15000000000000002,0.6667,5,0,0,0,2,0,0,Scholl_MERTENS_c04,Scholl_MERTENS,Scholl_MERTENS,c04,full_campaign_median_T_252_2026-06-04
epsilon,3,124,True,,False,True,0,98.0,5.1,4,2,2,True,True,5.1,5.1,0.0,440,11107,0.2346811294555664,5.0,0.1,0.8889,4,3,0,0,0,0,0,Scholl_MERTENS_c04,Scholl_MERTENS,Scholl_MERTENS,c04,full_campaign_median_T_252_2026-06-04
epsilon,4,97,True,,False,True,0,94.0,5.199999999999999,3,2,2,True,True,5.2,5.2,0.0,0,936,0.20050811767578125,5.0,0.2,0.7778,3,1,0,0,3,0,0,Scholl_MERTENS_c04,Scholl_MERTENS,Scholl_MERTENS,c04,full_campaign_median_T_252_2026-06-04
epsilon,5,93,True,,False,True,0,90.0,7.1,2,2,2,True,True,7.1,7.1,0.0,0,519,0.1733417510986328,7.0,0.1,0.8889,0,0,0,0,7,0,0,Scholl_MERTENS_c04,Scholl_MERTENS,Scholl_MERTENS,c04,full_campaign_median_T_252_2026-06-04
epsilon,6,89,True,,False,True,0,63.0,9.1,3,1,3,True,True,9.1,9.1,0.0,0,500,0.12807583808898926,9.0,0.1,0.9259,0,3,0,0,4,0,0,Scholl_MERTENS_c04,Scholl_MERTENS,Scholl_MERTENS,c04,full_campaign_median_T_252_2026-06-04
epsilon,7,62,True,,False,True,0,54.0,16.500000000000007,6,0,6,True,True,16.5,16.5,0.0,0,730,0.12544012069702148,16.0,0.5,0.8148,0,7,0,0,0,0,0,Scholl_MERTENS_c04,Scholl_MERTENS,Scholl_MERTENS,c04,full_campaign_median_T_252_2026-06-04
epsilon,8,53,False,infeasible,,,0,,,,,,,,,,,,,,,,,,,,,,,,Scholl_MERTENS_c04,Scholl_MERTENS,Scholl_MERTENS,c04,full_campaign_median_T_252_2026-06-04
E0_HI_only,0,,True,,False,True,0,160.0,0.0,4,4,0,True,True,160.0,160.0,0.0,0,0,0.01628422737121582,0.0,0.0,,7,0,0,0,0,0,0,Scholl_MERTENS_c05,Scholl_MERTENS,Scholl_MERTENS,c05,full_campaign_median_T_252_2026-06-04
epsilon,1,159,True,,False,True,0,125.0,2.0,3,3,1,True,True,2.0,2.0,0.0,246,3724,0.20770907402038574,2.0,0.0,1.0,5,0,0,0,0,1,1,Scholl_MERTENS_c05,Scholl_MERTENS,Scholl_MERTENS,c05,full_campaign_median_T_252_2026-06-04
epsilon,2,124,True,,False,True,0,103.0,5.3,4,2,3,True,True,5.3,5.3,0.0,607,7371,0.16538214683532715,5.0,0.30000000000000004,0.7778,3,2,0,0,0,1,1,Scholl_MERTENS_c05,Scholl_MERTENS,Scholl_MERTENS,c05,full_campaign_median_T_252_2026-06-04
epsilon,3,102,True,,False,True,0,99.0,8.15,3,2,3,True,True,8.15,8.15,0.0,0,1082,0.1865541934967041,8.0,0.15000000000000002,0.8889,0,2,0,0,5,0,0,Scholl_MERTENS_c05,Scholl_MERTENS,Scholl_MERTENS,c05,full_campaign_median_T_252_2026-06-04
epsilon,4,98,True,,False,True,0,85.0,10.75,6,1,5,True,True,10.75,10.75,0.0,0,1071,0.18923211097717285,10.0,0.75,0.6667,2,5,0,0,0,0,0,Scholl_MERTENS_c05,Scholl_MERTENS,Scholl_MERTENS,c05,full_campaign_median_T_252_2026-06-04
epsilon,5,84,True,,False,True,0,81.0,11.450000000000001,5,1,5,True,True,11.45,11.45,0.0,0,139,0.06401896476745605,11.0,0.45,0.8,0,5,0,0,0,1,1,Scholl_MERTENS_c05,Scholl_MERTENS,Scholl_MERTENS,c05,full_campaign_median_T_252_2026-06-04
epsilon,6,80,False,infeasible,,,0,,,,,,,,,,,,,,,,,,,,,,,,Scholl_MERTENS_c05,Scholl_MERTENS,Scholl_MERTENS,c05,full_campaign_median_T_252_2026-06-04
E0_HI_only,0,,True,,False,True,0,160.0,0.0,4,4,0,True,True,160.0,160.0,0.0,0,0,0.011639833450317383,0.0,0.0,,7,0,0,0,0,0,0,Scholl_MERTENS_c06,Scholl_MERTENS,Scholl_MERTENS,c06,full_campaign_median_T_252_2026-06-04
epsilon,1,159,True,,False,True,0,129.0,2.05,4,3,1,True,True,2.05,2.05,0.0,351,6600,0.1535630226135254,2.0,0.05,0.8889,6,1,0,0,0,0,0,Scholl_MERTENS_c06,Scholl_MERTENS,Scholl_MERTENS,c06,full_campaign_median_T_252_2026-06-04
epsilon,2,128,True,,False,True,1,125.0,2.05,3,3,1,True,True,2.05,2.05,0.0,435,7608,0.16957807540893555,2.0,0.05,0.8889,5,0,0,0,0,1,1,Scholl_MERTENS_c06,Scholl_MERTENS,Scholl_MERTENS,c06,full_campaign_median_T_252_2026-06-04
epsilon,3,124,True,,False,True,0,98.0,4.1499999999999995,4,2,2,True,True,4.15,4.15,0.0,0,1033,0.18036198616027832,4.0,0.15000000000000002,0.8333,5,2,0,0,0,0,0,Scholl_MERTENS_c06,Scholl_MERTENS,Scholl_MERTENS,c06,full_campaign_median_T_252_2026-06-04
epsilon,4,97,True,,False,True,0,76.0,8.4,5,1,4,True,True,8.4,8.4,0.0,0,962,0.2651679515838623,8.0,0.4,0.7778,3,4,0,0,0,0,0,Scholl_MERTENS_c06,Scholl_MERTENS,Scholl_MERTENS,c06,full_campaign_median_T_252_2026-06-04
epsilon,5,75,True,,False,True,0,72.0,9.200000000000001,4,1,4,True,True,9.2,9.2,0.0,0,714,0.18197202682495117,9.0,0.2,0.8889,0,4,0,0,0,2,1,Scholl_MERTENS_c06,Scholl_MERTENS,Scholl_MERTENS,c06,full_campaign_median_T_252_2026-06-04
epsilon,6,71,True,,False,True,0,54.0,13.6,6,0,6,True,True,13.6,13.6,0.0,0,824,0.17915797233581543,13.0,0.6000000000000001,0.7778,0,7,0,0,0,0,0,Scholl_MERTENS_c06,Scholl_MERTENS,Scholl_MERTENS,c06,full_campaign_median_T_252_2026-06-04
epsilon,7,53,False,infeasible,,,0,,,,,,,,,,,,,,,,,,,,,,,,Scholl_MERTENS_c06,Scholl_MERTENS,Scholl_MERTENS,c06,full_campaign_median_T_252_2026-06-04
E0_HI_only,0,,True,,False,True,0,160.0,0.0,4,4,0,True,True,160.0,160.0,0.0,0,0,0.011043071746826172,0.0,0.0,,7,0,0,0,0,0,0,Scholl_MERTENS_c07,Scholl_MERTENS,Scholl_MERTENS,c07,full_campaign_median_T_252_2026-06-04
epsilon,1,159,True,,False,True,0,125.0,2.2,3,3,1,True,True,2.2,2.2,0.0,215,2971,0.1032571792602539,2.0,0.2,0.5556,5,0,0,0,2,0,0,Scholl_MERTENS_c07,Scholl_MERTENS,Scholl_MERTENS,c07,full_campaign_median_T_252_2026-06-04
epsilon,2,124,True,,False,True,0,85.0,4.0,2,2,1,True,True,4.0,4.0,0.0,0,175,0.08112001419067383,4.0,0.0,1.0,3,0,0,0,4,0,0,Scholl_MERTENS_c07,Scholl_MERTENS,Scholl_MERTENS,c07,full_campaign_median_T_252_2026-06-04
epsilon,3,84,False,infeasible,,,0,,,,,,,,,,,,,,,,,,,,,,,,Scholl_MERTENS_c07,Scholl_MERTENS,Scholl_MERTENS,c07,full_campaign_median_T_252_2026-06-04
E0_HI_only,0,,True,,False,True,0,160.0,0.0,4,4,0,True,True,160.0,160.0,0.0,0,0,0.011131048202514648,0.0,0.0,,7,0,0,0,0,0,0,Scholl_MERTENS_c08,Scholl_MERTENS,Scholl_MERTENS,c08,full_campaign_median_T_252_2026-06-04
epsilon,1,159,True,,False,True,0,125.0,2.05,3,3,1,True,True,2.05,2.05,0.0,0,182,0.07755422592163086,2.0,0.05,0.8889,5,0,0,0,2,0,0,Scholl_MERTENS_c08,Scholl_MERTENS,Scholl_MERTENS,c08,full_campaign_median_T_252_2026-06-04
epsilon,2,124,True,,False,True,0,108.0,8.450000000000001,4,2,4,True,True,8.45,8.45,0.0,0,156,0.07766008377075195,8.0,0.45,0.75,0,2,0,0,5,0,0,Scholl_MERTENS_c08,Scholl_MERTENS,Scholl_MERTENS,c08,full_campaign_median_T_252_2026-06-04
epsilon,3,107,False,infeasible,,,0,,,,,,,,,,,,,,,,,,,,,,,,Scholl_MERTENS_c08,Scholl_MERTENS,Scholl_MERTENS,c08,full_campaign_median_T_252_2026-06-04
E0_HI_only,0,,True,,False,True,0,160.0,0.0,4,4,0,True,True,160.0,160.0,0.0,0,0,0.011940240859985352,0.0,0.0,,7,0,0,0,0,0,0,Scholl_MERTENS_c09,Scholl_MERTENS,Scholl_MERTENS,c09,full_campaign_median_T_252_2026-06-04
epsilon,1,159,False,infeasible,,,0,,,,,,,,,,,,,,,,,,,,,,,,Scholl_MERTENS_c09,Scholl_MERTENS,Scholl_MERTENS,c09,full_campaign_median_T_252_2026-06-04
E0_HI_only,0,,True,,False,True,0,200.0,0.0,5,5,0,True,True,200.0,200.0,0.0,0,0,0.015549898147583008,0.0,0.0,,8,0,0,0,0,0,0,Scholl_BOWMAN8_c01,Scholl_BOWMAN8,Scholl_BOWMAN8,c01,extra_remaining_instances_2026-06-10
epsilon,1,199,True,,False,True,0,165.0,2.45,4,4,1,True,True,2.45,2.45,0.0,321,8042,0.21151375770568848,2.0,0.45,0.55,6,0,0,0,2,0,0,Scholl_BOWMAN8_c01,Scholl_BOWMAN8,Scholl_BOWMAN8,c01,extra_remaining_instances_2026-06-10
epsilon,2,164,True,,False,True,0,125.0,3.25,3,3,1,True,True,3.25,3.25,0.0,234,5604,0.2087841033935547,3.0,0.25,0.75,5,0,0,0,3,0,0,Scholl_BOWMAN8_c01,Scholl_BOWMAN8,Scholl_BOWMAN8,c01,extra_remaining_instances_2026-06-10
epsilon,3,124,True,,False,True,0,90.0,7.3,2,2,2,True,True,7.3,7.3,0.0,0,1074,0.29212117195129395,7.0,0.30000000000000004,0.85,0,0,0,0,4,2,2,Scholl_BOWMAN8_c01,Scholl_BOWMAN8,Scholl_BOWMAN8,c01,extra_remaining_instances_2026-06-10
epsilon,4,89,True,,False,True,0,63.0,14.55,3,1,3,True,True,14.55,14.55,0.0,0,905,0.19883179664611816,14.0,0.55,0.8167,0,4,0,0,4,0,0,Scholl_BOWMAN8_c01,Scholl_BOWMAN8,Scholl_BOWMAN8,c01,extra_remaining_instances_2026-06-10
epsilon,5,62,True,,False,True,0,45.0,25.1,5,0,5,True,True,25.1,25.1,0.0,0,464,0.09714317321777344,24.0,1.1,0.78,0,8,0,0,0,0,0,Scholl_BOWMAN8_c01,Scholl_BOWMAN8,Scholl_BOWMAN8,c01,extra_remaining_instances_2026-06-10
epsilon,6,44,False,infeasible,,,0,,,,,,,,,,,,,,,,,,,,,,,,Scholl_BOWMAN8_c01,Scholl_BOWMAN8,Scholl_BOWMAN8,c01,extra_remaining_instances_2026-06-10
E0_HI_only,0,,True,,False,True,0,200.0,0.0,5,5,0,True,True,200.0,200.0,0.0,0,0,0.011283159255981445,0.0,0.0,,8,0,0,0,0,0,0,Scholl_BOWMAN8_c02,Scholl_BOWMAN8,Scholl_BOWMAN8,c02,extra_remaining_instances_2026-06-10
epsilon,1,199,True,,False,True,0,165.0,3.15,4,4,1,True,True,3.15,3.15,0.0,500,9116,0.19370794296264648,3.0,0.15000000000000002,0.85,6,0,0,0,2,0,0,Scholl_BOWMAN8_c02,Scholl_BOWMAN8,Scholl_BOWMAN8,c02,extra_remaining_instances_2026-06-10
epsilon,2,164,True,,False,True,0,134.0,7.550000000000001,4,3,2,True,True,7.55,7.55,0.0,491,11644,0.20961260795593262,7.0,0.55,0.725,5,1,0,0,2,0,0,Scholl_BOWMAN8_c02,Scholl_BOWMAN8,Scholl_BOWMAN8,c02,extra_remaining_instances_2026-06-10
epsilon,3,133,True,,False,True,0,130.0,8.15,3,3,2,True,True,8.15,8.15,0.0,0,1323,0.2698040008544922,8.0,0.15000000000000002,0.925,3,0,0,0,5,0,0,Scholl_BOWMAN8_c02,Scholl_BOWMAN8,Scholl_BOWMAN8,c02,extra_remaining_instances_2026-06-10
epsilon,4,129,True,,False,True,0,103.0,12.700000000000001,4,2,3,True,True,12.7,12.7,0.0,0,1482,0.2525150775909424,12.0,0.7000000000000001,0.7667,3,3,0,0,2,0,0,Scholl_BOWMAN8_c02,Scholl_BOWMAN8,Scholl_BOWMAN8,c02,extra_remaining_instances_2026-06-10
epsilon,5,102,True,,False,True,0,99.0,14.2,3,2,3,True,True,14.2,14.2,0.0,0,1563,0.2694361209869385,14.0,0.2,0.9333,0,3,0,0,5,0,0,Scholl_BOWMAN8_c02,Scholl_BOWMAN8,Scholl_BOWMAN8,c02,extra_remaining_instances_2026-06-10
epsilon,6,98,True,,False,True,0,76.0,18.15,5,1,4,True,True,18.15,18.15,0.0,0,904,0.19428777694702148,17.0,1.1500000000000001,0.7125,3,5,0,0,0,0,0,Scholl_BOWMAN8_c02,Scholl_BOWMAN8,Scholl_BOWMAN8,c02,extra_remaining_instances_2026-06-10
epsilon,7,75,True,,False,True,0,72.0,19.6,4,1,4,True,True,19.6,19.6,0.0,0,965,0.2002699375152588,19.0,0.6000000000000001,0.85,0,5,0,0,3,0,0,Scholl_BOWMAN8_c02,Scholl_BOWMAN8,Scholl_BOWMAN8,c02,extra_remaining_instances_2026-06-10
epsilon,8,71,True,,False,True,0,45.0,25.05,5,0,5,True,True,25.05,25.05,0.0,0,413,0.1260521411895752,24.0,1.05,0.79,0,8,0,0,0,0,0,Scholl_BOWMAN8_c02,Scholl_BOWMAN8,Scholl_BOWMAN8,c02,extra_remaining_instances_2026-06-10
epsilon,9,44,False,infeasible,,,0,,,,,,,,,,,,,,,,,,,,,,,,Scholl_BOWMAN8_c02,Scholl_BOWMAN8,Scholl_BOWMAN8,c02,extra_remaining_instances_2026-06-10
E0_HI_only,0,,True,,False,True,0,200.0,0.0,5,5,0,True,True,200.0,200.0,0.0,0,0,0.01070713996887207,0.0,0.0,,8,0,0,0,0,0,0,Scholl_BOWMAN8_c03,Scholl_BOWMAN8,Scholl_BOWMAN8,c03,extra_remaining_instances_2026-06-10
epsilon,1,199,True,,False,True,0,169.0,3.45,5,4,1,True,True,3.45,3.45,0.0,0,272,0.11277508735656738,3.0,0.45,0.55,7,1,0,0,0,0,0,Scholl_BOWMAN8_c03,Scholl_BOWMAN8,Scholl_BOWMAN8,c03,extra_remaining_instances_2026-06-10
epsilon,2,168,True,,False,True,0,138.0,6.95,5,3,2,True,True,6.95,6.95,0.0,0,966,0.19048380851745605,6.0,0.9500000000000001,0.525,6,2,0,0,0,0,0,Scholl_BOWMAN8_c03,Scholl_BOWMAN8,Scholl_BOWMAN8,c03,extra_remaining_instances_2026-06-10
epsilon,3,137,True,,False,True,0,107.0,12.149999999999999,5,2,3,True,True,12.15,12.15,0.0,0,1081,0.18833184242248535,11.0,1.1500000000000001,0.6167,5,3,0,0,0,0,0,Scholl_BOWMAN8_c03,Scholl_BOWMAN8,Scholl_BOWMAN8,c03,extra_remaining_instances_2026-06-10
epsilon,4,106,True,,False,True,0,76.0,18.2,5,1,4,True,True,18.2,18.2,0.0,0,1072,0.18975400924682617,17.0,1.2000000000000002,0.7,3,5,0,0,0,0,0,Scholl_BOWMAN8_c03,Scholl_BOWMAN8,Scholl_BOWMAN8,c03,extra_remaining_instances_2026-06-10
epsilon,5,75,True,,False,True,0,45.0,25.2,5,0,5,True,True,25.2,25.2,0.0,0,387,0.10158085823059082,24.0,1.2000000000000002,0.76,0,8,0,0,0,0,0,Scholl_BOWMAN8_c03,Scholl_BOWMAN8,Scholl_BOWMAN8,c03,extra_remaining_instances_2026-06-10
epsilon,6,44,False,infeasible,,,0,,,,,,,,,,,,,,,,,,,,,,,,Scholl_BOWMAN8_c03,Scholl_BOWMAN8,Scholl_BOWMAN8,c03,extra_remaining_instances_2026-06-10
E0_HI_only,0,,True,,False,True,0,200.0,0.0,5,5,0,True,True,200.0,200.0,0.0,0,0,0.011175870895385742,0.0,0.0,,8,0,0,0,0,0,0,Scholl_BOWMAN8_c04,Scholl_BOWMAN8,Scholl_BOWMAN8,c04,extra_remaining_instances_2026-06-10
epsilon,1,199,True,,False,True,0,165.0,2.45,4,4,1,True,True,2.45,2.45,0.0,421,12332,0.20433783531188965,2.0,0.45,0.55,6,0,0,0,2,0,0,Scholl_BOWMAN8_c04,Scholl_BOWMAN8,Scholl_BOWMAN8,c04,extra_remaining_instances_2026-06-10
epsilon,2,164,True,,False,True,0,125.0,3.25,3,3,1,True,True,3.25,3.25,0.0,170,4220,0.1905961036682129,3.0,0.25,0.75,5,0,0,0,3,0,0,Scholl_BOWMAN8_c04,Scholl_BOWMAN8,Scholl_BOWMAN8,c04,extra_remaining_instances_2026-06-10
epsilon,3,124,True,,False,True,0,94.0,8.200000000000001,3,2,2,True,True,8.2,8.2,0.0,0,1434,0.1922459602355957,8.0,0.2,0.9,3,1,0,0,4,0,0,Scholl_BOWMAN8_c04,Scholl_BOWMAN8,Scholl_BOWMAN8,c04,extra_remaining_instances_2026-06-10
epsilon,4,93,True,,False,True,0,90.0,8.3,2,2,2,True,True,8.3,8.3,0.0,0,641,0.13318872451782227,8.0,0.30000000000000004,0.85,0,0,0,0,8,0,0,Scholl_BOWMAN8_c04,Scholl_BOWMAN8,Scholl_BOWMAN8,c04,extra_remaining_instances_2026-06-10
epsilon,5,89,True,,False,True,0,63.0,17.1,3,1,3,True,True,17.1,17.1,0.0,0,571,0.1317751407623291,17.0,0.1,0.9667,0,4,0,0,4,0,0,Scholl_BOWMAN8_c04,Scholl_BOWMAN8,Scholl_BOWMAN8,c04,extra_remaining_instances_2026-06-10
epsilon,6,62,False,infeasible,,,0,,,,,,,,,,,,,,,,,,,,,,,,Scholl_BOWMAN8_c04,Scholl_BOWMAN8,Scholl_BOWMAN8,c04,extra_remaining_instances_2026-06-10
E0_HI_only,0,,True,,False,True,0,200.0,0.0,5,5,0,True,True,200.0,200.0,0.0,0,0,0.0109100341796875,0.0,0.0,,8,0,0,0,0,0,0,Scholl_BOWMAN8_c05,Scholl_BOWMAN8,Scholl_BOWMAN8,c05,extra_remaining_instances_2026-06-10
epsilon,1,199,True,,False,True,0,165.0,4.05,4,4,1,True,True,4.05,4.05,0.0,545,11833,0.2012479305267334,4.0,0.05,0.95,6,0,0,0,2,0,0,Scholl_BOWMAN8_c05,Scholl_BOWMAN8,Scholl_BOWMAN8,c05,extra_remaining_instances_2026-06-10
epsilon,2,164,True,,False,True,0,130.0,8.100000000000001,3,3,2,True,True,8.1,8.1,0.0,498,12130,0.2013850212097168,8.0,0.1,0.95,3,0,0,0,5,0,0,Scholl_BOWMAN8_c05,Scholl_BOWMAN8,Scholl_BOWMAN8,c05,extra_remaining_instances_2026-06-10
epsilon,3,129,True,,False,True,0,108.0,15.8,4,2,4,True,True,15.8,15.8,0.0,0,1308,0.24333596229553223,15.0,0.8,0.8,0,3,0,0,2,2,1,Scholl_BOWMAN8_c05,Scholl_BOWMAN8,Scholl_BOWMAN8,c05,extra_remaining_instances_2026-06-10
epsilon,4,107,True,,False,True,0,81.0,24.45,5,1,5,True,True,24.45,24.45,0.0,0,982,0.18906927108764648,24.0,0.45,0.91,0,6,0,0,2,0,0,Scholl_BOWMAN8_c05,Scholl_BOWMAN8,Scholl_BOWMAN8,c05,extra_remaining_instances_2026-06-10
epsilon,5,80,False,infeasible,,,0,,,,,,,,,,,,,,,,,,,,,,,,Scholl_BOWMAN8_c05,Scholl_BOWMAN8,Scholl_BOWMAN8,c05,extra_remaining_instances_2026-06-10
E0_HI_only,0,,True,,False,True,0,200.0,0.0,5,5,0,True,True,200.0,200.0,0.0,0,0,0.011087179183959961,0.0,0.0,,8,0,0,0,0,0,0,Scholl_BOWMAN8_c06,Scholl_BOWMAN8,Scholl_BOWMAN8,c06,extra_remaining_instances_2026-06-10
epsilon,1,199,True,,False,True,0,169.0,4.15,5,4,1,True,True,4.15,4.15,0.0,0,83,0.08812808990478516,4.0,0.15000000000000002,0.85,7,1,0,0,0,0,0,Scholl_BOWMAN8_c06,Scholl_BOWMAN8,Scholl_BOWMAN8,c06,extra_remaining_instances_2026-06-10
epsilon,2,168,True,,False,True,0,138.0,8.5,5,3,2,True,True,8.5,8.5,0.0,0,971,0.16808819770812988,8.0,0.5,0.75,6,2,0,0,0,0,0,Scholl_BOWMAN8_c06,Scholl_BOWMAN8,Scholl_BOWMAN8,c06,extra_remaining_instances_2026-06-10
epsilon,3,137,True,,False,True,0,116.0,16.400000000000002,6,2,4,True,True,16.4,16.4,0.0,0,974,0.17244195938110352,15.0,1.4000000000000001,0.65,4,4,0,0,0,0,0,Scholl_BOWMAN8_c06,Scholl_BOWMAN8,Scholl_BOWMAN8,c06,extra_remaining_instances_2026-06-10
epsilon,4,115,True,,False,True,0,112.0,17.0,5,2,4,True,True,17.0,17.0,0.0,0,1058,0.17771005630493164,16.0,1.0,0.75,1,4,0,0,0,2,1,Scholl_BOWMAN8_c06,Scholl_BOWMAN8,Scholl_BOWMAN8,c06,extra_remaining_instances_2026-06-10
epsilon,5,111,True,,False,True,0,107.0,17.25,5,2,3,True,True,17.25,17.25,0.0,0,1088,0.19917964935302734,17.0,0.25,0.9167,3,5,0,0,0,0,0,Scholl_BOWMAN8_c06,Scholl_BOWMAN8,Scholl_BOWMAN8,c06,extra_remaining_instances_2026-06-10
epsilon,6,106,True,,False,True,0,85.0,24.95,6,1,5,True,True,24.95,24.95,0.0,0,179,0.0739142894744873,24.0,0.9500000000000001,0.81,1,7,0,0,0,0,0,Scholl_BOWMAN8_c06,Scholl_BOWMAN8,Scholl_BOWMAN8,c06,extra_remaining_instances_2026-06-10
epsilon,7,84,False,infeasible,,,0,,,,,,,,,,,,,,,,,,,,,,,,Scholl_BOWMAN8_c06,Scholl_BOWMAN8,Scholl_BOWMAN8,c06,extra_remaining_instances_2026-06-10
E0_HI_only,0,,True,,False,True,0,200.0,0.0,5,5,0,True,True,200.0,200.0,0.0,0,0,0.01073002815246582,0.0,0.0,,8,0,0,0,0,0,0,Scholl_BOWMAN8_c07,Scholl_BOWMAN8,Scholl_BOWMAN8,c07,extra_remaining_instances_2026-06-10
epsilon,1,199,True,,False,True,0,165.0,3.4,4,4,1,True,True,3.4,3.4,0.0,0,269,0.12201333045959473,3.0,0.4,0.6,6,0,0,0,2,0,0,Scholl_BOWMAN8_c07,Scholl_BOWMAN8,Scholl_BOWMAN8,c07,extra_remaining_instances_2026-06-10
epsilon,2,164,True,,False,True,0,125.0,4.25,3,3,1,True,True,4.25,4.25,0.0,0,254,0.1129159927368164,4.0,0.25,0.75,5,0,0,0,3,0,0,Scholl_BOWMAN8_c07,Scholl_BOWMAN8,Scholl_BOWMAN8,c07,extra_remaining_instances_2026-06-10
epsilon,3,124,True,,False,True,0,90.0,9.4,2,2,2,True,True,9.4,9.4,0.0,0,761,0.10480165481567383,9.0,0.4,0.8,0,0,0,0,8,0,0,Scholl_BOWMAN8_c07,Scholl_BOWMAN8,Scholl_BOWMAN8,c07,extra_remaining_instances_2026-06-10
epsilon,4,89,False,infeasible,,,0,,,,,,,,,,,,,,,,,,,,,,,,Scholl_BOWMAN8_c07,Scholl_BOWMAN8,Scholl_BOWMAN8,c07,extra_remaining_instances_2026-06-10
E0_HI_only,0,,True,,False,True,0,200.0,0.0,5,5,0,True,True,200.0,200.0,0.0,0,0,0.012331724166870117,0.0,0.0,,8,0,0,0,0,0,0,Scholl_BOWMAN8_c08,Scholl_BOWMAN8,Scholl_BOWMAN8,c08,extra_remaining_instances_2026-06-10
epsilon,1,199,True,,False,True,0,165.0,3.15,4,4,1,True,True,3.15,3.15,0.0,92,1538,0.16785287857055664,3.0,0.15000000000000002,0.85,6,0,0,0,2,0,0,Scholl_BOWMAN8_c08,Scholl_BOWMAN8,Scholl_BOWMAN8,c08,extra_remaining_instances_2026-06-10
epsilon,2,164,True,,False,True,0,130.0,8.2,3,3,2,True,True,8.2,8.2,0.0,317,6403,0.1303718090057373,8.0,0.2,0.9,3,0,0,0,5,0,0,Scholl_BOWMAN8_c08,Scholl_BOWMAN8,Scholl_BOWMAN8,c08,extra_remaining_instances_2026-06-10
epsilon,3,129,False,infeasible,,,0,,,,,,,,,,,,,,,,,,,,,,,,Scholl_BOWMAN8_c08,Scholl_BOWMAN8,Scholl_BOWMAN8,c08,extra_remaining_instances_2026-06-10
E0_HI_only,0,,True,,False,True,0,200.0,0.0,5,5,0,True,True,200.0,200.0,0.0,0,0,0.011493921279907227,0.0,0.0,,8,0,0,0,0,0,0,Scholl_BOWMAN8_c09,Scholl_BOWMAN8,Scholl_BOWMAN8,c09,extra_remaining_instances_2026-06-10
epsilon,1,199,True,,False,True,0,169.0,5.05,5,4,1,True,True,5.05,5.05,0.0,0,118,0.08889603614807129,5.0,0.05,0.95,7,1,0,0,0,0,0,Scholl_BOWMAN8_c09,Scholl_BOWMAN8,Scholl_BOWMAN8,c09,extra_remaining_instances_2026-06-10
epsilon,2,168,True,,False,True,0,157.0,20.95,6,3,5,True,True,20.95,20.95,0.0,0,62,0.07244992256164551,20.0,0.9500000000000001,0.81,1,3,0,0,4,0,0,Scholl_BOWMAN8_c09,Scholl_BOWMAN8,Scholl_BOWMAN8,c09,extra_remaining_instances_2026-06-10
epsilon,3,156,False,infeasible,,,0,,,,,,,,,,,,,,,,,,,,,,,,Scholl_BOWMAN8_c09,Scholl_BOWMAN8,Scholl_BOWMAN8,c09,extra_remaining_instances_2026-06-10
E0_HI_only,0,,True,,False,True,0,240.0,0.0,6,6,0,True,True,240.0,240.0,0.0,0,0,0.013336181640625,0.0,0.0,,9,0,0,0,0,0,0,Scholl_JAESCHKE_c01,Scholl_JAESCHKE,Scholl_JAESCHKE,c01,full_campaign_median_T_252_2026-06-04
epsilon,1,239,True,,False,True,0,209.0,2.05,6,5,1,True,True,2.05,2.05,0.0,756,18808,0.3205862045288086,2.0,0.05,0.875,8,1,0,0,0,0,0,Scholl_JAESCHKE_c01,Scholl_JAESCHKE,Scholl_JAESCHKE,c01,full_campaign_median_T_252_2026-06-04
epsilon,2,208,True,,False,True,0,205.0,2.15,5,5,1,True,True,2.15,2.15,0.0,409,11938,0.3468790054321289,2.0,0.15000000000000002,0.625,7,0,0,0,2,0,0,Scholl_JAESCHKE_c01,Scholl_JAESCHKE,Scholl_JAESCHKE,c01,full_campaign_median_T_252_2026-06-04
epsilon,3,204,True,,False,True,0,165.0,3.1,4,4,1,True,True,3.1,3.1,0.0,1542,48181,0.563762903213501,3.0,0.1,0.75,6,0,0,0,3,0,0,Scholl_JAESCHKE_c01,Scholl_JAESCHKE,Scholl_JAESCHKE,c01,full_campaign_median_T_252_2026-06-04
epsilon,4,164,True,,False,True,0,134.0,6.05,4,3,2,True,True,6.05,6.05,0.0,2031,123830,1.3121318817138672,6.0,0.05,0.9375,4,1,0,0,4,0,0,Scholl_JAESCHKE_c01,Scholl_JAESCHKE,Scholl_JAESCHKE,c01,full_campaign_median_T_252_2026-06-04
epsilon,5,133,True,,False,True,0,130.0,7.05,3,3,2,True,True,7.05,7.05,0.0,425,32730,0.9333450794219971,7.0,0.05,0.9375,2,0,0,0,7,0,0,Scholl_JAESCHKE_c01,Scholl_JAESCHKE,Scholl_JAESCHKE,c01,full_campaign_median_T_252_2026-06-04
epsilon,6,129,True,,False,True,0,103.0,9.1,4,2,3,True,True,9.1,9.1,0.0,1228,75847,1.1246740818023682,9.0,0.1,0.9167,2,3,0,0,4,0,0,Scholl_JAESCHKE_c01,Scholl_JAESCHKE,Scholl_JAESCHKE,c01,full_campaign_median_T_252_2026-06-04
epsilon,7,102,True,,False,True,0,99.0,10.100000000000001,3,2,3,True,True,10.1,10.1,0.0,0,1817,0.32273197174072266,10.0,0.1,0.9167,0,1,0,0,8,0,0,Scholl_JAESCHKE_c01,Scholl_JAESCHKE,Scholl_JAESCHKE,c01,full_campaign_median_T_252_2026-06-04
epsilon,8,98,True,,False,True,0,81.0,12.45,5,1,5,True,True,12.45,12.45,0.0,0,2141,0.40653419494628906,12.0,0.45,0.775,0,5,0,0,4,0,0,Scholl_JAESCHKE_c01,Scholl_JAESCHKE,Scholl_JAESCHKE,c01,full_campaign_median_T_252_2026-06-04
epsilon,9,80,True,,False,True,0,72.0,17.099999999999998,8,0,8,True,True,17.1,17.1,0.0,0,1101,0.24232697486877441,16.0,1.1,0.6562,0,9,0,0,0,0,0,Scholl_JAESCHKE_c01,Scholl_JAESCHKE,Scholl_JAESCHKE,c01,full_campaign_median_T_252_2026-06-04
epsilon,10,71,False,infeasible,,,0,,,,,,,,,,,,,,,,,,,,,,,,Scholl_JAESCHKE_c01,Scholl_JAESCHKE,Scholl_JAESCHKE,c01,full_campaign_median_T_252_2026-06-04
E0_HI_only,0,,True,,False,True,0,240.0,0.0,6,6,0,True,True,240.0,240.0,0.0,0,0,0.012822151184082031,0.0,0.0,,9,0,0,0,0,0,0,Scholl_JAESCHKE_c02,Scholl_JAESCHKE,Scholl_JAESCHKE,c02,full_campaign_median_T_252_2026-06-04
epsilon,1,239,True,,False,True,0,205.0,2.0,5,5,1,True,True,2.0,2.0,0.0,381,10343,0.29007387161254883,2.0,0.0,1.0,7,0,0,0,2,0,0,Scholl_JAESCHKE_c02,Scholl_JAESCHKE,Scholl_JAESCHKE,c02,full_campaign_median_T_252_2026-06-04
epsilon,2,204,True,,False,True,0,174.0,4.1,5,4,2,True,True,4.1,4.1,0.0,1061,30675,0.410045862197876,4.0,0.1,0.875,6,1,0,0,2,0,0,Scholl_JAESCHKE_c02,Scholl_JAESCHKE,Scholl_JAESCHKE,c02,full_campaign_median_T_252_2026-06-04
epsilon,3,173,True,,False,True,0,147.0,6.299999999999999,6,3,3,True,True,6.3,6.3,0.0,2038,73531,0.9301161766052246,6.0,0.30000000000000004,0.75,6,3,0,0,0,0,0,Scholl_JAESCHKE_c02,Scholl_JAESCHKE,Scholl_JAESCHKE,c02,full_campaign_median_T_252_2026-06-04
epsilon,4,146,True,,False,True,0,143.0,7.1,5,3,3,True,True,7.1,7.1,0.0,696,27453,0.7594597339630127,7.0,0.1,0.9167,4,3,0,0,2,0,0,Scholl_JAESCHKE_c02,Scholl_JAESCHKE,Scholl_JAESCHKE,c02,full_campaign_median_T_252_2026-06-04
epsilon,5,142,True,,False,True,0,121.0,8.6,6,2,5,True,True,8.6,8.6,0.0,668,29154,0.6425740718841553,8.0,0.6000000000000001,0.7,2,4,0,0,0,2,1,Scholl_JAESCHKE_c02,Scholl_JAESCHKE,Scholl_JAESCHKE,c02,full_campaign_median_T_252_2026-06-04
epsilon,6,120,True,,False,True,0,116.0,9.299999999999999,6,2,4,True,True,9.3,9.3,0.0,0,1318,0.3951411247253418,9.0,0.30000000000000004,0.8125,4,5,0,0,0,0,0,Scholl_JAESCHKE_c02,Scholl_JAESCHKE,Scholl_JAESCHKE,c02,full_campaign_median_T_252_2026-06-04
epsilon,7,115,True,,False,True,0,112.0,10.15,5,2,4,True,True,10.15,10.15,0.0,0,1266,0.30660104751586914,10.0,0.15000000000000002,0.9062,2,5,0,0,2,0,0,Scholl_JAESCHKE_c02,Scholl_JAESCHKE,Scholl_JAESCHKE,c02,full_campaign_median_T_252_2026-06-04
epsilon,8,111,True,,False,True,0,99.0,11.95,7,1,7,True,True,11.95,11.95,0.0,0,1048,0.34686779975891113,11.0,0.9500000000000001,0.6607,0,6,0,0,0,2,1,Scholl_JAESCHKE_c02,Scholl_JAESCHKE,Scholl_JAESCHKE,c02,full_campaign_median_T_252_2026-06-04
epsilon,9,98,True,,False,True,0,85.0,12.4,6,1,5,True,True,12.4,12.4,0.0,0,992,0.24742388725280762,12.0,0.4,0.8,2,7,0,0,0,0,0,Scholl_JAESCHKE_c02,Scholl_JAESCHKE,Scholl_JAESCHKE,c02,full_campaign_median_T_252_2026-06-04
epsilon,10,84,True,,False,True,0,63.0,15.75,7,0,7,True,True,15.75,15.75,0.0,0,972,0.2265169620513916,15.0,0.75,0.7321,0,9,0,0,0,0,0,Scholl_JAESCHKE_c02,Scholl_JAESCHKE,Scholl_JAESCHKE,c02,full_campaign_median_T_252_2026-06-04
epsilon,11,62,False,infeasible,,,0,,,,,,,,,,,,,,,,,,,,,,,,Scholl_JAESCHKE_c02,Scholl_JAESCHKE,Scholl_JAESCHKE,c02,full_campaign_median_T_252_2026-06-04
E0_HI_only,0,,True,,False,True,0,240.0,0.0,6,6,0,True,True,240.0,240.0,0.0,0,0,0.012691974639892578,0.0,0.0,,9,0,0,0,0,0,0,Scholl_JAESCHKE_c03,Scholl_JAESCHKE,Scholl_JAESCHKE,c03,full_campaign_median_T_252_2026-06-04
epsilon,1,239,True,,False,True,0,209.0,2.05,6,5,1,True,True,2.05,2.05,0.0,0,576,0.20684814453125,2.0,0.05,0.875,8,1,0,0,0,0,0,Scholl_JAESCHKE_c03,Scholl_JAESCHKE,Scholl_JAESCHKE,c03,full_campaign_median_T_252_2026-06-04
epsilon,2,208,True,,False,True,0,178.0,4.2,6,4,2,True,True,4.2,4.2,0.0,514,12909,0.28957271575927734,4.0,0.2,0.75,7,2,0,0,0,0,0,Scholl_JAESCHKE_c03,Scholl_JAESCHKE,Scholl_JAESCHKE,c03,full_campaign_median_T_252_2026-06-04
epsilon,3,177,True,,False,True,0,147.0,6.3500000000000005,6,3,3,True,True,6.35,6.35,0.0,0,1380,0.377896785736084,6.0,0.35000000000000003,0.7083,6,3,0,0,0,0,0,Scholl_JAESCHKE_c03,Scholl_JAESCHKE,Scholl_JAESCHKE,c03,full_campaign_median_T_252_2026-06-04
epsilon,4,146,True,,False,True,0,116.0,9.350000000000001,6,2,4,True,True,9.35,9.35,0.0,0,1495,0.3513319492340088,9.0,0.35000000000000003,0.7812,4,5,0,0,0,0,0,Scholl_JAESCHKE_c03,Scholl_JAESCHKE,Scholl_JAESCHKE,c03,full_campaign_median_T_252_2026-06-04
epsilon,5,115,True,,False,True,0,85.0,12.450000000000001,6,1,5,True,True,12.45,12.45,0.0,0,1030,0.21466779708862305,12.0,0.45,0.775,2,7,0,0,0,0,0,Scholl_JAESCHKE_c03,Scholl_JAESCHKE,Scholl_JAESCHKE,c03,full_campaign_median_T_252_2026-06-04
epsilon,6,84,True,,False,True,0,63.0,16.749999999999996,7,0,7,True,True,16.75,16.75,0.0,0,1000,0.23062872886657715,16.0,0.75,0.7321,0,9,0,0,0,0,0,Scholl_JAESCHKE_c03,Scholl_JAESCHKE,Scholl_JAESCHKE,c03,full_campaign_median_T_252_2026-06-04
epsilon,7,62,False,infeasible,,,0,,,,,,,,,,,,,,,,,,,,,,,,Scholl_JAESCHKE_c03,Scholl_JAESCHKE,Scholl_JAESCHKE,c03,full_campaign_median_T_252_2026-06-04
E0_HI_only,0,,True,,False,True,0,240.0,0.0,6,6,0,True,True,240.0,240.0,0.0,0,0,0.01309967041015625,0.0,0.0,,9,0,0,0,0,0,0,Scholl_JAESCHKE_c04,Scholl_JAESCHKE,Scholl_JAESCHKE,c04,full_campaign_median_T_252_2026-06-04
epsilon,1,239,True,,False,True,0,209.0,2.0,6,5,1,True,True,2.0,2.0,0.0,464,8983,0.2515871524810791,2.0,0.0,1.0,8,1,0,0,0,0,0,Scholl_JAESCHKE_c04,Scholl_JAESCHKE,Scholl_JAESCHKE,c04,full_campaign_median_T_252_2026-06-04
epsilon,2,208,True,,False,True,0,205.0,2.1,5,5,1,True,True,2.1,2.1,0.0,307,6374,0.23035573959350586,2.0,0.1,0.75,7,0,0,0,2,0,0,Scholl_JAESCHKE_c04,Scholl_JAESCHKE,Scholl_JAESCHKE,c04,full_campaign_median_T_252_2026-06-04
epsilon,3,204,True,,False,True,0,165.0,3.0,4,4,1,True,True,3.0,3.0,0.0,358,11494,0.2564101219177246,3.0,0.0,1.0,6,0,0,0,3,0,0,Scholl_JAESCHKE_c04,Scholl_JAESCHKE,Scholl_JAESCHKE,c04,full_campaign_median_T_252_2026-06-04
epsilon,4,164,True,,False,True,0,147.0,6.1,6,3,3,True,True,6.1,6.1,0.0,561,27391,0.5118298530578613,6.0,0.1,0.9167,6,3,0,0,0,0,0,Scholl_JAESCHKE_c04,Scholl_JAESCHKE,Scholl_JAESCHKE,c04,full_campaign_median_T_252_2026-06-04
epsilon,5,146,True,,False,True,0,143.0,6.2,5,3,3,True,True,6.2,6.2,0.0,0,909,0.28032398223876953,6.0,0.2,0.8333,4,2,0,0,3,0,0,Scholl_JAESCHKE_c04,Scholl_JAESCHKE,Scholl_JAESCHKE,c04,full_campaign_median_T_252_2026-06-04
epsilon,6,142,True,,False,True,0,130.0,7.0,3,3,2,True,True,7.0,7.0,0.0,0,1273,0.33292293548583984,7.0,0.0,1.0,2,0,0,0,7,0,0,Scholl_JAESCHKE_c04,Scholl_JAESCHKE,Scholl_JAESCHKE,c04,full_campaign_median_T_252_2026-06-04
epsilon,7,129,True,,False,True,0,112.0,10.05,5,2,4,True,True,10.05,10.05,0.0,0,1244,0.32815098762512207,10.0,0.05,0.9688,2,4,0,0,3,0,0,Scholl_JAESCHKE_c04,Scholl_JAESCHKE,Scholl_JAESCHKE,c04,full_campaign_median_T_252_2026-06-04
epsilon,8,111,True,,False,True,0,108.0,10.2,4,2,4,True,True,10.2,10.2,0.0,0,1004,0.20464777946472168,10.0,0.2,0.875,0,2,0,0,7,0,0,Scholl_JAESCHKE_c04,Scholl_JAESCHKE,Scholl_JAESCHKE,c04,full_campaign_median_T_252_2026-06-04
epsilon,9,107,True,,False,True,0,90.0,14.3,6,1,6,True,True,14.3,14.3,0.0,0,888,0.20090389251708984,14.0,0.30000000000000004,0.875,0,6,0,0,3,0,0,Scholl_JAESCHKE_c04,Scholl_JAESCHKE,Scholl_JAESCHKE,c04,full_campaign_median_T_252_2026-06-04
epsilon,10,89,False,infeasible,,,0,,,,,,,,,,,,,,,,,,,,,,,,Scholl_JAESCHKE_c04,Scholl_JAESCHKE,Scholl_JAESCHKE,c04,full_campaign_median_T_252_2026-06-04
E0_HI_only,0,,True,,False,True,0,240.0,0.0,6,6,0,True,True,240.0,240.0,0.0,0,0,0.013149023056030273,0.0,0.0,,9,0,0,0,0,0,0,Scholl_JAESCHKE_c05,Scholl_JAESCHKE,Scholl_JAESCHKE,c05,full_campaign_median_T_252_2026-06-04
epsilon,1,239,True,,False,True,0,209.0,2.0,6,5,1,True,True,2.0,2.0,0.0,462,11330,0.24948406219482422,2.0,0.0,1.0,8,1,0,0,0,0,0,Scholl_JAESCHKE_c05,Scholl_JAESCHKE,Scholl_JAESCHKE,c05,full_campaign_median_T_252_2026-06-04
epsilon,2,208,True,,False,True,0,205.0,2.05,5,5,1,True,True,2.05,2.05,0.0,153,3173,0.22308969497680664,2.0,0.05,0.875,7,0,0,0,2,0,0,Scholl_JAESCHKE_c05,Scholl_JAESCHKE,Scholl_JAESCHKE,c05,full_campaign_median_T_252_2026-06-04
epsilon,3,204,True,,False,True,0,178.0,4.0,6,4,2,True,True,4.0,4.0,0.0,712,19527,0.3156452178955078,4.0,0.0,1.0,7,2,0,0,0,0,0,Scholl_JAESCHKE_c05,Scholl_JAESCHKE,Scholl_JAESCHKE,c05,full_campaign_median_T_252_2026-06-04
epsilon,4,177,True,,False,True,0,174.0,4.05,5,4,2,True,True,4.05,4.05,0.0,0,1247,0.3220200538635254,4.0,0.05,0.9375,6,1,0,0,2,0,0,Scholl_JAESCHKE_c05,Scholl_JAESCHKE,Scholl_JAESCHKE,c05,full_campaign_median_T_252_2026-06-04
epsilon,5,173,True,,False,True,0,170.0,5.05,4,4,2,True,True,5.05,5.05,0.0,644,20309,0.4395730495452881,5.0,0.05,0.9375,4,0,0,0,5,0,0,Scholl_JAESCHKE_c05,Scholl_JAESCHKE,Scholl_JAESCHKE,c05,full_campaign_median_T_252_2026-06-04
epsilon,6,169,True,,False,True,0,147.0,6.05,6,3,3,True,True,6.05,6.05,0.0,1345,29786,0.3816561698913574,6.0,0.05,0.9583,6,3,0,0,0,0,0,Scholl_JAESCHKE_c05,Scholl_JAESCHKE,Scholl_JAESCHKE,c05,full_campaign_median_T_252_2026-06-04
epsilon,7,146,True,,False,True,0,143.0,7.05,5,3,3,True,True,7.05,7.05,0.0,0,1655,0.30985188484191895,7.0,0.05,0.9583,4,2,0,0,3,0,0,Scholl_JAESCHKE_c05,Scholl_JAESCHKE,Scholl_JAESCHKE,c05,full_campaign_median_T_252_2026-06-04
epsilon,8,142,True,,False,True,0,121.0,10.150000000000002,6,2,5,True,True,10.15,10.15,0.0,853,17495,0.4244561195373535,10.0,0.15000000000000002,0.925,2,4,0,0,0,2,1,Scholl_JAESCHKE_c05,Scholl_JAESCHKE,Scholl_JAESCHKE,c05,full_campaign_median_T_252_2026-06-04
epsilon,9,120,True,,False,True,0,94.0,14.100000000000001,7,1,6,True,True,14.1,14.1,0.0,0,1504,0.3096959590911865,14.0,0.1,0.9583,2,7,0,0,0,0,0,Scholl_JAESCHKE_c05,Scholl_JAESCHKE,Scholl_JAESCHKE,c05,full_campaign_median_T_252_2026-06-04
epsilon,10,93,True,,False,True,0,72.0,18.4,8,0,8,True,True,18.4,18.4,0.0,0,1111,0.20738720893859863,18.0,0.4,0.875,0,9,0,0,0,0,0,Scholl_JAESCHKE_c05,Scholl_JAESCHKE,Scholl_JAESCHKE,c05,full_campaign_median_T_252_2026-06-04
epsilon,11,71,False,infeasible,,,0,,,,,,,,,,,,,,,,,,,,,,,,Scholl_JAESCHKE_c05,Scholl_JAESCHKE,Scholl_JAESCHKE,c05,full_campaign_median_T_252_2026-06-04
E0_HI_only,0,,True,,False,True,0,240.0,0.0,6,6,0,True,True,240.0,240.0,0.0,0,0,0.012642145156860352,0.0,0.0,,9,0,0,0,0,0,0,Scholl_JAESCHKE_c06,Scholl_JAESCHKE,Scholl_JAESCHKE,c06,full_campaign_median_T_252_2026-06-04
epsilon,1,239,True,,False,True,0,209.0,2.0,6,5,1,True,True,2.0,2.0,0.0,0,691,0.19949913024902344,2.0,0.0,1.0,8,1,0,0,0,0,0,Scholl_JAESCHKE_c06,Scholl_JAESCHKE,Scholl_JAESCHKE,c06,full_campaign_median_T_252_2026-06-04
epsilon,2,208,True,,False,True,0,178.0,4.05,6,4,2,True,True,4.05,4.05,0.0,354,5757,0.20301604270935059,4.0,0.05,0.9375,7,2,0,0,0,0,0,Scholl_JAESCHKE_c06,Scholl_JAESCHKE,Scholl_JAESCHKE,c06,full_campaign_median_T_252_2026-06-04
epsilon,3,177,True,,False,True,0,147.0,6.1499999999999995,6,3,3,True,True,6.15,6.15,0.0,0,1519,0.33127713203430176,6.0,0.15000000000000002,0.875,6,3,0,0,0,0,0,Scholl_JAESCHKE_c06,Scholl_JAESCHKE,Scholl_JAESCHKE,c06,full_campaign_median_T_252_2026-06-04
epsilon,4,146,True,,False,True,0,121.0,10.299999999999999,6,2,5,True,True,10.3,10.3,0.0,0,1637,0.32507801055908203,10.0,0.30000000000000004,0.85,2,4,0,0,0,2,1,Scholl_JAESCHKE_c06,Scholl_JAESCHKE,Scholl_JAESCHKE,c06,full_campaign_median_T_252_2026-06-04
epsilon,5,120,True,,False,True,0,94.0,14.3,7,1,6,True,True,14.3,14.3,0.0,0,1550,0.3066527843475342,14.0,0.30000000000000004,0.875,2,7,0,0,0,0,0,Scholl_JAESCHKE_c06,Scholl_JAESCHKE,Scholl_JAESCHKE,c06,full_campaign_median_T_252_2026-06-04
epsilon,6,93,True,,False,True,0,72.0,19.45,8,0,8,True,True,19.45,19.45,0.0,0,1025,0.21653103828430176,19.0,0.45,0.8594,0,9,0,0,0,0,0,Scholl_JAESCHKE_c06,Scholl_JAESCHKE,Scholl_JAESCHKE,c06,full_campaign_median_T_252_2026-06-04
epsilon,7,71,False,infeasible,,,0,,,,,,,,,,,,,,,,,,,,,,,,Scholl_JAESCHKE_c06,Scholl_JAESCHKE,Scholl_JAESCHKE,c06,full_campaign_median_T_252_2026-06-04
E0_HI_only,0,,True,,False,True,0,240.0,0.0,6,6,0,True,True,240.0,240.0,0.0,0,0,0.01293802261352539,0.0,0.0,,9,0,0,0,0,0,0,Scholl_JAESCHKE_c07,Scholl_JAESCHKE,Scholl_JAESCHKE,c07,full_campaign_median_T_252_2026-06-04
epsilon,1,239,True,,False,True,0,209.0,2.0,6,5,1,True,True,2.0,2.0,0.0,650,10682,0.16707491874694824,2.0,0.0,1.0,8,1,0,0,0,0,0,Scholl_JAESCHKE_c07,Scholl_JAESCHKE,Scholl_JAESCHKE,c07,full_campaign_median_T_252_2026-06-04
epsilon,2,208,True,,False,True,0,205.0,2.15,5,5,1,True,True,2.15,2.15,0.0,0,659,0.15078973770141602,2.0,0.15000000000000002,0.625,7,0,0,0,2,0,0,Scholl_JAESCHKE_c07,Scholl_JAESCHKE,Scholl_JAESCHKE,c07,full_campaign_median_T_252_2026-06-04
epsilon,3,204,True,,False,True,0,165.0,3.1,4,4,1,True,True,3.1,3.1,0.0,494,8974,0.18581771850585938,3.0,0.1,0.75,6,0,0,0,3,0,0,Scholl_JAESCHKE_c07,Scholl_JAESCHKE,Scholl_JAESCHKE,c07,full_campaign_median_T_252_2026-06-04
epsilon,4,164,True,,False,True,0,134.0,6.0,4,3,2,True,True,6.0,6.0,0.0,0,1290,0.2147541046142578,6.0,0.0,1.0,4,1,0,0,4,0,0,Scholl_JAESCHKE_c07,Scholl_JAESCHKE,Scholl_JAESCHKE,c07,full_campaign_median_T_252_2026-06-04
epsilon,5,133,True,,False,True,0,130.0,7.05,3,3,2,True,True,7.05,7.05,0.0,0,682,0.13664889335632324,7.0,0.05,0.9375,2,0,0,0,7,0,0,Scholl_JAESCHKE_c07,Scholl_JAESCHKE,Scholl_JAESCHKE,c07,full_campaign_median_T_252_2026-06-04
epsilon,6,129,False,infeasible,,,0,,,,,,,,,,,,,,,,,,,,,,,,Scholl_JAESCHKE_c07,Scholl_JAESCHKE,Scholl_JAESCHKE,c07,full_campaign_median_T_252_2026-06-04
E0_HI_only,0,,True,,False,True,0,240.0,0.0,6,6,0,True,True,240.0,240.0,0.0,0,0,0.013449907302856445,0.0,0.0,,9,0,0,0,0,0,0,Scholl_JAESCHKE_c08,Scholl_JAESCHKE,Scholl_JAESCHKE,c08,full_campaign_median_T_252_2026-06-04
epsilon,1,239,True,,False,True,0,205.0,2.05,5,5,1,True,True,2.05,2.05,0.0,649,11162,0.19826364517211914,2.0,0.05,0.875,7,0,0,0,2,0,0,Scholl_JAESCHKE_c08,Scholl_JAESCHKE,Scholl_JAESCHKE,c08,full_campaign_median_T_252_2026-06-04
epsilon,2,204,True,,False,True,0,170.0,5.05,4,4,2,True,True,5.05,5.05,0.0,603,12909,0.2294142246246338,5.0,0.05,0.9375,4,0,0,0,5,0,0,Scholl_JAESCHKE_c08,Scholl_JAESCHKE,Scholl_JAESCHKE,c08,full_campaign_median_T_252_2026-06-04
epsilon,3,169,True,,False,True,0,144.0,10.0,4,3,4,True,True,10.0,10.0,0.0,0,1237,0.20228910446166992,10.0,0.0,1.0,0,1,0,0,8,0,0,Scholl_JAESCHKE_c08,Scholl_JAESCHKE,Scholl_JAESCHKE,c08,full_campaign_median_T_252_2026-06-04
epsilon,4,143,False,infeasible,,,0,,,,,,,,,,,,,,,,,,,,,,,,Scholl_JAESCHKE_c08,Scholl_JAESCHKE,Scholl_JAESCHKE,c08,full_campaign_median_T_252_2026-06-04
E0_HI_only,0,,True,,False,True,0,240.0,0.0,6,6,0,True,True,240.0,240.0,0.0,0,0,0.013248920440673828,0.0,0.0,,9,0,0,0,0,0,0,Scholl_JAESCHKE_c09,Scholl_JAESCHKE,Scholl_JAESCHKE,c09,full_campaign_median_T_252_2026-06-04
epsilon,1,239,False,infeasible,,,0,,,,,,,,,,,,,,,,,,,,,,,,Scholl_JAESCHKE_c09,Scholl_JAESCHKE,Scholl_JAESCHKE,c09,full_campaign_median_T_252_2026-06-04
E0_HI_only,0,,True,,False,True,0,200.0,0.0,5,5,0,True,True,200.0,200.0,0.0,0,125,0.015004158020019531,0.0,0.0,,11,0,0,0,0,0,0,Scholl_JACKSON_c01,Scholl_JACKSON,Scholl_JACKSON,c01,extra_remaining_instances_2026-06-10
epsilon,1,199,True,,False,True,0,165.0,1.25,4,4,1,True,True,1.25,1.25,0.0,185,10576,0.5519840717315674,1.0,0.25,0.5455,8,0,0,0,0,2,1,Scholl_JACKSON_c01,Scholl_JACKSON,Scholl_JACKSON,c01,extra_remaining_instances_2026-06-10
epsilon,2,164,True,,False,True,0,125.0,5.0,3,3,1,True,True,5.0,5.0,0.0,3856,100119,1.6086149215698242,5.0,0.0,1.0,6,0,0,0,5,0,0,Scholl_JACKSON_c01,Scholl_JACKSON,Scholl_JACKSON,c01,extra_remaining_instances_2026-06-10
epsilon,3,124,True,,False,True,0,103.0,8.5,4,2,3,True,True,8.5,8.5,0.0,4849,96253,1.7110249996185303,8.0,0.5,0.697,4,3,0,0,4,0,0,Scholl_JACKSON_c01,Scholl_JACKSON,Scholl_JACKSON,c01,extra_remaining_instances_2026-06-10
epsilon,4,102,True,,False,True,0,94.0,9.0,3,2,2,True,True,9.0,9.0,0.0,0,3458,0.844653844833374,9.0,0.0,1.0,4,2,0,0,5,0,0,Scholl_JACKSON_c01,Scholl_JACKSON,Scholl_JACKSON,c01,extra_remaining_instances_2026-06-10
epsilon,5,93,True,,False,True,0,90.0,11.0,2,2,2,True,True,11.0,11.0,0.0,0,3982,0.8430700302124023,11.0,0.0,1.0,0,0,0,0,11,0,0,Scholl_JACKSON_c01,Scholl_JACKSON,Scholl_JACKSON,c01,extra_remaining_instances_2026-06-10
epsilon,6,89,True,,False,True,0,76.0,13.200000000000001,5,1,4,True,True,13.2,13.2,0.0,1009,49771,1.393784761428833,13.0,0.2,0.9091,3,8,0,0,0,0,0,Scholl_JACKSON_c01,Scholl_JACKSON,Scholl_JACKSON,c01,extra_remaining_instances_2026-06-10
epsilon,7,75,True,,False,True,0,72.0,13.400000000000002,4,1,4,True,True,13.4,13.4,0.0,0,2242,0.5359311103820801,13.0,0.4,0.8182,0,6,0,0,5,0,0,Scholl_JACKSON_c01,Scholl_JACKSON,Scholl_JACKSON,c01,extra_remaining_instances_2026-06-10
epsilon,8,71,True,,False,True,0,45.0,18.200000000000003,5,0,5,True,True,18.2,18.2,0.0,0,1729,0.40403103828430176,18.0,0.2,0.9273,0,11,0,0,0,0,0,Scholl_JACKSON_c01,Scholl_JACKSON,Scholl_JACKSON,c01,extra_remaining_instances_2026-06-10
epsilon,9,44,False,infeasible,,,0,,,,,,,,,,,,,,,,,,,,,,,,Scholl_JACKSON_c01,Scholl_JACKSON,Scholl_JACKSON,c01,extra_remaining_instances_2026-06-10
E0_HI_only,0,,True,,False,True,0,200.0,0.0,5,5,0,True,True,200.0,200.0,0.0,0,125,0.014268875122070312,0.0,0.0,,11,0,0,0,0,0,0,Scholl_JACKSON_c02,Scholl_JACKSON,Scholl_JACKSON,c02,extra_remaining_instances_2026-06-10
epsilon,1,199,True,,False,True,0,165.0,2.0,4,4,1,True,True,2.0,2.0,0.0,1614,54982,0.8882129192352295,2.0,0.0,1.0,7,0,0,0,0,2,2,Scholl_JACKSON_c02,Scholl_JACKSON,Scholl_JACKSON,c02,extra_remaining_instances_2026-06-10
epsilon,2,164,True,,False,True,0,147.0,5.8500000000000005,6,3,3,True,True,5.85,5.85,0.0,9374,307774,5.567458152770996,5.0,0.8500000000000001,0.4848,8,3,0,0,0,0,0,Scholl_JACKSON_c02,Scholl_JACKSON,Scholl_JACKSON,c02,extra_remaining_instances_2026-06-10
epsilon,3,146,True,,False,True,0,134.0,6.1,4,3,2,True,True,6.1,6.1,0.0,5719,227974,2.3519599437713623,6.0,0.1,0.9091,5,2,0,0,0,2,2,Scholl_JACKSON_c02,Scholl_JACKSON,Scholl_JACKSON,c02,extra_remaining_instances_2026-06-10
epsilon,4,133,True,,False,True,0,116.0,9.95,6,2,4,True,True,9.95,9.95,0.0,14753,925480,18.29576873779297,9.0,0.9500000000000001,0.5682,6,5,0,0,0,0,0,Scholl_JACKSON_c02,Scholl_JACKSON,Scholl_JACKSON,c02,extra_remaining_instances_2026-06-10
epsilon,5,115,True,,False,True,0,107.0,10.15,5,2,3,True,True,10.15,10.15,0.0,2567,78535,1.5336189270019531,10.0,0.15000000000000002,0.9091,5,6,0,0,0,0,0,Scholl_JACKSON_c02,Scholl_JACKSON,Scholl_JACKSON,c02,extra_remaining_instances_2026-06-10
epsilon,6,106,True,,False,True,0,103.0,11.1,4,2,3,True,True,11.1,11.1,0.0,1206,69773,1.468200922012329,11.0,0.1,0.9394,2,5,0,0,0,2,2,Scholl_JACKSON_c02,Scholl_JACKSON,Scholl_JACKSON,c02,extra_remaining_instances_2026-06-10
epsilon,7,102,True,,False,True,0,76.0,14.25,5,1,4,True,True,14.25,14.25,0.0,2253,88498,1.5698862075805664,14.0,0.25,0.8864,3,8,0,0,0,0,0,Scholl_JACKSON_c02,Scholl_JACKSON,Scholl_JACKSON,c02,extra_remaining_instances_2026-06-10
epsilon,8,75,True,,False,True,0,45.0,19.250000000000004,5,0,5,True,True,19.25,19.25,0.0,0,1341,0.29434967041015625,19.0,0.25,0.9091,0,11,0,0,0,0,0,Scholl_JACKSON_c02,Scholl_JACKSON,Scholl_JACKSON,c02,extra_remaining_instances_2026-06-10
epsilon,9,44,False,infeasible,,,0,,,,,,,,,,,,,,,,,,,,,,,,Scholl_JACKSON_c02,Scholl_JACKSON,Scholl_JACKSON,c02,extra_remaining_instances_2026-06-10
E0_HI_only,0,,True,,False,True,0,200.0,0.0,5,5,0,True,True,200.0,200.0,0.0,0,125,0.014263153076171875,0.0,0.0,,11,0,0,0,0,0,0,Scholl_JACKSON_c03,Scholl_JACKSON,Scholl_JACKSON,c03,extra_remaining_instances_2026-06-10
epsilon,1,199,True,,False,True,0,169.0,2.2,5,4,1,True,True,2.2,2.2,0.0,1643,46991,0.8533139228820801,2.0,0.2,0.6364,10,1,0,0,0,0,0,Scholl_JACKSON_c03,Scholl_JACKSON,Scholl_JACKSON,c03,extra_remaining_instances_2026-06-10
epsilon,2,168,True,,False,True,0,147.0,5.8500000000000005,6,3,3,True,True,5.85,5.85,0.0,6344,150831,2.259934902191162,5.0,0.8500000000000001,0.4848,8,3,0,0,0,0,0,Scholl_JACKSON_c03,Scholl_JACKSON,Scholl_JACKSON,c03,extra_remaining_instances_2026-06-10
epsilon,3,146,True,,False,True,0,138.0,6.2,5,3,2,True,True,6.2,6.2,0.0,3026,115659,1.5833206176757812,6.0,0.2,0.8182,8,3,0,0,0,0,0,Scholl_JACKSON_c03,Scholl_JACKSON,Scholl_JACKSON,c03,extra_remaining_instances_2026-06-10
epsilon,4,137,True,,False,True,0,116.0,9.85,6,2,4,True,True,9.85,9.85,0.0,7034,273419,4.584074974060059,9.0,0.8500000000000001,0.6136,6,5,0,0,0,0,0,Scholl_JACKSON_c03,Scholl_JACKSON,Scholl_JACKSON,c03,extra_remaining_instances_2026-06-10
epsilon,5,115,True,,False,True,0,107.0,10.2,5,2,3,True,True,10.2,10.2,0.0,1539,58595,1.9565861225128174,10.0,0.2,0.8788,6,5,0,0,0,0,0,Scholl_JACKSON_c03,Scholl_JACKSON,Scholl_JACKSON,c03,extra_remaining_instances_2026-06-10
epsilon,6,106,True,,False,True,0,76.0,14.25,5,1,4,True,True,14.25,14.25,0.0,1083,42801,1.3593459129333496,14.0,0.25,0.8864,4,7,0,0,0,0,0,Scholl_JACKSON_c03,Scholl_JACKSON,Scholl_JACKSON,c03,extra_remaining_instances_2026-06-10
epsilon,7,75,True,,False,True,0,45.0,19.2,5,0,5,True,True,19.2,19.2,0.0,0,1344,0.29850196838378906,19.0,0.2,0.9273,0,11,0,0,0,0,0,Scholl_JACKSON_c03,Scholl_JACKSON,Scholl_JACKSON,c03,extra_remaining_instances_2026-06-10
epsilon,8,44,False,infeasible,,,0,,,,,,,,,,,,,,,,,,,,,,,,Scholl_JACKSON_c03,Scholl_JACKSON,Scholl_JACKSON,c03,extra_remaining_instances_2026-06-10
E0_HI_only,0,,True,,False,True,0,200.0,0.0,5,5,0,True,True,200.0,200.0,0.0,0,125,0.014377832412719727,0.0,0.0,,11,0,0,0,0,0,0,Scholl_JACKSON_c04,Scholl_JACKSON,Scholl_JACKSON,c04,extra_remaining_instances_2026-06-10
epsilon,1,199,True,,False,True,0,169.0,2.15,5,4,1,True,True,2.15,2.15,0.0,853,39349,0.6891448497772217,2.0,0.15000000000000002,0.7273,10,1,0,0,0,0,0,Scholl_JACKSON_c04,Scholl_JACKSON,Scholl_JACKSON,c04,extra_remaining_instances_2026-06-10
epsilon,2,168,True,,False,True,0,165.0,3.1,4,4,1,True,True,3.1,3.1,0.0,280,16729,0.4880790710449219,3.0,0.1,0.8182,8,0,0,0,3,0,0,Scholl_JACKSON_c04,Scholl_JACKSON,Scholl_JACKSON,c04,extra_remaining_instances_2026-06-10
epsilon,3,164,True,,False,True,0,134.0,6.15,4,3,2,True,True,6.15,6.15,0.0,3623,134539,1.3612737655639648,6.0,0.15000000000000002,0.8636,6,1,0,0,4,0,0,Scholl_JACKSON_c04,Scholl_JACKSON,Scholl_JACKSON,c04,extra_remaining_instances_2026-06-10
epsilon,4,133,True,,False,True,0,130.0,7.1499999999999995,3,3,2,True,True,7.15,7.15,0.0,1775,71700,0.9520628452301025,7.0,0.15000000000000002,0.8636,4,0,0,0,7,0,0,Scholl_JACKSON_c04,Scholl_JACKSON,Scholl_JACKSON,c04,extra_remaining_instances_2026-06-10
epsilon,5,129,True,,False,True,0,112.0,10.6,5,2,4,True,True,10.6,10.6,0.0,3392,131255,1.51308274269104,10.0,0.6000000000000001,0.7273,4,3,0,0,4,0,0,Scholl_JACKSON_c04,Scholl_JACKSON,Scholl_JACKSON,c04,extra_remaining_instances_2026-06-10
epsilon,6,111,True,,False,True,0,103.0,11.100000000000001,4,2,3,True,True,11.1,11.1,0.0,0,5060,0.8721261024475098,11.0,0.1,0.9394,4,2,0,0,5,0,0,Scholl_JACKSON_c04,Scholl_JACKSON,Scholl_JACKSON,c04,extra_remaining_instances_2026-06-10
epsilon,7,102,True,,False,True,0,99.0,12.150000000000002,3,2,3,True,True,12.15,12.15,0.0,0,3350,0.7066643238067627,12.0,0.15000000000000002,0.9091,0,3,0,0,8,0,0,Scholl_JACKSON_c04,Scholl_JACKSON,Scholl_JACKSON,c04,extra_remaining_instances_2026-06-10
epsilon,8,98,True,,False,True,0,94.0,16.7,7,1,6,True,True,16.7,16.7,0.0,373,47811,1.2331089973449707,16.0,0.7000000000000001,0.7879,4,7,0,0,0,0,0,Scholl_JACKSON_c04,Scholl_JACKSON,Scholl_JACKSON,c04,extra_remaining_instances_2026-06-10
epsilon,9,93,True,,False,True,0,90.0,16.799999999999997,6,1,6,True,True,16.8,16.8,0.0,440,39806,1.055103063583374,16.0,0.8,0.7576,0,7,0,0,4,0,0,Scholl_JACKSON_c04,Scholl_JACKSON,Scholl_JACKSON,c04,extra_remaining_instances_2026-06-10
epsilon,10,89,True,,False,True,0,81.0,17.4,5,1,5,True,True,17.4,17.4,0.0,0,2012,0.6272609233856201,17.0,0.4,0.8545,0,6,0,0,5,0,0,Scholl_JACKSON_c04,Scholl_JACKSON,Scholl_JACKSON,c04,extra_remaining_instances_2026-06-10
epsilon,11,80,True,,False,True,0,72.0,23.950000000000003,8,0,8,True,True,23.95,23.95,0.0,0,1177,0.2923619747161865,23.0,0.9500000000000001,0.7841,0,11,0,0,0,0,0,Scholl_JACKSON_c04,Scholl_JACKSON,Scholl_JACKSON,c04,extra_remaining_instances_2026-06-10
epsilon,12,71,False,infeasible,,,0,,,,,,,,,,,,,,,,,,,,,,,,Scholl_JACKSON_c04,Scholl_JACKSON,Scholl_JACKSON,c04,extra_remaining_instances_2026-06-10
E0_HI_only,0,,True,,False,True,0,200.0,0.0,5,5,0,True,True,200.0,200.0,0.0,0,125,0.014618873596191406,0.0,0.0,,11,0,0,0,0,0,0,Scholl_JACKSON_c05,Scholl_JACKSON,Scholl_JACKSON,c05,extra_remaining_instances_2026-06-10
epsilon,1,199,True,,False,True,0,169.0,2.2,5,4,1,True,True,2.2,2.2,0.0,797,28036,0.6045901775360107,2.0,0.2,0.6364,10,1,0,0,0,0,0,Scholl_JACKSON_c05,Scholl_JACKSON,Scholl_JACKSON,c05,extra_remaining_instances_2026-06-10
epsilon,2,168,True,,False,True,0,165.0,3.0,4,4,1,True,True,3.0,3.0,0.0,302,16642,0.517399787902832,3.0,0.0,1.0,8,0,0,0,3,0,0,Scholl_JACKSON_c05,Scholl_JACKSON,Scholl_JACKSON,c05,extra_remaining_instances_2026-06-10
epsilon,3,164,True,,False,True,0,147.0,6.6000000000000005,6,3,3,True,True,6.6,6.6,0.0,4272,131940,1.4970190525054932,6.0,0.6000000000000001,0.6364,8,3,0,0,0,0,0,Scholl_JACKSON_c05,Scholl_JACKSON,Scholl_JACKSON,c05,extra_remaining_instances_2026-06-10
epsilon,4,146,True,,False,True,0,134.0,7.05,4,3,2,True,True,7.05,7.05,0.0,3231,130330,1.6776950359344482,7.0,0.05,0.9545,6,1,0,0,4,0,0,Scholl_JACKSON_c05,Scholl_JACKSON,Scholl_JACKSON,c05,extra_remaining_instances_2026-06-10
epsilon,5,133,True,,False,True,0,116.0,11.35,6,2,4,True,True,11.35,11.35,0.0,5737,181593,2.481696128845215,11.0,0.35000000000000003,0.8409,6,5,0,0,0,0,0,Scholl_JACKSON_c05,Scholl_JACKSON,Scholl_JACKSON,c05,extra_remaining_instances_2026-06-10
epsilon,6,115,True,,False,True,0,112.0,12.15,5,2,4,True,True,12.15,12.15,0.0,1596,78118,1.7178261280059814,12.0,0.15000000000000002,0.9318,4,4,0,0,3,0,0,Scholl_JACKSON_c05,Scholl_JACKSON,Scholl_JACKSON,c05,extra_remaining_instances_2026-06-10
epsilon,7,111,True,,False,True,0,94.0,17.55,7,1,6,True,True,17.55,17.55,0.0,1861,96135,1.8903591632843018,17.0,0.55,0.8333,4,7,0,0,0,0,0,Scholl_JACKSON_c05,Scholl_JACKSON,Scholl_JACKSON,c05,extra_remaining_instances_2026-06-10
epsilon,8,93,True,,False,True,0,90.0,19.35,6,1,6,True,True,19.35,19.35,0.0,672,33350,1.0765719413757324,19.0,0.35000000000000003,0.8939,0,8,0,0,3,0,0,Scholl_JACKSON_c05,Scholl_JACKSON,Scholl_JACKSON,c05,extra_remaining_instances_2026-06-10
epsilon,9,89,True,,False,True,0,72.0,24.75,8,0,8,True,True,24.75,24.75,0.0,0,2430,0.5210990905761719,24.0,0.75,0.8295,0,11,0,0,0,0,0,Scholl_JACKSON_c05,Scholl_JACKSON,Scholl_JACKSON,c05,extra_remaining_instances_2026-06-10
epsilon,10,71,False,infeasible,,,0,,,,,,,,,,,,,,,,,,,,,,,,Scholl_JACKSON_c05,Scholl_JACKSON,Scholl_JACKSON,c05,extra_remaining_instances_2026-06-10
E0_HI_only,0,,True,,False,True,0,200.0,0.0,5,5,0,True,True,200.0,200.0,0.0,0,125,0.015609979629516602,0.0,0.0,,11,0,0,0,0,0,0,Scholl_JACKSON_c06,Scholl_JACKSON,Scholl_JACKSON,c06,extra_remaining_instances_2026-06-10
epsilon,1,199,True,,False,True,0,169.0,2.2,5,4,1,True,True,2.2,2.2,0.0,632,21450,0.49707698822021484,2.0,0.2,0.6364,10,1,0,0,0,0,0,Scholl_JACKSON_c06,Scholl_JACKSON,Scholl_JACKSON,c06,extra_remaining_instances_2026-06-10
epsilon,2,168,True,,False,True,0,147.0,6.65,6,3,3,True,True,6.65,6.65,0.0,5018,144461,1.5677220821380615,6.0,0.65,0.6061,8,3,0,0,0,0,0,Scholl_JACKSON_c06,Scholl_JACKSON,Scholl_JACKSON,c06,extra_remaining_instances_2026-06-10
epsilon,3,146,True,,False,True,0,138.0,8.0,5,3,2,True,True,8.0,8.0,0.0,4738,104242,1.1612298488616943,8.0,0.0,1.0,8,3,0,0,0,0,0,Scholl_JACKSON_c06,Scholl_JACKSON,Scholl_JACKSON,c06,extra_remaining_instances_2026-06-10
epsilon,4,137,True,,False,True,0,116.0,11.400000000000002,6,2,4,True,True,11.4,11.4,0.0,10488,308842,4.983062744140625,11.0,0.4,0.8182,5,6,0,0,0,0,0,Scholl_JACKSON_c06,Scholl_JACKSON,Scholl_JACKSON,c06,extra_remaining_instances_2026-06-10
epsilon,5,115,True,,False,True,0,94.0,17.650000000000002,7,1,6,True,True,17.65,17.65,0.0,2680,112780,1.7352700233459473,17.0,0.65,0.803,3,8,0,0,0,0,0,Scholl_JACKSON_c06,Scholl_JACKSON,Scholl_JACKSON,c06,extra_remaining_instances_2026-06-10
epsilon,6,93,True,,False,True,0,72.0,24.900000000000002,8,0,8,True,True,24.9,24.9,0.0,139,14674,0.7754292488098145,24.0,0.9,0.7955,0,11,0,0,0,0,0,Scholl_JACKSON_c06,Scholl_JACKSON,Scholl_JACKSON,c06,extra_remaining_instances_2026-06-10
epsilon,7,71,False,infeasible,,,0,,,,,,,,,,,,,,,,,,,,,,,,Scholl_JACKSON_c06,Scholl_JACKSON,Scholl_JACKSON,c06,extra_remaining_instances_2026-06-10
E0_HI_only,0,,True,,False,True,0,200.0,0.0,5,5,0,True,True,200.0,200.0,0.0,0,125,0.014693975448608398,0.0,0.0,,11,0,0,0,0,0,0,Scholl_JACKSON_c07,Scholl_JACKSON,Scholl_JACKSON,c07,extra_remaining_instances_2026-06-10
epsilon,1,199,True,,False,True,0,169.0,2.15,5,4,1,True,True,2.15,2.15,0.0,361,11832,0.39259791374206543,2.0,0.15000000000000002,0.7273,10,1,0,0,0,0,0,Scholl_JACKSON_c07,Scholl_JACKSON,Scholl_JACKSON,c07,extra_remaining_instances_2026-06-10
epsilon,2,168,True,,False,True,0,165.0,3.15,4,4,1,True,True,3.15,3.15,0.0,138,7500,0.357219934463501,3.0,0.15000000000000002,0.7273,8,0,0,0,3,0,0,Scholl_JACKSON_c07,Scholl_JACKSON,Scholl_JACKSON,c07,extra_remaining_instances_2026-06-10
epsilon,3,164,True,,False,True,0,125.0,5.0,3,3,1,True,True,5.0,5.0,0.0,752,38820,0.581186056137085,5.0,0.0,1.0,6,0,0,0,5,0,0,Scholl_JACKSON_c07,Scholl_JACKSON,Scholl_JACKSON,c07,extra_remaining_instances_2026-06-10
epsilon,4,124,True,,False,True,0,90.0,11.0,2,2,2,True,True,11.0,11.0,0.0,232,8283,0.29831385612487793,11.0,0.0,1.0,0,0,0,0,11,0,0,Scholl_JACKSON_c07,Scholl_JACKSON,Scholl_JACKSON,c07,extra_remaining_instances_2026-06-10
epsilon,5,89,False,infeasible,,,0,,,,,,,,,,,,,,,,,,,,,,,,Scholl_JACKSON_c07,Scholl_JACKSON,Scholl_JACKSON,c07,extra_remaining_instances_2026-06-10
E0_HI_only,0,,True,,False,True,0,200.0,0.0,5,5,0,True,True,200.0,200.0,0.0,0,125,0.015055179595947266,0.0,0.0,,11,0,0,0,0,0,0,Scholl_JACKSON_c08,Scholl_JACKSON,Scholl_JACKSON,c08,extra_remaining_instances_2026-06-10
epsilon,1,199,True,,False,True,0,165.0,3.0,4,4,1,True,True,3.0,3.0,0.0,1177,44758,0.5452888011932373,3.0,0.0,1.0,8,0,0,0,3,0,0,Scholl_JACKSON_c08,Scholl_JACKSON,Scholl_JACKSON,c08,extra_remaining_instances_2026-06-10
epsilon,2,164,True,,False,True,0,139.0,9.05,4,3,3,True,True,9.05,9.05,0.0,1254,41347,0.5880329608917236,9.0,0.05,0.9697,4,1,0,0,6,0,0,Scholl_JACKSON_c08,Scholl_JACKSON,Scholl_JACKSON,c08,extra_remaining_instances_2026-06-10
epsilon,3,138,True,,False,True,0,130.0,17.600000000000005,7,2,6,True,True,17.6,17.6,0.0,346,19937,0.49410390853881836,17.0,0.6000000000000001,0.8182,2,6,0,0,3,0,0,Scholl_JACKSON_c08,Scholl_JACKSON,Scholl_JACKSON,c08,extra_remaining_instances_2026-06-10
epsilon,4,129,True,,False,True,0,126.0,18.350000000000005,6,2,6,True,True,18.35,18.35,0.0,0,247,0.24692678451538086,18.0,0.35000000000000003,0.8939,0,5,0,0,6,0,0,Scholl_JACKSON_c08,Scholl_JACKSON,Scholl_JACKSON,c08,extra_remaining_instances_2026-06-10
epsilon,5,125,False,infeasible,,,0,,,,,,,,,,,,,,,,,,,,,,,,Scholl_JACKSON_c08,Scholl_JACKSON,Scholl_JACKSON,c08,extra_remaining_instances_2026-06-10
E0_HI_only,0,,True,,False,True,0,200.0,0.0,5,5,0,True,True,200.0,200.0,0.0,0,125,0.014673233032226562,0.0,0.0,,11,0,0,0,0,0,0,Scholl_JACKSON_c09,Scholl_JACKSON,Scholl_JACKSON,c09,extra_remaining_instances_2026-06-10
epsilon,1,199,True,,False,True,0,169.0,3.0,5,4,1,True,True,3.0,3.0,0.0,937,38559,0.5180208683013916,3.0,0.0,1.0,10,1,0,0,0,0,0,Scholl_JACKSON_c09,Scholl_JACKSON,Scholl_JACKSON,c09,extra_remaining_instances_2026-06-10
epsilon,2,168,True,,False,True,0,147.0,10.05,6,3,3,True,True,10.05,10.05,0.0,2020,72154,0.9173531532287598,10.0,0.05,0.9697,8,3,0,0,0,0,0,Scholl_JACKSON_c09,Scholl_JACKSON,Scholl_JACKSON,c09,extra_remaining_instances_2026-06-10
epsilon,3,146,False,infeasible,,,0,,,,,,,,,,,,,,,,,,,,,,,,Scholl_JACKSON_c09,Scholl_JACKSON,Scholl_JACKSON,c09,extra_remaining_instances_2026-06-10
E0_HI_only,0,,True,,False,True,0,120.0,0.0,3,3,0,True,True,120.0,120.0,0.0,0,123,0.018029212951660156,0.0,0.0,,11,0,0,0,0,0,0,Scholl_MANSOOR_c01,Scholl_MANSOOR,Scholl_MANSOOR,c01,full_campaign_median_T_252_2026-06-04
epsilon,1,119,True,,False,True,0,85.0,11.5,2,2,1,True,True,11.5,11.5,0.0,396,18737,0.6720449924468994,11.0,0.5,0.8387,4,0,0,0,7,0,0,Scholl_MANSOOR_c01,Scholl_MANSOOR,Scholl_MANSOOR,c01,full_campaign_median_T_252_2026-06-04
epsilon,2,84,True,,False,True,0,54.0,23.5,2,1,2,True,True,23.5,23.5,0.0,0,2445,0.5772390365600586,22.0,1.5,0.7581,0,1,0,0,10,0,0,Scholl_MANSOOR_c01,Scholl_MANSOOR,Scholl_MANSOOR,c01,full_campaign_median_T_252_2026-06-04
epsilon,3,53,True,,False,True,0,36.0,55.9,4,0,4,True,True,55.9,55.9,0.0,0,173,0.10802507400512695,53.0,2.9000000000000004,0.7661,0,11,0,0,0,0,0,Scholl_MANSOOR_c01,Scholl_MANSOOR,Scholl_MANSOOR,c01,full_campaign_median_T_252_2026-06-04
epsilon,4,35,False,infeasible,,,0,,,,,,,,,,,,,,,,,,,,,,,,Scholl_MANSOOR_c01,Scholl_MANSOOR,Scholl_MANSOOR,c01,full_campaign_median_T_252_2026-06-04
E0_HI_only,0,,True,,False,True,0,120.0,0.0,3,3,0,True,True,120.0,120.0,0.0,0,123,0.016924142837524414,0.0,0.0,,11,0,0,0,0,0,0,Scholl_MANSOOR_c02,Scholl_MANSOOR,Scholl_MANSOOR,c02,full_campaign_median_T_252_2026-06-04
epsilon,1,119,True,,False,True,0,94.0,17.0,3,2,2,True,True,17.0,17.0,0.0,1794,69758,1.0591118335723877,15.0,2.0,0.6774,4,3,0,0,0,2,2,Scholl_MANSOOR_c02,Scholl_MANSOOR,Scholl_MANSOOR,c02,full_campaign_median_T_252_2026-06-04
epsilon,2,93,True,,False,True,0,89.0,17.05,3,2,1,True,True,17.05,17.05,0.0,255,43898,1.3735461235046387,17.0,0.05,0.9839,7,4,0,0,0,0,0,Scholl_MANSOOR_c02,Scholl_MANSOOR,Scholl_MANSOOR,c02,full_campaign_median_T_252_2026-06-04
epsilon,3,88,True,,False,True,0,63.0,33.25,3,1,3,True,True,33.25,33.25,0.0,1018,57264,1.4987661838531494,31.0,2.25,0.7581,0,3,0,0,0,3,5,Scholl_MANSOOR_c02,Scholl_MANSOOR,Scholl_MANSOOR,c02,full_campaign_median_T_252_2026-06-04
epsilon,4,62,True,,False,True,0,58.0,33.3,3,1,2,True,True,33.3,33.3,0.0,0,1290,0.34022092819213867,33.0,0.30000000000000004,0.9516,4,7,0,0,0,0,0,Scholl_MANSOOR_c02,Scholl_MANSOOR,Scholl_MANSOOR,c02,full_campaign_median_T_252_2026-06-04
epsilon,5,57,True,,False,True,0,27.0,52.199999999999996,3,0,3,True,True,52.2,52.2,0.0,0,655,0.2390148639678955,52.0,0.2,0.9785,0,11,0,0,0,0,0,Scholl_MANSOOR_c02,Scholl_MANSOOR,Scholl_MANSOOR,c02,full_campaign_median_T_252_2026-06-04
epsilon,6,26,False,infeasible,,,0,,,,,,,,,,,,,,,,,,,,,,,,Scholl_MANSOOR_c02,Scholl_MANSOOR,Scholl_MANSOOR,c02,full_campaign_median_T_252_2026-06-04
E0_HI_only,0,,True,,False,True,0,120.0,0.0,3,3,0,True,True,120.0,120.0,0.0,0,123,0.018539905548095703,0.0,0.0,,11,0,0,0,0,0,0,Scholl_MANSOOR_c03,Scholl_MANSOOR,Scholl_MANSOOR,c03,full_campaign_median_T_252_2026-06-04
epsilon,1,119,True,,False,True,0,89.0,18.0,3,2,1,True,True,18.0,18.0,0.0,1948,78900,1.0457968711853027,18.0,0.0,1.0,7,4,0,0,0,0,0,Scholl_MANSOOR_c03,Scholl_MANSOOR,Scholl_MANSOOR,c03,full_campaign_median_T_252_2026-06-04
epsilon,2,88,True,,False,True,0,67.0,36.8,4,1,3,True,True,36.8,36.8,0.0,1646,66517,1.745913028717041,34.0,2.8000000000000003,0.6989,7,4,0,0,0,0,0,Scholl_MANSOOR_c03,Scholl_MANSOOR,Scholl_MANSOOR,c03,full_campaign_median_T_252_2026-06-04
epsilon,3,66,True,,False,True,0,63.0,39.4,3,1,3,True,True,39.4,39.4,0.0,0,996,0.26459503173828125,38.0,1.4000000000000001,0.8495,0,8,0,0,0,1,2,Scholl_MANSOOR_c03,Scholl_MANSOOR,Scholl_MANSOOR,c03,full_campaign_median_T_252_2026-06-04
epsilon,4,62,True,,False,True,0,36.0,54.900000000000006,4,0,4,True,True,54.9,54.9,0.0,0,707,0.2375960350036621,52.0,2.9000000000000004,0.7661,0,11,0,0,0,0,0,Scholl_MANSOOR_c03,Scholl_MANSOOR,Scholl_MANSOOR,c03,full_campaign_median_T_252_2026-06-04
epsilon,5,35,False,infeasible,,,0,,,,,,,,,,,,,,,,,,,,,,,,Scholl_MANSOOR_c03,Scholl_MANSOOR,Scholl_MANSOOR,c03,full_campaign_median_T_252_2026-06-04
E0_HI_only,0,,True,,False,True,0,120.0,0.0,3,3,0,True,True,120.0,120.0,0.0,0,123,0.018919944763183594,0.0,0.0,,11,0,0,0,0,0,0,Scholl_MANSOOR_c04,Scholl_MANSOOR,Scholl_MANSOOR,c04,full_campaign_median_T_252_2026-06-04
epsilon,1,119,True,,False,True,0,85.0,11.35,2,2,1,True,True,11.35,11.35,0.0,269,11038,0.4310619831085205,11.0,0.35000000000000003,0.8871,4,0,0,0,7,0,0,Scholl_MANSOOR_c04,Scholl_MANSOOR,Scholl_MANSOOR,c04,full_campaign_median_T_252_2026-06-04
epsilon,2,84,True,,False,True,0,63.0,32.65,3,1,3,True,True,32.65,32.65,0.0,0,723,0.3078620433807373,30.0,2.6500000000000004,0.7151,0,3,0,0,8,0,0,Scholl_MANSOOR_c04,Scholl_MANSOOR,Scholl_MANSOOR,c04,full_campaign_median_T_252_2026-06-04
epsilon,3,62,False,infeasible,,,0,,,,,,,,,,,,,,,,,,,,,,,,Scholl_MANSOOR_c04,Scholl_MANSOOR,Scholl_MANSOOR,c04,full_campaign_median_T_252_2026-06-04
E0_HI_only,0,,True,,False,True,0,120.0,0.0,3,3,0,True,True,120.0,120.0,0.0,0,123,0.017255067825317383,0.0,0.0,,11,0,0,0,0,0,0,Scholl_MANSOOR_c05,Scholl_MANSOOR,Scholl_MANSOOR,c05,full_campaign_median_T_252_2026-06-04
epsilon,1,119,True,,False,True,0,94.0,20.35,3,2,2,True,True,20.35,20.35,0.0,1598,68359,1.4331450462341309,19.0,1.35,0.7823,4,3,0,0,0,3,1,Scholl_MANSOOR_c05,Scholl_MANSOOR,Scholl_MANSOOR,c05,full_campaign_median_T_252_2026-06-04
epsilon,2,93,True,,False,True,0,90.0,22.3,2,2,2,True,True,22.3,22.3,0.0,233,24948,0.9163546562194824,22.0,0.30000000000000004,0.9516,0,0,0,0,7,3,1,Scholl_MANSOOR_c05,Scholl_MANSOOR,Scholl_MANSOOR,c05,full_campaign_median_T_252_2026-06-04
epsilon,3,89,True,,False,True,0,72.0,44.800000000000004,4,1,4,True,True,44.8,44.8,0.0,1096,29042,0.8950481414794922,42.0,2.8000000000000003,0.7742,0,4,0,0,0,6,1,Scholl_MANSOOR_c05,Scholl_MANSOOR,Scholl_MANSOOR,c05,full_campaign_median_T_252_2026-06-04
epsilon,4,71,True,,False,True,0,67.0,48.45,4,1,3,True,True,48.45,48.45,0.0,154,14765,0.7111773490905762,48.0,0.45,0.9516,4,7,0,0,0,0,0,Scholl_MANSOOR_c05,Scholl_MANSOOR,Scholl_MANSOOR,c05,full_campaign_median_T_252_2026-06-04
epsilon,5,66,True,,False,True,0,45.0,74.95,5,0,5,True,True,74.95,74.95,0.0,0,861,0.27309608459472656,73.0,1.9500000000000002,0.8742,0,11,0,0,0,0,0,Scholl_MANSOOR_c05,Scholl_MANSOOR,Scholl_MANSOOR,c05,full_campaign_median_T_252_2026-06-04
epsilon,6,44,False,infeasible,,,0,,,,,,,,,,,,,,,,,,,,,,,,Scholl_MANSOOR_c05,Scholl_MANSOOR,Scholl_MANSOOR,c05,full_campaign_median_T_252_2026-06-04
E0_HI_only,0,,True,,False,True,0,120.0,0.0,3,3,0,True,True,120.0,120.0,0.0,0,123,0.017001867294311523,0.0,0.0,,11,0,0,0,0,0,0,Scholl_MANSOOR_c06,Scholl_MANSOOR,Scholl_MANSOOR,c06,full_campaign_median_T_252_2026-06-04
epsilon,1,119,True,,False,True,0,94.0,23.75,3,2,2,True,True,23.75,23.75,0.0,1220,46667,0.9168570041656494,23.0,0.75,0.879,4,1,0,0,0,3,3,Scholl_MANSOOR_c06,Scholl_MANSOOR,Scholl_MANSOOR,c06,full_campaign_median_T_252_2026-06-04
epsilon,2,93,True,,False,True,0,67.0,47.9,4,1,3,True,True,47.9,47.9,0.0,1087,49805,0.9451429843902588,47.0,0.9,0.9032,4,7,0,0,0,0,0,Scholl_MANSOOR_c06,Scholl_MANSOOR,Scholl_MANSOOR,c06,full_campaign_median_T_252_2026-06-04
epsilon,3,66,True,,False,True,0,45.0,75.75000000000001,5,0,5,True,True,75.75,75.75,0.0,0,1395,0.3338620662689209,73.0,2.75,0.8226,0,11,0,0,0,0,0,Scholl_MANSOOR_c06,Scholl_MANSOOR,Scholl_MANSOOR,c06,full_campaign_median_T_252_2026-06-04
epsilon,4,44,False,infeasible,,,0,,,,,,,,,,,,,,,,,,,,,,,,Scholl_MANSOOR_c06,Scholl_MANSOOR,Scholl_MANSOOR,c06,full_campaign_median_T_252_2026-06-04
E0_HI_only,0,,True,,False,True,0,120.0,0.0,3,3,0,True,True,120.0,120.0,0.0,0,123,0.016719818115234375,0.0,0.0,,11,0,0,0,0,0,0,Scholl_MANSOOR_c07,Scholl_MANSOOR,Scholl_MANSOOR,c07,full_campaign_median_T_252_2026-06-04
epsilon,1,119,True,,False,True,0,85.0,11.6,2,2,1,True,True,11.6,11.6,0.0,175,14791,0.5712218284606934,11.0,0.6000000000000001,0.8065,4,0,0,0,7,0,0,Scholl_MANSOOR_c07,Scholl_MANSOOR,Scholl_MANSOOR,c07,full_campaign_median_T_252_2026-06-04
epsilon,2,84,False,infeasible,,,0,,,,,,,,,,,,,,,,,,,,,,,,Scholl_MANSOOR_c07,Scholl_MANSOOR,Scholl_MANSOOR,c07,full_campaign_median_T_252_2026-06-04
E0_HI_only,0,,True,,False,True,0,120.0,0.0,3,3,0,True,True,120.0,120.0,0.0,0,123,0.016949176788330078,0.0,0.0,,11,0,0,0,0,0,0,Scholl_MANSOOR_c08,Scholl_MANSOOR,Scholl_MANSOOR,c08,full_campaign_median_T_252_2026-06-04
epsilon,1,119,True,,False,True,0,90.0,23.150000000000002,2,2,2,True,True,23.15,23.15,0.0,240,17925,0.5334737300872803,23.0,0.15000000000000002,0.9758,0,0,0,0,11,0,0,Scholl_MANSOOR_c08,Scholl_MANSOOR,Scholl_MANSOOR,c08,full_campaign_median_T_252_2026-06-04
epsilon,2,89,False,infeasible,,,0,,,,,,,,,,,,,,,,,,,,,,,,Scholl_MANSOOR_c08,Scholl_MANSOOR,Scholl_MANSOOR,c08,full_campaign_median_T_252_2026-06-04
E0_HI_only,0,,True,,False,True,0,120.0,0.0,3,3,0,True,True,120.0,120.0,0.0,0,123,0.016773223876953125,0.0,0.0,,11,0,0,0,0,0,0,Scholl_MANSOOR_c09,Scholl_MANSOOR,Scholl_MANSOOR,c09,full_campaign_median_T_252_2026-06-04
epsilon,1,119,False,infeasible,,,0,,,,,,,,,,,,,,,,,,,,,,,,Scholl_MANSOOR_c09,Scholl_MANSOOR,Scholl_MANSOOR,c09,full_campaign_median_T_252_2026-06-04
E0_HI_only,0,,True,,False,True,0,80.0,0.0,2,2,0,True,True,80.0,80.0,0.0,0,41,0.028387069702148438,0.0,0.0,,20,0,0,0,0,0,0,instance_n=20_69_c01,Otto_instance_n=20_69,instance_n=20_69,c01,full_campaign_median_T_252_2026-06-04
epsilon,1,79,True,,False,True,0,45.0,132.25,1,1,1,True,True,132.25,132.25,0.0,130963,3859478,132.3988537788391,119.0,13.25,0.735,0,0,0,0,20,0,0,instance_n=20_69_c01,Otto_instance_n=20_69,instance_n=20_69,c01,full_campaign_median_T_252_2026-06-04
epsilon,2,44,True,,False,True,0,18.0,510.75,2,0,2,True,True,510.75,510.75,0.0,0,0,0.39537501335144043,508.0,2.75,0.9725,0,20,0,0,0,0,0,instance_n=20_69_c01,Otto_instance_n=20_69,instance_n=20_69,c01,full_campaign_median_T_252_2026-06-04
epsilon,3,17,False,infeasible,,,0,,,,,,,,,,,,,,,,,,,,,,,,instance_n=20_69_c01,Otto_instance_n=20_69,instance_n=20_69,c01,full_campaign_median_T_252_2026-06-04
E0_HI_only,0,,True,,False,True,0,80.0,0.0,2,2,0,True,True,80.0,80.0,0.0,0,41,0.024592161178588867,0.0,0.0,,20,0,0,0,0,0,0,instance_n=20_69_c02,Otto_instance_n=20_69,instance_n=20_69,c02,full_campaign_median_T_252_2026-06-04
epsilon,1,79,True,,False,True,0,54.0,230.5,2,1,2,True,False,203.7,230.5,11.6269,462910,10036857,300.36280822753906,191.0,39.5,0.605,0,4,0,0,0,9,7,instance_n=20_69_c02,Otto_instance_n=20_69,instance_n=20_69,c02,full_campaign_median_T_252_2026-06-04
epsilon,2,53,True,,False,True,0,49.0,238.4,2,1,1,True,True,238.4,238.4,0.0,6722,174808,1.7950408458709717,235.0,3.4000000000000004,0.932,12,8,0,0,0,0,0,instance_n=20_69_c02,Otto_instance_n=20_69,instance_n=20_69,c02,full_campaign_median_T_252_2026-06-04
epsilon,3,48,True,,False,True,0,18.0,515.5,2,0,2,True,True,515.5,515.5,0.0,829,7563,0.5653808116912842,512.0,3.5,0.965,0,20,0,0,0,0,0,instance_n=20_69_c02,Otto_instance_n=20_69,instance_n=20_69,c02,full_campaign_median_T_252_2026-06-04
epsilon,4,17,False,infeasible,,,0,,,,,,,,,,,,,,,,,,,,,,,,instance_n=20_69_c02,Otto_instance_n=20_69,instance_n=20_69,c02,full_campaign_median_T_252_2026-06-04
E0_HI_only,0,,True,,False,True,0,80.0,0.0,2,2,0,True,True,80.0,80.0,0.0,0,41,0.025559186935424805,0.0,0.0,,20,0,0,0,0,0,0,instance_n=20_69_c03,Otto_instance_n=20_69,instance_n=20_69,c03,full_campaign_median_T_252_2026-06-04
epsilon,1,79,True,,False,True,0,49.0,250.2,2,1,1,True,True,250.2,250.2,0.0,96876,2709883,59.258708000183105,248.0,2.2,0.956,8,12,0,0,0,0,0,instance_n=20_69_c03,Otto_instance_n=20_69,instance_n=20_69,c03,full_campaign_median_T_252_2026-06-04
epsilon,2,48,True,,False,True,0,18.0,508.75,2,0,2,True,True,508.75,508.75,0.0,0,266,0.45459723472595215,505.0,3.75,0.9625,0,20,0,0,0,0,0,instance_n=20_69_c03,Otto_instance_n=20_69,instance_n=20_69,c03,full_campaign_median_T_252_2026-06-04
epsilon,3,17,False,infeasible,,,0,,,,,,,,,,,,,,,,,,,,,,,,instance_n=20_69_c03,Otto_instance_n=20_69,instance_n=20_69,c03,full_campaign_median_T_252_2026-06-04
E0_HI_only,0,,True,,False,True,0,80.0,0.0,2,2,0,True,True,80.0,80.0,0.0,0,41,0.024580955505371094,0.0,0.0,,20,0,0,0,0,0,0,instance_n=20_69_c04,Otto_instance_n=20_69,instance_n=20_69,c04,full_campaign_median_T_252_2026-06-04
epsilon,1,79,True,,False,True,0,45.0,129.65,1,1,1,True,True,129.65,129.65,0.0,0,1243,1.1852128505706787,116.0,13.65,0.727,0,0,0,0,20,0,0,instance_n=20_69_c04,Otto_instance_n=20_69,instance_n=20_69,c04,full_campaign_median_T_252_2026-06-04
epsilon,2,44,True,,False,True,0,27.0,745.7,3,0,3,True,True,745.7,745.7,0.0,0,0,0.42014312744140625,735.0,10.700000000000001,0.9287,0,20,0,0,0,0,0,instance_n=20_69_c04,Otto_instance_n=20_69,instance_n=20_69,c04,full_campaign_median_T_252_2026-06-04
epsilon,3,26,False,infeasible,,,0,,,,,,,,,,,,,,,,,,,,,,,,instance_n=20_69_c04,Otto_instance_n=20_69,instance_n=20_69,c04,full_campaign_median_T_252_2026-06-04
E0_HI_only,0,,True,,False,True,0,80.0,0.0,2,2,0,True,True,80.0,80.0,0.0,0,41,0.025124788284301758,0.0,0.0,,20,0,0,0,0,0,0,instance_n=20_69_c05,Otto_instance_n=20_69,instance_n=20_69,c05,full_campaign_median_T_252_2026-06-04
epsilon,1,79,True,,False,True,0,54.0,295.7,2,1,2,True,False,194.31369866,295.7,34.2869,342487,12856840,300.35012698173523,271.0,24.700000000000003,0.753,0,4,0,0,0,8,8,instance_n=20_69_c05,Otto_instance_n=20_69,instance_n=20_69,c05,full_campaign_median_T_252_2026-06-04
epsilon,2,53,True,,False,True,0,27.0,722.8,3,0,3,True,True,722.8,722.8,0.0,4116,189709,2.0883560180664062,714.0,8.8,0.9413,0,20,0,0,0,0,0,instance_n=20_69_c05,Otto_instance_n=20_69,instance_n=20_69,c05,full_campaign_median_T_252_2026-06-04
epsilon,3,26,False,infeasible,,,0,,,,,,,,,,,,,,,,,,,,,,,,instance_n=20_69_c05,Otto_instance_n=20_69,instance_n=20_69,c05,full_campaign_median_T_252_2026-06-04
E0_HI_only,0,,True,,False,True,0,80.0,0.0,2,2,0,True,True,80.0,80.0,0.0,0,41,0.024627208709716797,0.0,0.0,,20,0,0,0,0,0,0,instance_n=20_69_c06,Otto_instance_n=20_69,instance_n=20_69,c06,full_campaign_median_T_252_2026-06-04
epsilon,1,79,True,,False,True,0,54.0,344.95,2,1,2,True,False,310.0,344.95,10.1319,482346,10116223,300.32288813591003,330.0,14.950000000000001,0.8505,0,6,0,0,0,7,7,instance_n=20_69_c06,Otto_instance_n=20_69,instance_n=20_69,c06,full_campaign_median_T_252_2026-06-04
epsilon,2,53,True,,False,True,0,27.0,728.7499999999999,3,0,3,True,True,728.75,728.75,0.0,1175,38461,0.9580609798431396,717.0,11.75,0.9217,0,20,0,0,0,0,0,instance_n=20_69_c06,Otto_instance_n=20_69,instance_n=20_69,c06,full_campaign_median_T_252_2026-06-04
epsilon,3,26,False,infeasible,,,0,,,,,,,,,,,,,,,,,,,,,,,,instance_n=20_69_c06,Otto_instance_n=20_69,instance_n=20_69,c06,full_campaign_median_T_252_2026-06-04
E0_HI_only,0,,True,,False,True,0,80.0,0.0,2,2,0,True,True,80.0,80.0,0.0,0,41,0.024116992950439453,0.0,0.0,,20,0,0,0,0,0,0,instance_n=20_69_c07,Otto_instance_n=20_69,instance_n=20_69,c07,full_campaign_median_T_252_2026-06-04
epsilon,1,79,True,,False,True,0,45.0,133.2,1,1,1,True,True,133.2,133.2,0.0,0,2745,1.4777977466583252,121.0,12.200000000000001,0.756,0,0,0,0,20,0,0,instance_n=20_69_c07,Otto_instance_n=20_69,instance_n=20_69,c07,full_campaign_median_T_252_2026-06-04
epsilon,2,44,False,infeasible,,,0,,,,,,,,,,,,,,,,,,,,,,,,instance_n=20_69_c07,Otto_instance_n=20_69,instance_n=20_69,c07,full_campaign_median_T_252_2026-06-04
E0_HI_only,0,,True,,False,True,0,80.0,0.0,2,2,0,True,True,80.0,80.0,0.0,0,41,0.02518606185913086,0.0,0.0,,20,0,0,0,0,0,0,instance_n=20_69_c08,Otto_instance_n=20_69,instance_n=20_69,c08,full_campaign_median_T_252_2026-06-04
epsilon,1,79,True,,False,True,0,54.0,381.65,2,1,2,True,True,381.65,381.65,0.0,4723,165903,4.089203834533691,374.0,7.65,0.9235,0,6,0,0,14,0,0,instance_n=20_69_c08,Otto_instance_n=20_69,instance_n=20_69,c08,full_campaign_median_T_252_2026-06-04
epsilon,2,53,True,,False,True,0,45.0,1112.85,5,0,5,True,True,1112.85,1112.85,0.0,0,313,0.5517370700836182,1074.0,38.85,0.8446,0,20,0,0,0,0,0,instance_n=20_69_c08,Otto_instance_n=20_69,instance_n=20_69,c08,full_campaign_median_T_252_2026-06-04
epsilon,3,44,False,infeasible,,,0,,,,,,,,,,,,,,,,,,,,,,,,instance_n=20_69_c08,Otto_instance_n=20_69,instance_n=20_69,c08,full_campaign_median_T_252_2026-06-04
E0_HI_only,0,,True,,False,True,0,80.0,0.0,2,2,0,True,True,80.0,80.0,0.0,0,41,0.024689912796020508,0.0,0.0,,20,0,0,0,0,0,0,instance_n=20_69_c09,Otto_instance_n=20_69,instance_n=20_69,c09,full_campaign_median_T_252_2026-06-04
epsilon,1,79,True,,False,True,0,63.0,476.75,3,1,3,True,False,334.67005052,476.75,29.8018,520320,10947376,300.3586378097534,434.0,42.75,0.715,0,7,0,0,0,7,6,instance_n=20_69_c09,Otto_instance_n=20_69,instance_n=20_69,c09,full_campaign_median_T_252_2026-06-04
epsilon,2,62,True,,False,True,0,45.0,1153.0499999999997,5,0,5,True,True,1153.05,1153.05,0.0,167377,3759707,45.030277967453,1115.0,38.050000000000004,0.8478,0,20,0,0,0,0,0,instance_n=20_69_c09,Otto_instance_n=20_69,instance_n=20_69,c09,full_campaign_median_T_252_2026-06-04
epsilon,3,44,False,infeasible,,,0,,,,,,,,,,,,,,,,,,,,,,,,instance_n=20_69_c09,Otto_instance_n=20_69,instance_n=20_69,c09,full_campaign_median_T_252_2026-06-04
E0_HI_only,0,,True,,False,True,0,120.0,0.0,3,3,0,True,True,120.0,120.0,0.0,0,0,0.02315688133239746,0.0,0.0,,20,0,0,0,0,0,0,instance_n=20_74_c01,Otto_instance_n=20_74,instance_n=20_74,c01,full_campaign_median_T_252_2026-06-04
epsilon,1,119,True,,False,True,0,85.0,117.3,2,2,1,True,True,117.3,117.3,0.0,186300,4220998,217.2013020515442,100.0,17.3,0.654,8,0,0,0,12,0,0,instance_n=20_74_c01,Otto_instance_n=20_74,instance_n=20_74,c01,full_campaign_median_T_252_2026-06-04
epsilon,2,84,True,,False,True,0,54.0,228.45,2,1,2,True,True,228.45,228.45,0.0,7210,265912,6.426874876022339,184.0,44.45,0.5555,0,1,0,0,19,0,0,instance_n=20_74_c01,Otto_instance_n=20_74,instance_n=20_74,c01,full_campaign_median_T_252_2026-06-04
epsilon,3,53,True,,False,True,0,27.0,703.5500000000001,3,0,3,True,True,703.55,703.55,0.0,0,826,0.5780034065246582,691.0,12.55,0.9163,0,20,0,0,0,0,0,instance_n=20_74_c01,Otto_instance_n=20_74,instance_n=20_74,c01,full_campaign_median_T_252_2026-06-04
epsilon,4,26,False,infeasible,,,0,,,,,,,,,,,,,,,,,,,,,,,,instance_n=20_74_c01,Otto_instance_n=20_74,instance_n=20_74,c01,full_campaign_median_T_252_2026-06-04
E0_HI_only,0,,True,,False,True,0,120.0,0.0,3,3,0,True,True,120.0,120.0,0.0,0,0,0.023272037506103516,0.0,0.0,,20,0,0,0,0,0,0,instance_n=20_74_c02,Otto_instance_n=20_74,instance_n=20_74,c02,full_campaign_median_T_252_2026-06-04
epsilon,1,119,True,,False,True,0,94.0,198.75,3,2,2,True,False,149.1265266,198.75,24.9678,317269,6327150,300.3579692840576,150.0,48.75,0.5125,5,1,0,0,0,7,7,instance_n=20_74_c02,Otto_instance_n=20_74,instance_n=20_74,c02,full_campaign_median_T_252_2026-06-04
epsilon,2,93,True,,False,True,0,90.0,201.55,2,2,2,True,False,171.85,201.55,14.7358,371302,5963201,300.3500452041626,162.0,39.550000000000004,0.6045,0,0,0,0,0,12,8,instance_n=20_74_c02,Otto_instance_n=20_74,instance_n=20_74,c02,full_campaign_median_T_252_2026-06-04
epsilon,3,89,True,,False,True,0,89.0,202.0,3,2,1,True,True,202.0,202.0,0.0,29786,1081999,28.500171899795532,189.0,13.0,0.74,13,7,0,0,0,0,0,instance_n=20_74_c02,Otto_instance_n=20_74,instance_n=20_74,c02,full_campaign_median_T_252_2026-06-04
epsilon,4,88,True,,False,True,0,63.0,438.34999999999997,3,1,3,True,False,363.74140862,438.35,17.0203,398570,11602847,300.352548122406,389.0,49.35,0.671,0,8,0,0,0,6,6,instance_n=20_74_c02,Otto_instance_n=20_74,instance_n=20_74,c02,full_campaign_median_T_252_2026-06-04
epsilon,5,62,True,,False,True,0,58.0,454.3,3,1,2,True,True,454.3,454.3,0.0,37314,509693,10.28002405166626,441.0,13.3,0.867,7,13,0,0,0,0,0,instance_n=20_74_c02,Otto_instance_n=20_74,instance_n=20_74,c02,full_campaign_median_T_252_2026-06-04
epsilon,6,57,True,,False,True,0,27.0,734.8000000000001,3,0,3,True,True,734.8,734.8,0.0,29792,394982,5.1541948318481445,721.0,13.8,0.908,0,20,0,0,0,0,0,instance_n=20_74_c02,Otto_instance_n=20_74,instance_n=20_74,c02,full_campaign_median_T_252_2026-06-04
epsilon,7,26,False,infeasible,,,0,,,,,,,,,,,,,,,,,,,,,,,,instance_n=20_74_c02,Otto_instance_n=20_74,instance_n=20_74,c02,full_campaign_median_T_252_2026-06-04
E0_HI_only,0,,True,,False,True,0,120.0,0.0,3,3,0,True,True,120.0,120.0,0.0,0,0,0.02313709259033203,0.0,0.0,,20,0,0,0,0,0,0,instance_n=20_74_c03,Otto_instance_n=20_74,instance_n=20_74,c03,full_campaign_median_T_252_2026-06-04
epsilon,1,119,True,,False,True,0,89.0,207.7,3,2,1,True,True,207.7,207.7,0.0,70361,1802351,85.63693118095398,197.0,10.700000000000001,0.786,13,7,0,0,0,0,0,instance_n=20_74_c03,Otto_instance_n=20_74,instance_n=20_74,c03,full_campaign_median_T_252_2026-06-04
epsilon,2,88,True,,False,True,0,58.0,452.4,3,1,2,True,True,452.4,452.4,0.0,42745,1361464,35.683156967163086,440.0,12.4,0.876,7,13,0,0,0,0,0,instance_n=20_74_c03,Otto_instance_n=20_74,instance_n=20_74,c03,full_campaign_median_T_252_2026-06-04
epsilon,3,57,True,,False,True,0,27.0,737.9499999999999,3,0,3,True,True,737.95,737.95,0.0,0,698,0.6381278038024902,727.0,10.950000000000001,0.927,0,20,0,0,0,0,0,instance_n=20_74_c03,Otto_instance_n=20_74,instance_n=20_74,c03,full_campaign_median_T_252_2026-06-04
epsilon,4,26,False,infeasible,,,0,,,,,,,,,,,,,,,,,,,,,,,,instance_n=20_74_c03,Otto_instance_n=20_74,instance_n=20_74,c03,full_campaign_median_T_252_2026-06-04
E0_HI_only,0,,True,,False,True,0,120.0,0.0,3,3,0,True,True,120.0,120.0,0.0,0,0,0.0225679874420166,0.0,0.0,,20,0,0,0,0,0,0,instance_n=20_74_c04,Otto_instance_n=20_74,instance_n=20_74,c04,full_campaign_median_T_252_2026-06-04
epsilon,1,119,True,,False,True,0,85.0,122.15,2,2,1,True,True,122.15,122.15,0.0,927,67594,3.1168277263641357,105.0,17.150000000000002,0.657,7,0,0,0,13,0,0,instance_n=20_74_c04,Otto_instance_n=20_74,instance_n=20_74,c04,full_campaign_median_T_252_2026-06-04
epsilon,2,84,True,,False,True,0,54.0,245.9,2,1,2,True,True,245.9,245.9,0.0,148,30612,2.2820959091186523,206.0,39.900000000000006,0.601,0,1,0,0,19,0,0,instance_n=20_74_c04,Otto_instance_n=20_74,instance_n=20_74,c04,full_campaign_median_T_252_2026-06-04
epsilon,3,53,True,,False,True,0,45.0,1088.05,5,0,5,True,True,1088.05,1088.05,0.0,0,1258,0.5734851360321045,1040.0,48.050000000000004,0.8078,0,20,0,0,0,0,0,instance_n=20_74_c04,Otto_instance_n=20_74,instance_n=20_74,c04,full_campaign_median_T_252_2026-06-04
epsilon,4,44,False,infeasible,,,0,,,,,,,,,,,,,,,,,,,,,,,,instance_n=20_74_c04,Otto_instance_n=20_74,instance_n=20_74,c04,full_campaign_median_T_252_2026-06-04
E0_HI_only,0,,True,,False,True,0,120.0,0.0,3,3,0,True,True,120.0,120.0,0.0,0,0,0.023495912551879883,0.0,0.0,,20,0,0,0,0,0,0,instance_n=20_74_c05,Otto_instance_n=20_74,instance_n=20_74,c05,full_campaign_median_T_252_2026-06-04
epsilon,1,119,True,,False,True,0,90.0,205.75,2,2,2,True,False,150.5,205.75,26.853,182815,3426812,300.432354927063,169.0,36.75,0.6325,0,0,0,0,0,15,5,instance_n=20_74_c05,Otto_instance_n=20_74,instance_n=20_74,c05,full_campaign_median_T_252_2026-06-04
epsilon,2,89,True,,False,True,0,63.0,548.1,3,1,3,True,False,478.58114534,548.1,12.6836,362823,8616331,300.35918498039246,528.0,20.1,0.866,0,7,0,0,0,7,6,instance_n=20_74_c05,Otto_instance_n=20_74,instance_n=20_74,c05,full_campaign_median_T_252_2026-06-04
epsilon,3,62,True,,False,True,0,36.0,1020.5,4,0,4,True,True,1020.5,1020.5,0.0,6627,97265,2.080166816711426,1015.0,5.5,0.9725,0,20,0,0,0,0,0,instance_n=20_74_c05,Otto_instance_n=20_74,instance_n=20_74,c05,full_campaign_median_T_252_2026-06-04
epsilon,4,35,False,infeasible,,,0,,,,,,,,,,,,,,,,,,,,,,,,instance_n=20_74_c05,Otto_instance_n=20_74,instance_n=20_74,c05,full_campaign_median_T_252_2026-06-04
E0_HI_only,0,,True,,False,True,0,120.0,0.0,3,3,0,True,True,120.0,120.0,0.0,0,0,0.023488998413085938,0.0,0.0,,20,0,0,0,0,0,0,instance_n=20_74_c06,Otto_instance_n=20_74,instance_n=20_74,c06,full_campaign_median_T_252_2026-06-04
epsilon,1,119,True,,False,True,0,90.0,244.35,2,2,2,True,False,183.8625,244.35,24.7545,197728,4366570,300.93742203712463,230.0,14.350000000000001,0.8565,0,0,0,0,0,13,7,instance_n=20_74_c06,Otto_instance_n=20_74,instance_n=20_74,c06,full_campaign_median_T_252_2026-06-04
epsilon,2,89,True,,False,True,0,63.0,599.4,3,1,3,True,False,553.4,599.4,7.6743,382478,7915506,300.35029101371765,590.0,9.4,0.9373,0,9,0,0,0,7,4,instance_n=20_74_c06,Otto_instance_n=20_74,instance_n=20_74,c06,full_campaign_median_T_252_2026-06-04
epsilon,3,62,True,,False,True,0,36.0,994.5999999999999,4,0,4,True,True,994.6,994.6,0.0,0,601,0.9393672943115234,991.0,3.6,0.982,0,20,0,0,0,0,0,instance_n=20_74_c06,Otto_instance_n=20_74,instance_n=20_74,c06,full_campaign_median_T_252_2026-06-04
epsilon,4,35,False,infeasible,,,0,,,,,,,,,,,,,,,,,,,,,,,,instance_n=20_74_c06,Otto_instance_n=20_74,instance_n=20_74,c06,full_campaign_median_T_252_2026-06-04
E0_HI_only,0,,True,,False,True,0,120.0,0.0,3,3,0,True,True,120.0,120.0,0.0,0,0,0.022847890853881836,0.0,0.0,,20,0,0,0,0,0,0,instance_n=20_74_c07,Otto_instance_n=20_74,instance_n=20_74,c07,full_campaign_median_T_252_2026-06-04
epsilon,1,119,True,,False,True,0,85.0,118.5,2,2,1,True,True,118.5,118.5,0.0,1004,62092,4.728846788406372,101.0,17.5,0.65,8,0,0,0,12,0,0,instance_n=20_74_c07,Otto_instance_n=20_74,instance_n=20_74,c07,full_campaign_median_T_252_2026-06-04
epsilon,2,84,True,,False,True,0,54.0,261.35,2,1,2,True,True,261.35,261.35,0.0,66,18756,2.137192964553833,226.0,35.35,0.6465,0,2,0,0,18,0,0,instance_n=20_74_c07,Otto_instance_n=20_74,instance_n=20_74,c07,full_campaign_median_T_252_2026-06-04
epsilon,3,53,False,infeasible,,,0,,,,,,,,,,,,,,,,,,,,,,,,instance_n=20_74_c07,Otto_instance_n=20_74,instance_n=20_74,c07,full_campaign_median_T_252_2026-06-04
E0_HI_only,0,,True,,False,True,0,120.0,0.0,3,3,0,True,True,120.0,120.0,0.0,0,0,0.023656845092773438,0.0,0.0,,20,0,0,0,0,0,0,instance_n=20_74_c08,Otto_instance_n=20_74,instance_n=20_74,c08,full_campaign_median_T_252_2026-06-04
epsilon,1,119,True,,False,True,0,90.0,291.59999999999997,2,2,2,True,True,291.6,291.6,0.0,36366,2004498,105.73364305496216,282.0,9.600000000000001,0.904,0,0,0,0,20,0,0,instance_n=20_74_c08,Otto_instance_n=20_74,instance_n=20_74,c08,full_campaign_median_T_252_2026-06-04
epsilon,2,89,True,,False,True,0,72.0,823.2,4,1,4,True,True,823.2,823.2,0.0,12317,620507,16.883350133895874,803.0,20.200000000000003,0.899,0,9,0,0,11,0,0,instance_n=20_74_c08,Otto_instance_n=20_74,instance_n=20_74,c08,full_campaign_median_T_252_2026-06-04
epsilon,3,71,True,,False,True,0,63.0,1578.9499999999998,7,0,7,True,True,1578.95,1578.95,0.0,668,41900,1.9303669929504395,1529.0,49.95,0.8573,0,20,0,0,0,0,0,instance_n=20_74_c08,Otto_instance_n=20_74,instance_n=20_74,c08,full_campaign_median_T_252_2026-06-04
epsilon,4,62,False,infeasible,,,0,,,,,,,,,,,,,,,,,,,,,,,,instance_n=20_74_c08,Otto_instance_n=20_74,instance_n=20_74,c08,full_campaign_median_T_252_2026-06-04
E0_HI_only,0,,True,,False,True,0,120.0,0.0,3,3,0,True,True,120.0,120.0,0.0,0,0,0.02313399314880371,0.0,0.0,,20,0,0,0,0,0,0,instance_n=20_74_c09,Otto_instance_n=20_74,instance_n=20_74,c09,full_campaign_median_T_252_2026-06-04
epsilon,1,119,True,,False,True,0,99.0,327.0,3,2,3,True,False,156.8,327.0,52.0489,299052,6313771,300.31370782852173,272.0,55.0,0.6333,0,1,0,0,0,13,6,instance_n=20_74_c09,Otto_instance_n=20_74,instance_n=20_74,c09,full_campaign_median_T_252_2026-06-04
epsilon,2,98,True,,False,True,0,94.0,331.6,3,2,2,True,False,221.95,331.6,33.0669,365713,6282896,300.4380798339844,316.0,15.600000000000001,0.844,8,2,0,0,0,8,2,instance_n=20_74_c09,Otto_instance_n=20_74,instance_n=20_74,c09,full_campaign_median_T_252_2026-06-04
epsilon,3,93,True,,False,True,0,81.0,938.9500000000002,5,1,5,True,False,157.72845745,938.95,83.2016,331045,11577194,300.30716490745544,881.0,57.95,0.7682,0,10,0,0,0,6,4,instance_n=20_74_c09,Otto_instance_n=20_74,instance_n=20_74,c09,full_campaign_median_T_252_2026-06-04
epsilon,4,80,True,,False,True,1,72.0,874.3000000000001,4,1,4,True,False,844.55,874.3,3.4027,1033838,7894361,300.328152179718,862.0,12.3,0.9385,0,10,0,0,0,8,2,instance_n=20_74_c09,Otto_instance_n=20_74,instance_n=20_74,c09,full_campaign_median_T_252_2026-06-04
epsilon,5,71,True,,False,True,0,63.0,1620.6000000000001,7,0,7,True,True,1620.6,1620.6,0.0,2561,91387,2.8591971397399902,1568.0,52.6,0.8497,0,20,0,0,0,0,0,instance_n=20_74_c09,Otto_instance_n=20_74,instance_n=20_74,c09,full_campaign_median_T_252_2026-06-04
epsilon,6,62,False,infeasible,,,0,,,,,,,,,,,,,,,,,,,,,,,,instance_n=20_74_c09,Otto_instance_n=20_74,instance_n=20_74,c09,full_campaign_median_T_252_2026-06-04
E0_HI_only,0,,True,,False,True,0,240.0,0.0,6,6,0,True,True,240.0,240.0,0.0,0,697,0.03512692451477051,0.0,0.0,,20,0,0,0,0,0,0,Otto_instance_n=20_288_c01,Otto_instance_n=20_288,Otto_instance_n=20_288,c01,extra_remaining_instances_2026-06-10
epsilon,1,239,True,,False,True,0,205.0,60.800000000000004,5,5,1,True,True,60.8,60.8,0.0,5533,618505,29.06225609779358,14.0,46.800000000000004,0.064,16,0,3,1,0,0,0,Otto_instance_n=20_288_c01,Otto_instance_n=20_288,Otto_instance_n=20_288,c01,extra_remaining_instances_2026-06-10
epsilon,2,204,True,,False,True,0,165.0,128.65,4,4,1,True,True,128.65,128.65,0.0,16727,1859348,140.3063907623291,117.0,11.65,0.767,13,0,0,0,7,0,0,Otto_instance_n=20_288_c01,Otto_instance_n=20_288,Otto_instance_n=20_288,c01,extra_remaining_instances_2026-06-10
epsilon,3,164,True,,False,True,0,130.0,235.5,3,3,2,True,True,235.5,235.5,0.0,59223,4389535,178.30944323539734,206.0,29.5,0.705,5,0,0,0,10,3,2,Otto_instance_n=20_288_c01,Otto_instance_n=20_288,Otto_instance_n=20_288,c01,extra_remaining_instances_2026-06-10
epsilon,4,129,True,,False,True,0,90.0,302.2,2,2,2,True,True,302.2,302.2,0.0,15378,2219054,94.93823885917664,298.0,4.2,0.958,0,0,0,0,20,0,0,Otto_instance_n=20_288_c01,Otto_instance_n=20_288,Otto_instance_n=20_288,c01,extra_remaining_instances_2026-06-10
epsilon,5,89,True,,False,True,0,72.0,754.5000000000001,4,1,4,True,True,754.5,754.5,0.0,13046,1177647,43.63123416900635,723.0,31.5,0.8425,0,10,0,0,10,0,0,Otto_instance_n=20_288_c01,Otto_instance_n=20_288,Otto_instance_n=20_288,c01,extra_remaining_instances_2026-06-10
epsilon,6,71,True,,False,True,0,54.0,1341.6499999999999,6,0,6,True,True,1341.65,1341.65,0.0,826,79311,3.2992658615112305,1291.0,50.650000000000006,0.8312,0,20,0,0,0,0,0,Otto_instance_n=20_288_c01,Otto_instance_n=20_288,Otto_instance_n=20_288,c01,extra_remaining_instances_2026-06-10
epsilon,7,53,False,infeasible,,,0,,,,,,,,,,,,,,,,,,,,,,,,Otto_instance_n=20_288_c01,Otto_instance_n=20_288,Otto_instance_n=20_288,c01,extra_remaining_instances_2026-06-10
E0_HI_only,0,,True,,False,True,0,240.0,0.0,6,6,0,True,True,240.0,240.0,0.0,0,697,0.035527944564819336,0.0,0.0,,20,0,0,0,0,0,0,Otto_instance_n=20_288_c02,Otto_instance_n=20_288,Otto_instance_n=20_288,c02,extra_remaining_instances_2026-06-10
epsilon,1,239,True,,False,True,0,205.0,74.5,5,5,1,True,True,74.5,74.5,0.0,10501,616104,30.43797016143799,41.0,33.5,0.33,16,0,0,0,0,3,1,Otto_instance_n=20_288_c02,Otto_instance_n=20_288,Otto_instance_n=20_288,c02,extra_remaining_instances_2026-06-10
epsilon,2,204,True,,False,True,0,170.0,220.60000000000002,4,4,2,True,False,145.96626572,220.6,33.8322,103501,7134845,300.32454204559326,194.0,26.6,0.734,8,0,0,0,0,6,6,Otto_instance_n=20_288_c02,Otto_instance_n=20_288,Otto_instance_n=20_288,c02,extra_remaining_instances_2026-06-10
epsilon,3,169,True,,False,True,0,135.0,392.90000000000003,3,3,3,True,False,156.40261421,392.9,60.1928,38824,4249464,300.4036560058594,383.0,9.9,0.934,0,0,0,0,0,9,11,Otto_instance_n=20_288_c02,Otto_instance_n=20_288,Otto_instance_n=20_288,c02,extra_remaining_instances_2026-06-10
epsilon,4,134,True,,False,True,0,108.0,684.35,4,2,4,True,False,426.9882183,684.35,37.6067,92788,7691873,300.32840514183044,658.0,26.35,0.8682,0,8,0,0,0,4,8,Otto_instance_n=20_288_c02,Otto_instance_n=20_288,Otto_instance_n=20_288,c02,extra_remaining_instances_2026-06-10
epsilon,5,107,True,,False,True,0,107.0,768.15,5,2,3,True,True,768.15,768.15,0.0,37141,3427685,218.80627727508545,764.0,4.15,0.9723,8,12,0,0,0,0,0,Otto_instance_n=20_288_c02,Otto_instance_n=20_288,Otto_instance_n=20_288,c02,extra_remaining_instances_2026-06-10
epsilon,6,106,True,,False,True,0,81.0,986.4,5,1,5,True,False,856.7892746,986.4,13.1398,241339,8742246,300.33384919166565,947.0,39.400000000000006,0.8424,0,13,0,0,0,2,5,Otto_instance_n=20_288_c02,Otto_instance_n=20_288,Otto_instance_n=20_288,c02,extra_remaining_instances_2026-06-10
epsilon,7,80,True,,False,True,0,76.0,1050.25,5,1,4,True,True,1050.25,1050.25,0.0,4701,198809,5.854161977767944,1045.0,5.25,0.9738,3,17,0,0,0,0,0,Otto_instance_n=20_288_c02,Otto_instance_n=20_288,Otto_instance_n=20_288,c02,extra_remaining_instances_2026-06-10
epsilon,8,75,True,,False,True,0,54.0,1354.7,6,0,6,True,True,1354.7,1354.7,0.0,7430,213415,5.57711386680603,1300.0,54.7,0.8177,0,20,0,0,0,0,0,Otto_instance_n=20_288_c02,Otto_instance_n=20_288,Otto_instance_n=20_288,c02,extra_remaining_instances_2026-06-10
epsilon,9,53,False,infeasible,,,0,,,,,,,,,,,,,,,,,,,,,,,,Otto_instance_n=20_288_c02,Otto_instance_n=20_288,Otto_instance_n=20_288,c02,extra_remaining_instances_2026-06-10
E0_HI_only,0,,True,,False,True,0,240.0,0.0,6,6,0,True,True,240.0,240.0,0.0,0,697,0.034278154373168945,0.0,0.0,,20,0,0,0,0,0,0,Otto_instance_n=20_288_c03,Otto_instance_n=20_288,Otto_instance_n=20_288,c03,extra_remaining_instances_2026-06-10
epsilon,1,239,True,,False,True,0,209.0,79.15,6,5,1,True,True,79.15,79.15,0.0,7616,596823,32.273396015167236,35.0,44.150000000000006,0.117,19,1,0,0,0,0,0,Otto_instance_n=20_288_c03,Otto_instance_n=20_288,Otto_instance_n=20_288,c03,extra_remaining_instances_2026-06-10
epsilon,2,208,True,,False,True,0,205.0,90.85,5,5,1,True,True,90.85,90.85,0.0,7243,681764,35.86316800117493,64.0,26.85,0.463,16,0,0,0,0,3,1,Otto_instance_n=20_288_c03,Otto_instance_n=20_288,Otto_instance_n=20_288,c03,extra_remaining_instances_2026-06-10
epsilon,3,204,True,,False,True,0,178.0,304.7,6,4,2,True,False,94.351540826,304.7,69.0346,40493,6671873,300.3052427768707,256.0,48.7,0.513,17,3,0,0,0,0,0,Otto_instance_n=20_288_c03,Otto_instance_n=20_288,Otto_instance_n=20_288,c03,extra_remaining_instances_2026-06-10
epsilon,4,177,True,,False,True,1,174.0,301.6,5,4,2,True,True,301.6,301.6,0.0,123541,8223992,297.33075618743896,278.0,23.6,0.764,13,2,0,0,0,3,2,Otto_instance_n=20_288_c03,Otto_instance_n=20_288,Otto_instance_n=20_288,c03,extra_remaining_instances_2026-06-10
epsilon,5,173,True,,False,True,0,143.0,540.6999999999999,5,3,3,True,False,292.27028884,540.7,45.9459,101747,7690500,300.31545066833496,516.0,24.700000000000003,0.8353,8,6,0,0,0,3,3,Otto_instance_n=20_288_c03,Otto_instance_n=20_288,Otto_instance_n=20_288,c03,extra_remaining_instances_2026-06-10
epsilon,6,142,True,,False,True,0,112.0,783.7,5,2,4,True,False,465.8281377,783.7,40.5604,88440,8281603,300.31335401535034,759.0,24.700000000000003,0.8765,5,9,0,0,0,4,2,Otto_instance_n=20_288_c03,Otto_instance_n=20_288,Otto_instance_n=20_288,c03,extra_remaining_instances_2026-06-10
epsilon,7,111,True,,False,True,1,107.0,777.0,5,2,3,True,True,777.0,777.0,0.0,38197,2426847,91.28951811790466,774.0,3.0,0.98,7,13,0,0,0,0,0,Otto_instance_n=20_288_c03,Otto_instance_n=20_288,Otto_instance_n=20_288,c03,extra_remaining_instances_2026-06-10
epsilon,8,106,True,,False,True,0,76.0,1014.75,5,1,4,True,True,1014.75,1014.75,0.0,151337,4053256,189.23335194587708,1010.0,4.75,0.9762,4,16,0,0,0,0,0,Otto_instance_n=20_288_c03,Otto_instance_n=20_288,Otto_instance_n=20_288,c03,extra_remaining_instances_2026-06-10
epsilon,9,75,True,,False,True,0,54.0,1330.3000000000002,6,0,6,True,True,1330.3,1330.3,0.0,841,64709,3.8516461849212646,1277.0,53.300000000000004,0.8223,0,20,0,0,0,0,0,Otto_instance_n=20_288_c03,Otto_instance_n=20_288,Otto_instance_n=20_288,c03,extra_remaining_instances_2026-06-10
epsilon,10,53,False,infeasible,,,0,,,,,,,,,,,,,,,,,,,,,,,,Otto_instance_n=20_288_c03,Otto_instance_n=20_288,Otto_instance_n=20_288,c03,extra_remaining_instances_2026-06-10
E0_HI_only,0,,True,,False,True,0,240.0,0.0,6,6,0,True,True,240.0,240.0,0.0,0,697,0.034424781799316406,0.0,0.0,,20,0,0,0,0,0,0,Otto_instance_n=20_288_c04,Otto_instance_n=20_288,Otto_instance_n=20_288,c04,extra_remaining_instances_2026-06-10
epsilon,1,239,True,,False,True,0,209.0,81.65,6,5,1,True,True,81.65,81.65,0.0,7043,260845,7.986958980560303,40.0,41.650000000000006,0.167,19,1,0,0,0,0,0,Otto_instance_n=20_288_c04,Otto_instance_n=20_288,Otto_instance_n=20_288,c04,extra_remaining_instances_2026-06-10
epsilon,2,208,True,,False,True,0,205.0,89.45,5,5,1,True,True,89.45,89.45,0.0,4483,500302,10.459865093231201,58.0,31.450000000000003,0.371,16,0,0,0,4,0,0,Otto_instance_n=20_288_c04,Otto_instance_n=20_288,Otto_instance_n=20_288,c04,extra_remaining_instances_2026-06-10
epsilon,3,204,True,,False,True,0,165.0,128.35,4,4,1,True,True,128.35,128.35,0.0,9130,894881,32.809643030166626,116.0,12.350000000000001,0.753,12,0,0,0,8,0,0,Otto_instance_n=20_288_c04,Otto_instance_n=20_288,Otto_instance_n=20_288,c04,extra_remaining_instances_2026-06-10
epsilon,4,164,True,,False,True,0,130.0,250.95,3,3,2,True,True,250.95,250.95,0.0,6219,487693,15.498991012573242,222.0,28.950000000000003,0.7105,5,0,0,0,15,0,0,Otto_instance_n=20_288_c04,Otto_instance_n=20_288,Otto_instance_n=20_288,c04,extra_remaining_instances_2026-06-10
epsilon,5,129,True,,False,True,0,90.0,295.65,2,2,2,True,True,295.65,295.65,0.0,3007,669180,20.253906965255737,288.0,7.65,0.9235,0,0,0,0,20,0,0,Otto_instance_n=20_288_c04,Otto_instance_n=20_288,Otto_instance_n=20_288,c04,extra_remaining_instances_2026-06-10
epsilon,6,89,True,,False,True,0,81.0,973.55,5,1,5,True,True,973.55,973.55,0.0,239,50008,2.879657030105591,928.0,45.550000000000004,0.8178,0,9,0,0,11,0,0,Otto_instance_n=20_288_c04,Otto_instance_n=20_288,Otto_instance_n=20_288,c04,extra_remaining_instances_2026-06-10
epsilon,7,80,True,,False,True,0,72.0,1915.6499999999999,8,0,8,True,True,1915.65,1915.65,0.0,668,84719,3.1362967491149902,1875.0,40.650000000000006,0.8984,0,20,0,0,0,0,0,Otto_instance_n=20_288_c04,Otto_instance_n=20_288,Otto_instance_n=20_288,c04,extra_remaining_instances_2026-06-10
epsilon,8,71,False,infeasible,,,0,,,,,,,,,,,,,,,,,,,,,,,,Otto_instance_n=20_288_c04,Otto_instance_n=20_288,Otto_instance_n=20_288,c04,extra_remaining_instances_2026-06-10
E0_HI_only,0,,True,,False,True,0,240.0,0.0,6,6,0,True,True,240.0,240.0,0.0,0,697,0.03567004203796387,0.0,0.0,,20,0,0,0,0,0,0,Otto_instance_n=20_288_c05,Otto_instance_n=20_288,Otto_instance_n=20_288,c05,extra_remaining_instances_2026-06-10
epsilon,1,239,True,,False,True,0,205.0,69.65,5,5,1,True,True,69.65,69.65,0.0,7496,750983,38.65897512435913,32.0,37.65,0.247,15,0,0,0,0,4,1,Otto_instance_n=20_288_c05,Otto_instance_n=20_288,Otto_instance_n=20_288,c05,extra_remaining_instances_2026-06-10
epsilon,2,204,True,,False,True,0,170.0,231.79999999999998,4,4,2,True,True,231.8,231.8,0.0,95829,4325646,283.9526720046997,213.0,18.8,0.812,7,0,0,0,0,8,5,Otto_instance_n=20_288_c05,Otto_instance_n=20_288,Otto_instance_n=20_288,c05,extra_remaining_instances_2026-06-10
epsilon,3,169,True,,False,True,0,144.0,519.65,4,3,4,True,False,322.9829122,519.65,37.8461,119665,6811376,300.33158898353577,486.0,33.65,0.8317,0,1,0,0,0,10,9,Otto_instance_n=20_288_c05,Otto_instance_n=20_288,Otto_instance_n=20_288,c05,extra_remaining_instances_2026-06-10
epsilon,4,143,True,,False,True,0,143.0,631.6,5,3,3,True,False,400.63742434,631.6,36.5679,106163,7084190,300.3078758716583,630.0,1.6,0.9893,8,6,0,0,0,4,2,Otto_instance_n=20_288_c05,Otto_instance_n=20_288,Otto_instance_n=20_288,c05,extra_remaining_instances_2026-06-10
epsilon,5,142,True,,False,True,0,117.0,916.15,5,2,5,True,False,473.65,916.15,48.3,154971,8362747,300.30578804016113,887.0,29.150000000000002,0.8834,0,7,0,0,5,5,3,Otto_instance_n=20_288_c05,Otto_instance_n=20_288,Otto_instance_n=20_288,c05,extra_remaining_instances_2026-06-10
epsilon,6,116,True,,False,True,0,99.0,1369.7999999999997,7,1,7,True,False,1027.6171233,1369.8,24.9805,141459,6332861,301.0973858833313,1311.0,58.800000000000004,0.832,0,13,0,0,0,4,3,Otto_instance_n=20_288_c05,Otto_instance_n=20_288,Otto_instance_n=20_288,c05,extra_remaining_instances_2026-06-10
epsilon,7,98,True,,False,True,0,90.0,1393.75,6,1,6,True,True,1393.75,1393.75,0.0,28317,1397237,48.56982231140137,1380.0,13.75,0.9542,0,15,0,0,5,0,0,Otto_instance_n=20_288_c05,Otto_instance_n=20_288,Otto_instance_n=20_288,c05,extra_remaining_instances_2026-06-10
epsilon,8,89,True,,False,True,0,72.0,1854.4999999999998,8,0,8,True,True,1854.5,1854.5,0.0,1569,153829,6.760485887527466,1810.0,44.5,0.8887,0,20,0,0,0,0,0,Otto_instance_n=20_288_c05,Otto_instance_n=20_288,Otto_instance_n=20_288,c05,extra_remaining_instances_2026-06-10
epsilon,9,71,False,infeasible,,,0,,,,,,,,,,,,,,,,,,,,,,,,Otto_instance_n=20_288_c05,Otto_instance_n=20_288,Otto_instance_n=20_288,c05,extra_remaining_instances_2026-06-10
E0_HI_only,0,,True,,False,True,0,240.0,0.0,6,6,0,True,True,240.0,240.0,0.0,0,697,0.03460574150085449,0.0,0.0,,20,0,0,0,0,0,0,Otto_instance_n=20_288_c06,Otto_instance_n=20_288,Otto_instance_n=20_288,c06,extra_remaining_instances_2026-06-10
epsilon,1,239,True,,False,True,0,205.0,81.8,5,5,1,True,True,81.8,81.8,0.0,6605,584391,16.995718240737915,50.0,31.8,0.364,17,0,0,0,0,2,1,Otto_instance_n=20_288_c06,Otto_instance_n=20_288,Otto_instance_n=20_288,c06,extra_remaining_instances_2026-06-10
epsilon,2,204,True,,False,True,0,174.0,342.95,5,4,2,True,False,236.45844981,342.95,31.0516,111279,7667631,300.310045003891,325.0,17.95,0.8205,13,2,0,0,0,3,2,Otto_instance_n=20_288_c06,Otto_instance_n=20_288,Otto_instance_n=20_288,c06,extra_remaining_instances_2026-06-10
epsilon,3,173,True,,False,True,0,148.0,668.7,5,3,4,True,False,314.68876659,668.7,52.9402,100192,6071966,300.32010889053345,635.0,33.7,0.8315,5,3,0,0,0,7,5,Otto_instance_n=20_288_c06,Otto_instance_n=20_288,Otto_instance_n=20_288,c06,extra_remaining_instances_2026-06-10
epsilon,4,147,True,,False,True,0,147.0,688.6500000000001,6,3,3,True,True,688.65,688.65,0.0,91688,7590463,299.08318996429443,679.0,9.65,0.9357,12,8,0,0,0,0,0,Otto_instance_n=20_288_c06,Otto_instance_n=20_288,Otto_instance_n=20_288,c06,extra_remaining_instances_2026-06-10
epsilon,5,146,True,,False,True,0,121.0,1027.8,6,2,5,True,False,442.60916584,1027.8,56.9363,80668,8064307,300.30249094963074,1000.0,27.8,0.8888,5,8,0,0,0,4,3,Otto_instance_n=20_288_c06,Otto_instance_n=20_288,Otto_instance_n=20_288,c06,extra_remaining_instances_2026-06-10
epsilon,6,120,True,,False,True,0,94.0,1412.85,7,1,6,True,False,737.0,1412.85,47.8359,82096,6620689,300.314905166626,1397.0,15.850000000000001,0.9472,5,15,0,0,0,0,0,Otto_instance_n=20_288_c06,Otto_instance_n=20_288,Otto_instance_n=20_288,c06,extra_remaining_instances_2026-06-10
epsilon,7,93,True,,False,True,0,72.0,1815.5500000000002,8,0,8,True,True,1815.55,1815.55,0.0,20508,1000354,30.72505497932434,1768.0,47.550000000000004,0.8811,0,20,0,0,0,0,0,Otto_instance_n=20_288_c06,Otto_instance_n=20_288,Otto_instance_n=20_288,c06,extra_remaining_instances_2026-06-10
epsilon,8,71,False,infeasible,,,0,,,,,,,,,,,,,,,,,,,,,,,,Otto_instance_n=20_288_c06,Otto_instance_n=20_288,Otto_instance_n=20_288,c06,extra_remaining_instances_2026-06-10
E0_HI_only,0,,True,,False,True,0,240.0,0.0,6,6,0,True,True,240.0,240.0,0.0,0,697,0.0343327522277832,0.0,0.0,,20,0,0,0,0,0,0,Otto_instance_n=20_288_c07,Otto_instance_n=20_288,Otto_instance_n=20_288,c07,extra_remaining_instances_2026-06-10
epsilon,1,239,True,,False,True,0,205.0,89.35,5,5,1,True,True,89.35,89.35,0.0,6500,282823,7.589101076126099,66.0,23.35,0.533,17,0,0,0,0,2,1,Otto_instance_n=20_288_c07,Otto_instance_n=20_288,Otto_instance_n=20_288,c07,extra_remaining_instances_2026-06-10
epsilon,2,204,True,,False,True,0,165.0,128.15,4,4,1,True,True,128.15,128.15,0.0,4639,269622,6.971137762069702,117.0,11.15,0.777,11,0,0,0,9,0,0,Otto_instance_n=20_288_c07,Otto_instance_n=20_288,Otto_instance_n=20_288,c07,extra_remaining_instances_2026-06-10
epsilon,3,164,True,,False,True,0,130.0,259.75,3,3,2,True,True,259.75,259.75,0.0,6550,604585,16.719077110290527,236.0,23.75,0.7625,3,0,0,0,17,0,0,Otto_instance_n=20_288_c07,Otto_instance_n=20_288,Otto_instance_n=20_288,c07,extra_remaining_instances_2026-06-10
epsilon,4,129,True,,False,True,0,90.0,302.7,2,2,2,True,True,302.7,302.7,0.0,453,155038,5.64300799369812,299.0,3.7,0.963,0,0,0,0,20,0,0,Otto_instance_n=20_288_c07,Otto_instance_n=20_288,Otto_instance_n=20_288,c07,extra_remaining_instances_2026-06-10
epsilon,5,89,False,infeasible,,,0,,,,,,,,,,,,,,,,,,,,,,,,Otto_instance_n=20_288_c07,Otto_instance_n=20_288,Otto_instance_n=20_288,c07,extra_remaining_instances_2026-06-10
E0_HI_only,0,,True,,False,True,0,240.0,0.0,6,6,0,True,True,240.0,240.0,0.0,0,697,0.03621625900268555,0.0,0.0,,20,0,0,0,0,0,0,Otto_instance_n=20_288_c08,Otto_instance_n=20_288,Otto_instance_n=20_288,c08,extra_remaining_instances_2026-06-10
epsilon,1,239,True,,False,True,0,209.0,102.7,6,5,1,True,True,102.7,102.7,0.0,6612,479212,17.933549165725708,66.0,36.7,0.266,19,1,0,0,0,0,0,Otto_instance_n=20_288_c08,Otto_instance_n=20_288,Otto_instance_n=20_288,c08,extra_remaining_instances_2026-06-10
epsilon,2,208,True,,False,True,0,205.0,112.6,5,5,1,True,True,112.6,112.6,0.0,5199,446365,12.121554851531982,95.0,17.6,0.648,16,0,0,0,4,0,0,Otto_instance_n=20_288_c08,Otto_instance_n=20_288,Otto_instance_n=20_288,c08,extra_remaining_instances_2026-06-10
epsilon,3,204,True,,False,True,0,170.0,292.34999999999997,4,4,2,True,True,292.35,292.35,0.0,27419,2615253,93.20663094520569,288.0,4.3500000000000005,0.9565,8,0,0,0,12,0,0,Otto_instance_n=20_288_c08,Otto_instance_n=20_288,Otto_instance_n=20_288,c08,extra_remaining_instances_2026-06-10
epsilon,4,169,True,,False,True,0,144.0,668.7,4,3,4,True,True,668.7,668.7,0.0,41582,4042385,137.60654211044312,658.0,10.700000000000001,0.9465,0,3,0,0,17,0,0,Otto_instance_n=20_288_c08,Otto_instance_n=20_288,Otto_instance_n=20_288,c08,extra_remaining_instances_2026-06-10
epsilon,5,143,True,,False,True,0,135.0,1357.1999999999998,7,2,7,True,True,1357.2,1357.2,0.0,6513,748081,16.491010189056396,1299.0,58.2,0.8337,0,9,0,0,11,0,0,Otto_instance_n=20_288_c08,Otto_instance_n=20_288,Otto_instance_n=20_288,c08,extra_remaining_instances_2026-06-10
epsilon,6,134,False,infeasible,,,0,,,,,,,,,,,,,,,,,,,,,,,,Otto_instance_n=20_288_c08,Otto_instance_n=20_288,Otto_instance_n=20_288,c08,extra_remaining_instances_2026-06-10
E0_HI_only,0,,True,,False,True,0,240.0,0.0,6,6,0,True,True,240.0,240.0,0.0,0,697,0.03712892532348633,0.0,0.0,,20,0,0,0,0,0,0,Otto_instance_n=20_288_c09,Otto_instance_n=20_288,Otto_instance_n=20_288,c09,extra_remaining_instances_2026-06-10
epsilon,1,239,True,,False,True,0,205.0,88.0,5,5,1,True,True,88.0,88.0,0.0,7757,494748,19.300559759140015,62.0,26.0,0.48,15,0,0,0,0,4,1,Otto_instance_n=20_288_c09,Otto_instance_n=20_288,Otto_instance_n=20_288,c09,extra_remaining_instances_2026-06-10
epsilon,2,204,True,,False,True,0,175.0,370.4,4,4,3,True,False,318.89640861,370.4,13.9049,191457,8092086,300.34207820892334,357.0,13.4,0.9107,4,0,0,0,0,11,5,Otto_instance_n=20_288_c09,Otto_instance_n=20_288,Otto_instance_n=20_288,c09,extra_remaining_instances_2026-06-10
epsilon,3,174,True,,False,True,0,162.0,947.5,6,3,6,True,False,492.68692207,947.5,48.0014,107781,8483025,300.3234529495239,883.0,64.5,0.785,0,4,0,0,0,10,6,Otto_instance_n=20_288_c09,Otto_instance_n=20_288,Otto_instance_n=20_288,c09,extra_remaining_instances_2026-06-10
epsilon,4,161,True,,False,True,0,157.0,968.35,6,3,5,True,False,604.35247949,968.35,37.5895,128895,8842392,300.3027038574219,942.0,26.35,0.8946,4,5,0,0,0,8,3,Otto_instance_n=20_288_c09,Otto_instance_n=20_288,Otto_instance_n=20_288,c09,extra_remaining_instances_2026-06-10
epsilon,5,156,True,,False,True,0,144.0,1551.4500000000003,8,2,8,True,False,725.31782612,1551.45,53.249,95373,6361816,300.440593957901,1481.0,70.45,0.8239,0,9,0,0,0,7,4,Otto_instance_n=20_288_c09,Otto_instance_n=20_288,Otto_instance_n=20_288,c09,extra_remaining_instances_2026-06-10
epsilon,6,143,True,,False,True,0,135.0,1583.6,7,2,7,True,True,1583.6,1583.6,0.0,105167,6385658,211.00833892822266,1565.0,18.6,0.9469,0,9,0,0,0,7,4,Otto_instance_n=20_288_c09,Otto_instance_n=20_288,Otto_instance_n=20_288,c09,extra_remaining_instances_2026-06-10
epsilon,7,134,True,,False,True,0,126.0,2223.1,10,1,10,True,False,754.36174091,2223.1,66.0671,32493,6249136,300.2948410511017,2154.0,69.10000000000001,0.8618,0,15,0,0,0,3,2,Otto_instance_n=20_288_c09,Otto_instance_n=20_288,Otto_instance_n=20_288,c09,extra_remaining_instances_2026-06-10
epsilon,8,125,False,infeasible,,,0,,,,,,,,,,,,,,,,,,,,,,,,Otto_instance_n=20_288_c09,Otto_instance_n=20_288,Otto_instance_n=20_288,c09,extra_remaining_instances_2026-06-10
E0_HI_only,0,,True,,False,True,0,120.0,0.0,3,3,0,True,True,120.0,120.0,0.0,0,0,0.024040937423706055,0.0,0.0,,20,0,0,0,0,0,0,Otto_instance_n=20_455_c01,Otto_instance_n=20_455,Otto_instance_n=20_455,c01,extra_remaining_instances_2026-06-10
epsilon,1,119,True,,False,True,0,85.0,125.05,2,2,1,True,True,125.05,125.05,0.0,16726,757661,38.51108479499817,109.0,16.05,0.679,7,0,0,0,13,0,0,Otto_instance_n=20_455_c01,Otto_instance_n=20_455,Otto_instance_n=20_455,c01,extra_remaining_instances_2026-06-10
epsilon,2,84,True,,False,True,0,54.0,244.25,2,1,2,True,True,244.25,244.25,0.0,1262,74846,3.329328775405884,204.0,40.25,0.5975,0,2,0,0,18,0,0,Otto_instance_n=20_455_c01,Otto_instance_n=20_455,Otto_instance_n=20_455,c01,extra_remaining_instances_2026-06-10
epsilon,3,53,True,,False,True,0,27.0,720.4,3,0,3,True,True,720.4,720.4,0.0,0,847,0.6059091091156006,708.0,12.4,0.9173,0,20,0,0,0,0,0,Otto_instance_n=20_455_c01,Otto_instance_n=20_455,Otto_instance_n=20_455,c01,extra_remaining_instances_2026-06-10
epsilon,4,26,False,infeasible,,,0,,,,,,,,,,,,,,,,,,,,,,,,Otto_instance_n=20_455_c01,Otto_instance_n=20_455,Otto_instance_n=20_455,c01,extra_remaining_instances_2026-06-10
E0_HI_only,0,,True,,False,True,0,120.0,0.0,3,3,0,True,True,120.0,120.0,0.0,0,0,0.02378702163696289,0.0,0.0,,20,0,0,0,0,0,0,Otto_instance_n=20_455_c02,Otto_instance_n=20_455,Otto_instance_n=20_455,c02,extra_remaining_instances_2026-06-10
epsilon,1,119,True,,False,True,0,90.0,202.8,2,2,2,True,True,202.8,202.8,0.0,69326,1459719,81.22827982902527,162.0,40.800000000000004,0.592,0,0,0,0,0,12,8,Otto_instance_n=20_455_c02,Otto_instance_n=20_455,Otto_instance_n=20_455,c02,extra_remaining_instances_2026-06-10
epsilon,2,89,True,,False,True,0,89.0,219.9,3,2,1,True,True,219.9,219.9,0.0,1581,120820,3.7586817741394043,209.0,10.9,0.782,13,7,0,0,0,0,0,Otto_instance_n=20_455_c02,Otto_instance_n=20_455,Otto_instance_n=20_455,c02,extra_remaining_instances_2026-06-10
epsilon,3,88,True,,False,True,0,63.0,467.3,3,1,3,True,True,467.3,467.3,0.0,17088,706525,23.569796085357666,416.0,51.300000000000004,0.658,0,10,0,0,0,5,5,Otto_instance_n=20_455_c02,Otto_instance_n=20_455,Otto_instance_n=20_455,c02,extra_remaining_instances_2026-06-10
epsilon,4,62,True,,False,True,0,58.0,476.9,3,1,2,True,True,476.9,476.9,0.0,1324,54687,1.6156611442565918,464.0,12.9,0.871,5,15,0,0,0,0,0,Otto_instance_n=20_455_c02,Otto_instance_n=20_455,Otto_instance_n=20_455,c02,extra_remaining_instances_2026-06-10
epsilon,5,57,True,,False,True,0,27.0,749.85,3,0,3,True,True,749.85,749.85,0.0,416,32370,0.9888219833374023,735.0,14.850000000000001,0.901,0,20,0,0,0,0,0,Otto_instance_n=20_455_c02,Otto_instance_n=20_455,Otto_instance_n=20_455,c02,extra_remaining_instances_2026-06-10
epsilon,6,26,False,infeasible,,,0,,,,,,,,,,,,,,,,,,,,,,,,Otto_instance_n=20_455_c02,Otto_instance_n=20_455,Otto_instance_n=20_455,c02,extra_remaining_instances_2026-06-10
E0_HI_only,0,,True,,False,True,0,120.0,0.0,3,3,0,True,True,120.0,120.0,0.0,0,0,0.023606061935424805,0.0,0.0,,20,0,0,0,0,0,0,Otto_instance_n=20_455_c03,Otto_instance_n=20_455,Otto_instance_n=20_455,c03,extra_remaining_instances_2026-06-10
epsilon,1,119,True,,False,True,0,89.0,206.4,3,2,1,True,True,206.4,206.4,0.0,10281,797143,38.52007508277893,194.0,12.4,0.752,13,7,0,0,0,0,0,Otto_instance_n=20_455_c03,Otto_instance_n=20_455,Otto_instance_n=20_455,c03,extra_remaining_instances_2026-06-10
epsilon,2,88,True,,False,True,0,58.0,461.25,3,1,2,True,True,461.25,461.25,0.0,5017,222155,6.302107810974121,448.0,13.25,0.8675,5,15,0,0,0,0,0,Otto_instance_n=20_455_c03,Otto_instance_n=20_455,Otto_instance_n=20_455,c03,extra_remaining_instances_2026-06-10
epsilon,3,57,True,,False,True,0,27.0,728.1499999999999,3,0,3,True,True,728.15,728.15,0.0,0,1151,0.6815450191497803,715.0,13.15,0.9123,0,20,0,0,0,0,0,Otto_instance_n=20_455_c03,Otto_instance_n=20_455,Otto_instance_n=20_455,c03,extra_remaining_instances_2026-06-10
epsilon,4,26,False,infeasible,,,0,,,,,,,,,,,,,,,,,,,,,,,,Otto_instance_n=20_455_c03,Otto_instance_n=20_455,Otto_instance_n=20_455,c03,extra_remaining_instances_2026-06-10
E0_HI_only,0,,True,,False,True,0,120.0,0.0,3,3,0,True,True,120.0,120.0,0.0,0,0,0.023971080780029297,0.0,0.0,,20,0,0,0,0,0,0,Otto_instance_n=20_455_c04,Otto_instance_n=20_455,Otto_instance_n=20_455,c04,extra_remaining_instances_2026-06-10
epsilon,1,119,True,,False,True,0,85.0,122.2,2,2,1,True,True,122.2,122.2,0.0,1198,159124,6.217880964279175,106.0,16.2,0.676,9,0,0,0,11,0,0,Otto_instance_n=20_455_c04,Otto_instance_n=20_455,Otto_instance_n=20_455,c04,extra_remaining_instances_2026-06-10
epsilon,2,84,True,,False,True,0,54.0,244.0,2,1,2,True,True,244.0,244.0,0.0,99,18177,1.8507869243621826,204.0,40.0,0.6,0,2,0,0,18,0,0,Otto_instance_n=20_455_c04,Otto_instance_n=20_455,Otto_instance_n=20_455,c04,extra_remaining_instances_2026-06-10
epsilon,3,53,True,,False,True,0,45.0,1098.7,5,0,5,True,True,1098.7,1098.7,0.0,0,744,0.5736939907073975,1050.0,48.7,0.8052,0,20,0,0,0,0,0,Otto_instance_n=20_455_c04,Otto_instance_n=20_455,Otto_instance_n=20_455,c04,extra_remaining_instances_2026-06-10
epsilon,4,44,False,infeasible,,,0,,,,,,,,,,,,,,,,,,,,,,,,Otto_instance_n=20_455_c04,Otto_instance_n=20_455,Otto_instance_n=20_455,c04,extra_remaining_instances_2026-06-10
E0_HI_only,0,,True,,False,True,0,120.0,0.0,3,3,0,True,True,120.0,120.0,0.0,0,0,0.023879289627075195,0.0,0.0,,20,0,0,0,0,0,0,Otto_instance_n=20_455_c05,Otto_instance_n=20_455,Otto_instance_n=20_455,c05,extra_remaining_instances_2026-06-10
epsilon,1,119,True,,False,True,0,90.0,214.65,2,2,2,True,True,214.65,214.65,0.0,38989,1045523,68.24287700653076,181.0,33.65,0.6635,0,0,0,0,0,12,8,Otto_instance_n=20_455_c05,Otto_instance_n=20_455,Otto_instance_n=20_455,c05,extra_remaining_instances_2026-06-10
epsilon,2,89,True,,False,True,0,63.0,592.15,3,1,3,True,True,592.15,592.15,0.0,21164,718903,24.791635036468506,576.0,16.150000000000002,0.8923,0,12,0,0,0,4,4,Otto_instance_n=20_455_c05,Otto_instance_n=20_455,Otto_instance_n=20_455,c05,extra_remaining_instances_2026-06-10
epsilon,3,62,True,,False,True,0,45.0,1069.55,5,0,5,True,True,1069.55,1069.55,0.0,84,12481,1.0159950256347656,1017.0,52.550000000000004,0.7898,0,20,0,0,0,0,0,Otto_instance_n=20_455_c05,Otto_instance_n=20_455,Otto_instance_n=20_455,c05,extra_remaining_instances_2026-06-10
epsilon,4,44,False,infeasible,,,0,,,,,,,,,,,,,,,,,,,,,,,,Otto_instance_n=20_455_c05,Otto_instance_n=20_455,Otto_instance_n=20_455,c05,extra_remaining_instances_2026-06-10
E0_HI_only,0,,True,,False,True,0,120.0,0.0,3,3,0,True,True,120.0,120.0,0.0,0,0,0.023812055587768555,0.0,0.0,,20,0,0,0,0,0,0,Otto_instance_n=20_455_c06,Otto_instance_n=20_455,Otto_instance_n=20_455,c06,extra_remaining_instances_2026-06-10
epsilon,1,119,True,,False,True,0,94.0,306.15,3,2,2,True,True,306.15,306.15,0.0,50685,2229922,101.30893588066101,279.0,27.150000000000002,0.7285,6,4,0,0,0,6,4,Otto_instance_n=20_455_c06,Otto_instance_n=20_455,Otto_instance_n=20_455,c06,extra_remaining_instances_2026-06-10
epsilon,2,93,True,,False,True,0,63.0,632.1,3,1,3,True,True,632.1,632.1,0.0,32300,1369233,44.26383590698242,622.0,10.100000000000001,0.9327,0,11,0,0,0,4,5,Otto_instance_n=20_455_c06,Otto_instance_n=20_455,Otto_instance_n=20_455,c06,extra_remaining_instances_2026-06-10
epsilon,3,62,True,,False,True,0,45.0,1067.95,5,0,5,True,True,1067.95,1067.95,0.0,0,673,0.9442999362945557,1013.0,54.95,0.7802,0,20,0,0,0,0,0,Otto_instance_n=20_455_c06,Otto_instance_n=20_455,Otto_instance_n=20_455,c06,extra_remaining_instances_2026-06-10
epsilon,4,44,False,infeasible,,,0,,,,,,,,,,,,,,,,,,,,,,,,Otto_instance_n=20_455_c06,Otto_instance_n=20_455,Otto_instance_n=20_455,c06,extra_remaining_instances_2026-06-10
E0_HI_only,0,,True,,False,True,0,120.0,0.0,3,3,0,True,True,120.0,120.0,0.0,0,0,0.02361917495727539,0.0,0.0,,20,0,0,0,0,0,0,Otto_instance_n=20_455_c07,Otto_instance_n=20_455,Otto_instance_n=20_455,c07,extra_remaining_instances_2026-06-10
epsilon,1,119,True,,False,True,0,85.0,118.95,2,2,1,True,True,118.95,118.95,0.0,104,53298,3.442211151123047,102.0,16.95,0.661,9,0,0,0,11,0,0,Otto_instance_n=20_455_c07,Otto_instance_n=20_455,Otto_instance_n=20_455,c07,extra_remaining_instances_2026-06-10
epsilon,2,84,True,,False,True,0,54.0,276.2,2,1,2,True,True,276.2,276.2,0.0,39,8588,1.492799997329712,244.0,32.2,0.678,0,3,0,0,17,0,0,Otto_instance_n=20_455_c07,Otto_instance_n=20_455,Otto_instance_n=20_455,c07,extra_remaining_instances_2026-06-10
epsilon,3,53,False,infeasible,,,0,,,,,,,,,,,,,,,,,,,,,,,,Otto_instance_n=20_455_c07,Otto_instance_n=20_455,Otto_instance_n=20_455,c07,extra_remaining_instances_2026-06-10
E0_HI_only,0,,True,,False,True,0,120.0,0.0,3,3,0,True,True,120.0,120.0,0.0,0,0,0.027366161346435547,0.0,0.0,,20,0,0,0,0,0,0,Otto_instance_n=20_455_c08,Otto_instance_n=20_455,Otto_instance_n=20_455,c08,extra_remaining_instances_2026-06-10
epsilon,1,119,True,,False,True,0,94.0,279.40000000000003,3,2,2,True,True,279.4,279.4,0.0,3424,351699,11.115905046463013,248.0,31.400000000000002,0.686,6,2,0,0,12,0,0,Otto_instance_n=20_455_c08,Otto_instance_n=20_455,Otto_instance_n=20_455,c08,extra_remaining_instances_2026-06-10
epsilon,2,93,True,,False,True,0,90.0,287.3,2,2,2,True,True,287.3,287.3,0.0,665,71733,3.074021100997925,276.0,11.3,0.887,0,0,0,0,20,0,0,Otto_instance_n=20_455_c08,Otto_instance_n=20_455,Otto_instance_n=20_455,c08,extra_remaining_instances_2026-06-10
epsilon,3,89,True,,False,True,0,72.0,792.7499999999999,4,1,4,True,True,792.75,792.75,0.0,483,60754,3.4952690601348877,768.0,24.75,0.8762,0,12,0,0,8,0,0,Otto_instance_n=20_455_c08,Otto_instance_n=20_455,Otto_instance_n=20_455,c08,extra_remaining_instances_2026-06-10
epsilon,4,71,True,,False,True,0,63.0,1537.75,7,0,7,True,True,1537.75,1537.75,0.0,0,1487,1.4302668571472168,1477.0,60.75,0.8264,0,20,0,0,0,0,0,Otto_instance_n=20_455_c08,Otto_instance_n=20_455,Otto_instance_n=20_455,c08,extra_remaining_instances_2026-06-10
epsilon,5,62,False,infeasible,,,0,,,,,,,,,,,,,,,,,,,,,,,,Otto_instance_n=20_455_c08,Otto_instance_n=20_455,Otto_instance_n=20_455,c08,extra_remaining_instances_2026-06-10
E0_HI_only,0,,True,,False,True,0,120.0,0.0,3,3,0,True,True,120.0,120.0,0.0,0,0,0.024308204650878906,0.0,0.0,,20,0,0,0,0,0,0,Otto_instance_n=20_455_c09,Otto_instance_n=20_455,Otto_instance_n=20_455,c09,extra_remaining_instances_2026-06-10
epsilon,1,119,True,,False,True,0,99.0,362.95,3,2,3,True,True,362.95,362.95,0.0,40975,1194128,74.9879457950592,315.0,47.95,0.6803,0,1,0,0,0,13,6,Otto_instance_n=20_455_c09,Otto_instance_n=20_455,Otto_instance_n=20_455,c09,extra_remaining_instances_2026-06-10
epsilon,2,98,True,,False,True,0,98.0,478.75,4,2,2,True,True,478.75,478.75,0.0,6248,258132,8.241599082946777,468.0,10.75,0.8925,13,7,0,0,0,0,0,Otto_instance_n=20_455_c09,Otto_instance_n=20_455,Otto_instance_n=20_455,c09,extra_remaining_instances_2026-06-10
epsilon,3,97,True,,False,True,0,81.0,983.3999999999999,5,1,5,True,True,983.4,983.4,0.0,34030,1165147,44.950242042541504,936.0,47.400000000000006,0.8104,0,12,0,0,0,5,3,Otto_instance_n=20_455_c09,Otto_instance_n=20_455,Otto_instance_n=20_455,c09,extra_remaining_instances_2026-06-10
epsilon,4,80,True,,False,True,0,76.0,1019.4,5,1,4,True,True,1019.4,1019.4,0.0,364,38604,2.3045449256896973,1007.0,12.4,0.938,5,15,0,0,0,0,0,Otto_instance_n=20_455_c09,Otto_instance_n=20_455,Otto_instance_n=20_455,c09,extra_remaining_instances_2026-06-10
epsilon,5,75,True,,False,True,0,63.0,1650.8499999999997,7,0,7,True,True,1650.85,1650.85,0.0,450,43508,2.3224167823791504,1598.0,52.85,0.849,0,20,0,0,0,0,0,Otto_instance_n=20_455_c09,Otto_instance_n=20_455,Otto_instance_n=20_455,c09,extra_remaining_instances_2026-06-10
epsilon,6,62,False,infeasible,,,0,,,,,,,,,,,,,,,,,,,,,,,,Otto_instance_n=20_455_c09,Otto_instance_n=20_455,Otto_instance_n=20_455,c09,extra_remaining_instances_2026-06-10
