instance_name,config_id,config_name,run_name,source,n_tasks,T,status,n_pareto,n_certified,cert_rate,min_stations,max_stations,solver_iterations_total,solver_iterations_mean,solver_iterations_max,total_cpu_s,gap_mean_pct,gap_max_pct,timestamp,alpha_level,beta_level,gamma_level,sigma_level,R_e_level,C_c_level,alpha_ci,beta_su,gamma_setup,sigma_si,alpha_ci_std,beta_su_std,gamma_setup_std,sigma_si_std,R_e,C_c,factor_granularity,seed,HV_abs,HV_norm,ref_cost,ref_energy,ideal_cost,ideal_energy,nadir_cost,nadir_energy,spacing,spread_delta,max_spread,cost_range,energy_range,PF_size,results_dir,run_info_path
Scholl_ARC111,1,c01,Scholl_ARC111_c01,Scholl,111,6777.75,OK,1,1,1.0,,,,,,1567.06,0.0,0.0,2026-05-10T12:13:10.441086,low,low,low,low,fixed,fixed,0.9748,0.3714,0.901,1.0501,0.071,0.0411,0.0291,0.0285,0.05,5.0,task,1042,846.4,1.0,1012.0,9.2,920.0,0.0,920.0,0.0,0.0,1.0,0.0,0.0,0.0,1,/Users/hindbhr/Documents/Codex/2026-05-13/clone-this-repository-https-github-com/CALBP-IJPR/published_results/l9_task_progress_220of252_2026-05-13_19-21-43/solutions/Scholl_ARC111_c01,/Users/hindbhr/Documents/Codex/2026-05-13/clone-this-repository-https-github-com/CALBP-IJPR/published_results/l9_task_progress_220of252_2026-05-13_19-21-43/solutions/Scholl_ARC111_c01/run_info.json
Scholl_ARC111,2,c02,Scholl_ARC111_c02,Scholl,111,7640.85,OK,1,1,1.0,,,,,,2174.48,0.0,0.0,2026-05-10T12:49:24.929767,low,mid,mid,mid,fixed,fixed,0.9876,0.6245,1.0036,1.1677,0.0741,0.0448,0.0297,0.0433,0.05,5.0,task,2042,640.0,1.0,880.0,8.0,800.0,0.0,800.0,0.0,0.0,1.0,0.0,0.0,0.0,1,/Users/hindbhr/Documents/Codex/2026-05-13/clone-this-repository-https-github-com/CALBP-IJPR/published_results/l9_task_progress_220of252_2026-05-13_19-21-43/solutions/Scholl_ARC111_c02,/Users/hindbhr/Documents/Codex/2026-05-13/clone-this-repository-https-github-com/CALBP-IJPR/published_results/l9_task_progress_220of252_2026-05-13_19-21-43/solutions/Scholl_ARC111_c02/run_info.json
Scholl_ARC111,3,c03,Scholl_ARC111_c03,Scholl,111,8585.85,OK,1,1,1.0,,,,,,3168.93,0.0,0.0,2026-05-10T13:42:13.871365,low,high,high,high,fixed,fixed,0.97,0.8786,1.0747,1.3443,0.0683,0.0437,0.0147,0.0613,0.05,5.0,task,3042,518.4,1.0,792.0,7.2,720.0,0.0,720.0,0.0,0.0,1.0,0.0,0.0,0.0,1,/Users/hindbhr/Documents/Codex/2026-05-13/clone-this-repository-https-github-com/CALBP-IJPR/published_results/l9_task_progress_220of252_2026-05-13_19-21-43/solutions/Scholl_ARC111_c03,/Users/hindbhr/Documents/Codex/2026-05-13/clone-this-repository-https-github-com/CALBP-IJPR/published_results/l9_task_progress_220of252_2026-05-13_19-21-43/solutions/Scholl_ARC111_c03/run_info.json
Scholl_ARC111,4,c04,Scholl_ARC111_c04,Scholl,111,11363.1,OK,1,1,1.0,,,,,,1382.99,0.0,0.0,2026-05-10T14:05:16.876995,mid,low,mid,high,fixed,fixed,1.4086,0.3768,1.0005,1.3443,0.1055,0.0417,0.0286,0.0552,0.05,5.0,task,4042,313.6,1.0,616.0,5.6,560.0,0.0,560.0,0.0,0.0,1.0,0.0,0.0,0.0,1,/Users/hindbhr/Documents/Codex/2026-05-13/clone-this-repository-https-github-com/CALBP-IJPR/published_results/l9_task_progress_220of252_2026-05-13_19-21-43/solutions/Scholl_ARC111_c04,/Users/hindbhr/Documents/Codex/2026-05-13/clone-this-repository-https-github-com/CALBP-IJPR/published_results/l9_task_progress_220of252_2026-05-13_19-21-43/solutions/Scholl_ARC111_c04/run_info.json
Scholl_ARC111,5,c05,Scholl_ARC111_c05,Scholl,111,9762.9,OK,1,1,1.0,,,,,,3192.59,0.0,0.0,2026-05-10T14:58:29.475079,mid,mid,high,low,fixed,fixed,1.3932,0.6263,1.0773,1.0499,0.1129,0.043,0.0141,0.0298,0.05,5.0,task,5042,409.6,1.0,704.0,6.4,640.0,0.0,640.0,0.0,0.0,1.0,0.0,0.0,0.0,1,/Users/hindbhr/Documents/Codex/2026-05-13/clone-this-repository-https-github-com/CALBP-IJPR/published_results/l9_task_progress_220of252_2026-05-13_19-21-43/solutions/Scholl_ARC111_c05,/Users/hindbhr/Documents/Codex/2026-05-13/clone-this-repository-https-github-com/CALBP-IJPR/published_results/l9_task_progress_220of252_2026-05-13_19-21-43/solutions/Scholl_ARC111_c05/run_info.json
Scholl_ARC111,6,c06,Scholl_ARC111_c06,Scholl,111,9822.75,OK,1,1,1.0,,,,,,1418.08,0.0,0.0,2026-05-10T15:22:07.564306,mid,high,low,mid,fixed,fixed,1.4017,0.8762,0.9038,1.1804,0.123,0.0477,0.0293,0.0419,0.05,5.0,task,6042,409.6,1.0,704.0,6.4,640.0,0.0,640.0,0.0,0.0,1.0,0.0,0.0,0.0,1,/Users/hindbhr/Documents/Codex/2026-05-13/clone-this-repository-https-github-com/CALBP-IJPR/published_results/l9_task_progress_220of252_2026-05-13_19-21-43/solutions/Scholl_ARC111_c06,/Users/hindbhr/Documents/Codex/2026-05-13/clone-this-repository-https-github-com/CALBP-IJPR/published_results/l9_task_progress_220of252_2026-05-13_19-21-43/solutions/Scholl_ARC111_c06/run_info.json
Scholl_ARC111,7,c07,Scholl_ARC111_c07,Scholl,111,15507.45,OK,1,1,1.0,,,,,,1449.18,0.0,0.0,2026-05-10T15:46:16.753028,high,low,high,mid,fixed,fixed,2.1796,0.3801,1.0716,1.1726,0.1949,0.0435,0.0141,0.0453,0.05,5.0,task,7042,160.0,1.0,440.0,4.0,400.0,0.0,400.0,0.0,0.0,1.0,0.0,0.0,0.0,1,/Users/hindbhr/Documents/Codex/2026-05-13/clone-this-repository-https-github-com/CALBP-IJPR/published_results/l9_task_progress_220of252_2026-05-13_19-21-43/solutions/Scholl_ARC111_c07,/Users/hindbhr/Documents/Codex/2026-05-13/clone-this-repository-https-github-com/CALBP-IJPR/published_results/l9_task_progress_220of252_2026-05-13_19-21-43/solutions/Scholl_ARC111_c07/run_info.json
Scholl_ARC111,8,c08,Scholl_ARC111_c08,Scholl,111,16399.95,OK,1,1,1.0,,,,,,1309.37,0.0,0.0,2026-05-10T16:08:06.130502,high,mid,low,high,fixed,fixed,2.1673,0.6246,0.9016,1.3476,0.214,0.0449,0.0299,0.0566,0.05,5.0,task,8042,160.0,1.0,440.0,4.0,400.0,0.0,400.0,0.0,0.0,1.0,0.0,0.0,0.0,1,/Users/hindbhr/Documents/Codex/2026-05-13/clone-this-repository-https-github-com/CALBP-IJPR/published_results/l9_task_progress_220of252_2026-05-13_19-21-43/solutions/Scholl_ARC111_c08,/Users/hindbhr/Documents/Codex/2026-05-13/clone-this-repository-https-github-com/CALBP-IJPR/published_results/l9_task_progress_220of252_2026-05-13_19-21-43/solutions/Scholl_ARC111_c08/run_info.json
Scholl_ARC111,9,c09,Scholl_ARC111_c09,Scholl,111,14950.95,OK,1,1,1.0,,,,,,1300.85,0.0,0.0,2026-05-10T16:29:46.990462,high,high,mid,low,fixed,fixed,2.1404,0.8791,1.0015,1.0516,0.2033,0.0395,0.029,0.0266,0.05,5.0,task,9042,193.6,1.0,484.0,4.4,440.0,0.0,440.0,0.0,0.0,1.0,0.0,0.0,0.0,1,/Users/hindbhr/Documents/Codex/2026-05-13/clone-this-repository-https-github-com/CALBP-IJPR/published_results/l9_task_progress_220of252_2026-05-13_19-21-43/solutions/Scholl_ARC111_c09,/Users/hindbhr/Documents/Codex/2026-05-13/clone-this-repository-https-github-com/CALBP-IJPR/published_results/l9_task_progress_220of252_2026-05-13_19-21-43/solutions/Scholl_ARC111_c09/run_info.json
Scholl_ARC83,1,c01,Scholl_ARC83_c01,Scholl,83,6000.0,OK,1,1,1.0,,,,,,1295.36,0.0,0.0,2026-05-10T04:16:29.811393,low,low,low,low,fixed,fixed,0.97,0.3777,0.8981,1.0497,0.0703,0.0402,0.0281,0.0301,0.05,5.0,task,1042,270.4,1.0,572.0,5.2,520.0,0.0,520.0,0.0,0.0,1.0,0.0,0.0,0.0,1,/Users/hindbhr/Documents/Codex/2026-05-13/clone-this-repository-https-github-com/CALBP-IJPR/published_results/l9_task_progress_220of252_2026-05-13_19-21-43/solutions/Scholl_ARC83_c01,/Users/hindbhr/Documents/Codex/2026-05-13/clone-this-repository-https-github-com/CALBP-IJPR/published_results/l9_task_progress_220of252_2026-05-13_19-21-43/solutions/Scholl_ARC83_c01/run_info.json
Scholl_ARC83,2,c02,Scholl_ARC83_c02,Scholl,83,6000.0,OK,1,1,1.0,,,,,,1985.92,0.0,0.0,2026-05-10T04:49:35.735719,low,mid,mid,mid,fixed,fixed,0.9833,0.6273,1.004,1.1792,0.0775,0.0411,0.0307,0.0448,0.05,5.0,task,2042,270.4,1.0,572.0,5.2,520.0,0.0,520.0,0.0,0.0,1.0,0.0,0.0,0.0,1,/Users/hindbhr/Documents/Codex/2026-05-13/clone-this-repository-https-github-com/CALBP-IJPR/published_results/l9_task_progress_220of252_2026-05-13_19-21-43/solutions/Scholl_ARC83_c02,/Users/hindbhr/Documents/Codex/2026-05-13/clone-this-repository-https-github-com/CALBP-IJPR/published_results/l9_task_progress_220of252_2026-05-13_19-21-43/solutions/Scholl_ARC83_c02/run_info.json
Scholl_ARC83,3,c03,Scholl_ARC83_c03,Scholl,83,6000.0,OK,1,1,1.0,,,,,,1561.83,0.0,0.0,2026-05-10T05:15:37.571322,low,high,high,high,fixed,fixed,0.9701,0.8739,1.0756,1.3538,0.0645,0.0461,0.0148,0.0562,0.05,5.0,task,3042,270.4,1.0,572.0,5.2,520.0,0.0,520.0,0.0,0.0,1.0,0.0,0.0,0.0,1,/Users/hindbhr/Documents/Codex/2026-05-13/clone-this-repository-https-github-com/CALBP-IJPR/published_results/l9_task_progress_220of252_2026-05-13_19-21-43/solutions/Scholl_ARC83_c03,/Users/hindbhr/Documents/Codex/2026-05-13/clone-this-repository-https-github-com/CALBP-IJPR/published_results/l9_task_progress_220of252_2026-05-13_19-21-43/solutions/Scholl_ARC83_c03/run_info.json
Scholl_ARC83,4,c04,Scholl_ARC83_c04,Scholl,83,7136.85,OK,1,1,1.0,,,,,,629.22,0.0,0.0,2026-05-10T05:26:06.792675,mid,low,mid,high,fixed,fixed,1.4166,0.3693,1.005,1.3492,0.0996,0.0413,0.028,0.0583,0.05,5.0,task,4042,193.6,1.0,484.0,4.4,440.0,0.0,440.0,0.0,0.0,1.0,0.0,0.0,0.0,1,/Users/hindbhr/Documents/Codex/2026-05-13/clone-this-repository-https-github-com/CALBP-IJPR/published_results/l9_task_progress_220of252_2026-05-13_19-21-43/solutions/Scholl_ARC83_c04,/Users/hindbhr/Documents/Codex/2026-05-13/clone-this-repository-https-github-com/CALBP-IJPR/published_results/l9_task_progress_220of252_2026-05-13_19-21-43/solutions/Scholl_ARC83_c04/run_info.json
Scholl_ARC83,5,c05,Scholl_ARC83_c05,Scholl,83,6586.650000000001,OK,1,1,1.0,,,,,,2321.01,0.0,0.0,2026-05-10T06:04:47.811916,mid,mid,high,low,fixed,fixed,1.4075,0.6176,1.0769,1.0548,0.1076,0.0426,0.0144,0.0288,0.05,5.0,task,5042,230.4,1.0,528.0,4.8,480.0,0.0,480.0,0.0,0.0,1.0,0.0,0.0,0.0,1,/Users/hindbhr/Documents/Codex/2026-05-13/clone-this-repository-https-github-com/CALBP-IJPR/published_results/l9_task_progress_220of252_2026-05-13_19-21-43/solutions/Scholl_ARC83_c05,/Users/hindbhr/Documents/Codex/2026-05-13/clone-this-repository-https-github-com/CALBP-IJPR/published_results/l9_task_progress_220of252_2026-05-13_19-21-43/solutions/Scholl_ARC83_c05/run_info.json
Scholl_ARC83,6,c06,Scholl_ARC83_c06,Scholl,83,6000.0,OK,1,1,1.0,,,,,,1378.83,0.0,0.0,2026-05-10T06:27:46.647914,mid,high,low,mid,fixed,fixed,1.3896,0.8821,0.8996,1.1817,0.1215,0.0463,0.0318,0.0433,0.05,5.0,task,6042,270.4,1.0,572.0,5.2,520.0,0.0,520.0,0.0,0.0,1.0,0.0,0.0,0.0,1,/Users/hindbhr/Documents/Codex/2026-05-13/clone-this-repository-https-github-com/CALBP-IJPR/published_results/l9_task_progress_220of252_2026-05-13_19-21-43/solutions/Scholl_ARC83_c06,/Users/hindbhr/Documents/Codex/2026-05-13/clone-this-repository-https-github-com/CALBP-IJPR/published_results/l9_task_progress_220of252_2026-05-13_19-21-43/solutions/Scholl_ARC83_c06/run_info.json
Scholl_ARC83,7,c07,Scholl_ARC83_c07,Scholl,83,10559.85,OK,1,1,1.0,,,,,,2135.22,0.0,0.0,2026-05-10T07:03:21.878155,high,low,high,mid,fixed,fixed,2.1818,0.3789,1.076,1.1628,0.1858,0.0435,0.0147,0.0429,0.05,5.0,task,7042,102.4,1.0,352.0,3.2,320.0,0.0,320.0,0.0,0.0,1.0,0.0,0.0,0.0,1,/Users/hindbhr/Documents/Codex/2026-05-13/clone-this-repository-https-github-com/CALBP-IJPR/published_results/l9_task_progress_220of252_2026-05-13_19-21-43/solutions/Scholl_ARC83_c07,/Users/hindbhr/Documents/Codex/2026-05-13/clone-this-repository-https-github-com/CALBP-IJPR/published_results/l9_task_progress_220of252_2026-05-13_19-21-43/solutions/Scholl_ARC83_c07/run_info.json
Scholl_ARC83,8,c08,Scholl_ARC83_c08,Scholl,83,11267.550000000001,OK,1,1,1.0,,,,,,1370.62,0.0,0.0,2026-05-10T07:26:12.501162,high,mid,low,high,fixed,fixed,2.1795,0.6215,0.9035,1.3492,0.207,0.0453,0.029,0.0629,0.05,5.0,task,8042,78.4,1.0,308.0,2.8,280.0,0.0,280.0,0.0,0.0,1.0,0.0,0.0,0.0,1,/Users/hindbhr/Documents/Codex/2026-05-13/clone-this-repository-https-github-com/CALBP-IJPR/published_results/l9_task_progress_220of252_2026-05-13_19-21-43/solutions/Scholl_ARC83_c08,/Users/hindbhr/Documents/Codex/2026-05-13/clone-this-repository-https-github-com/CALBP-IJPR/published_results/l9_task_progress_220of252_2026-05-13_19-21-43/solutions/Scholl_ARC83_c08/run_info.json
Scholl_ARC83,9,c09,Scholl_ARC83_c09,Scholl,83,9799.65,OK,1,1,1.0,,,,,,1439.72,0.0,0.0,2026-05-10T07:50:12.227051,high,high,mid,low,fixed,fixed,2.1551,0.8765,1.0023,1.0501,0.196,0.0415,0.028,0.0291,0.05,5.0,task,9042,102.4,1.0,352.0,3.2,320.0,0.0,320.0,0.0,0.0,1.0,0.0,0.0,0.0,1,/Users/hindbhr/Documents/Codex/2026-05-13/clone-this-repository-https-github-com/CALBP-IJPR/published_results/l9_task_progress_220of252_2026-05-13_19-21-43/solutions/Scholl_ARC83_c09,/Users/hindbhr/Documents/Codex/2026-05-13/clone-this-repository-https-github-com/CALBP-IJPR/published_results/l9_task_progress_220of252_2026-05-13_19-21-43/solutions/Scholl_ARC83_c09/run_info.json
Scholl_BUXEY,1,c01,Scholl_BUXEY_c01,Scholl,29,60.0,OK,7,2,0.285714,,,,,,5840.67,52.3641,86.0687,2026-05-07T20:38:59.149341,low,low,low,low,fixed,fixed,0.9776,0.3802,0.8933,1.0544,0.0714,0.0403,0.0289,0.027,0.05,5.0,task,1042,15665.25,0.682243,264.0,109.34,54.0,0.0,240.0,99.4,4.830496,0.062755,210.894191,186.0,99.4,7,/Users/hindbhr/Documents/Codex/2026-05-13/clone-this-repository-https-github-com/CALBP-IJPR/published_results/l9_task_progress_220of252_2026-05-13_19-21-43/solutions/Scholl_BUXEY_c01,/Users/hindbhr/Documents/Codex/2026-05-13/clone-this-repository-https-github-com/CALBP-IJPR/published_results/l9_task_progress_220of252_2026-05-13_19-21-43/solutions/Scholl_BUXEY_c01/run_info.json
Scholl_BUXEY,2,c02,Scholl_BUXEY_c02,Scholl,29,60.0,OK,9,2,0.222222,,,,,,11355.77,70.9311,100.0,2026-05-07T23:48:14.923649,low,mid,mid,mid,fixed,fixed,0.9736,0.6357,1.0001,1.191,0.0681,0.049,0.0318,0.0376,0.05,5.0,task,2042,14002.25,0.586226,264.0,113.74,54.0,0.0,240.0,103.4,20.961266,0.412781,212.80874,186.0,103.4,9,/Users/hindbhr/Documents/Codex/2026-05-13/clone-this-repository-https-github-com/CALBP-IJPR/published_results/l9_task_progress_220of252_2026-05-13_19-21-43/solutions/Scholl_BUXEY_c02,/Users/hindbhr/Documents/Codex/2026-05-13/clone-this-repository-https-github-com/CALBP-IJPR/published_results/l9_task_progress_220of252_2026-05-13_19-21-43/solutions/Scholl_BUXEY_c02/run_info.json
Scholl_BUXEY,3,c03,Scholl_BUXEY_c03,Scholl,29,60.0,OK,7,2,0.285714,,,,,,9231.19,51.0771,99.4754,2026-05-08T02:22:06.120442,low,high,high,high,fixed,fixed,0.9672,0.8716,1.0743,1.3482,0.0701,0.0347,0.0142,0.0592,0.05,5.0,task,3042,13470.65,0.578517,264.0,110.88,54.0,0.0,240.0,100.8,4.050412,0.045668,211.557652,186.0,100.8,7,/Users/hindbhr/Documents/Codex/2026-05-13/clone-this-repository-https-github-com/CALBP-IJPR/published_results/l9_task_progress_220of252_2026-05-13_19-21-43/solutions/Scholl_BUXEY_c03,/Users/hindbhr/Documents/Codex/2026-05-13/clone-this-repository-https-github-com/CALBP-IJPR/published_results/l9_task_progress_220of252_2026-05-13_19-21-43/solutions/Scholl_BUXEY_c03/run_info.json
Scholl_BUXEY,4,c04,Scholl_BUXEY_c04,Scholl,29,60.0,OK,7,3,0.428571,,,,,,4988.25,52.1936,100.0,2026-05-08T03:45:14.377538,mid,low,mid,high,fixed,fixed,1.4332,0.374,1.0046,1.3424,0.1111,0.0333,0.024,0.0611,0.05,5.0,task,4042,22581.59,0.811126,264.0,152.13,81.0,0.0,240.0,138.3,7.308255,0.122682,210.731796,159.0,138.3,7,/Users/hindbhr/Documents/Codex/2026-05-13/clone-this-repository-https-github-com/CALBP-IJPR/published_results/l9_task_progress_220of252_2026-05-13_19-21-43/solutions/Scholl_BUXEY_c04,/Users/hindbhr/Documents/Codex/2026-05-13/clone-this-repository-https-github-com/CALBP-IJPR/published_results/l9_task_progress_220of252_2026-05-13_19-21-43/solutions/Scholl_BUXEY_c04/run_info.json
Scholl_BUXEY,5,c05,Scholl_BUXEY_c05,Scholl,29,60.0,OK,8,2,0.25,,,,,,11275.12,69.1665,100.0,2026-05-08T06:53:09.504135,mid,mid,high,low,fixed,fixed,1.4053,0.6254,1.0761,1.038,0.0999,0.0411,0.0139,0.029,0.05,5.0,task,5042,16465.53,0.593317,264.0,144.54,72.0,0.0,240.0,131.4,20.34516,0.251678,213.283755,168.0,131.4,8,/Users/hindbhr/Documents/Codex/2026-05-13/clone-this-repository-https-github-com/CALBP-IJPR/published_results/l9_task_progress_220of252_2026-05-13_19-21-43/solutions/Scholl_BUXEY_c05,/Users/hindbhr/Documents/Codex/2026-05-13/clone-this-repository-https-github-com/CALBP-IJPR/published_results/l9_task_progress_220of252_2026-05-13_19-21-43/solutions/Scholl_BUXEY_c05/run_info.json
Scholl_BUXEY,6,c06,Scholl_BUXEY_c06,Scholl,29,60.0,OK,7,2,0.285714,,,,,,8958.02,63.1899,100.0,2026-05-08T09:22:27.524714,mid,high,low,mid,fixed,fixed,1.3743,0.8826,0.8912,1.1936,0.1193,0.041,0.0319,0.044,0.05,5.0,task,6042,16707.02,0.585531,264.0,148.61,72.0,0.0,240.0,135.1,4.05194,0.078201,215.582954,168.0,135.1,7,/Users/hindbhr/Documents/Codex/2026-05-13/clone-this-repository-https-github-com/CALBP-IJPR/published_results/l9_task_progress_220of252_2026-05-13_19-21-43/solutions/Scholl_BUXEY_c06,/Users/hindbhr/Documents/Codex/2026-05-13/clone-this-repository-https-github-com/CALBP-IJPR/published_results/l9_task_progress_220of252_2026-05-13_19-21-43/solutions/Scholl_BUXEY_c06/run_info.json
Scholl_BUXEY,7,c07,Scholl_BUXEY_c07,Scholl,29,80.85000000000001,OK,6,2,0.333333,,,,,,4644.89,43.2227,99.9593,2026-05-08T10:39:52.419994,high,low,high,mid,fixed,fixed,2.1726,0.3767,1.0811,1.1753,0.2,0.0358,0.0127,0.0463,0.05,5.0,task,7042,12297.62125,0.798998,220.0,110.7288,81.0,0.0,200.0,100.6625,27.786017,0.405375,155.865131,119.0,100.6625,6,/Users/hindbhr/Documents/Codex/2026-05-13/clone-this-repository-https-github-com/CALBP-IJPR/published_results/l9_task_progress_220of252_2026-05-13_19-21-43/solutions/Scholl_BUXEY_c07,/Users/hindbhr/Documents/Codex/2026-05-13/clone-this-repository-https-github-com/CALBP-IJPR/published_results/l9_task_progress_220of252_2026-05-13_19-21-43/solutions/Scholl_BUXEY_c07/run_info.json
Scholl_BUXEY,8,c08,Scholl_BUXEY_c08,Scholl,29,81.9,OK,7,3,0.428571,,,,,,6138.43,45.6331,83.7363,2026-05-08T12:22:10.851683,high,mid,low,high,fixed,fixed,2.1468,0.6344,0.9068,1.3524,0.2176,0.0417,0.0297,0.0642,0.05,5.0,task,8042,21106.7195,0.696816,220.0,217.9155,81.0,0.0,200.0,198.105,27.074695,0.34268,231.098661,119.0,198.105,7,/Users/hindbhr/Documents/Codex/2026-05-13/clone-this-repository-https-github-com/CALBP-IJPR/published_results/l9_task_progress_220of252_2026-05-13_19-21-43/solutions/Scholl_BUXEY_c08,/Users/hindbhr/Documents/Codex/2026-05-13/clone-this-repository-https-github-com/CALBP-IJPR/published_results/l9_task_progress_220of252_2026-05-13_19-21-43/solutions/Scholl_BUXEY_c08/run_info.json
Scholl_BUXEY,9,c09,Scholl_BUXEY_c09,Scholl,29,69.3,OK,8,1,0.125,,,,,,9354.91,81.3055,98.5114,2026-05-08T14:58:05.770428,high,high,mid,low,fixed,fixed,2.1558,0.8847,0.9948,1.0454,0.2067,0.0389,0.0298,0.0292,0.05,5.0,task,9042,11523.4015,0.634828,220.0,183.3535,121.0,0.0,200.0,166.685,25.548004,0.695343,184.458367,79.0,166.685,8,/Users/hindbhr/Documents/Codex/2026-05-13/clone-this-repository-https-github-com/CALBP-IJPR/published_results/l9_task_progress_220of252_2026-05-13_19-21-43/solutions/Scholl_BUXEY_c09,/Users/hindbhr/Documents/Codex/2026-05-13/clone-this-repository-https-github-com/CALBP-IJPR/published_results/l9_task_progress_220of252_2026-05-13_19-21-43/solutions/Scholl_BUXEY_c09/run_info.json
Scholl_GUNTHER,1,c01,Scholl_GUNTHER_c01,Scholl,35,60.0,OK,11,2,0.181818,,,,,,14528.4,76.1206,100.0,2026-05-08T22:05:27.400183,low,low,low,low,fixed,fixed,0.9812,0.3711,0.9,1.0484,0.068,0.0425,0.0308,0.0229,0.05,5.0,task,1042,35949.6,0.717998,396.0,158.95,81.0,0.0,360.0,144.5,14.46842,0.177831,314.199379,279.0,144.5,11,/Users/hindbhr/Documents/Codex/2026-05-13/clone-this-repository-https-github-com/CALBP-IJPR/published_results/l9_task_progress_220of252_2026-05-13_19-21-43/solutions/Scholl_GUNTHER_c01,/Users/hindbhr/Documents/Codex/2026-05-13/clone-this-repository-https-github-com/CALBP-IJPR/published_results/l9_task_progress_220of252_2026-05-13_19-21-43/solutions/Scholl_GUNTHER_c01/run_info.json
Scholl_GUNTHER,2,c02,Scholl_GUNTHER_c02,Scholl,35,60.0,OK,6,1,0.166667,,,,,,7149.71,83.3333,100.0,2026-05-09T00:04:37.118650,low,mid,mid,mid,fixed,fixed,0.9815,0.6325,1.0059,1.1742,0.069,0.0514,0.0276,0.0417,0.05,5.0,task,2042,5390.65,0.818812,396.0,78.375,312.0,0.0,360.0,71.25,15.602011,0.542986,85.9102,48.0,71.25,6,/Users/hindbhr/Documents/Codex/2026-05-13/clone-this-repository-https-github-com/CALBP-IJPR/published_results/l9_task_progress_220of252_2026-05-13_19-21-43/solutions/Scholl_GUNTHER_c02,/Users/hindbhr/Documents/Codex/2026-05-13/clone-this-repository-https-github-com/CALBP-IJPR/published_results/l9_task_progress_220of252_2026-05-13_19-21-43/solutions/Scholl_GUNTHER_c02/run_info.json
Scholl_GUNTHER,3,c03,Scholl_GUNTHER_c03,Scholl,35,60.0,OK,6,1,0.166667,,,,,,10216.36,83.2737,100.0,2026-05-09T02:54:53.485352,low,high,high,high,fixed,fixed,0.9661,0.8733,1.0743,1.3451,0.0668,0.0356,0.0154,0.062,0.05,5.0,task,3042,5068.85,0.561957,396.0,56.375,236.0,0.0,360.0,51.25,11.496728,0.214369,134.173628,124.0,51.25,6,/Users/hindbhr/Documents/Codex/2026-05-13/clone-this-repository-https-github-com/CALBP-IJPR/published_results/l9_task_progress_220of252_2026-05-13_19-21-43/solutions/Scholl_GUNTHER_c03,/Users/hindbhr/Documents/Codex/2026-05-13/clone-this-repository-https-github-com/CALBP-IJPR/published_results/l9_task_progress_220of252_2026-05-13_19-21-43/solutions/Scholl_GUNTHER_c03/run_info.json
Scholl_GUNTHER,4,c04,Scholl_GUNTHER_c04,Scholl,35,85.05,OK,7,2,0.285714,,,,,,6843.45,53.4037,100.0,2026-05-09T04:48:56.937635,mid,low,mid,high,fixed,fixed,1.4215,0.3797,0.9984,1.3446,0.1123,0.033,0.0284,0.0552,0.05,5.0,task,4042,31297.22425,0.775352,264.0,220.5748,81.0,0.0,240.0,200.5225,12.946311,0.245926,255.910674,159.0,200.5225,7,/Users/hindbhr/Documents/Codex/2026-05-13/clone-this-repository-https-github-com/CALBP-IJPR/published_results/l9_task_progress_220of252_2026-05-13_19-21-43/solutions/Scholl_GUNTHER_c04,/Users/hindbhr/Documents/Codex/2026-05-13/clone-this-repository-https-github-com/CALBP-IJPR/published_results/l9_task_progress_220of252_2026-05-13_19-21-43/solutions/Scholl_GUNTHER_c04/run_info.json
Scholl_GUNTHER,5,c05,Scholl_GUNTHER_c05,Scholl,35,70.35000000000001,OK,8,1,0.125,,,,,,22322.11,85.4085,100.0,2026-05-09T11:00:59.055846,mid,mid,high,low,fixed,fixed,1.4015,0.6274,1.0726,1.0464,0.094,0.0424,0.0161,0.0265,0.05,5.0,task,5042,18954.961,0.639969,352.0,145.189,148.0,0.0,320.0,131.99,20.203033,0.249552,216.807196,172.0,131.99,8,/Users/hindbhr/Documents/Codex/2026-05-13/clone-this-repository-https-github-com/CALBP-IJPR/published_results/l9_task_progress_220of252_2026-05-13_19-21-43/solutions/Scholl_GUNTHER_c05,/Users/hindbhr/Documents/Codex/2026-05-13/clone-this-repository-https-github-com/CALBP-IJPR/published_results/l9_task_progress_220of252_2026-05-13_19-21-43/solutions/Scholl_GUNTHER_c05/run_info.json
Scholl_GUNTHER,6,c06,Scholl_GUNTHER_c06,Scholl,35,70.35000000000001,OK,2,1,0.5,,,,,,2661.13,50.0,100.0,2026-05-09T11:45:20.188109,mid,high,low,mid,fixed,fixed,1.3777,0.8766,0.9048,1.1852,0.121,0.0439,0.0325,0.045,0.05,5.0,task,6042,605.81025,0.55267,352.0,17.3992,289.0,0.0,320.0,15.8175,0.0,0.0,34.802203,31.0,15.8175,2,/Users/hindbhr/Documents/Codex/2026-05-13/clone-this-repository-https-github-com/CALBP-IJPR/published_results/l9_task_progress_220of252_2026-05-13_19-21-43/solutions/Scholl_GUNTHER_c06,/Users/hindbhr/Documents/Codex/2026-05-13/clone-this-repository-https-github-com/CALBP-IJPR/published_results/l9_task_progress_220of252_2026-05-13_19-21-43/solutions/Scholl_GUNTHER_c06/run_info.json
Scholl_GUNTHER,7,c07,Scholl_GUNTHER_c07,Scholl,35,122.85000000000001,OK,4,2,0.5,,,,,,4249.92,36.2101,73.0092,2026-05-09T12:56:10.113765,high,low,high,mid,fixed,fixed,2.1627,0.3747,1.0806,1.1817,0.194,0.0372,0.0143,0.042,0.05,5.0,task,7042,10242.93125,0.723851,176.0,148.9538,81.0,0.0,160.0,135.4125,15.696811,0.3072,156.772272,79.0,135.4125,4,/Users/hindbhr/Documents/Codex/2026-05-13/clone-this-repository-https-github-com/CALBP-IJPR/published_results/l9_task_progress_220of252_2026-05-13_19-21-43/solutions/Scholl_GUNTHER_c07,/Users/hindbhr/Documents/Codex/2026-05-13/clone-this-repository-https-github-com/CALBP-IJPR/published_results/l9_task_progress_220of252_2026-05-13_19-21-43/solutions/Scholl_GUNTHER_c07/run_info.json
Scholl_GUNTHER,8,c08,Scholl_GUNTHER_c08,Scholl,35,128.1,OK,5,2,0.4,,,,,,5061.77,44.5742,85.6833,2026-05-09T14:20:31.887007,high,mid,low,high,fixed,fixed,2.1507,0.637,0.9011,1.3533,0.2067,0.0434,0.0311,0.0572,0.05,5.0,task,8042,20363.0175,0.67369,176.0,318.1695,81.0,0.0,160.0,289.245,13.708758,0.210437,299.839407,79.0,289.245,5,/Users/hindbhr/Documents/Codex/2026-05-13/clone-this-repository-https-github-com/CALBP-IJPR/published_results/l9_task_progress_220of252_2026-05-13_19-21-43/solutions/Scholl_GUNTHER_c08,/Users/hindbhr/Documents/Codex/2026-05-13/clone-this-repository-https-github-com/CALBP-IJPR/published_results/l9_task_progress_220of252_2026-05-13_19-21-43/solutions/Scholl_GUNTHER_c08/run_info.json
Scholl_GUNTHER,9,c09,Scholl_GUNTHER_c09,Scholl,35,96.60000000000001,OK,5,1,0.2,,,,,,6278.25,79.0544,100.0,2026-05-09T16:05:10.143856,high,high,mid,low,fixed,fixed,2.1599,0.88,0.9932,1.0543,0.2007,0.0387,0.0311,0.0266,0.05,5.0,task,9042,8803.285,0.691221,264.0,128.645,165.0,0.0,240.0,116.95,21.440458,0.437125,138.932727,75.0,116.95,5,/Users/hindbhr/Documents/Codex/2026-05-13/clone-this-repository-https-github-com/CALBP-IJPR/published_results/l9_task_progress_220of252_2026-05-13_19-21-43/solutions/Scholl_GUNTHER_c09,/Users/hindbhr/Documents/Codex/2026-05-13/clone-this-repository-https-github-com/CALBP-IJPR/published_results/l9_task_progress_220of252_2026-05-13_19-21-43/solutions/Scholl_GUNTHER_c09/run_info.json
Scholl_HAHN,1,c01,Scholl_HAHN_c01,Scholl,53,10000.0,OK,3,3,1.0,,,,,,44.32,0.0,0.0,2026-05-09T16:22:37.104569,low,low,low,low,fixed,fixed,0.988,0.366,0.9013,1.0452,0.0674,0.0448,0.0238,0.0294,0.05,5.0,task,1042,161102.75,0.529267,88.0,4348.41,18.0,0.0,80.0,3953.1,1071.79304,0.471428,3953.586171,62.0,3953.1,3,/Users/hindbhr/Documents/Codex/2026-05-13/clone-this-repository-https-github-com/CALBP-IJPR/published_results/l9_task_progress_220of252_2026-05-13_19-21-43/solutions/Scholl_HAHN_c01,/Users/hindbhr/Documents/Codex/2026-05-13/clone-this-repository-https-github-com/CALBP-IJPR/published_results/l9_task_progress_220of252_2026-05-13_19-21-43/solutions/Scholl_HAHN_c01/run_info.json
Scholl_HAHN,2,c02,Scholl_HAHN_c02,Scholl,53,10000.0,OK,4,3,0.75,,,,,,1106.89,16.0625,64.2499,2026-05-09T16:41:03.998186,low,mid,mid,mid,fixed,fixed,0.9833,0.6335,0.9964,1.1799,0.0744,0.0449,0.0271,0.0471,0.05,5.0,task,2042,151675.6,0.489839,88.0,4423.485,18.0,0.0,80.0,4021.35,1260.461762,0.659856,4021.827921,62.0,4021.35,4,/Users/hindbhr/Documents/Codex/2026-05-13/clone-this-repository-https-github-com/CALBP-IJPR/published_results/l9_task_progress_220of252_2026-05-13_19-21-43/solutions/Scholl_HAHN_c02,/Users/hindbhr/Documents/Codex/2026-05-13/clone-this-repository-https-github-com/CALBP-IJPR/published_results/l9_task_progress_220of252_2026-05-13_19-21-43/solutions/Scholl_HAHN_c02/run_info.json
Scholl_HAHN,3,c03,Scholl_HAHN_c03,Scholl,53,10000.0,OK,3,2,0.666667,,,,,,978.65,33.3289,99.9868,2026-05-09T16:57:22.652918,low,high,high,high,fixed,fixed,0.9702,0.8705,1.0756,1.3552,0.0646,0.0435,0.0153,0.054,0.05,5.0,task,3042,135773.65,0.449081,88.0,4319.095,18.0,0.0,80.0,3926.45,596.604901,0.263106,3926.93947,62.0,3926.45,3,/Users/hindbhr/Documents/Codex/2026-05-13/clone-this-repository-https-github-com/CALBP-IJPR/published_results/l9_task_progress_220of252_2026-05-13_19-21-43/solutions/Scholl_HAHN_c03,/Users/hindbhr/Documents/Codex/2026-05-13/clone-this-repository-https-github-com/CALBP-IJPR/published_results/l9_task_progress_220of252_2026-05-13_19-21-43/solutions/Scholl_HAHN_c03/run_info.json
Scholl_HAHN,4,c04,Scholl_HAHN_c04,Scholl,53,10000.0,OK,3,3,1.0,,,,,,42.89,0.0,0.0,2026-05-09T16:58:05.542739,mid,low,mid,high,fixed,fixed,1.4114,0.3766,0.9972,1.3545,0.1042,0.0406,0.0273,0.0555,0.05,5.0,task,4042,250958.505,0.63709,88.0,6457.605,27.0,0.0,80.0,5870.55,2149.446185,0.636912,5870.78924,53.0,5870.55,3,/Users/hindbhr/Documents/Codex/2026-05-13/clone-this-repository-https-github-com/CALBP-IJPR/published_results/l9_task_progress_220of252_2026-05-13_19-21-43/solutions/Scholl_HAHN_c04,/Users/hindbhr/Documents/Codex/2026-05-13/clone-this-repository-https-github-com/CALBP-IJPR/published_results/l9_task_progress_220of252_2026-05-13_19-21-43/solutions/Scholl_HAHN_c04/run_info.json
Scholl_HAHN,5,c05,Scholl_HAHN_c05,Scholl,53,10000.0,OK,3,2,0.666667,,,,,,499.1,2.0464,6.1391,2026-05-09T17:06:24.648723,mid,mid,high,low,fixed,fixed,1.4059,0.6203,1.0734,1.0541,0.1027,0.0455,0.0131,0.0304,0.05,5.0,task,5042,204653.75,0.523027,88.0,5589.815,18.0,0.0,80.0,5081.65,1298.547358,0.444064,5082.02821,62.0,5081.65,3,/Users/hindbhr/Documents/Codex/2026-05-13/clone-this-repository-https-github-com/CALBP-IJPR/published_results/l9_task_progress_220of252_2026-05-13_19-21-43/solutions/Scholl_HAHN_c05,/Users/hindbhr/Documents/Codex/2026-05-13/clone-this-repository-https-github-com/CALBP-IJPR/published_results/l9_task_progress_220of252_2026-05-13_19-21-43/solutions/Scholl_HAHN_c05/run_info.json
Scholl_HAHN,6,c06,Scholl_HAHN_c06,Scholl,53,10000.0,OK,3,2,0.666667,,,,,,978.44,16.3356,49.0069,2026-05-09T17:22:43.090785,mid,high,low,mid,fixed,fixed,1.3977,0.8759,0.9049,1.1706,0.1172,0.0485,0.0307,0.0471,0.05,5.0,task,6042,176474.8,0.462857,88.0,5446.76,18.0,0.0,80.0,4951.6,948.009142,0.331552,4951.988142,62.0,4951.6,3,/Users/hindbhr/Documents/Codex/2026-05-13/clone-this-repository-https-github-com/CALBP-IJPR/published_results/l9_task_progress_220of252_2026-05-13_19-21-43/solutions/Scholl_HAHN_c06,/Users/hindbhr/Documents/Codex/2026-05-13/clone-this-repository-https-github-com/CALBP-IJPR/published_results/l9_task_progress_220of252_2026-05-13_19-21-43/solutions/Scholl_HAHN_c06/run_info.json
Scholl_HAHN,7,c07,Scholl_HAHN_c07,Scholl,53,10000.0,OK,3,3,1.0,,,,,,81.85,0.0,0.0,2026-05-09T17:24:04.941078,high,low,high,mid,fixed,fixed,2.1591,0.3854,1.076,1.1833,0.1864,0.0421,0.0144,0.0444,0.05,5.0,task,7042,378862.19,0.768901,88.0,9475.62,36.0,0.0,80.0,8614.2,3759.416278,0.758801,8614.312372,44.0,8614.2,3,/Users/hindbhr/Documents/Codex/2026-05-13/clone-this-repository-https-github-com/CALBP-IJPR/published_results/l9_task_progress_220of252_2026-05-13_19-21-43/solutions/Scholl_HAHN_c07,/Users/hindbhr/Documents/Codex/2026-05-13/clone-this-repository-https-github-com/CALBP-IJPR/published_results/l9_task_progress_220of252_2026-05-13_19-21-43/solutions/Scholl_HAHN_c07/run_info.json
Scholl_HAHN,8,c08,Scholl_HAHN_c08,Scholl,53,10000.0,OK,3,3,1.0,,,,,,44.33,0.0,0.0,2026-05-09T17:24:49.279359,high,mid,low,high,fixed,fixed,2.1787,0.627,0.8959,1.3607,0.2056,0.0462,0.0294,0.0625,0.05,5.0,task,8042,352921.25,0.738806,88.0,9186.375,36.0,0.0,80.0,8351.25,3169.912785,0.660468,8351.36591,44.0,8351.25,3,/Users/hindbhr/Documents/Codex/2026-05-13/clone-this-repository-https-github-com/CALBP-IJPR/published_results/l9_task_progress_220of252_2026-05-13_19-21-43/solutions/Scholl_HAHN_c08,/Users/hindbhr/Documents/Codex/2026-05-13/clone-this-repository-https-github-com/CALBP-IJPR/published_results/l9_task_progress_220of252_2026-05-13_19-21-43/solutions/Scholl_HAHN_c08/run_info.json
Scholl_HAHN,9,c09,Scholl_HAHN_c09,Scholl,53,10000.0,OK,3,2,0.666667,,,,,,1097.08,12.9243,38.7729,2026-05-09T17:43:06.361026,high,high,mid,low,fixed,fixed,2.1711,0.8683,1.0037,1.0499,0.1928,0.0443,0.0263,0.0271,0.05,5.0,task,9042,297738.45,0.620981,88.0,9220.475,36.0,0.0,80.0,8382.25,2119.019825,0.439973,8382.365481,44.0,8382.25,3,/Users/hindbhr/Documents/Codex/2026-05-13/clone-this-repository-https-github-com/CALBP-IJPR/published_results/l9_task_progress_220of252_2026-05-13_19-21-43/solutions/Scholl_HAHN_c09,/Users/hindbhr/Documents/Codex/2026-05-13/clone-this-repository-https-github-com/CALBP-IJPR/published_results/l9_task_progress_220of252_2026-05-13_19-21-43/solutions/Scholl_HAHN_c09/run_info.json
Scholl_JAESCHKE,1,c01,Scholl_JAESCHKE_c01,Scholl,9,30.0,OK,4,4,1.0,,,,,,0.47,0.0,0.0,2026-05-07T18:58:28.098466,low,low,low,low,fixed,fixed,1.0033,0.3658,0.8959,1.061,0.0691,0.0414,0.0297,0.0153,0.05,5.0,task,1042,682.6,0.524552,88.0,18.59,18.0,0.0,80.0,16.9,14.465447,0.458467,64.262042,62.0,16.9,4,/Users/hindbhr/Documents/Codex/2026-05-13/clone-this-repository-https-github-com/CALBP-IJPR/published_results/l9_task_progress_220of252_2026-05-13_19-21-43/solutions/Scholl_JAESCHKE_c01,/Users/hindbhr/Documents/Codex/2026-05-13/clone-this-repository-https-github-com/CALBP-IJPR/published_results/l9_task_progress_220of252_2026-05-13_19-21-43/solutions/Scholl_JAESCHKE_c01/run_info.json
Scholl_JAESCHKE,2,c02,Scholl_JAESCHKE_c02,Scholl,9,30.0,OK,4,4,1.0,,,,,,0.44,0.0,0.0,2026-05-07T18:58:28.543136,low,mid,mid,mid,fixed,fixed,0.9595,0.6388,0.9947,1.1876,0.0776,0.0402,0.0233,0.0394,0.05,5.0,task,2042,637.3,0.518911,88.0,17.545,18.0,0.0,80.0,15.95,14.671571,0.470158,64.018767,62.0,15.95,4,/Users/hindbhr/Documents/Codex/2026-05-13/clone-this-repository-https-github-com/CALBP-IJPR/published_results/l9_task_progress_220of252_2026-05-13_19-21-43/solutions/Scholl_JAESCHKE_c02,/Users/hindbhr/Documents/Codex/2026-05-13/clone-this-repository-https-github-com/CALBP-IJPR/published_results/l9_task_progress_220of252_2026-05-13_19-21-43/solutions/Scholl_JAESCHKE_c02/run_info.json
Scholl_JAESCHKE,3,c03,Scholl_JAESCHKE_c03,Scholl,9,30.0,OK,3,3,1.0,,,,,,0.39,0.0,0.0,2026-05-07T18:58:28.931422,low,high,high,high,fixed,fixed,0.9932,0.8653,1.0743,1.3234,0.0534,0.0384,0.0154,0.0447,0.05,5.0,task,3042,652.6,0.500019,88.0,18.645,18.0,0.0,80.0,16.95,5.051815,0.03529,64.275209,62.0,16.95,3,/Users/hindbhr/Documents/Codex/2026-05-13/clone-this-repository-https-github-com/CALBP-IJPR/published_results/l9_task_progress_220of252_2026-05-13_19-21-43/solutions/Scholl_JAESCHKE_c03,/Users/hindbhr/Documents/Codex/2026-05-13/clone-this-repository-https-github-com/CALBP-IJPR/published_results/l9_task_progress_220of252_2026-05-13_19-21-43/solutions/Scholl_JAESCHKE_c03/run_info.json
Scholl_JAESCHKE,4,c04,Scholl_JAESCHKE_c04,Scholl,9,30.0,OK,4,4,1.0,,,,,,0.47,0.0,0.0,2026-05-07T18:58:29.401889,mid,low,mid,high,fixed,fixed,1.3983,0.4014,1.0012,1.3497,0.1172,0.0298,0.0289,0.0579,0.05,5.0,task,4042,748.6,0.535652,88.0,19.965,18.0,0.0,80.0,18.15,14.82663,0.459625,64.602032,62.0,18.15,4,/Users/hindbhr/Documents/Codex/2026-05-13/clone-this-repository-https-github-com/CALBP-IJPR/published_results/l9_task_progress_220of252_2026-05-13_19-21-43/solutions/Scholl_JAESCHKE_c04,/Users/hindbhr/Documents/Codex/2026-05-13/clone-this-repository-https-github-com/CALBP-IJPR/published_results/l9_task_progress_220of252_2026-05-13_19-21-43/solutions/Scholl_JAESCHKE_c04/run_info.json
Scholl_JAESCHKE,5,c05,Scholl_JAESCHKE_c05,Scholl,9,30.0,OK,4,4,1.0,,,,,,0.47,0.0,0.0,2026-05-07T18:58:29.872501,mid,mid,high,low,fixed,fixed,1.4247,0.6279,1.0725,1.0513,0.1013,0.035,0.0104,0.0232,0.05,5.0,task,5042,721.7,0.514985,88.0,20.02,18.0,0.0,80.0,18.2,16.050545,0.490045,64.616097,62.0,18.2,4,/Users/hindbhr/Documents/Codex/2026-05-13/clone-this-repository-https-github-com/CALBP-IJPR/published_results/l9_task_progress_220of252_2026-05-13_19-21-43/solutions/Scholl_JAESCHKE_c05,/Users/hindbhr/Documents/Codex/2026-05-13/clone-this-repository-https-github-com/CALBP-IJPR/published_results/l9_task_progress_220of252_2026-05-13_19-21-43/solutions/Scholl_JAESCHKE_c05/run_info.json
Scholl_JAESCHKE,6,c06,Scholl_JAESCHKE_c06,Scholl,9,30.0,OK,3,3,1.0,,,,,,0.35,0.0,0.0,2026-05-07T18:58:30.225647,mid,high,low,mid,fixed,fixed,1.3619,0.8906,0.8799,1.1659,0.1141,0.0425,0.025,0.0454,0.05,5.0,task,6042,736.7,0.497015,88.0,21.175,18.0,0.0,80.0,19.25,5.57143,0.043204,64.919662,62.0,19.25,3,/Users/hindbhr/Documents/Codex/2026-05-13/clone-this-repository-https-github-com/CALBP-IJPR/published_results/l9_task_progress_220of252_2026-05-13_19-21-43/solutions/Scholl_JAESCHKE_c06,/Users/hindbhr/Documents/Codex/2026-05-13/clone-this-repository-https-github-com/CALBP-IJPR/published_results/l9_task_progress_220of252_2026-05-13_19-21-43/solutions/Scholl_JAESCHKE_c06/run_info.json
Scholl_JAESCHKE,7,c07,Scholl_JAESCHKE_c07,Scholl,9,30.0,OK,4,4,1.0,,,,,,0.46,0.0,0.0,2026-05-07T18:58:30.690246,high,low,high,mid,fixed,fixed,2.2227,0.3607,1.0774,1.1784,0.2017,0.034,0.0147,0.0356,0.05,5.0,task,7042,1119.87,0.709353,88.0,30.36,36.0,0.0,80.0,27.6,14.241686,0.468016,51.939965,44.0,27.6,4,/Users/hindbhr/Documents/Codex/2026-05-13/clone-this-repository-https-github-com/CALBP-IJPR/published_results/l9_task_progress_220of252_2026-05-13_19-21-43/solutions/Scholl_JAESCHKE_c07,/Users/hindbhr/Documents/Codex/2026-05-13/clone-this-repository-https-github-com/CALBP-IJPR/published_results/l9_task_progress_220of252_2026-05-13_19-21-43/solutions/Scholl_JAESCHKE_c07/run_info.json
Scholl_JAESCHKE,8,c08,Scholl_JAESCHKE_c08,Scholl,9,30.0,OK,4,4,1.0,,,,,,0.48,0.0,0.0,2026-05-07T18:58:31.173052,high,mid,low,high,fixed,fixed,2.181,0.6097,0.9036,1.3532,0.2092,0.0499,0.0313,0.0337,0.05,5.0,task,8042,1057.3,0.717836,88.0,28.325,36.0,0.0,80.0,25.75,13.511561,0.455016,50.981001,44.0,25.75,4,/Users/hindbhr/Documents/Codex/2026-05-13/clone-this-repository-https-github-com/CALBP-IJPR/published_results/l9_task_progress_220of252_2026-05-13_19-21-43/solutions/Scholl_JAESCHKE_c08,/Users/hindbhr/Documents/Codex/2026-05-13/clone-this-repository-https-github-com/CALBP-IJPR/published_results/l9_task_progress_220of252_2026-05-13_19-21-43/solutions/Scholl_JAESCHKE_c08/run_info.json
Scholl_JAESCHKE,9,c09,Scholl_JAESCHKE_c09,Scholl,9,30.0,OK,3,3,1.0,,,,,,0.44,0.0,0.0,2026-05-07T18:58:31.617136,high,high,mid,low,fixed,fixed,2.0585,0.8875,1.0158,1.0482,0.1138,0.0482,0.0261,0.0293,0.05,5.0,task,9042,971.095,0.568658,88.0,27.995,27.0,0.0,80.0,25.45,2.915619,0.032007,58.793728,53.0,25.45,3,/Users/hindbhr/Documents/Codex/2026-05-13/clone-this-repository-https-github-com/CALBP-IJPR/published_results/l9_task_progress_220of252_2026-05-13_19-21-43/solutions/Scholl_JAESCHKE_c09,/Users/hindbhr/Documents/Codex/2026-05-13/clone-this-repository-https-github-com/CALBP-IJPR/published_results/l9_task_progress_220of252_2026-05-13_19-21-43/solutions/Scholl_JAESCHKE_c09/run_info.json
Scholl_KILBRID,1,c01,Scholl_KILBRID_c01,Scholl,45,600.0,OK,2,2,1.0,,,,,,9.2,0.0,0.0,2026-05-09T16:05:19.349962,low,low,low,low,fixed,fixed,0.9798,0.3735,0.8983,1.0462,0.068,0.0451,0.0248,0.0281,0.05,5.0,task,1042,1260.75,0.194805,44.0,184.91,9.0,0.0,40.0,168.1,0.0,0.0,170.93452,31.0,168.1,2,/Users/hindbhr/Documents/Codex/2026-05-13/clone-this-repository-https-github-com/CALBP-IJPR/published_results/l9_task_progress_220of252_2026-05-13_19-21-43/solutions/Scholl_KILBRID_c01,/Users/hindbhr/Documents/Codex/2026-05-13/clone-this-repository-https-github-com/CALBP-IJPR/published_results/l9_task_progress_220of252_2026-05-13_19-21-43/solutions/Scholl_KILBRID_c01/run_info.json
Scholl_KILBRID,2,c02,Scholl_KILBRID_c02,Scholl,45,600.0,OK,2,2,1.0,,,,,,9.19,0.0,0.0,2026-05-09T16:05:28.546468,low,mid,mid,mid,fixed,fixed,0.9821,0.6285,1.004,1.1742,0.0746,0.0472,0.0274,0.0423,0.05,5.0,task,2042,1288.875,0.194805,44.0,189.035,9.0,0.0,40.0,171.85,0.0,0.0,174.62366,31.0,171.85,2,/Users/hindbhr/Documents/Codex/2026-05-13/clone-this-repository-https-github-com/CALBP-IJPR/published_results/l9_task_progress_220of252_2026-05-13_19-21-43/solutions/Scholl_KILBRID_c02,/Users/hindbhr/Documents/Codex/2026-05-13/clone-this-repository-https-github-com/CALBP-IJPR/published_results/l9_task_progress_220of252_2026-05-13_19-21-43/solutions/Scholl_KILBRID_c02/run_info.json
Scholl_KILBRID,3,c03,Scholl_KILBRID_c03,Scholl,45,600.0,OK,2,2,1.0,,,,,,9.13,0.0,0.0,2026-05-09T16:05:37.678380,low,high,high,high,fixed,fixed,0.9714,0.8697,1.074,1.3608,0.0657,0.0392,0.0152,0.0603,0.05,5.0,task,3042,1244.25,0.194805,44.0,182.49,9.0,0.0,40.0,165.9,0.0,0.0,168.771473,31.0,165.9,2,/Users/hindbhr/Documents/Codex/2026-05-13/clone-this-repository-https-github-com/CALBP-IJPR/published_results/l9_task_progress_220of252_2026-05-13_19-21-43/solutions/Scholl_KILBRID_c03,/Users/hindbhr/Documents/Codex/2026-05-13/clone-this-repository-https-github-com/CALBP-IJPR/published_results/l9_task_progress_220of252_2026-05-13_19-21-43/solutions/Scholl_KILBRID_c03/run_info.json
Scholl_KILBRID,4,c04,Scholl_KILBRID_c04,Scholl,45,600.0,OK,2,2,1.0,,,,,,9.21,0.0,0.0,2026-05-09T16:05:46.888455,mid,low,mid,high,fixed,fixed,1.415,0.3814,0.994,1.353,0.1043,0.0348,0.029,0.0579,0.05,5.0,task,4042,1637.79,0.230769,44.0,272.965,18.0,0.0,40.0,248.15,0.0,0.0,249.123308,22.0,248.15,2,/Users/hindbhr/Documents/Codex/2026-05-13/clone-this-repository-https-github-com/CALBP-IJPR/published_results/l9_task_progress_220of252_2026-05-13_19-21-43/solutions/Scholl_KILBRID_c04,/Users/hindbhr/Documents/Codex/2026-05-13/clone-this-repository-https-github-com/CALBP-IJPR/published_results/l9_task_progress_220of252_2026-05-13_19-21-43/solutions/Scholl_KILBRID_c04/run_info.json
Scholl_KILBRID,5,c05,Scholl_KILBRID_c05,Scholl,45,600.0,OK,2,2,1.0,,,,,,929.91,0.0,0.0,2026-05-09T16:21:16.803855,mid,mid,high,low,fixed,fixed,1.3948,0.6272,1.0731,1.0483,0.0999,0.0438,0.0149,0.0273,0.05,5.0,task,5042,1605.12,0.230769,44.0,267.52,18.0,0.0,40.0,243.2,0.0,0.0,244.193038,22.0,243.2,2,/Users/hindbhr/Documents/Codex/2026-05-13/clone-this-repository-https-github-com/CALBP-IJPR/published_results/l9_task_progress_220of252_2026-05-13_19-21-43/solutions/Scholl_KILBRID_c05,/Users/hindbhr/Documents/Codex/2026-05-13/clone-this-repository-https-github-com/CALBP-IJPR/published_results/l9_task_progress_220of252_2026-05-13_19-21-43/solutions/Scholl_KILBRID_c05/run_info.json
Scholl_KILBRID,6,c06,Scholl_KILBRID_c06,Scholl,45,600.0,OK,2,2,1.0,,,,,,8.95,0.0,0.0,2026-05-09T16:21:25.755316,mid,high,low,mid,fixed,fixed,1.3869,0.8719,0.909,1.1794,0.1194,0.0483,0.0281,0.0482,0.05,5.0,task,6042,1608.09,0.230769,44.0,268.015,18.0,0.0,40.0,243.65,0.0,0.0,244.641212,22.0,243.65,2,/Users/hindbhr/Documents/Codex/2026-05-13/clone-this-repository-https-github-com/CALBP-IJPR/published_results/l9_task_progress_220of252_2026-05-13_19-21-43/solutions/Scholl_KILBRID_c06,/Users/hindbhr/Documents/Codex/2026-05-13/clone-this-repository-https-github-com/CALBP-IJPR/published_results/l9_task_progress_220of252_2026-05-13_19-21-43/solutions/Scholl_KILBRID_c06/run_info.json
Scholl_KILBRID,7,c07,Scholl_KILBRID_c07,Scholl,45,600.0,OK,2,2,1.0,,,,,,9.05,0.0,0.0,2026-05-09T16:21:34.813670,high,low,high,mid,fixed,fixed,2.1601,0.3877,1.0753,1.1799,0.1904,0.038,0.0146,0.0448,0.05,5.0,task,7042,2142.06,0.304813,44.0,413.38,27.0,0.0,40.0,375.8,0.0,0.0,376.024786,13.0,375.8,2,/Users/hindbhr/Documents/Codex/2026-05-13/clone-this-repository-https-github-com/CALBP-IJPR/published_results/l9_task_progress_220of252_2026-05-13_19-21-43/solutions/Scholl_KILBRID_c07,/Users/hindbhr/Documents/Codex/2026-05-13/clone-this-repository-https-github-com/CALBP-IJPR/published_results/l9_task_progress_220of252_2026-05-13_19-21-43/solutions/Scholl_KILBRID_c07/run_info.json
Scholl_KILBRID,8,c08,Scholl_KILBRID_c08,Scholl,45,600.0,OK,2,2,1.0,,,,,,8.93,0.0,0.0,2026-05-09T16:21:43.748843,high,mid,low,high,fixed,fixed,2.1537,0.6374,0.9002,1.3455,0.2043,0.0454,0.0296,0.061,0.05,5.0,task,8042,2217.93,0.230769,44.0,369.655,18.0,0.0,40.0,336.05,0.0,0.0,336.769361,22.0,336.05,2,/Users/hindbhr/Documents/Codex/2026-05-13/clone-this-repository-https-github-com/CALBP-IJPR/published_results/l9_task_progress_220of252_2026-05-13_19-21-43/solutions/Scholl_KILBRID_c08,/Users/hindbhr/Documents/Codex/2026-05-13/clone-this-repository-https-github-com/CALBP-IJPR/published_results/l9_task_progress_220of252_2026-05-13_19-21-43/solutions/Scholl_KILBRID_c08/run_info.json
Scholl_KILBRID,9,c09,Scholl_KILBRID_c09,Scholl,45,600.0,OK,2,2,1.0,,,,,,9.03,0.0,0.0,2026-05-09T16:21:52.781319,high,high,mid,low,fixed,fixed,2.1753,0.8722,0.9994,1.0538,0.1973,0.0439,0.0273,0.0262,0.05,5.0,task,9042,2129.805,0.304813,44.0,411.015,27.0,0.0,40.0,373.65,0.0,0.0,373.876079,13.0,373.65,2,/Users/hindbhr/Documents/Codex/2026-05-13/clone-this-repository-https-github-com/CALBP-IJPR/published_results/l9_task_progress_220of252_2026-05-13_19-21-43/solutions/Scholl_KILBRID_c09,/Users/hindbhr/Documents/Codex/2026-05-13/clone-this-repository-https-github-com/CALBP-IJPR/published_results/l9_task_progress_220of252_2026-05-13_19-21-43/solutions/Scholl_KILBRID_c09/run_info.json
Scholl_LUTZ2,1,c01,Scholl_LUTZ2_c01,Scholl,89,600.0,OK,2,2,1.0,,,,,,666.18,0.0,0.0,2026-05-10T08:01:18.416353,low,low,low,low,fixed,fixed,0.9753,0.3721,0.902,1.049,0.0717,0.0399,0.0285,0.0303,0.05,5.0,task,1042,1329.0,0.194805,44.0,194.92,9.0,0.0,40.0,177.2,0.0,0.0,179.891189,31.0,177.2,2,/Users/hindbhr/Documents/Codex/2026-05-13/clone-this-repository-https-github-com/CALBP-IJPR/published_results/l9_task_progress_220of252_2026-05-13_19-21-43/solutions/Scholl_LUTZ2_c01,/Users/hindbhr/Documents/Codex/2026-05-13/clone-this-repository-https-github-com/CALBP-IJPR/published_results/l9_task_progress_220of252_2026-05-13_19-21-43/solutions/Scholl_LUTZ2_c01/run_info.json
Scholl_LUTZ2,2,c02,Scholl_LUTZ2_c02,Scholl,89,600.0,OK,2,2,1.0,,,,,,65.51,0.0,0.0,2026-05-10T08:02:23.935597,low,mid,mid,mid,fixed,fixed,0.9818,0.6286,1.0053,1.1734,0.0771,0.0412,0.0314,0.0441,0.05,5.0,task,2042,1379.625,0.194805,44.0,202.345,9.0,0.0,40.0,183.95,0.0,0.0,186.543835,31.0,183.95,2,/Users/hindbhr/Documents/Codex/2026-05-13/clone-this-repository-https-github-com/CALBP-IJPR/published_results/l9_task_progress_220of252_2026-05-13_19-21-43/solutions/Scholl_LUTZ2_c02,/Users/hindbhr/Documents/Codex/2026-05-13/clone-this-repository-https-github-com/CALBP-IJPR/published_results/l9_task_progress_220of252_2026-05-13_19-21-43/solutions/Scholl_LUTZ2_c02/run_info.json
Scholl_LUTZ2,3,c03,Scholl_LUTZ2_c03,Scholl,89,600.0,OK,2,2,1.0,,,,,,66.1,0.0,0.0,2026-05-10T08:03:30.037287,low,high,high,high,fixed,fixed,0.969,0.8768,1.0751,1.3504,0.0659,0.0454,0.0148,0.0589,0.05,5.0,task,3042,1362.0,0.194805,44.0,199.76,9.0,0.0,40.0,181.6,0.0,0.0,184.226925,31.0,181.6,2,/Users/hindbhr/Documents/Codex/2026-05-13/clone-this-repository-https-github-com/CALBP-IJPR/published_results/l9_task_progress_220of252_2026-05-13_19-21-43/solutions/Scholl_LUTZ2_c03,/Users/hindbhr/Documents/Codex/2026-05-13/clone-this-repository-https-github-com/CALBP-IJPR/published_results/l9_task_progress_220of252_2026-05-13_19-21-43/solutions/Scholl_LUTZ2_c03/run_info.json
Scholl_LUTZ2,4,c04,Scholl_LUTZ2_c04,Scholl,89,600.0,OK,2,2,1.0,,,,,,66.72,0.0,0.0,2026-05-10T08:04:36.759195,mid,low,mid,high,fixed,fixed,1.4157,0.371,1.0025,1.3552,0.0992,0.0437,0.0286,0.0547,0.05,5.0,task,4042,1711.71,0.230769,44.0,285.285,18.0,0.0,40.0,259.35,0.0,0.0,260.281429,22.0,259.35,2,/Users/hindbhr/Documents/Codex/2026-05-13/clone-this-repository-https-github-com/CALBP-IJPR/published_results/l9_task_progress_220of252_2026-05-13_19-21-43/solutions/Scholl_LUTZ2_c04,/Users/hindbhr/Documents/Codex/2026-05-13/clone-this-repository-https-github-com/CALBP-IJPR/published_results/l9_task_progress_220of252_2026-05-13_19-21-43/solutions/Scholl_LUTZ2_c04/run_info.json
Scholl_LUTZ2,5,c05,Scholl_LUTZ2_c05,Scholl,89,600.0,OK,2,2,1.0,,,,,,67.16,0.0,0.0,2026-05-10T08:05:43.923053,mid,mid,high,low,fixed,fixed,1.4025,0.62,1.077,1.0539,0.1075,0.0431,0.0146,0.0284,0.05,5.0,task,5042,1682.01,0.230769,44.0,280.335,18.0,0.0,40.0,254.85,0.0,0.0,255.797816,22.0,254.85,2,/Users/hindbhr/Documents/Codex/2026-05-13/clone-this-repository-https-github-com/CALBP-IJPR/published_results/l9_task_progress_220of252_2026-05-13_19-21-43/solutions/Scholl_LUTZ2_c05,/Users/hindbhr/Documents/Codex/2026-05-13/clone-this-repository-https-github-com/CALBP-IJPR/published_results/l9_task_progress_220of252_2026-05-13_19-21-43/solutions/Scholl_LUTZ2_c05/run_info.json
Scholl_LUTZ2,6,c06,Scholl_LUTZ2_c06,Scholl,89,600.0,OK,2,2,1.0,,,,,,66.33,0.0,0.0,2026-05-10T08:06:50.254823,mid,high,low,mid,fixed,fixed,1.3911,0.8834,0.9001,1.1805,0.1238,0.0462,0.0311,0.0445,0.05,5.0,task,6042,1676.73,0.230769,44.0,279.455,18.0,0.0,40.0,254.05,0.0,0.0,255.000789,22.0,254.05,2,/Users/hindbhr/Documents/Codex/2026-05-13/clone-this-repository-https-github-com/CALBP-IJPR/published_results/l9_task_progress_220of252_2026-05-13_19-21-43/solutions/Scholl_LUTZ2_c06,/Users/hindbhr/Documents/Codex/2026-05-13/clone-this-repository-https-github-com/CALBP-IJPR/published_results/l9_task_progress_220of252_2026-05-13_19-21-43/solutions/Scholl_LUTZ2_c06/run_info.json
Scholl_LUTZ2,7,c07,Scholl_LUTZ2_c07,Scholl,89,600.0,OK,2,2,1.0,,,,,,67.32,0.0,0.0,2026-05-10T08:07:57.579086,high,low,high,mid,fixed,fixed,2.1835,0.3789,1.0753,1.1659,0.1863,0.0445,0.014,0.0428,0.05,5.0,task,7042,2282.61,0.230769,44.0,380.435,18.0,0.0,40.0,345.85,0.0,0.0,346.549019,22.0,345.85,2,/Users/hindbhr/Documents/Codex/2026-05-13/clone-this-repository-https-github-com/CALBP-IJPR/published_results/l9_task_progress_220of252_2026-05-13_19-21-43/solutions/Scholl_LUTZ2_c07,/Users/hindbhr/Documents/Codex/2026-05-13/clone-this-repository-https-github-com/CALBP-IJPR/published_results/l9_task_progress_220of252_2026-05-13_19-21-43/solutions/Scholl_LUTZ2_c07/run_info.json
Scholl_LUTZ2,8,c08,Scholl_LUTZ2_c08,Scholl,89,600.0,OK,2,2,1.0,,,,,,66.9,0.0,0.0,2026-05-10T08:09:04.482771,high,mid,low,high,fixed,fixed,2.1777,0.623,0.9033,1.3475,0.2091,0.0451,0.0291,0.0624,0.05,5.0,task,8042,2173.05,0.230769,44.0,362.175,18.0,0.0,40.0,329.25,0.0,0.0,329.984185,22.0,329.25,2,/Users/hindbhr/Documents/Codex/2026-05-13/clone-this-repository-https-github-com/CALBP-IJPR/published_results/l9_task_progress_220of252_2026-05-13_19-21-43/solutions/Scholl_LUTZ2_c08,/Users/hindbhr/Documents/Codex/2026-05-13/clone-this-repository-https-github-com/CALBP-IJPR/published_results/l9_task_progress_220of252_2026-05-13_19-21-43/solutions/Scholl_LUTZ2_c08/run_info.json
Scholl_LUTZ2,9,c09,Scholl_LUTZ2_c09,Scholl,89,600.0,OK,2,2,1.0,,,,,,67.05,0.0,0.0,2026-05-10T08:10:11.538840,high,high,mid,low,fixed,fixed,2.1553,0.878,1.0014,1.0489,0.2031,0.0395,0.0283,0.0289,0.05,5.0,task,9042,2234.76,0.230769,44.0,372.46,18.0,0.0,40.0,338.6,0.0,0.0,339.313955,22.0,338.6,2,/Users/hindbhr/Documents/Codex/2026-05-13/clone-this-repository-https-github-com/CALBP-IJPR/published_results/l9_task_progress_220of252_2026-05-13_19-21-43/solutions/Scholl_LUTZ2_c09,/Users/hindbhr/Documents/Codex/2026-05-13/clone-this-repository-https-github-com/CALBP-IJPR/published_results/l9_task_progress_220of252_2026-05-13_19-21-43/solutions/Scholl_LUTZ2_c09/run_info.json
Scholl_MANSOOR,1,c01,Scholl_MANSOOR_c01,Scholl,11,600.0,OK,2,2,1.0,,,,,,0.2,0.0,0.0,2026-05-07T18:58:31.823149,low,low,low,low,fixed,fixed,0.9826,0.3848,0.8936,1.0514,0.0775,0.0344,0.0254,0.0264,0.05,5.0,task,1042,551.25,0.194805,44.0,80.85,9.0,0.0,40.0,73.5,0.0,0.0,79.769982,31.0,73.5,2,/Users/hindbhr/Documents/Codex/2026-05-13/clone-this-repository-https-github-com/CALBP-IJPR/published_results/l9_task_progress_220of252_2026-05-13_19-21-43/solutions/Scholl_MANSOOR_c01,/Users/hindbhr/Documents/Codex/2026-05-13/clone-this-repository-https-github-com/CALBP-IJPR/published_results/l9_task_progress_220of252_2026-05-13_19-21-43/solutions/Scholl_MANSOOR_c01/run_info.json
Scholl_MANSOOR,2,c02,Scholl_MANSOOR_c02,Scholl,11,600.0,OK,2,2,1.0,,,,,,0.2,0.0,0.0,2026-05-07T18:58:32.028975,low,mid,mid,mid,fixed,fixed,0.9512,0.6389,1.0028,1.1915,0.0753,0.0362,0.0243,0.0532,0.05,5.0,task,2042,546.75,0.194805,44.0,80.19,9.0,0.0,40.0,72.9,0.0,0.0,79.217485,31.0,72.9,2,/Users/hindbhr/Documents/Codex/2026-05-13/clone-this-repository-https-github-com/CALBP-IJPR/published_results/l9_task_progress_220of252_2026-05-13_19-21-43/solutions/Scholl_MANSOOR_c02,/Users/hindbhr/Documents/Codex/2026-05-13/clone-this-repository-https-github-com/CALBP-IJPR/published_results/l9_task_progress_220of252_2026-05-13_19-21-43/solutions/Scholl_MANSOOR_c02/run_info.json
Scholl_MANSOOR,3,c03,Scholl_MANSOOR_c03,Scholl,11,600.0,OK,2,2,1.0,,,,,,0.21,0.0,0.0,2026-05-07T18:58:32.238929,low,high,high,high,fixed,fixed,0.9957,0.8591,1.0709,1.367,0.0497,0.0436,0.0143,0.0343,0.05,5.0,task,3042,543.75,0.194805,44.0,79.75,9.0,0.0,40.0,72.5,0.0,0.0,78.84954,31.0,72.5,2,/Users/hindbhr/Documents/Codex/2026-05-13/clone-this-repository-https-github-com/CALBP-IJPR/published_results/l9_task_progress_220of252_2026-05-13_19-21-43/solutions/Scholl_MANSOOR_c03,/Users/hindbhr/Documents/Codex/2026-05-13/clone-this-repository-https-github-com/CALBP-IJPR/published_results/l9_task_progress_220of252_2026-05-13_19-21-43/solutions/Scholl_MANSOOR_c03/run_info.json
Scholl_MANSOOR,4,c04,Scholl_MANSOOR_c04,Scholl,11,600.0,OK,2,2,1.0,,,,,,0.2,0.0,0.0,2026-05-07T18:58:32.445423,mid,low,mid,high,fixed,fixed,1.3971,0.4086,0.9975,1.3431,0.1094,0.0244,0.0294,0.0419,0.05,5.0,task,4042,688.125,0.194805,44.0,100.925,9.0,0.0,40.0,91.75,0.0,0.0,96.84556,31.0,91.75,2,/Users/hindbhr/Documents/Codex/2026-05-13/clone-this-repository-https-github-com/CALBP-IJPR/published_results/l9_task_progress_220of252_2026-05-13_19-21-43/solutions/Scholl_MANSOOR_c04,/Users/hindbhr/Documents/Codex/2026-05-13/clone-this-repository-https-github-com/CALBP-IJPR/published_results/l9_task_progress_220of252_2026-05-13_19-21-43/solutions/Scholl_MANSOOR_c04/run_info.json
Scholl_MANSOOR,5,c05,Scholl_MANSOOR_c05,Scholl,11,600.0,OK,2,2,1.0,,,,,,0.2,0.0,0.0,2026-05-07T18:58:32.651756,mid,mid,high,low,fixed,fixed,1.4411,0.6133,1.0748,1.0438,0.0985,0.0271,0.012,0.0288,0.05,5.0,task,5042,670.875,0.194805,44.0,98.395,9.0,0.0,40.0,89.45,0.0,0.0,94.669438,31.0,89.45,2,/Users/hindbhr/Documents/Codex/2026-05-13/clone-this-repository-https-github-com/CALBP-IJPR/published_results/l9_task_progress_220of252_2026-05-13_19-21-43/solutions/Scholl_MANSOOR_c05,/Users/hindbhr/Documents/Codex/2026-05-13/clone-this-repository-https-github-com/CALBP-IJPR/published_results/l9_task_progress_220of252_2026-05-13_19-21-43/solutions/Scholl_MANSOOR_c05/run_info.json
Scholl_MANSOOR,6,c06,Scholl_MANSOOR_c06,Scholl,11,600.0,OK,2,2,1.0,,,,,,0.21,0.0,0.0,2026-05-07T18:58:32.862271,mid,high,low,mid,fixed,fixed,1.3755,0.8718,0.8867,1.1804,0.1226,0.0461,0.0264,0.0384,0.05,5.0,task,6042,676.875,0.194805,44.0,99.275,9.0,0.0,40.0,90.25,0.0,0.0,95.425691,31.0,90.25,2,/Users/hindbhr/Documents/Codex/2026-05-13/clone-this-repository-https-github-com/CALBP-IJPR/published_results/l9_task_progress_220of252_2026-05-13_19-21-43/solutions/Scholl_MANSOOR_c06,/Users/hindbhr/Documents/Codex/2026-05-13/clone-this-repository-https-github-com/CALBP-IJPR/published_results/l9_task_progress_220of252_2026-05-13_19-21-43/solutions/Scholl_MANSOOR_c06/run_info.json
Scholl_MANSOOR,7,c07,Scholl_MANSOOR_c07,Scholl,11,600.0,OK,2,2,1.0,,,,,,0.2,0.0,0.0,2026-05-07T18:58:33.068772,high,low,high,mid,fixed,fixed,2.1978,0.3674,1.0778,1.1671,0.2127,0.035,0.0127,0.0381,0.05,5.0,task,7042,843.75,0.194805,44.0,123.75,9.0,0.0,40.0,112.5,0.0,0.0,116.692973,31.0,112.5,2,/Users/hindbhr/Documents/Codex/2026-05-13/clone-this-repository-https-github-com/CALBP-IJPR/published_results/l9_task_progress_220of252_2026-05-13_19-21-43/solutions/Scholl_MANSOOR_c07,/Users/hindbhr/Documents/Codex/2026-05-13/clone-this-repository-https-github-com/CALBP-IJPR/published_results/l9_task_progress_220of252_2026-05-13_19-21-43/solutions/Scholl_MANSOOR_c07/run_info.json
Scholl_MANSOOR,8,c08,Scholl_MANSOOR_c08,Scholl,11,600.0,OK,2,2,1.0,,,,,,0.2,0.0,0.0,2026-05-07T18:58:33.275130,high,mid,low,high,fixed,fixed,2.158,0.6173,0.8995,1.3626,0.1968,0.0533,0.0228,0.058,0.05,5.0,task,8042,871.875,0.194805,44.0,127.875,9.0,0.0,40.0,116.25,0.0,0.0,120.312354,31.0,116.25,2,/Users/hindbhr/Documents/Codex/2026-05-13/clone-this-repository-https-github-com/CALBP-IJPR/published_results/l9_task_progress_220of252_2026-05-13_19-21-43/solutions/Scholl_MANSOOR_c08,/Users/hindbhr/Documents/Codex/2026-05-13/clone-this-repository-https-github-com/CALBP-IJPR/published_results/l9_task_progress_220of252_2026-05-13_19-21-43/solutions/Scholl_MANSOOR_c08/run_info.json
Scholl_MANSOOR,9,c09,Scholl_MANSOOR_c09,Scholl,11,600.0,OK,2,2,1.0,,,,,,0.21,0.0,0.0,2026-05-07T18:58:33.485709,high,high,mid,low,fixed,fixed,2.0879,0.8922,0.9985,1.0623,0.1223,0.0498,0.0292,0.0257,0.05,5.0,task,9042,872.25,0.194805,44.0,127.93,9.0,0.0,40.0,116.3,0.0,0.0,120.360666,31.0,116.3,2,/Users/hindbhr/Documents/Codex/2026-05-13/clone-this-repository-https-github-com/CALBP-IJPR/published_results/l9_task_progress_220of252_2026-05-13_19-21-43/solutions/Scholl_MANSOOR_c09,/Users/hindbhr/Documents/Codex/2026-05-13/clone-this-repository-https-github-com/CALBP-IJPR/published_results/l9_task_progress_220of252_2026-05-13_19-21-43/solutions/Scholl_MANSOOR_c09/run_info.json
Scholl_MERTENS,1,c01,Scholl_MERTENS_c01,Scholl,7,60.0,OK,2,2,1.0,,,,,,0.1,0.0,0.0,2026-05-07T18:58:26.974559,low,low,low,low,fixed,fixed,1.0042,0.3721,0.9038,1.0401,0.0783,0.037,0.0256,0.0296,0.05,5.0,task,1042,100.125,0.194805,44.0,14.685,9.0,0.0,40.0,13.35,0.0,0.0,33.75237,31.0,13.35,2,/Users/hindbhr/Documents/Codex/2026-05-13/clone-this-repository-https-github-com/CALBP-IJPR/published_results/l9_task_progress_220of252_2026-05-13_19-21-43/solutions/Scholl_MERTENS_c01,/Users/hindbhr/Documents/Codex/2026-05-13/clone-this-repository-https-github-com/CALBP-IJPR/published_results/l9_task_progress_220of252_2026-05-13_19-21-43/solutions/Scholl_MERTENS_c01/run_info.json
Scholl_MERTENS,2,c02,Scholl_MERTENS_c02,Scholl,7,60.0,OK,2,2,1.0,,,,,,0.08,0.0,0.0,2026-05-07T18:58:27.055540,low,mid,mid,mid,fixed,fixed,0.9676,0.6273,1.0026,1.1677,0.0839,0.0456,0.023,0.0314,0.05,5.0,task,2042,100.125,0.194805,44.0,14.685,9.0,0.0,40.0,13.35,0.0,0.0,33.75237,31.0,13.35,2,/Users/hindbhr/Documents/Codex/2026-05-13/clone-this-repository-https-github-com/CALBP-IJPR/published_results/l9_task_progress_220of252_2026-05-13_19-21-43/solutions/Scholl_MERTENS_c02,/Users/hindbhr/Documents/Codex/2026-05-13/clone-this-repository-https-github-com/CALBP-IJPR/published_results/l9_task_progress_220of252_2026-05-13_19-21-43/solutions/Scholl_MERTENS_c02/run_info.json
Scholl_MERTENS,3,c03,Scholl_MERTENS_c03,Scholl,7,60.0,OK,2,2,1.0,,,,,,0.08,0.0,0.0,2026-05-07T18:58:27.135432,low,high,high,high,fixed,fixed,0.983,0.8747,1.0733,1.3361,0.0545,0.0369,0.0163,0.0595,0.05,5.0,task,3042,100.875,0.194805,44.0,14.795,9.0,0.0,40.0,13.45,0.0,0.0,33.792048,31.0,13.45,2,/Users/hindbhr/Documents/Codex/2026-05-13/clone-this-repository-https-github-com/CALBP-IJPR/published_results/l9_task_progress_220of252_2026-05-13_19-21-43/solutions/Scholl_MERTENS_c03,/Users/hindbhr/Documents/Codex/2026-05-13/clone-this-repository-https-github-com/CALBP-IJPR/published_results/l9_task_progress_220of252_2026-05-13_19-21-43/solutions/Scholl_MERTENS_c03/run_info.json
Scholl_MERTENS,4,c04,Scholl_MERTENS_c04,Scholl,7,60.0,OK,2,2,1.0,,,,,,0.08,0.0,0.0,2026-05-07T18:58:27.215437,mid,low,mid,high,fixed,fixed,1.3845,0.3952,1.0231,1.3428,0.1145,0.0343,0.0172,0.0602,0.05,5.0,task,4042,126.0,0.194805,44.0,18.48,9.0,0.0,40.0,16.8,0.0,0.0,35.259609,31.0,16.8,2,/Users/hindbhr/Documents/Codex/2026-05-13/clone-this-repository-https-github-com/CALBP-IJPR/published_results/l9_task_progress_220of252_2026-05-13_19-21-43/solutions/Scholl_MERTENS_c04,/Users/hindbhr/Documents/Codex/2026-05-13/clone-this-repository-https-github-com/CALBP-IJPR/published_results/l9_task_progress_220of252_2026-05-13_19-21-43/solutions/Scholl_MERTENS_c04/run_info.json
Scholl_MERTENS,5,c05,Scholl_MERTENS_c05,Scholl,7,60.0,OK,2,2,1.0,,,,,,0.08,0.0,0.0,2026-05-07T18:58:27.300449,mid,mid,high,low,fixed,fixed,1.4238,0.643,1.0694,1.0535,0.0983,0.0319,0.0088,0.0275,0.05,5.0,task,5042,118.125,0.194805,44.0,17.325,9.0,0.0,40.0,15.75,0.0,0.0,34.771576,31.0,15.75,2,/Users/hindbhr/Documents/Codex/2026-05-13/clone-this-repository-https-github-com/CALBP-IJPR/published_results/l9_task_progress_220of252_2026-05-13_19-21-43/solutions/Scholl_MERTENS_c05,/Users/hindbhr/Documents/Codex/2026-05-13/clone-this-repository-https-github-com/CALBP-IJPR/published_results/l9_task_progress_220of252_2026-05-13_19-21-43/solutions/Scholl_MERTENS_c05/run_info.json
Scholl_MERTENS,6,c06,Scholl_MERTENS_c06,Scholl,7,60.0,OK,2,2,1.0,,,,,,0.08,0.0,0.0,2026-05-07T18:58:27.381499,mid,high,low,mid,fixed,fixed,1.3606,0.8888,0.8947,1.1399,0.1198,0.0391,0.03,0.0358,0.05,5.0,task,6042,104.25,0.194805,44.0,15.29,9.0,0.0,40.0,13.9,0.0,0.0,33.973666,31.0,13.9,2,/Users/hindbhr/Documents/Codex/2026-05-13/clone-this-repository-https-github-com/CALBP-IJPR/published_results/l9_task_progress_220of252_2026-05-13_19-21-43/solutions/Scholl_MERTENS_c06,/Users/hindbhr/Documents/Codex/2026-05-13/clone-this-repository-https-github-com/CALBP-IJPR/published_results/l9_task_progress_220of252_2026-05-13_19-21-43/solutions/Scholl_MERTENS_c06/run_info.json
Scholl_MERTENS,7,c07,Scholl_MERTENS_c07,Scholl,7,60.0,OK,2,2,1.0,,,,,,0.08,0.0,0.0,2026-05-07T18:58:27.463661,high,low,high,mid,fixed,fixed,2.1799,0.3763,1.0712,1.1991,0.2076,0.0458,0.0092,0.0458,0.05,5.0,task,7042,142.56,0.230769,44.0,23.76,18.0,0.0,40.0,21.6,0.0,0.0,30.831153,22.0,21.6,2,/Users/hindbhr/Documents/Codex/2026-05-13/clone-this-repository-https-github-com/CALBP-IJPR/published_results/l9_task_progress_220of252_2026-05-13_19-21-43/solutions/Scholl_MERTENS_c07,/Users/hindbhr/Documents/Codex/2026-05-13/clone-this-repository-https-github-com/CALBP-IJPR/published_results/l9_task_progress_220of252_2026-05-13_19-21-43/solutions/Scholl_MERTENS_c07/run_info.json
Scholl_MERTENS,8,c08,Scholl_MERTENS_c08,Scholl,7,60.0,OK,2,2,1.0,,,,,,0.08,0.0,0.0,2026-05-07T18:58:27.544649,high,mid,low,high,fixed,fixed,2.2666,0.5869,0.8978,1.3671,0.1517,0.0207,0.0391,0.057,0.05,5.0,task,8042,155.43,0.230769,44.0,25.905,18.0,0.0,40.0,23.55,0.0,0.0,32.227356,22.0,23.55,2,/Users/hindbhr/Documents/Codex/2026-05-13/clone-this-repository-https-github-com/CALBP-IJPR/published_results/l9_task_progress_220of252_2026-05-13_19-21-43/solutions/Scholl_MERTENS_c08,/Users/hindbhr/Documents/Codex/2026-05-13/clone-this-repository-https-github-com/CALBP-IJPR/published_results/l9_task_progress_220of252_2026-05-13_19-21-43/solutions/Scholl_MERTENS_c08/run_info.json
Scholl_MERTENS,9,c09,Scholl_MERTENS_c09,Scholl,7,60.0,OK,2,2,1.0,,,,,,0.08,0.0,0.0,2026-05-07T18:58:27.626527,high,high,mid,low,fixed,fixed,2.048,0.8729,1.0135,1.0626,0.1252,0.0323,0.0326,0.0299,0.05,5.0,task,9042,144.21,0.230769,44.0,24.035,18.0,0.0,40.0,21.85,0.0,0.0,31.006814,22.0,21.85,2,/Users/hindbhr/Documents/Codex/2026-05-13/clone-this-repository-https-github-com/CALBP-IJPR/published_results/l9_task_progress_220of252_2026-05-13_19-21-43/solutions/Scholl_MERTENS_c09,/Users/hindbhr/Documents/Codex/2026-05-13/clone-this-repository-https-github-com/CALBP-IJPR/published_results/l9_task_progress_220of252_2026-05-13_19-21-43/solutions/Scholl_MERTENS_c09/run_info.json
Scholl_MITCHELL,1,c01,Scholl_MITCHELL_c01,Scholl,21,60.0,OK,4,4,1.0,,,,,,5.46,0.0,0.0,2026-05-07T18:58:38.951213,low,low,low,low,fixed,fixed,0.9863,0.3748,0.8963,1.0435,0.0698,0.0391,0.0316,0.0265,0.05,5.0,task,1042,1449.45,0.466519,88.0,44.385,18.0,0.0,80.0,40.35,20.930898,0.474916,73.973796,62.0,40.35,4,/Users/hindbhr/Documents/Codex/2026-05-13/clone-this-repository-https-github-com/CALBP-IJPR/published_results/l9_task_progress_220of252_2026-05-13_19-21-43/solutions/Scholl_MITCHELL_c01,/Users/hindbhr/Documents/Codex/2026-05-13/clone-this-repository-https-github-com/CALBP-IJPR/published_results/l9_task_progress_220of252_2026-05-13_19-21-43/solutions/Scholl_MITCHELL_c01/run_info.json
Scholl_MITCHELL,2,c02,Scholl_MITCHELL_c02,Scholl,21,60.0,OK,3,3,1.0,,,,,,3.68,0.0,0.0,2026-05-07T18:58:42.637364,low,mid,mid,mid,fixed,fixed,0.976,0.6356,1.0046,1.1749,0.0736,0.0457,0.0322,0.0467,0.05,5.0,task,2042,1459.9,0.448751,88.0,46.475,18.0,0.0,80.0,42.25,6.37972,0.081719,75.027078,62.0,42.25,3,/Users/hindbhr/Documents/Codex/2026-05-13/clone-this-repository-https-github-com/CALBP-IJPR/published_results/l9_task_progress_220of252_2026-05-13_19-21-43/solutions/Scholl_MITCHELL_c02,/Users/hindbhr/Documents/Codex/2026-05-13/clone-this-repository-https-github-com/CALBP-IJPR/published_results/l9_task_progress_220of252_2026-05-13_19-21-43/solutions/Scholl_MITCHELL_c02/run_info.json
Scholl_MITCHELL,3,c03,Scholl_MITCHELL_c03,Scholl,21,60.0,OK,3,3,1.0,,,,,,4.65,0.0,0.0,2026-05-07T18:58:47.292028,low,high,high,high,fixed,fixed,0.9746,0.8716,1.0727,1.344,0.0671,0.0377,0.0124,0.0546,0.05,5.0,task,3042,1329.55,0.43769,88.0,43.395,18.0,0.0,80.0,39.45,4.705405,0.059018,73.486751,62.0,39.45,3,/Users/hindbhr/Documents/Codex/2026-05-13/clone-this-repository-https-github-com/CALBP-IJPR/published_results/l9_task_progress_220of252_2026-05-13_19-21-43/solutions/Scholl_MITCHELL_c03,/Users/hindbhr/Documents/Codex/2026-05-13/clone-this-repository-https-github-com/CALBP-IJPR/published_results/l9_task_progress_220of252_2026-05-13_19-21-43/solutions/Scholl_MITCHELL_c03/run_info.json
Scholl_MITCHELL,4,c04,Scholl_MITCHELL_c04,Scholl,21,60.0,OK,3,3,1.0,,,,,,4.34,0.0,0.0,2026-05-07T18:58:51.638500,mid,low,mid,high,fixed,fixed,1.4436,0.3722,0.9982,1.3693,0.1036,0.0393,0.0219,0.0433,0.05,5.0,task,4042,1943.09,0.52747,88.0,60.39,27.0,0.0,80.0,54.9,2.944486,0.03967,76.30865,53.0,54.9,3,/Users/hindbhr/Documents/Codex/2026-05-13/clone-this-repository-https-github-com/CALBP-IJPR/published_results/l9_task_progress_220of252_2026-05-13_19-21-43/solutions/Scholl_MITCHELL_c04,/Users/hindbhr/Documents/Codex/2026-05-13/clone-this-repository-https-github-com/CALBP-IJPR/published_results/l9_task_progress_220of252_2026-05-13_19-21-43/solutions/Scholl_MITCHELL_c04/run_info.json
Scholl_MITCHELL,5,c05,Scholl_MITCHELL_c05,Scholl,21,60.0,OK,4,4,1.0,,,,,,110.02,0.0,0.0,2026-05-07T19:00:41.665077,mid,mid,high,low,fixed,fixed,1.409,0.618,1.0779,1.0532,0.094,0.0404,0.0123,0.0306,0.05,5.0,task,5042,1463.71,0.426886,88.0,56.21,27.0,0.0,80.0,51.1,26.878182,0.559579,73.622075,53.0,51.1,4,/Users/hindbhr/Documents/Codex/2026-05-13/clone-this-repository-https-github-com/CALBP-IJPR/published_results/l9_task_progress_220of252_2026-05-13_19-21-43/solutions/Scholl_MITCHELL_c05,/Users/hindbhr/Documents/Codex/2026-05-13/clone-this-repository-https-github-com/CALBP-IJPR/published_results/l9_task_progress_220of252_2026-05-13_19-21-43/solutions/Scholl_MITCHELL_c05/run_info.json
Scholl_MITCHELL,6,c06,Scholl_MITCHELL_c06,Scholl,21,60.0,OK,4,4,1.0,,,,,,31.2,0.0,0.0,2026-05-07T19:01:12.867573,mid,high,low,mid,fixed,fixed,1.3921,0.862,0.9018,1.1696,0.1195,0.0432,0.0286,0.0507,0.05,5.0,task,6042,1516.335,0.423583,88.0,58.685,27.0,0.0,80.0,53.35,26.039533,0.551602,75.201213,53.0,53.35,4,/Users/hindbhr/Documents/Codex/2026-05-13/clone-this-repository-https-github-com/CALBP-IJPR/published_results/l9_task_progress_220of252_2026-05-13_19-21-43/solutions/Scholl_MITCHELL_c06,/Users/hindbhr/Documents/Codex/2026-05-13/clone-this-repository-https-github-com/CALBP-IJPR/published_results/l9_task_progress_220of252_2026-05-13_19-21-43/solutions/Scholl_MITCHELL_c06/run_info.json
Scholl_MITCHELL,7,c07,Scholl_MITCHELL_c07,Scholl,21,60.0,OK,3,3,1.0,,,,,,4.18,0.0,0.0,2026-05-07T19:01:17.051051,high,low,high,mid,fixed,fixed,2.1442,0.377,1.076,1.199,0.1908,0.0386,0.0127,0.0356,0.05,5.0,task,7042,2637.71,0.655957,88.0,77.33,36.0,0.0,80.0,70.3,0.80829,0.095039,82.934251,44.0,70.3,3,/Users/hindbhr/Documents/Codex/2026-05-13/clone-this-repository-https-github-com/CALBP-IJPR/published_results/l9_task_progress_220of252_2026-05-13_19-21-43/solutions/Scholl_MITCHELL_c07,/Users/hindbhr/Documents/Codex/2026-05-13/clone-this-repository-https-github-com/CALBP-IJPR/published_results/l9_task_progress_220of252_2026-05-13_19-21-43/solutions/Scholl_MITCHELL_c07/run_info.json
Scholl_MITCHELL,8,c08,Scholl_MITCHELL_c08,Scholl,21,60.0,OK,4,4,1.0,,,,,,6.3,0.0,0.0,2026-05-07T19:01:23.356503,high,mid,low,high,fixed,fixed,2.1244,0.629,0.9133,1.3552,0.2243,0.0402,0.0273,0.0602,0.05,5.0,task,8042,2023.92,0.582956,88.0,80.74,45.0,0.0,80.0,73.4,25.417874,0.549991,81.317649,35.0,73.4,4,/Users/hindbhr/Documents/Codex/2026-05-13/clone-this-repository-https-github-com/CALBP-IJPR/published_results/l9_task_progress_220of252_2026-05-13_19-21-43/solutions/Scholl_MITCHELL_c08,/Users/hindbhr/Documents/Codex/2026-05-13/clone-this-repository-https-github-com/CALBP-IJPR/published_results/l9_task_progress_220of252_2026-05-13_19-21-43/solutions/Scholl_MITCHELL_c08/run_info.json
Scholl_MITCHELL,9,c09,Scholl_MITCHELL_c09,Scholl,21,60.0,OK,3,3,1.0,,,,,,15.12,0.0,0.0,2026-05-07T19:01:38.475950,high,high,mid,low,fixed,fixed,2.1442,0.8878,1.0028,1.0402,0.1912,0.0432,0.0248,0.0288,0.05,5.0,task,9042,1938.64,0.461434,88.0,80.795,36.0,0.0,80.0,73.45,8.458181,0.145631,85.62069,44.0,73.45,3,/Users/hindbhr/Documents/Codex/2026-05-13/clone-this-repository-https-github-com/CALBP-IJPR/published_results/l9_task_progress_220of252_2026-05-13_19-21-43/solutions/Scholl_MITCHELL_c09,/Users/hindbhr/Documents/Codex/2026-05-13/clone-this-repository-https-github-com/CALBP-IJPR/published_results/l9_task_progress_220of252_2026-05-13_19-21-43/solutions/Scholl_MITCHELL_c09/run_info.json
Scholl_MUKHERJE,1,c01,Scholl_MUKHERJE_c01,Scholl,94,600.0,OK,1,1,1.0,,,,,,1400.39,0.0,0.0,2026-05-10T08:33:31.935833,low,low,low,low,fixed,fixed,0.9771,0.3704,0.9014,1.0504,0.0711,0.0396,0.0287,0.0295,0.05,5.0,task,1042,102.4,1.0,352.0,3.2,320.0,0.0,320.0,0.0,0.0,1.0,0.0,0.0,0.0,1,/Users/hindbhr/Documents/Codex/2026-05-13/clone-this-repository-https-github-com/CALBP-IJPR/published_results/l9_task_progress_220of252_2026-05-13_19-21-43/solutions/Scholl_MUKHERJE_c01,/Users/hindbhr/Documents/Codex/2026-05-13/clone-this-repository-https-github-com/CALBP-IJPR/published_results/l9_task_progress_220of252_2026-05-13_19-21-43/solutions/Scholl_MUKHERJE_c01/run_info.json
Scholl_MUKHERJE,2,c02,Scholl_MUKHERJE_c02,Scholl,94,600.0,OK,1,1,1.0,,,,,,1353.12,0.0,0.0,2026-05-10T08:56:05.065603,low,mid,mid,mid,fixed,fixed,0.9825,0.6273,1.0042,1.1766,0.0755,0.0418,0.0314,0.0437,0.05,5.0,task,2042,102.4,1.0,352.0,3.2,320.0,0.0,320.0,0.0,0.0,1.0,0.0,0.0,0.0,1,/Users/hindbhr/Documents/Codex/2026-05-13/clone-this-repository-https-github-com/CALBP-IJPR/published_results/l9_task_progress_220of252_2026-05-13_19-21-43/solutions/Scholl_MUKHERJE_c02,/Users/hindbhr/Documents/Codex/2026-05-13/clone-this-repository-https-github-com/CALBP-IJPR/published_results/l9_task_progress_220of252_2026-05-13_19-21-43/solutions/Scholl_MUKHERJE_c02/run_info.json
Scholl_MUKHERJE,3,c03,Scholl_MUKHERJE_c03,Scholl,94,600.0,OK,1,1,1.0,,,,,,651.0,0.0,0.0,2026-05-10T09:06:56.073338,low,high,high,high,fixed,fixed,0.9692,0.8757,1.0761,1.3462,0.0672,0.0452,0.0146,0.0599,0.05,5.0,task,3042,102.4,1.0,352.0,3.2,320.0,0.0,320.0,0.0,0.0,1.0,0.0,0.0,0.0,1,/Users/hindbhr/Documents/Codex/2026-05-13/clone-this-repository-https-github-com/CALBP-IJPR/published_results/l9_task_progress_220of252_2026-05-13_19-21-43/solutions/Scholl_MUKHERJE_c03,/Users/hindbhr/Documents/Codex/2026-05-13/clone-this-repository-https-github-com/CALBP-IJPR/published_results/l9_task_progress_220of252_2026-05-13_19-21-43/solutions/Scholl_MUKHERJE_c03/run_info.json
Scholl_MUKHERJE,4,c04,Scholl_MUKHERJE_c04,Scholl,94,600.0,OK,1,1,1.0,,,,,,2245.84,0.0,0.0,2026-05-10T09:44:21.916026,mid,low,mid,high,fixed,fixed,1.4126,0.3736,1.0015,1.3526,0.1009,0.0429,0.0293,0.0558,0.05,5.0,task,4042,102.4,1.0,352.0,3.2,320.0,0.0,320.0,0.0,0.0,1.0,0.0,0.0,0.0,1,/Users/hindbhr/Documents/Codex/2026-05-13/clone-this-repository-https-github-com/CALBP-IJPR/published_results/l9_task_progress_220of252_2026-05-13_19-21-43/solutions/Scholl_MUKHERJE_c04,/Users/hindbhr/Documents/Codex/2026-05-13/clone-this-repository-https-github-com/CALBP-IJPR/published_results/l9_task_progress_220of252_2026-05-13_19-21-43/solutions/Scholl_MUKHERJE_c04/run_info.json
Scholl_MUKHERJE,5,c05,Scholl_MUKHERJE_c05,Scholl,94,600.0,OK,1,1,1.0,,,,,,1340.55,0.0,0.0,2026-05-10T10:06:42.475478,mid,mid,high,low,fixed,fixed,1.3985,0.6238,1.0765,1.0529,0.1117,0.0423,0.0147,0.0282,0.05,5.0,task,5042,102.4,1.0,352.0,3.2,320.0,0.0,320.0,0.0,0.0,1.0,0.0,0.0,0.0,1,/Users/hindbhr/Documents/Codex/2026-05-13/clone-this-repository-https-github-com/CALBP-IJPR/published_results/l9_task_progress_220of252_2026-05-13_19-21-43/solutions/Scholl_MUKHERJE_c05,/Users/hindbhr/Documents/Codex/2026-05-13/clone-this-repository-https-github-com/CALBP-IJPR/published_results/l9_task_progress_220of252_2026-05-13_19-21-43/solutions/Scholl_MUKHERJE_c05/run_info.json
Scholl_MUKHERJE,6,c06,Scholl_MUKHERJE_c06,Scholl,94,600.0,OK,1,1,1.0,,,,,,1296.32,0.0,0.0,2026-05-10T10:28:18.804552,mid,high,low,mid,fixed,fixed,1.392,0.8836,0.8993,1.1817,0.1233,0.046,0.0305,0.0463,0.05,5.0,task,6042,102.4,1.0,352.0,3.2,320.0,0.0,320.0,0.0,0.0,1.0,0.0,0.0,0.0,1,/Users/hindbhr/Documents/Codex/2026-05-13/clone-this-repository-https-github-com/CALBP-IJPR/published_results/l9_task_progress_220of252_2026-05-13_19-21-43/solutions/Scholl_MUKHERJE_c06,/Users/hindbhr/Documents/Codex/2026-05-13/clone-this-repository-https-github-com/CALBP-IJPR/published_results/l9_task_progress_220of252_2026-05-13_19-21-43/solutions/Scholl_MUKHERJE_c06/run_info.json
Scholl_MUKHERJE,7,c07,Scholl_MUKHERJE_c07,Scholl,94,600.0,OK,1,1,1.0,,,,,,1991.59,0.0,0.0,2026-05-10T11:01:30.404758,high,low,high,mid,fixed,fixed,2.1835,0.3764,1.0753,1.1634,0.1863,0.0446,0.0141,0.0437,0.05,5.0,task,7042,102.4,1.0,352.0,3.2,320.0,0.0,320.0,0.0,0.0,1.0,0.0,0.0,0.0,1,/Users/hindbhr/Documents/Codex/2026-05-13/clone-this-repository-https-github-com/CALBP-IJPR/published_results/l9_task_progress_220of252_2026-05-13_19-21-43/solutions/Scholl_MUKHERJE_c07,/Users/hindbhr/Documents/Codex/2026-05-13/clone-this-repository-https-github-com/CALBP-IJPR/published_results/l9_task_progress_220of252_2026-05-13_19-21-43/solutions/Scholl_MUKHERJE_c07/run_info.json
Scholl_MUKHERJE,8,c08,Scholl_MUKHERJE_c08,Scholl,94,600.0,OK,1,1,1.0,,,,,,1375.18,0.0,0.0,2026-05-10T11:24:25.593574,high,mid,low,high,fixed,fixed,2.1786,0.6219,0.9035,1.3493,0.2086,0.0455,0.0287,0.0633,0.05,5.0,task,8042,102.4,1.0,352.0,3.2,320.0,0.0,320.0,0.0,0.0,1.0,0.0,0.0,0.0,1,/Users/hindbhr/Documents/Codex/2026-05-13/clone-this-repository-https-github-com/CALBP-IJPR/published_results/l9_task_progress_220of252_2026-05-13_19-21-43/solutions/Scholl_MUKHERJE_c08,/Users/hindbhr/Documents/Codex/2026-05-13/clone-this-repository-https-github-com/CALBP-IJPR/published_results/l9_task_progress_220of252_2026-05-13_19-21-43/solutions/Scholl_MUKHERJE_c08/run_info.json
Scholl_MUKHERJE,9,c09,Scholl_MUKHERJE_c09,Scholl,94,600.0,OK,1,1,1.0,,,,,,1357.77,0.0,0.0,2026-05-10T11:47:03.373337,high,high,mid,low,fixed,fixed,2.1562,0.8772,0.9999,1.0515,0.2012,0.0405,0.0275,0.0293,0.05,5.0,task,9042,102.4,1.0,352.0,3.2,320.0,0.0,320.0,0.0,0.0,1.0,0.0,0.0,0.0,1,/Users/hindbhr/Documents/Codex/2026-05-13/clone-this-repository-https-github-com/CALBP-IJPR/published_results/l9_task_progress_220of252_2026-05-13_19-21-43/solutions/Scholl_MUKHERJE_c09,/Users/hindbhr/Documents/Codex/2026-05-13/clone-this-repository-https-github-com/CALBP-IJPR/published_results/l9_task_progress_220of252_2026-05-13_19-21-43/solutions/Scholl_MUKHERJE_c09/run_info.json
Scholl_SAWYER30,1,c01,Scholl_SAWYER30_c01,Scholl,30,200.0,OK,3,2,0.666667,,,,,,649.39,20.4983,61.4948,2026-05-08T15:08:55.163947,low,low,low,low,fixed,fixed,0.9763,0.3767,0.8997,1.0492,0.0705,0.0428,0.0293,0.0262,0.05,5.0,task,1042,4149.5,0.526009,88.0,112.695,18.0,0.0,80.0,102.45,22.430058,0.279542,119.749749,62.0,102.45,3,/Users/hindbhr/Documents/Codex/2026-05-13/clone-this-repository-https-github-com/CALBP-IJPR/published_results/l9_task_progress_220of252_2026-05-13_19-21-43/solutions/Scholl_SAWYER30_c01,/Users/hindbhr/Documents/Codex/2026-05-13/clone-this-repository-https-github-com/CALBP-IJPR/published_results/l9_task_progress_220of252_2026-05-13_19-21-43/solutions/Scholl_SAWYER30_c01/run_info.json
Scholl_SAWYER30,2,c02,Scholl_SAWYER30_c02,Scholl,30,200.0,OK,3,2,0.666667,,,,,,2123.02,12.0413,36.1238,2026-05-08T15:44:18.191855,low,mid,mid,mid,fixed,fixed,0.9757,0.6385,0.9985,1.1875,0.0679,0.0499,0.0303,0.0382,0.05,5.0,task,2042,3992.5,0.496892,88.0,114.785,18.0,0.0,80.0,104.35,15.21318,0.201126,121.379251,62.0,104.35,3,/Users/hindbhr/Documents/Codex/2026-05-13/clone-this-repository-https-github-com/CALBP-IJPR/published_results/l9_task_progress_220of252_2026-05-13_19-21-43/solutions/Scholl_SAWYER30_c02,/Users/hindbhr/Documents/Codex/2026-05-13/clone-this-repository-https-github-com/CALBP-IJPR/published_results/l9_task_progress_220of252_2026-05-13_19-21-43/solutions/Scholl_SAWYER30_c02/run_info.json
Scholl_SAWYER30,3,c03,Scholl_SAWYER30_c03,Scholl,30,200.0,OK,3,2,0.666667,,,,,,1143.5,15.5811,46.7433,2026-05-08T16:03:21.699719,low,high,high,high,fixed,fixed,0.9644,0.8711,1.0747,1.3503,0.0706,0.034,0.0137,0.0613,0.05,5.0,task,3042,3388.8,0.441207,88.0,109.725,18.0,0.0,80.0,99.75,12.903779,0.159964,117.448127,62.0,99.75,3,/Users/hindbhr/Documents/Codex/2026-05-13/clone-this-repository-https-github-com/CALBP-IJPR/published_results/l9_task_progress_220of252_2026-05-13_19-21-43/solutions/Scholl_SAWYER30_c03,/Users/hindbhr/Documents/Codex/2026-05-13/clone-this-repository-https-github-com/CALBP-IJPR/published_results/l9_task_progress_220of252_2026-05-13_19-21-43/solutions/Scholl_SAWYER30_c03/run_info.json
Scholl_SAWYER30,4,c04,Scholl_SAWYER30_c04,Scholl,30,200.0,OK,3,3,1.0,,,,,,36.41,0.0,0.0,2026-05-08T16:03:58.112241,mid,low,mid,high,fixed,fixed,1.4323,0.3726,1.0056,1.3442,0.1094,0.0331,0.0233,0.0606,0.05,5.0,task,4042,5715.22,0.59067,88.0,158.62,27.0,0.0,80.0,144.2,28.405633,0.341395,153.631507,53.0,144.2,3,/Users/hindbhr/Documents/Codex/2026-05-13/clone-this-repository-https-github-com/CALBP-IJPR/published_results/l9_task_progress_220of252_2026-05-13_19-21-43/solutions/Scholl_SAWYER30_c04,/Users/hindbhr/Documents/Codex/2026-05-13/clone-this-repository-https-github-com/CALBP-IJPR/published_results/l9_task_progress_220of252_2026-05-13_19-21-43/solutions/Scholl_SAWYER30_c04/run_info.json
Scholl_SAWYER30,5,c05,Scholl_SAWYER30_c05,Scholl,30,200.0,OK,3,1,0.333333,,,,,,1300.18,55.9402,89.5332,2026-05-08T16:25:38.298288,mid,mid,high,low,fixed,fixed,1.4054,0.6255,1.0743,1.0447,0.0983,0.0411,0.0147,0.0295,0.05,5.0,task,5042,4646.875,0.50642,88.0,150.425,27.0,0.0,80.0,136.75,17.118435,0.218215,146.661387,53.0,136.75,3,/Users/hindbhr/Documents/Codex/2026-05-13/clone-this-repository-https-github-com/CALBP-IJPR/published_results/l9_task_progress_220of252_2026-05-13_19-21-43/solutions/Scholl_SAWYER30_c05,/Users/hindbhr/Documents/Codex/2026-05-13/clone-this-repository-https-github-com/CALBP-IJPR/published_results/l9_task_progress_220of252_2026-05-13_19-21-43/solutions/Scholl_SAWYER30_c05/run_info.json
Scholl_SAWYER30,6,c06,Scholl_SAWYER30_c06,Scholl,30,200.0,OK,3,2,0.666667,,,,,,1142.77,21.7717,65.3152,2026-05-08T16:44:41.071763,mid,high,low,mid,fixed,fixed,1.3711,0.881,0.8952,1.193,0.1185,0.0417,0.0343,0.0427,0.05,5.0,task,6042,4792.05,0.5065,88.0,155.1,27.0,0.0,80.0,141.0,17.840123,0.221731,150.632002,53.0,141.0,3,/Users/hindbhr/Documents/Codex/2026-05-13/clone-this-repository-https-github-com/CALBP-IJPR/published_results/l9_task_progress_220of252_2026-05-13_19-21-43/solutions/Scholl_SAWYER30_c06,/Users/hindbhr/Documents/Codex/2026-05-13/clone-this-repository-https-github-com/CALBP-IJPR/published_results/l9_task_progress_220of252_2026-05-13_19-21-43/solutions/Scholl_SAWYER30_c06/run_info.json
Scholl_SAWYER30,7,c07,Scholl_SAWYER30_c07,Scholl,30,200.0,OK,3,2,0.666667,,,,,,965.92,4.9752,14.9255,2026-05-08T17:00:46.998419,high,low,high,mid,fixed,fixed,2.175,0.3742,1.0809,1.1785,0.197,0.036,0.0128,0.0465,0.05,5.0,task,7042,8843.5,0.731866,88.0,232.375,36.0,0.0,80.0,211.25,62.786842,0.539307,215.783601,44.0,211.25,3,/Users/hindbhr/Documents/Codex/2026-05-13/clone-this-repository-https-github-com/CALBP-IJPR/published_results/l9_task_progress_220of252_2026-05-13_19-21-43/solutions/Scholl_SAWYER30_c07,/Users/hindbhr/Documents/Codex/2026-05-13/clone-this-repository-https-github-com/CALBP-IJPR/published_results/l9_task_progress_220of252_2026-05-13_19-21-43/solutions/Scholl_SAWYER30_c07/run_info.json
Scholl_SAWYER30,8,c08,Scholl_SAWYER30_c08,Scholl,30,200.0,OK,3,2,0.666667,,,,,,606.89,7.3802,22.1407,2026-05-08T17:10:53.888701,high,mid,low,high,fixed,fixed,2.1472,0.6353,0.9067,1.3519,0.214,0.0412,0.0312,0.0625,0.05,5.0,task,8042,6256.8,0.535543,88.0,224.675,36.0,0.0,80.0,204.25,35.593644,0.313779,208.935546,44.0,204.25,3,/Users/hindbhr/Documents/Codex/2026-05-13/clone-this-repository-https-github-com/CALBP-IJPR/published_results/l9_task_progress_220of252_2026-05-13_19-21-43/solutions/Scholl_SAWYER30_c08,/Users/hindbhr/Documents/Codex/2026-05-13/clone-this-repository-https-github-com/CALBP-IJPR/published_results/l9_task_progress_220of252_2026-05-13_19-21-43/solutions/Scholl_SAWYER30_c08/run_info.json
Scholl_SAWYER30,9,c09,Scholl_SAWYER30_c09,Scholl,30,200.0,OK,3,1,0.333333,,,,,,3145.1,54.7456,90.8723,2026-05-08T18:03:18.992395,high,high,mid,low,fixed,fixed,2.1465,0.8855,0.9961,1.0456,0.2093,0.0373,0.0304,0.0284,0.05,5.0,task,9042,6415.86,0.53463,88.0,230.78,36.0,0.0,80.0,209.8,36.199862,0.31138,214.364269,44.0,209.8,3,/Users/hindbhr/Documents/Codex/2026-05-13/clone-this-repository-https-github-com/CALBP-IJPR/published_results/l9_task_progress_220of252_2026-05-13_19-21-43/solutions/Scholl_SAWYER30_c09,/Users/hindbhr/Documents/Codex/2026-05-13/clone-this-repository-https-github-com/CALBP-IJPR/published_results/l9_task_progress_220of252_2026-05-13_19-21-43/solutions/Scholl_SAWYER30_c09/run_info.json
Scholl_WEE-MAG,1,c01,Scholl_WEE-MAG_c01,Scholl,75,600.0,OK,5,1,0.2,,,,,,5059.76,75.3226,100.0,2026-05-09T19:07:26.131430,low,low,low,low,fixed,fixed,0.9717,0.3782,0.8953,1.0504,0.0693,0.0399,0.0287,0.0297,0.05,5.0,task,1042,29661.975,0.587204,132.0,481.085,27.0,0.0,120.0,437.35,110.80632,0.590365,447.128642,93.0,437.35,5,/Users/hindbhr/Documents/Codex/2026-05-13/clone-this-repository-https-github-com/CALBP-IJPR/published_results/l9_task_progress_220of252_2026-05-13_19-21-43/solutions/Scholl_WEE-MAG_c01,/Users/hindbhr/Documents/Codex/2026-05-13/clone-this-repository-https-github-com/CALBP-IJPR/published_results/l9_task_progress_220of252_2026-05-13_19-21-43/solutions/Scholl_WEE-MAG_c01/run_info.json
Scholl_WEE-MAG,2,c02,Scholl_WEE-MAG_c02,Scholl,75,600.0,OK,4,1,0.25,,,,,,3150.52,73.0896,100.0,2026-05-09T19:59:56.659819,low,mid,mid,mid,fixed,fixed,0.9822,0.628,1.0026,1.1804,0.0782,0.0405,0.0317,0.0444,0.05,5.0,task,2042,26196.1,0.51735,132.0,482.24,27.0,0.0,120.0,438.4,37.123622,0.252056,448.155732,93.0,438.4,4,/Users/hindbhr/Documents/Codex/2026-05-13/clone-this-repository-https-github-com/CALBP-IJPR/published_results/l9_task_progress_220of252_2026-05-13_19-21-43/solutions/Scholl_WEE-MAG_c02,/Users/hindbhr/Documents/Codex/2026-05-13/clone-this-repository-https-github-com/CALBP-IJPR/published_results/l9_task_progress_220of252_2026-05-13_19-21-43/solutions/Scholl_WEE-MAG_c02/run_info.json
Scholl_WEE-MAG,3,c03,Scholl_WEE-MAG_c03,Scholl,75,600.0,OK,4,1,0.25,,,,,,3598.51,70.1972,100.0,2026-05-09T20:59:55.178691,low,high,high,high,fixed,fixed,0.9703,0.8715,1.077,1.3544,0.0625,0.0466,0.0141,0.0603,0.05,5.0,task,3042,26178.125,0.519423,132.0,479.985,27.0,0.0,120.0,436.35,45.993231,0.223313,446.15056,93.0,436.35,4,/Users/hindbhr/Documents/Codex/2026-05-13/clone-this-repository-https-github-com/CALBP-IJPR/published_results/l9_task_progress_220of252_2026-05-13_19-21-43/solutions/Scholl_WEE-MAG_c03,/Users/hindbhr/Documents/Codex/2026-05-13/clone-this-repository-https-github-com/CALBP-IJPR/published_results/l9_task_progress_220of252_2026-05-13_19-21-43/solutions/Scholl_WEE-MAG_c03/run_info.json
Scholl_WEE-MAG,4,c04,Scholl_WEE-MAG_c04,Scholl,75,600.0,OK,4,2,0.5,,,,,,1566.24,49.805,100.0,2026-05-09T21:26:01.420153,mid,low,mid,high,fixed,fixed,1.4182,0.3702,1.0044,1.3516,0.1004,0.0422,0.0273,0.0602,0.05,5.0,task,4042,50807.94,0.78278,132.0,676.115,36.0,0.0,120.0,614.65,195.434991,0.839175,620.363299,84.0,614.65,4,/Users/hindbhr/Documents/Codex/2026-05-13/clone-this-repository-https-github-com/CALBP-IJPR/published_results/l9_task_progress_220of252_2026-05-13_19-21-43/solutions/Scholl_WEE-MAG_c04,/Users/hindbhr/Documents/Codex/2026-05-13/clone-this-repository-https-github-com/CALBP-IJPR/published_results/l9_task_progress_220of252_2026-05-13_19-21-43/solutions/Scholl_WEE-MAG_c04/run_info.json
Scholl_WEE-MAG,5,c05,Scholl_WEE-MAG_c05,Scholl,75,600.0,OK,4,1,0.25,,,,,,4803.49,71.0679,98.1822,2026-05-09T22:46:04.911887,mid,mid,high,low,fixed,fixed,1.4027,0.6192,1.076,1.0557,0.1051,0.0436,0.0146,0.0279,0.05,5.0,task,5042,36731.78,0.56855,132.0,672.98,36.0,0.0,120.0,611.8,78.41591,0.300271,617.539667,84.0,611.8,4,/Users/hindbhr/Documents/Codex/2026-05-13/clone-this-repository-https-github-com/CALBP-IJPR/published_results/l9_task_progress_220of252_2026-05-13_19-21-43/solutions/Scholl_WEE-MAG_c05,/Users/hindbhr/Documents/Codex/2026-05-13/clone-this-repository-https-github-com/CALBP-IJPR/published_results/l9_task_progress_220of252_2026-05-13_19-21-43/solutions/Scholl_WEE-MAG_c05/run_info.json
Scholl_WEE-MAG,6,c06,Scholl_WEE-MAG_c06,Scholl,75,600.0,OK,1,1,1.0,,,,,,1491.25,0.0,0.0,2026-05-09T23:10:56.162848,mid,high,low,mid,fixed,fixed,1.3926,0.8857,0.8964,1.1767,0.1207,0.0455,0.032,0.0452,0.05,5.0,task,6042,14.4,1.0,132.0,1.2,120.0,0.0,120.0,0.0,0.0,1.0,0.0,0.0,0.0,1,/Users/hindbhr/Documents/Codex/2026-05-13/clone-this-repository-https-github-com/CALBP-IJPR/published_results/l9_task_progress_220of252_2026-05-13_19-21-43/solutions/Scholl_WEE-MAG_c06,/Users/hindbhr/Documents/Codex/2026-05-13/clone-this-repository-https-github-com/CALBP-IJPR/published_results/l9_task_progress_220of252_2026-05-13_19-21-43/solutions/Scholl_WEE-MAG_c06/run_info.json
Scholl_WEE-MAG,7,c07,Scholl_WEE-MAG_c07,Scholl,75,600.0,OK,3,1,0.333333,,,,,,4621.32,60.9453,99.9717,2026-05-10T00:27:57.486141,high,low,high,mid,fixed,fixed,2.1668,0.3835,1.0765,1.167,0.1849,0.0443,0.0148,0.0424,0.05,5.0,task,7042,6750.36,0.438426,132.0,197.395,54.0,0.0,120.0,179.45,0.433013,0.008726,191.202255,66.0,179.45,3,/Users/hindbhr/Documents/Codex/2026-05-13/clone-this-repository-https-github-com/CALBP-IJPR/published_results/l9_task_progress_220of252_2026-05-13_19-21-43/solutions/Scholl_WEE-MAG_c07,/Users/hindbhr/Documents/Codex/2026-05-13/clone-this-repository-https-github-com/CALBP-IJPR/published_results/l9_task_progress_220of252_2026-05-13_19-21-43/solutions/Scholl_WEE-MAG_c07/run_info.json
Scholl_WEE-MAG,8,c08,Scholl_WEE-MAG_c08,Scholl,75,600.0,OK,4,1,0.25,,,,,,7872.05,72.332,100.0,2026-05-10T02:39:09.545038,high,mid,low,high,fixed,fixed,2.1821,0.6216,0.9015,1.3563,0.2051,0.0458,0.0305,0.059,0.05,5.0,task,8042,56334.32,0.72378,132.0,997.865,54.0,0.0,120.0,907.15,165.97854,0.415594,909.547757,66.0,907.15,4,/Users/hindbhr/Documents/Codex/2026-05-13/clone-this-repository-https-github-com/CALBP-IJPR/published_results/l9_task_progress_220of252_2026-05-13_19-21-43/solutions/Scholl_WEE-MAG_c08,/Users/hindbhr/Documents/Codex/2026-05-13/clone-this-repository-https-github-com/CALBP-IJPR/published_results/l9_task_progress_220of252_2026-05-13_19-21-43/solutions/Scholl_WEE-MAG_c08/run_info.json
Scholl_WEE-MAG,9,c09,Scholl_WEE-MAG_c09,Scholl,75,600.0,OK,3,1,0.333333,,,,,,4544.89,64.6619,99.7143,2026-05-10T03:54:54.443633,high,high,mid,low,fixed,fixed,2.1649,0.8719,1.0015,1.0529,0.1923,0.0434,0.0267,0.0288,0.05,5.0,task,9042,20568.62,0.634863,132.0,578.545,76.0,0.0,120.0,525.95,107.300548,0.3801,527.78727,44.0,525.95,3,/Users/hindbhr/Documents/Codex/2026-05-13/clone-this-repository-https-github-com/CALBP-IJPR/published_results/l9_task_progress_220of252_2026-05-13_19-21-43/solutions/Scholl_WEE-MAG_c09,/Users/hindbhr/Documents/Codex/2026-05-13/clone-this-repository-https-github-com/CALBP-IJPR/published_results/l9_task_progress_220of252_2026-05-13_19-21-43/solutions/Scholl_WEE-MAG_c09/run_info.json
instance_n=20_1,1,c01,instance_n=20_1_c01,Otto,20,1000.0,OK,4,3,0.75,,,,,,1009.34,13.8319,55.3277,2026-05-11T02:20:32.270402,low,low,low,low,fixed,fixed,0.9872,0.3753,0.8974,1.041,0.0714,0.0374,0.0307,0.0229,0.05,5.0,task,1042,54725.4,0.627152,132.0,831.05,27.0,0.0,120.0,755.5,186.559858,0.654277,761.202503,93.0,755.5,4,/Users/hindbhr/Documents/Codex/2026-05-13/clone-this-repository-https-github-com/CALBP-IJPR/published_results/l9_task_progress_220of252_2026-05-13_19-21-43/solutions/instance_n=20_1_c01,/Users/hindbhr/Documents/Codex/2026-05-13/clone-this-repository-https-github-com/CALBP-IJPR/published_results/l9_task_progress_220of252_2026-05-13_19-21-43/solutions/instance_n=20_1_c01/run_info.json
instance_n=20_1,2,c02,instance_n=20_1_c02,Otto,20,1000.0,OK,6,1,0.166667,,,,,,5307.98,48.665,81.1953,2026-05-11T03:49:00.256531,low,mid,mid,mid,fixed,fixed,0.9747,0.6363,1.0065,1.1801,0.0751,0.0437,0.0322,0.0481,0.05,5.0,task,2042,44257.3,0.492773,132.0,855.36,27.0,0.0,120.0,777.6,136.407195,0.714634,783.141596,93.0,777.6,6,/Users/hindbhr/Documents/Codex/2026-05-13/clone-this-repository-https-github-com/CALBP-IJPR/published_results/l9_task_progress_220of252_2026-05-13_19-21-43/solutions/instance_n=20_1_c02,/Users/hindbhr/Documents/Codex/2026-05-13/clone-this-repository-https-github-com/CALBP-IJPR/published_results/l9_task_progress_220of252_2026-05-13_19-21-43/solutions/instance_n=20_1_c02/run_info.json
instance_n=20_1,3,c03,instance_n=20_1_c03,Otto,20,1000.0,OK,4,2,0.5,,,,,,2259.51,30.6992,75.6229,2026-05-11T04:26:39.768275,low,high,high,high,fixed,fixed,0.976,0.8664,1.0726,1.3583,0.0685,0.0356,0.0126,0.0461,0.05,5.0,task,3042,41445.65,0.487219,132.0,810.15,27.0,0.0,120.0,736.5,31.614659,0.088687,742.348469,93.0,736.5,4,/Users/hindbhr/Documents/Codex/2026-05-13/clone-this-repository-https-github-com/CALBP-IJPR/published_results/l9_task_progress_220of252_2026-05-13_19-21-43/solutions/instance_n=20_1_c03,/Users/hindbhr/Documents/Codex/2026-05-13/clone-this-repository-https-github-com/CALBP-IJPR/published_results/l9_task_progress_220of252_2026-05-13_19-21-43/solutions/instance_n=20_1_c03/run_info.json
instance_n=20_1,4,c04,instance_n=20_1_c04,Otto,20,1000.0,OK,4,4,1.0,,,,,,27.85,0.0,0.0,2026-05-11T04:27:07.622235,mid,low,mid,high,fixed,fixed,1.4377,0.3723,1.0021,1.3683,0.1027,0.0414,0.0209,0.043,0.05,5.0,task,4042,84213.945,0.786854,132.0,1230.185,45.0,0.0,120.0,1118.35,345.470444,0.837407,1120.862044,75.0,1118.35,4,/Users/hindbhr/Documents/Codex/2026-05-13/clone-this-repository-https-github-com/CALBP-IJPR/published_results/l9_task_progress_220of252_2026-05-13_19-21-43/solutions/instance_n=20_1_c04,/Users/hindbhr/Documents/Codex/2026-05-13/clone-this-repository-https-github-com/CALBP-IJPR/published_results/l9_task_progress_220of252_2026-05-13_19-21-43/solutions/instance_n=20_1_c04/run_info.json
instance_n=20_1,5,c05,instance_n=20_1_c05,Otto,20,1000.0,OK,4,2,0.5,,,,,,1500.35,41.2081,88.5376,2026-05-11T04:52:07.975139,mid,mid,high,low,fixed,fixed,1.4094,0.6231,1.0757,1.0525,0.0963,0.0379,0.0142,0.0279,0.05,5.0,task,5042,61395.195,0.586495,132.0,1203.235,45.0,0.0,120.0,1093.85,111.476817,0.237283,1096.418179,75.0,1093.85,4,/Users/hindbhr/Documents/Codex/2026-05-13/clone-this-repository-https-github-com/CALBP-IJPR/published_results/l9_task_progress_220of252_2026-05-13_19-21-43/solutions/instance_n=20_1_c05,/Users/hindbhr/Documents/Codex/2026-05-13/clone-this-repository-https-github-com/CALBP-IJPR/published_results/l9_task_progress_220of252_2026-05-13_19-21-43/solutions/instance_n=20_1_c05/run_info.json
instance_n=20_1,6,c06,instance_n=20_1_c06,Otto,20,1000.0,OK,4,2,0.5,,,,,,3207.84,20.8849,56.6767,2026-05-11T05:45:35.816548,mid,high,low,mid,fixed,fixed,1.4015,0.8585,0.9059,1.1681,0.1146,0.0461,0.0257,0.0498,0.05,5.0,task,6042,59802.975,0.569256,132.0,1207.525,45.0,0.0,120.0,1097.75,85.926688,0.181921,1100.309076,75.0,1097.75,4,/Users/hindbhr/Documents/Codex/2026-05-13/clone-this-repository-https-github-com/CALBP-IJPR/published_results/l9_task_progress_220of252_2026-05-13_19-21-43/solutions/instance_n=20_1_c06,/Users/hindbhr/Documents/Codex/2026-05-13/clone-this-repository-https-github-com/CALBP-IJPR/published_results/l9_task_progress_220of252_2026-05-13_19-21-43/solutions/instance_n=20_1_c06/run_info.json
instance_n=20_1,7,c07,instance_n=20_1_c07,Otto,20,1000.0,OK,3,3,1.0,,,,,,13.5,0.0,0.0,2026-05-11T05:45:49.320480,high,low,high,mid,fixed,fixed,2.1571,0.3772,1.0761,1.1891,0.1865,0.0405,0.0125,0.0392,0.05,5.0,task,7042,12439.28,0.475578,132.0,335.335,54.0,0.0,120.0,304.85,32.937833,0.188015,311.912684,66.0,304.85,3,/Users/hindbhr/Documents/Codex/2026-05-13/clone-this-repository-https-github-com/CALBP-IJPR/published_results/l9_task_progress_220of252_2026-05-13_19-21-43/solutions/instance_n=20_1_c07,/Users/hindbhr/Documents/Codex/2026-05-13/clone-this-repository-https-github-com/CALBP-IJPR/published_results/l9_task_progress_220of252_2026-05-13_19-21-43/solutions/instance_n=20_1_c07/run_info.json
instance_n=20_1,8,c08,instance_n=20_1_c08,Otto,20,1000.0,OK,4,4,1.0,,,,,,1056.16,0.0,0.0,2026-05-11T06:03:25.485117,high,mid,low,high,fixed,fixed,2.1185,0.6368,0.9064,1.3656,0.2282,0.034,0.0301,0.0598,0.05,5.0,task,8042,83479.8,0.68613,132.0,1763.3,63.0,0.0,120.0,1603.0,219.400856,0.300429,1604.013092,57.0,1603.0,4,/Users/hindbhr/Documents/Codex/2026-05-13/clone-this-repository-https-github-com/CALBP-IJPR/published_results/l9_task_progress_220of252_2026-05-13_19-21-43/solutions/instance_n=20_1_c08,/Users/hindbhr/Documents/Codex/2026-05-13/clone-this-repository-https-github-com/CALBP-IJPR/published_results/l9_task_progress_220of252_2026-05-13_19-21-43/solutions/instance_n=20_1_c08/run_info.json
instance_n=20_1,9,c09,instance_n=20_1_c09,Otto,20,1000.0,OK,5,1,0.2,,,,,,5207.12,60.3708,88.1628,2026-05-11T07:30:12.611812,high,high,mid,low,fixed,fixed,2.1304,0.8895,1.0029,1.0461,0.1856,0.0438,0.026,0.0269,0.05,5.0,task,9042,76546.22,0.589326,132.0,1882.43,63.0,0.0,120.0,1711.3,322.653912,0.54064,1712.249015,57.0,1711.3,5,/Users/hindbhr/Documents/Codex/2026-05-13/clone-this-repository-https-github-com/CALBP-IJPR/published_results/l9_task_progress_220of252_2026-05-13_19-21-43/solutions/instance_n=20_1_c09,/Users/hindbhr/Documents/Codex/2026-05-13/clone-this-repository-https-github-com/CALBP-IJPR/published_results/l9_task_progress_220of252_2026-05-13_19-21-43/solutions/instance_n=20_1_c09/run_info.json
instance_n=20_10,1,c01,instance_n=20_10_c01,Otto,20,1000.0,OK,4,2,0.5,,,,,,1903.13,19.9654,55.1883,2026-05-11T08:01:55.748197,low,low,low,low,fixed,fixed,0.9872,0.3753,0.8974,1.041,0.0714,0.0374,0.0307,0.0229,0.05,5.0,task,1042,52404.8,0.624272,132.0,799.48,27.0,0.0,120.0,726.8,173.843673,0.632015,732.725897,93.0,726.8,4,/Users/hindbhr/Documents/Codex/2026-05-13/clone-this-repository-https-github-com/CALBP-IJPR/published_results/l9_task_progress_220of252_2026-05-13_19-21-43/solutions/instance_n=20_10_c01,/Users/hindbhr/Documents/Codex/2026-05-13/clone-this-repository-https-github-com/CALBP-IJPR/published_results/l9_task_progress_220of252_2026-05-13_19-21-43/solutions/instance_n=20_10_c01/run_info.json
instance_n=20_10,2,c02,instance_n=20_10_c02,Otto,20,1000.0,OK,6,1,0.166667,,,,,,5304.51,60.7126,87.067,2026-05-11T09:30:20.262506,low,mid,mid,mid,fixed,fixed,0.9747,0.6363,1.0065,1.1801,0.0751,0.0437,0.0322,0.0481,0.05,5.0,task,2042,44169.4,0.492808,132.0,853.6,27.0,0.0,120.0,776.0,150.589617,0.746947,781.552941,93.0,776.0,6,/Users/hindbhr/Documents/Codex/2026-05-13/clone-this-repository-https-github-com/CALBP-IJPR/published_results/l9_task_progress_220of252_2026-05-13_19-21-43/solutions/instance_n=20_10_c02,/Users/hindbhr/Documents/Codex/2026-05-13/clone-this-repository-https-github-com/CALBP-IJPR/published_results/l9_task_progress_220of252_2026-05-13_19-21-43/solutions/instance_n=20_10_c02/run_info.json
instance_n=20_10,3,c03,instance_n=20_10_c03,Otto,20,1000.0,OK,4,1,0.25,,,,,,2851.1,50.5191,76.7941,2026-05-11T10:17:51.364379,low,high,high,high,fixed,fixed,0.976,0.8664,1.0726,1.3583,0.0685,0.0356,0.0126,0.0461,0.05,5.0,task,3042,41857.925,0.493775,132.0,807.345,27.0,0.0,120.0,733.95,41.534915,0.122968,739.818628,93.0,733.95,4,/Users/hindbhr/Documents/Codex/2026-05-13/clone-this-repository-https-github-com/CALBP-IJPR/published_results/l9_task_progress_220of252_2026-05-13_19-21-43/solutions/instance_n=20_10_c03,/Users/hindbhr/Documents/Codex/2026-05-13/clone-this-repository-https-github-com/CALBP-IJPR/published_results/l9_task_progress_220of252_2026-05-13_19-21-43/solutions/instance_n=20_10_c03/run_info.json
instance_n=20_10,4,c04,instance_n=20_10_c04,Otto,20,1000.0,OK,4,4,1.0,,,,,,39.74,0.0,0.0,2026-05-11T10:18:31.102895,mid,low,mid,high,fixed,fixed,1.4377,0.3723,1.0021,1.3683,0.1027,0.0414,0.0209,0.043,0.05,5.0,task,4042,83490.42,0.791237,132.0,1212.86,45.0,0.0,120.0,1102.6,349.887011,0.862147,1105.147845,75.0,1102.6,4,/Users/hindbhr/Documents/Codex/2026-05-13/clone-this-repository-https-github-com/CALBP-IJPR/published_results/l9_task_progress_220of252_2026-05-13_19-21-43/solutions/instance_n=20_10_c04,/Users/hindbhr/Documents/Codex/2026-05-13/clone-this-repository-https-github-com/CALBP-IJPR/published_results/l9_task_progress_220of252_2026-05-13_19-21-43/solutions/instance_n=20_10_c04/run_info.json
instance_n=20_10,5,c05,instance_n=20_10_c05,Otto,20,1000.0,OK,4,1,0.25,,,,,,1455.98,53.0558,86.9991,2026-05-11T10:42:47.088689,mid,mid,high,low,fixed,fixed,1.4094,0.6231,1.0757,1.0525,0.0963,0.0379,0.0142,0.0279,0.05,5.0,task,5042,58643.52,0.545142,132.0,1120.57,36.0,0.0,120.0,1018.7,121.833208,0.266049,1022.15737,84.0,1018.7,4,/Users/hindbhr/Documents/Codex/2026-05-13/clone-this-repository-https-github-com/CALBP-IJPR/published_results/l9_task_progress_220of252_2026-05-13_19-21-43/solutions/instance_n=20_10_c05,/Users/hindbhr/Documents/Codex/2026-05-13/clone-this-repository-https-github-com/CALBP-IJPR/published_results/l9_task_progress_220of252_2026-05-13_19-21-43/solutions/instance_n=20_10_c05/run_info.json
instance_n=20_10,6,c06,instance_n=20_10_c06,Otto,20,1000.0,OK,4,2,0.5,,,,,,609.49,33.0097,70.226,2026-05-11T10:52:56.580289,mid,high,low,mid,fixed,fixed,1.4015,0.8585,0.9059,1.1681,0.1146,0.0461,0.0257,0.0498,0.05,5.0,task,6042,60667.815,0.578173,132.0,1206.095,45.0,0.0,120.0,1096.45,98.56647,0.198009,1099.012103,75.0,1096.45,4,/Users/hindbhr/Documents/Codex/2026-05-13/clone-this-repository-https-github-com/CALBP-IJPR/published_results/l9_task_progress_220of252_2026-05-13_19-21-43/solutions/instance_n=20_10_c06,/Users/hindbhr/Documents/Codex/2026-05-13/clone-this-repository-https-github-com/CALBP-IJPR/published_results/l9_task_progress_220of252_2026-05-13_19-21-43/solutions/instance_n=20_10_c06/run_info.json
instance_n=20_10,7,c07,instance_n=20_10_c07,Otto,20,1000.0,OK,3,3,1.0,,,,,,29.83,0.0,0.0,2026-05-11T10:53:26.413064,high,low,high,mid,fixed,fixed,2.1571,0.3772,1.0761,1.1891,0.1865,0.0405,0.0125,0.0392,0.05,5.0,task,7042,10699.38,0.456614,132.0,300.41,54.0,0.0,120.0,273.1,14.606962,0.097877,280.961937,66.0,273.1,3,/Users/hindbhr/Documents/Codex/2026-05-13/clone-this-repository-https-github-com/CALBP-IJPR/published_results/l9_task_progress_220of252_2026-05-13_19-21-43/solutions/instance_n=20_10_c07,/Users/hindbhr/Documents/Codex/2026-05-13/clone-this-repository-https-github-com/CALBP-IJPR/published_results/l9_task_progress_220of252_2026-05-13_19-21-43/solutions/instance_n=20_10_c07/run_info.json
instance_n=20_10,8,c08,instance_n=20_10_c08,Otto,20,1066.8,OK,4,3,0.75,,,,,,2180.45,10.3367,41.3468,2026-05-11T11:29:46.866133,high,mid,low,high,fixed,fixed,2.1185,0.6368,0.9064,1.3656,0.2282,0.034,0.0301,0.0598,0.05,5.0,task,8042,86553.732,0.637245,132.0,1741.344,54.0,0.0,120.0,1583.04,275.805887,0.387183,1584.415236,66.0,1583.04,4,/Users/hindbhr/Documents/Codex/2026-05-13/clone-this-repository-https-github-com/CALBP-IJPR/published_results/l9_task_progress_220of252_2026-05-13_19-21-43/solutions/instance_n=20_10_c08,/Users/hindbhr/Documents/Codex/2026-05-13/clone-this-repository-https-github-com/CALBP-IJPR/published_results/l9_task_progress_220of252_2026-05-13_19-21-43/solutions/instance_n=20_10_c08/run_info.json
instance_n=20_10,9,c09,instance_n=20_10_c09,Otto,20,1000.0,OK,5,1,0.2,,,,,,4247.91,63.0232,94.0555,2026-05-11T12:40:34.783337,high,high,mid,low,fixed,fixed,2.1304,0.8895,1.0029,1.0461,0.1856,0.0438,0.026,0.0269,0.05,5.0,task,9042,79019.405,0.621014,132.0,1844.095,63.0,0.0,120.0,1676.45,276.765406,0.548808,1677.418732,57.0,1676.45,5,/Users/hindbhr/Documents/Codex/2026-05-13/clone-this-repository-https-github-com/CALBP-IJPR/published_results/l9_task_progress_220of252_2026-05-13_19-21-43/solutions/instance_n=20_10_c09,/Users/hindbhr/Documents/Codex/2026-05-13/clone-this-repository-https-github-com/CALBP-IJPR/published_results/l9_task_progress_220of252_2026-05-13_19-21-43/solutions/instance_n=20_10_c09/run_info.json
instance_n=20_63,1,c01,instance_n=20_63_c01,Otto,20,1000.0,OK,6,3,0.5,,,,,,3388.55,21.2048,51.4364,2026-05-10T17:26:15.544054,low,low,low,low,fixed,fixed,0.9872,0.3753,0.8974,1.041,0.0714,0.0374,0.0307,0.0229,0.05,5.0,task,1042,178244.9,0.755567,220.0,1348.05,45.0,0.0,200.0,1225.5,217.752355,0.726982,1235.263231,155.0,1225.5,6,/Users/hindbhr/Documents/Codex/2026-05-13/clone-this-repository-https-github-com/CALBP-IJPR/published_results/l9_task_progress_220of252_2026-05-13_19-21-43/solutions/instance_n=20_63_c01,/Users/hindbhr/Documents/Codex/2026-05-13/clone-this-repository-https-github-com/CALBP-IJPR/published_results/l9_task_progress_220of252_2026-05-13_19-21-43/solutions/instance_n=20_63_c01/run_info.json
instance_n=20_63,2,c02,instance_n=20_63_c02,Otto,20,1000.0,OK,7,2,0.285714,,,,,,4489.36,47.2,70.248,2026-05-10T18:41:04.910849,low,mid,mid,mid,fixed,fixed,0.9747,0.6363,1.0065,1.1801,0.0751,0.0437,0.0322,0.0481,0.05,5.0,task,2042,144056.325,0.603236,220.0,1364.605,45.0,0.0,200.0,1240.55,133.650249,0.419616,1250.195706,155.0,1240.55,7,/Users/hindbhr/Documents/Codex/2026-05-13/clone-this-repository-https-github-com/CALBP-IJPR/published_results/l9_task_progress_220of252_2026-05-13_19-21-43/solutions/instance_n=20_63_c02,/Users/hindbhr/Documents/Codex/2026-05-13/clone-this-repository-https-github-com/CALBP-IJPR/published_results/l9_task_progress_220of252_2026-05-13_19-21-43/solutions/instance_n=20_63_c02/run_info.json
instance_n=20_63,3,c03,instance_n=20_63_c03,Otto,20,1000.0,OK,6,1,0.166667,,,,,,4808.24,52.9857,85.7502,2026-05-10T20:01:13.149386,low,high,high,high,fixed,fixed,0.976,0.8664,1.0726,1.3583,0.0685,0.0356,0.0126,0.0461,0.05,5.0,task,3042,128279.75,0.553249,220.0,1324.95,45.0,0.0,200.0,1204.5,51.888085,0.1362,1214.432069,155.0,1204.5,6,/Users/hindbhr/Documents/Codex/2026-05-13/clone-this-repository-https-github-com/CALBP-IJPR/published_results/l9_task_progress_220of252_2026-05-13_19-21-43/solutions/instance_n=20_63_c03,/Users/hindbhr/Documents/Codex/2026-05-13/clone-this-repository-https-github-com/CALBP-IJPR/published_results/l9_task_progress_220of252_2026-05-13_19-21-43/solutions/instance_n=20_63_c03/run_info.json
instance_n=20_63,4,c04,instance_n=20_63_c04,Otto,20,1107.75,OK,5,4,0.8,,,,,,570.24,6.9582,34.791,2026-05-10T20:10:43.389224,mid,low,mid,high,fixed,fixed,1.4377,0.3723,1.0021,1.3683,0.1027,0.0414,0.0209,0.043,0.05,5.0,task,4042,87436.21875,0.687368,220.0,810.2188,63.0,0.0,200.0,736.5625,159.649456,0.656999,749.195112,137.0,736.5625,5,/Users/hindbhr/Documents/Codex/2026-05-13/clone-this-repository-https-github-com/CALBP-IJPR/published_results/l9_task_progress_220of252_2026-05-13_19-21-43/solutions/instance_n=20_63_c04,/Users/hindbhr/Documents/Codex/2026-05-13/clone-this-repository-https-github-com/CALBP-IJPR/published_results/l9_task_progress_220of252_2026-05-13_19-21-43/solutions/instance_n=20_63_c04/run_info.json
instance_n=20_63,5,c05,instance_n=20_63_c05,Otto,20,1000.0,OK,7,1,0.142857,,,,,,7178.16,57.7021,87.0391,2026-05-10T22:10:21.555539,mid,mid,high,low,fixed,fixed,1.4094,0.6231,1.0757,1.0525,0.0963,0.0379,0.0142,0.0279,0.05,5.0,task,5042,180305.995,0.62225,220.0,1845.635,63.0,0.0,200.0,1677.85,183.472943,0.461204,1683.433878,137.0,1677.85,7,/Users/hindbhr/Documents/Codex/2026-05-13/clone-this-repository-https-github-com/CALBP-IJPR/published_results/l9_task_progress_220of252_2026-05-13_19-21-43/solutions/instance_n=20_63_c05,/Users/hindbhr/Documents/Codex/2026-05-13/clone-this-repository-https-github-com/CALBP-IJPR/published_results/l9_task_progress_220of252_2026-05-13_19-21-43/solutions/instance_n=20_63_c05/run_info.json
instance_n=20_63,6,c06,instance_n=20_63_c06,Otto,20,1000.0,OK,6,1,0.166667,,,,,,4635.42,58.8787,88.7427,2026-05-10T23:27:36.983423,mid,high,low,mid,fixed,fixed,1.4015,0.8585,0.9059,1.1681,0.1146,0.0461,0.0257,0.0498,0.05,5.0,task,6042,167649.87,0.571505,220.0,1868.46,63.0,0.0,200.0,1698.6,71.383049,0.149595,1704.115888,137.0,1698.6,6,/Users/hindbhr/Documents/Codex/2026-05-13/clone-this-repository-https-github-com/CALBP-IJPR/published_results/l9_task_progress_220of252_2026-05-13_19-21-43/solutions/instance_n=20_63_c06,/Users/hindbhr/Documents/Codex/2026-05-13/clone-this-repository-https-github-com/CALBP-IJPR/published_results/l9_task_progress_220of252_2026-05-13_19-21-43/solutions/instance_n=20_63_c06/run_info.json
instance_n=20_63,7,c07,instance_n=20_63_c07,Otto,20,1341.9,OK,4,4,1.0,,,,,,42.07,0.0,0.0,2026-05-10T23:28:19.053580,high,low,high,mid,fixed,fixed,2.1571,0.3772,1.0761,1.1891,0.1865,0.0405,0.0125,0.0392,0.05,5.0,task,7042,64167.5655,0.687635,176.0,825.8085,63.0,0.0,160.0,750.735,230.657023,0.781546,756.975588,97.0,750.735,4,/Users/hindbhr/Documents/Codex/2026-05-13/clone-this-repository-https-github-com/CALBP-IJPR/published_results/l9_task_progress_220of252_2026-05-13_19-21-43/solutions/instance_n=20_63_c07,/Users/hindbhr/Documents/Codex/2026-05-13/clone-this-repository-https-github-com/CALBP-IJPR/published_results/l9_task_progress_220of252_2026-05-13_19-21-43/solutions/instance_n=20_63_c07/run_info.json
instance_n=20_63,8,c08,instance_n=20_63_c08,Otto,20,1744.0500000000002,OK,5,3,0.6,,,,,,2637.68,17.846,57.3845,2026-05-11T00:12:16.738205,high,mid,low,high,fixed,fixed,2.1185,0.6368,0.9064,1.3656,0.2282,0.034,0.0301,0.0598,0.05,5.0,task,8042,139577.057,0.625281,132.0,2861.8315,54.0,0.0,120.0,2601.665,535.867954,0.62992,2602.502022,66.0,2601.665,5,/Users/hindbhr/Documents/Codex/2026-05-13/clone-this-repository-https-github-com/CALBP-IJPR/published_results/l9_task_progress_220of252_2026-05-13_19-21-43/solutions/instance_n=20_63_c08,/Users/hindbhr/Documents/Codex/2026-05-13/clone-this-repository-https-github-com/CALBP-IJPR/published_results/l9_task_progress_220of252_2026-05-13_19-21-43/solutions/instance_n=20_63_c08/run_info.json
instance_n=20_63,9,c09,instance_n=20_63_c09,Otto,20,1239.0,OK,7,1,0.142857,,,,,,6686.18,69.0613,88.019,2026-05-11T02:03:42.922810,high,high,mid,low,fixed,fixed,2.1304,0.8895,1.0029,1.0461,0.1856,0.0438,0.026,0.0269,0.05,5.0,task,9042,184521.05,0.656486,176.0,2958.67,81.0,0.0,160.0,2689.7,302.166336,0.72116,2690.859916,79.0,2689.7,7,/Users/hindbhr/Documents/Codex/2026-05-13/clone-this-repository-https-github-com/CALBP-IJPR/published_results/l9_task_progress_220of252_2026-05-13_19-21-43/solutions/instance_n=20_63_c09,/Users/hindbhr/Documents/Codex/2026-05-13/clone-this-repository-https-github-com/CALBP-IJPR/published_results/l9_task_progress_220of252_2026-05-13_19-21-43/solutions/instance_n=20_63_c09/run_info.json
instance_n=20_68,1,c01,instance_n=20_68_c01,Otto,20,1000.0,OK,4,2,0.5,2,3,1911534,477883.5,968777,1679.55,16.1522,49.8047,2026-05-12T23:02:33.713253,low,low,low,low,fixed,fixed,0.9872,0.3753,0.8974,1.041,0.0714,0.0374,0.0307,0.0229,0.05,5.0,task,1042,53387.85,0.617875,132.0,822.91,27.0,0.0,120.0,748.1,170.102917,0.601251,753.858481,93.0,748.1,4,/Users/hindbhr/Documents/Codex/2026-05-13/clone-this-repository-https-github-com/CALBP-IJPR/published_results/l9_task_progress_220of252_2026-05-13_19-21-43/solutions/instance_n=20_68_c01,/Users/hindbhr/Documents/Codex/2026-05-13/clone-this-repository-https-github-com/CALBP-IJPR/published_results/l9_task_progress_220of252_2026-05-13_19-21-43/solutions/instance_n=20_68_c01/run_info.json
instance_n=20_68,2,c02,instance_n=20_68_c02,Otto,20,1000.0,OK,5,2,0.4,3,3,6502167,1300433.4,1787636,3010.73,41.4643,80.8278,2026-05-12T23:52:44.442304,low,mid,mid,mid,fixed,fixed,0.9747,0.6363,1.0065,1.1801,0.0751,0.0437,0.0322,0.0481,0.05,5.0,task,2042,42455.75,0.479372,132.0,843.48,27.0,0.0,120.0,766.8,147.412048,0.47931,772.419083,93.0,766.8,5,/Users/hindbhr/Documents/Codex/2026-05-13/clone-this-repository-https-github-com/CALBP-IJPR/published_results/l9_task_progress_220of252_2026-05-13_19-21-43/solutions/instance_n=20_68_c02,/Users/hindbhr/Documents/Codex/2026-05-13/clone-this-repository-https-github-com/CALBP-IJPR/published_results/l9_task_progress_220of252_2026-05-13_19-21-43/solutions/instance_n=20_68_c02/run_info.json
instance_n=20_68,3,c03,instance_n=20_68_c03,Otto,20,1000.0,OK,4,2,0.5,3,3,1879510,469877.5,1156659,1694.47,24.6862,62.5458,2026-05-13T00:20:58.915995,low,high,high,high,fixed,fixed,0.976,0.8664,1.0726,1.3583,0.0685,0.0356,0.0126,0.0461,0.05,5.0,task,3042,40938.15,0.478008,132.0,815.65,27.0,0.0,120.0,741.5,21.190918,0.074333,747.30934,93.0,741.5,4,/Users/hindbhr/Documents/Codex/2026-05-13/clone-this-repository-https-github-com/CALBP-IJPR/published_results/l9_task_progress_220of252_2026-05-13_19-21-43/solutions/instance_n=20_68_c03,/Users/hindbhr/Documents/Codex/2026-05-13/clone-this-repository-https-github-com/CALBP-IJPR/published_results/l9_task_progress_220of252_2026-05-13_19-21-43/solutions/instance_n=20_68_c03/run_info.json
instance_n=20_68,4,c04,instance_n=20_68_c04,Otto,20,1000.0,OK,4,4,1.0,2,5,174647,43661.75,129294,9.13,0.0,0.0,2026-05-13T00:21:08.053061,mid,low,mid,high,fixed,fixed,1.4377,0.3723,1.0021,1.3683,0.1027,0.0414,0.0209,0.043,0.05,5.0,task,4042,86802.965,0.792895,132.0,1258.345,45.0,0.0,120.0,1143.95,366.027279,0.868458,1146.40595,75.0,1143.95,4,/Users/hindbhr/Documents/Codex/2026-05-13/clone-this-repository-https-github-com/CALBP-IJPR/published_results/l9_task_progress_220of252_2026-05-13_19-21-43/solutions/instance_n=20_68_c04,/Users/hindbhr/Documents/Codex/2026-05-13/clone-this-repository-https-github-com/CALBP-IJPR/published_results/l9_task_progress_220of252_2026-05-13_19-21-43/solutions/instance_n=20_68_c04/run_info.json
instance_n=20_68,5,c05,instance_n=20_68_c05,Otto,20,1000.0,OK,4,2,0.5,2,5,3435239,858809.75,1861684,2615.63,26.7617,59.9131,2026-05-13T01:04:43.689018,mid,mid,high,low,fixed,fixed,1.4094,0.6231,1.0757,1.0525,0.0963,0.0379,0.0142,0.0279,0.05,5.0,task,5042,62738.025,0.59341,132.0,1215.225,45.0,0.0,120.0,1104.75,126.945349,0.252198,1107.292898,75.0,1104.75,4,/Users/hindbhr/Documents/Codex/2026-05-13/clone-this-repository-https-github-com/CALBP-IJPR/published_results/l9_task_progress_220of252_2026-05-13_19-21-43/solutions/instance_n=20_68_c05,/Users/hindbhr/Documents/Codex/2026-05-13/clone-this-repository-https-github-com/CALBP-IJPR/published_results/l9_task_progress_220of252_2026-05-13_19-21-43/solutions/instance_n=20_68_c05/run_info.json
instance_n=20_68,6,c06,instance_n=20_68_c06,Otto,20,1000.0,OK,4,1,0.25,3,5,5012433,1253108.25,2170874,2913.85,48.0528,76.8387,2026-05-13T01:53:17.538319,mid,high,low,mid,fixed,fixed,1.4015,0.8585,0.9059,1.1681,0.1146,0.0461,0.0257,0.0498,0.05,5.0,task,6042,53694.625,0.516998,132.0,1193.775,45.0,0.0,120.0,1085.25,46.602647,0.0934,1087.838482,75.0,1085.25,4,/Users/hindbhr/Documents/Codex/2026-05-13/clone-this-repository-https-github-com/CALBP-IJPR/published_results/l9_task_progress_220of252_2026-05-13_19-21-43/solutions/instance_n=20_68_c06,/Users/hindbhr/Documents/Codex/2026-05-13/clone-this-repository-https-github-com/CALBP-IJPR/published_results/l9_task_progress_220of252_2026-05-13_19-21-43/solutions/instance_n=20_68_c06/run_info.json
instance_n=20_68,7,c07,instance_n=20_68_c07,Otto,20,1000.0,OK,3,3,1.0,2,3,94447,31482.33,64200,6.55,0.0,0.0,2026-05-13T01:53:24.086378,high,low,high,mid,fixed,fixed,2.1571,0.3772,1.0761,1.1891,0.1865,0.0405,0.0125,0.0392,0.05,5.0,task,7042,12182.89,0.470483,132.0,331.98,54.0,0.0,120.0,301.8,28.232428,0.164107,308.93242,66.0,301.8,3,/Users/hindbhr/Documents/Codex/2026-05-13/clone-this-repository-https-github-com/CALBP-IJPR/published_results/l9_task_progress_220of252_2026-05-13_19-21-43/solutions/instance_n=20_68_c07,/Users/hindbhr/Documents/Codex/2026-05-13/clone-this-repository-https-github-com/CALBP-IJPR/published_results/l9_task_progress_220of252_2026-05-13_19-21-43/solutions/instance_n=20_68_c07/run_info.json
instance_n=20_68,8,c08,instance_n=20_68_c08,Otto,20,1000.0,OK,4,3,0.75,2,7,1798784,449696.0,978803,1085.08,7.1263,28.5051,2026-05-13T02:11:29.172949,high,mid,low,high,fixed,fixed,2.1185,0.6368,0.9064,1.3656,0.2282,0.034,0.0301,0.0598,0.05,5.0,task,8042,83129.49,0.681083,132.0,1768.91,63.0,0.0,120.0,1608.1,209.713795,0.298308,1609.109881,57.0,1608.1,4,/Users/hindbhr/Documents/Codex/2026-05-13/clone-this-repository-https-github-com/CALBP-IJPR/published_results/l9_task_progress_220of252_2026-05-13_19-21-43/solutions/instance_n=20_68_c08,/Users/hindbhr/Documents/Codex/2026-05-13/clone-this-repository-https-github-com/CALBP-IJPR/published_results/l9_task_progress_220of252_2026-05-13_19-21-43/solutions/instance_n=20_68_c08/run_info.json
instance_n=20_68,9,c09,instance_n=20_68_c09,Otto,20,1000.0,OK,5,1,0.2,3,7,6488371,1297674.2,2282457,6168.32,49.9369,71.3354,2026-05-13T03:54:17.497610,high,high,mid,low,fixed,fixed,2.1304,0.8895,1.0029,1.0461,0.1856,0.0438,0.026,0.0269,0.05,5.0,task,9042,72214.325,0.56981,132.0,1836.725,63.0,0.0,120.0,1669.75,250.362197,0.419325,1670.722617,57.0,1669.75,5,/Users/hindbhr/Documents/Codex/2026-05-13/clone-this-repository-https-github-com/CALBP-IJPR/published_results/l9_task_progress_220of252_2026-05-13_19-21-43/solutions/instance_n=20_68_c09,/Users/hindbhr/Documents/Codex/2026-05-13/clone-this-repository-https-github-com/CALBP-IJPR/published_results/l9_task_progress_220of252_2026-05-13_19-21-43/solutions/instance_n=20_68_c09/run_info.json
instance_n=20_69,1,c01,instance_n=20_69_c01,Otto,20,1000.0,OK,3,2,0.666667,1,2,1042441,347480.33,1042400,1081.89,15.2788,45.8365,2026-05-12T18:38:12.288001,low,low,low,low,fixed,fixed,0.9872,0.3753,0.8974,1.041,0.0714,0.0374,0.0307,0.0229,0.05,5.0,task,1042,20908.75,0.531654,88.0,561.825,18.0,0.0,80.0,510.75,137.553702,0.470028,514.499332,62.0,510.75,3,/Users/hindbhr/Documents/Codex/2026-05-13/clone-this-repository-https-github-com/CALBP-IJPR/published_results/l9_task_progress_220of252_2026-05-13_19-21-43/solutions/instance_n=20_69_c01,/Users/hindbhr/Documents/Codex/2026-05-13/clone-this-repository-https-github-com/CALBP-IJPR/published_results/l9_task_progress_220of252_2026-05-13_19-21-43/solutions/instance_n=20_69_c01/run_info.json
instance_n=20_69,2,c02,instance_n=20_69_c02,Otto,20,1000.0,OK,4,3,0.75,2,2,1970424,492606.0,1788012,903.12,5.7329,22.9315,2026-05-12T18:53:15.407208,low,mid,mid,mid,fixed,fixed,0.9747,0.6363,1.0065,1.1801,0.0751,0.0437,0.0322,0.0481,0.05,5.0,task,2042,16528.0,0.416391,88.0,567.05,18.0,0.0,80.0,515.5,156.958211,0.630717,519.215033,62.0,515.5,4,/Users/hindbhr/Documents/Codex/2026-05-13/clone-this-repository-https-github-com/CALBP-IJPR/published_results/l9_task_progress_220of252_2026-05-13_19-21-43/solutions/instance_n=20_69_c02,/Users/hindbhr/Documents/Codex/2026-05-13/clone-this-repository-https-github-com/CALBP-IJPR/published_results/l9_task_progress_220of252_2026-05-13_19-21-43/solutions/instance_n=20_69_c02/run_info.json
instance_n=20_69,3,c03,instance_n=20_69_c03,Otto,20,1000.0,OK,3,3,1.0,2,2,2710190,903396.67,2709883,64.02,0.0,0.0,2026-05-12T18:54:19.428758,low,high,high,high,fixed,fixed,0.976,0.8664,1.0726,1.3583,0.0685,0.0356,0.0126,0.0461,0.05,5.0,task,3042,15646.3,0.399408,88.0,559.625,18.0,0.0,80.0,508.75,4.820875,0.016173,512.513963,62.0,508.75,3,/Users/hindbhr/Documents/Codex/2026-05-13/clone-this-repository-https-github-com/CALBP-IJPR/published_results/l9_task_progress_220of252_2026-05-13_19-21-43/solutions/instance_n=20_69_c03,/Users/hindbhr/Documents/Codex/2026-05-13/clone-this-repository-https-github-com/CALBP-IJPR/published_results/l9_task_progress_220of252_2026-05-13_19-21-43/solutions/instance_n=20_69_c03/run_info.json
instance_n=20_69,4,c04,instance_n=20_69_c04,Otto,20,1000.0,OK,3,3,1.0,1,3,1284,428.0,1243,2.5,0.0,0.0,2026-05-12T18:54:21.930184,mid,low,mid,high,fixed,fixed,1.4377,0.3723,1.0021,1.3683,0.1027,0.0414,0.0209,0.043,0.05,5.0,task,4042,32076.12,0.641055,88.0,820.27,27.0,0.0,80.0,745.7,271.008216,0.642178,747.581093,53.0,745.7,3,/Users/hindbhr/Documents/Codex/2026-05-13/clone-this-repository-https-github-com/CALBP-IJPR/published_results/l9_task_progress_220of252_2026-05-13_19-21-43/solutions/instance_n=20_69_c04,/Users/hindbhr/Documents/Codex/2026-05-13/clone-this-repository-https-github-com/CALBP-IJPR/published_results/l9_task_progress_220of252_2026-05-13_19-21-43/solutions/instance_n=20_69_c04/run_info.json
instance_n=20_69,5,c05,instance_n=20_69_c05,Otto,20,1000.0,OK,3,2,0.666667,2,3,12957932,4319310.67,12768182,303.33,11.4623,34.3869,2026-05-12T18:59:25.266772,mid,mid,high,low,fixed,fixed,1.4094,0.6231,1.0757,1.0525,0.0963,0.0379,0.0142,0.0279,0.05,5.0,task,5042,21296.08,0.439096,88.0,795.08,27.0,0.0,80.0,722.8,76.441176,0.180895,724.740533,53.0,722.8,3,/Users/hindbhr/Documents/Codex/2026-05-13/clone-this-repository-https-github-com/CALBP-IJPR/published_results/l9_task_progress_220of252_2026-05-13_19-21-43/solutions/instance_n=20_69_c05,/Users/hindbhr/Documents/Codex/2026-05-13/clone-this-repository-https-github-com/CALBP-IJPR/published_results/l9_task_progress_220of252_2026-05-13_19-21-43/solutions/instance_n=20_69_c05/run_info.json
instance_n=20_69,6,c06,instance_n=20_69_c06,Otto,20,1000.0,OK,3,2,0.666667,2,3,10092284,3364094.67,10053782,302.06,3.4002,10.2006,2026-05-12T19:04:27.333937,mid,high,low,mid,fixed,fixed,1.4015,0.8585,0.9059,1.1681,0.1146,0.0461,0.0257,0.0498,0.05,5.0,task,6042,20254.175,0.414203,88.0,801.625,27.0,0.0,80.0,728.75,23.007408,0.053129,730.674731,53.0,728.75,3,/Users/hindbhr/Documents/Codex/2026-05-13/clone-this-repository-https-github-com/CALBP-IJPR/published_results/l9_task_progress_220of252_2026-05-13_19-21-43/solutions/instance_n=20_69_c06,/Users/hindbhr/Documents/Codex/2026-05-13/clone-this-repository-https-github-com/CALBP-IJPR/published_results/l9_task_progress_220of252_2026-05-13_19-21-43/solutions/instance_n=20_69_c06/run_info.json
instance_n=20_69,7,c07,instance_n=20_69_c07,Otto,20,1000.0,OK,2,2,1.0,1,2,2786,1393.0,2745,2.32,0.0,0.0,2026-05-12T19:04:29.658535,high,low,high,mid,fixed,fixed,2.1571,0.3772,1.0761,1.1891,0.1865,0.0405,0.0125,0.0392,0.05,5.0,task,7042,1638.36,0.260042,88.0,146.52,45.0,0.0,80.0,133.2,0.0,0.0,137.721603,35.0,133.2,2,/Users/hindbhr/Documents/Codex/2026-05-13/clone-this-repository-https-github-com/CALBP-IJPR/published_results/l9_task_progress_220of252_2026-05-13_19-21-43/solutions/instance_n=20_69_c07,/Users/hindbhr/Documents/Codex/2026-05-13/clone-this-repository-https-github-com/CALBP-IJPR/published_results/l9_task_progress_220of252_2026-05-13_19-21-43/solutions/instance_n=20_69_c07/run_info.json
instance_n=20_69,8,c08,instance_n=20_69_c08,Otto,20,1000.0,OK,3,3,1.0,2,5,166257,55419.0,165903,5.74,0.0,0.0,2026-05-12T19:04:35.404621,high,mid,low,high,fixed,fixed,2.1185,0.6368,0.9064,1.3656,0.2282,0.034,0.0301,0.0598,0.05,5.0,task,8042,32699.255,0.621212,88.0,1224.135,45.0,0.0,80.0,1112.85,191.997832,0.313094,1113.400253,35.0,1112.85,3,/Users/hindbhr/Documents/Codex/2026-05-13/clone-this-repository-https-github-com/CALBP-IJPR/published_results/l9_task_progress_220of252_2026-05-13_19-21-43/solutions/instance_n=20_69_c08,/Users/hindbhr/Documents/Codex/2026-05-13/clone-this-repository-https-github-com/CALBP-IJPR/published_results/l9_task_progress_220of252_2026-05-13_19-21-43/solutions/instance_n=20_69_c08/run_info.json
instance_n=20_69,9,c09,instance_n=20_69_c09,Otto,20,1000.0,OK,3,2,0.666667,2,5,4116149,1372049.67,3759707,1010.94,22.7955,68.3865,2026-05-12T19:21:26.346780,high,high,mid,low,fixed,fixed,2.1304,0.8895,1.0029,1.0461,0.1856,0.0438,0.026,0.0269,0.05,5.0,task,9042,25447.565,0.466592,88.0,1268.355,45.0,0.0,80.0,1153.05,100.025934,0.149273,1153.581078,35.0,1153.05,3,/Users/hindbhr/Documents/Codex/2026-05-13/clone-this-repository-https-github-com/CALBP-IJPR/published_results/l9_task_progress_220of252_2026-05-13_19-21-43/solutions/instance_n=20_69_c09,/Users/hindbhr/Documents/Codex/2026-05-13/clone-this-repository-https-github-com/CALBP-IJPR/published_results/l9_task_progress_220of252_2026-05-13_19-21-43/solutions/instance_n=20_69_c09/run_info.json
instance_n=20_73,1,c01,instance_n=20_73_c01,Otto,20,1000.0,OK,3,2,0.666667,1,2,704262,234754.0,704121,1014.05,16.7974,50.3921,2026-05-13T04:11:11.546620,low,low,low,low,fixed,fixed,0.9872,0.3753,0.8974,1.041,0.0714,0.0374,0.0307,0.0229,0.05,5.0,task,1042,20577.25,0.526887,88.0,557.92,18.0,0.0,80.0,507.2,130.423426,0.449618,510.975381,62.0,507.2,3,/Users/hindbhr/Documents/Codex/2026-05-13/clone-this-repository-https-github-com/CALBP-IJPR/published_results/l9_task_progress_220of252_2026-05-13_19-21-43/solutions/instance_n=20_73_c01,/Users/hindbhr/Documents/Codex/2026-05-13/clone-this-repository-https-github-com/CALBP-IJPR/published_results/l9_task_progress_220of252_2026-05-13_19-21-43/solutions/instance_n=20_73_c01/run_info.json
instance_n=20_73,2,c02,instance_n=20_73_c02,Otto,20,1000.0,OK,4,2,0.5,2,2,11800555,2950138.75,5607128,2110.12,26.9353,59.5433,2026-05-13T04:46:21.671633,low,mid,mid,mid,fixed,fixed,0.9747,0.6363,1.0065,1.1801,0.0751,0.0437,0.0322,0.0481,0.05,5.0,task,2042,16813.0,0.4167,88.0,576.4,18.0,0.0,80.0,524.0,159.928984,0.63288,527.65519,62.0,524.0,4,/Users/hindbhr/Documents/Codex/2026-05-13/clone-this-repository-https-github-com/CALBP-IJPR/published_results/l9_task_progress_220of252_2026-05-13_19-21-43/solutions/instance_n=20_73_c02,/Users/hindbhr/Documents/Codex/2026-05-13/clone-this-repository-https-github-com/CALBP-IJPR/published_results/l9_task_progress_220of252_2026-05-13_19-21-43/solutions/instance_n=20_73_c02/run_info.json
instance_n=20_73,3,c03,instance_n=20_73_c03,Otto,20,1000.0,OK,3,2,0.666667,2,2,758654,252884.67,655675,921.95,17.131,51.3929,2026-05-13T05:01:43.625411,low,high,high,high,fixed,fixed,0.976,0.8664,1.0726,1.3583,0.0685,0.0356,0.0126,0.0461,0.05,5.0,task,3042,15744.3,0.407435,88.0,552.035,18.0,0.0,80.0,501.85,16.310145,0.055443,505.665327,62.0,501.85,3,/Users/hindbhr/Documents/Codex/2026-05-13/clone-this-repository-https-github-com/CALBP-IJPR/published_results/l9_task_progress_220of252_2026-05-13_19-21-43/solutions/instance_n=20_73_c03,/Users/hindbhr/Documents/Codex/2026-05-13/clone-this-repository-https-github-com/CALBP-IJPR/published_results/l9_task_progress_220of252_2026-05-13_19-21-43/solutions/instance_n=20_73_c03/run_info.json
instance_n=20_73,4,c04,instance_n=20_73_c04,Otto,20,1000.0,OK,3,3,1.0,1,3,38206,12735.33,38065,3.2,0.0,0.0,2026-05-13T05:01:46.827264,mid,low,mid,high,fixed,fixed,1.4377,0.3723,1.0021,1.3683,0.1027,0.0414,0.0209,0.043,0.05,5.0,task,4042,30871.495,0.637277,88.0,794.145,27.0,0.0,80.0,721.95,256.025977,0.62755,723.892811,53.0,721.95,3,/Users/hindbhr/Documents/Codex/2026-05-13/clone-this-repository-https-github-com/CALBP-IJPR/published_results/l9_task_progress_220of252_2026-05-13_19-21-43/solutions/instance_n=20_73_c04,/Users/hindbhr/Documents/Codex/2026-05-13/clone-this-repository-https-github-com/CALBP-IJPR/published_results/l9_task_progress_220of252_2026-05-13_19-21-43/solutions/instance_n=20_73_c04/run_info.json
instance_n=20_73,5,c05,instance_n=20_73_c05,Otto,20,1000.0,OK,3,2,0.666667,2,3,4843695,1614565.0,2606270,840.24,21.3171,63.9513,2026-05-13T05:15:47.065158,mid,mid,high,low,fixed,fixed,1.4094,0.6231,1.0757,1.0525,0.0963,0.0379,0.0142,0.0279,0.05,5.0,task,5042,21363.37,0.447982,88.0,781.77,27.0,0.0,80.0,710.7,93.992624,0.226451,712.673481,53.0,710.7,3,/Users/hindbhr/Documents/Codex/2026-05-13/clone-this-repository-https-github-com/CALBP-IJPR/published_results/l9_task_progress_220of252_2026-05-13_19-21-43/solutions/instance_n=20_73_c05,/Users/hindbhr/Documents/Codex/2026-05-13/clone-this-repository-https-github-com/CALBP-IJPR/published_results/l9_task_progress_220of252_2026-05-13_19-21-43/solutions/instance_n=20_73_c05/run_info.json
instance_n=20_73,6,c06,instance_n=20_73_c06,Otto,20,1000.0,OK,3,2,0.666667,2,3,2758701,919567.0,2550448,304.05,20.5513,61.6539,2026-05-13T05:20:51.114077,mid,high,low,mid,fixed,fixed,1.4015,0.8585,0.9059,1.1681,0.1146,0.0461,0.0257,0.0498,0.05,5.0,task,6042,20656.62,0.428639,88.0,790.02,27.0,0.0,80.0,718.2,53.578105,0.127221,720.152928,53.0,718.2,3,/Users/hindbhr/Documents/Codex/2026-05-13/clone-this-repository-https-github-com/CALBP-IJPR/published_results/l9_task_progress_220of252_2026-05-13_19-21-43/solutions/instance_n=20_73_c06,/Users/hindbhr/Documents/Codex/2026-05-13/clone-this-repository-https-github-com/CALBP-IJPR/published_results/l9_task_progress_220of252_2026-05-13_19-21-43/solutions/instance_n=20_73_c06/run_info.json
instance_n=20_73,7,c07,instance_n=20_73_c07,Otto,20,1000.0,OK,2,2,1.0,1,2,71776,35888.0,71635,3.4,0.0,0.0,2026-05-13T05:20:54.512508,high,low,high,mid,fixed,fixed,2.1571,0.3772,1.0761,1.1891,0.1865,0.0405,0.0125,0.0392,0.05,5.0,task,7042,1677.72,0.260042,88.0,150.04,45.0,0.0,80.0,136.4,0.0,0.0,140.818891,35.0,136.4,2,/Users/hindbhr/Documents/Codex/2026-05-13/clone-this-repository-https-github-com/CALBP-IJPR/published_results/l9_task_progress_220of252_2026-05-13_19-21-43/solutions/instance_n=20_73_c07,/Users/hindbhr/Documents/Codex/2026-05-13/clone-this-repository-https-github-com/CALBP-IJPR/published_results/l9_task_progress_220of252_2026-05-13_19-21-43/solutions/instance_n=20_73_c07/run_info.json
instance_n=20_73,8,c08,instance_n=20_73_c08,Otto,20,1000.0,OK,3,3,1.0,2,5,513002,171000.67,503992,15.09,0.0,0.0,2026-05-13T05:21:09.608713,high,mid,low,high,fixed,fixed,2.1185,0.6368,0.9064,1.3656,0.2282,0.034,0.0301,0.0598,0.05,5.0,task,8042,32981.695,0.628952,88.0,1219.515,45.0,0.0,80.0,1108.65,209.260605,0.341175,1109.202336,35.0,1108.65,3,/Users/hindbhr/Documents/Codex/2026-05-13/clone-this-repository-https-github-com/CALBP-IJPR/published_results/l9_task_progress_220of252_2026-05-13_19-21-43/solutions/instance_n=20_73_c08,/Users/hindbhr/Documents/Codex/2026-05-13/clone-this-repository-https-github-com/CALBP-IJPR/published_results/l9_task_progress_220of252_2026-05-13_19-21-43/solutions/instance_n=20_73_c08/run_info.json
instance_n=20_73,9,c09,instance_n=20_73_c09,Otto,20,1000.0,OK,4,1,0.25,2,5,8916315,2229078.75,4068239,2392.3,56.4248,83.3989,2026-05-13T06:01:01.915958,high,high,mid,low,fixed,fixed,2.1304,0.8895,1.0029,1.0461,0.1856,0.0438,0.026,0.0269,0.05,5.0,task,9042,29069.555,0.532633,88.0,1269.235,45.0,0.0,80.0,1153.85,321.053657,0.613647,1154.38071,35.0,1153.85,4,/Users/hindbhr/Documents/Codex/2026-05-13/clone-this-repository-https-github-com/CALBP-IJPR/published_results/l9_task_progress_220of252_2026-05-13_19-21-43/solutions/instance_n=20_73_c09,/Users/hindbhr/Documents/Codex/2026-05-13/clone-this-repository-https-github-com/CALBP-IJPR/published_results/l9_task_progress_220of252_2026-05-13_19-21-43/solutions/instance_n=20_73_c09/run_info.json
instance_n=20_74,1,c01,instance_n=20_74_c01,Otto,20,1000.0,OK,4,3,0.75,2,3,287088,71772.0,265912,938.73,22.3561,89.4246,2026-05-12T19:37:05.078910,low,low,low,low,fixed,fixed,0.9872,0.3753,0.8974,1.041,0.0714,0.0374,0.0307,0.0229,0.05,5.0,task,1042,51076.725,0.628559,132.0,773.905,27.0,0.0,120.0,703.55,178.347528,0.666911,709.670066,93.0,703.55,4,/Users/hindbhr/Documents/Codex/2026-05-13/clone-this-repository-https-github-com/CALBP-IJPR/published_results/l9_task_progress_220of252_2026-05-13_19-21-43/solutions/instance_n=20_74_c01,/Users/hindbhr/Documents/Codex/2026-05-13/clone-this-repository-https-github-com/CALBP-IJPR/published_results/l9_task_progress_220of252_2026-05-13_19-21-43/solutions/instance_n=20_74_c01/run_info.json
instance_n=20_74,2,c02,instance_n=20_74_c02,Otto,20,1000.0,OK,6,3,0.5,3,3,7783186,1297197.67,3890293,3351.78,20.2142,50.1132,2026-05-12T20:32:56.858651,low,mid,mid,mid,fixed,fixed,0.9747,0.6363,1.0065,1.1801,0.0751,0.0437,0.0322,0.0481,0.05,5.0,task,2042,42204.2,0.497284,132.0,808.28,27.0,0.0,120.0,734.8,134.598358,0.740867,740.661893,93.0,734.8,6,/Users/hindbhr/Documents/Codex/2026-05-13/clone-this-repository-https-github-com/CALBP-IJPR/published_results/l9_task_progress_220of252_2026-05-13_19-21-43/solutions/instance_n=20_74_c02,/Users/hindbhr/Documents/Codex/2026-05-13/clone-this-repository-https-github-com/CALBP-IJPR/published_results/l9_task_progress_220of252_2026-05-13_19-21-43/solutions/instance_n=20_74_c02/run_info.json
instance_n=20_74,3,c03,instance_n=20_74_c03,Otto,20,1000.0,OK,4,3,0.75,3,3,2311020,577755.0,1361464,987.64,5.7769,23.1075,2026-05-12T20:49:24.504765,low,high,high,high,fixed,fixed,0.976,0.8664,1.0726,1.3583,0.0685,0.0356,0.0126,0.0461,0.05,5.0,task,3042,41755.725,0.4899,132.0,811.745,27.0,0.0,120.0,737.95,34.648749,0.105583,743.787068,93.0,737.95,4,/Users/hindbhr/Documents/Codex/2026-05-13/clone-this-repository-https-github-com/CALBP-IJPR/published_results/l9_task_progress_220of252_2026-05-13_19-21-43/solutions/instance_n=20_74_c03,/Users/hindbhr/Documents/Codex/2026-05-13/clone-this-repository-https-github-com/CALBP-IJPR/published_results/l9_task_progress_220of252_2026-05-13_19-21-43/solutions/instance_n=20_74_c03/run_info.json
instance_n=20_74,4,c04,instance_n=20_74_c04,Otto,20,1000.0,OK,4,4,1.0,2,5,99464,24866.0,67594,7.25,0.0,0.0,2026-05-12T20:49:31.753278,mid,low,mid,high,fixed,fixed,1.4377,0.3723,1.0021,1.3683,0.1027,0.0414,0.0209,0.043,0.05,5.0,task,4042,82435.785,0.79169,132.0,1196.855,45.0,0.0,120.0,1088.05,347.80184,0.869018,1090.631836,75.0,1088.05,4,/Users/hindbhr/Documents/Codex/2026-05-13/clone-this-repository-https-github-com/CALBP-IJPR/published_results/l9_task_progress_220of252_2026-05-13_19-21-43/solutions/instance_n=20_74_c04,/Users/hindbhr/Documents/Codex/2026-05-13/clone-this-repository-https-github-com/CALBP-IJPR/published_results/l9_task_progress_220of252_2026-05-13_19-21-43/solutions/instance_n=20_74_c04/run_info.json
instance_n=20_74,5,c05,instance_n=20_74_c05,Otto,20,1000.0,OK,4,2,0.5,2,4,2136378,534094.5,1993411,1654.5,32.5127,100.0,2026-05-12T21:17:06.253413,mid,mid,high,low,fixed,fixed,1.4094,0.6231,1.0757,1.0525,0.0963,0.0379,0.0142,0.0279,0.05,5.0,task,5042,56751.6,0.526625,132.0,1122.55,36.0,0.0,120.0,1020.5,102.25665,0.257291,1023.951293,84.0,1020.5,4,/Users/hindbhr/Documents/Codex/2026-05-13/clone-this-repository-https-github-com/CALBP-IJPR/published_results/l9_task_progress_220of252_2026-05-13_19-21-43/solutions/instance_n=20_74_c05,/Users/hindbhr/Documents/Codex/2026-05-13/clone-this-repository-https-github-com/CALBP-IJPR/published_results/l9_task_progress_220of252_2026-05-13_19-21-43/solutions/instance_n=20_74_c05/run_info.json
instance_n=20_74,6,c06,instance_n=20_74_c06,Otto,20,1000.0,OK,4,2,0.5,2,4,2774374,693593.5,2067633,1327.0,18.2065,51.7796,2026-05-12T21:39:13.259999,mid,high,low,mid,fixed,fixed,1.4015,0.8585,0.9059,1.1681,0.1146,0.0461,0.0257,0.0498,0.05,5.0,task,6042,54529.71,0.519183,132.0,1094.06,36.0,0.0,120.0,994.6,73.083883,0.167725,998.140852,84.0,994.6,4,/Users/hindbhr/Documents/Codex/2026-05-13/clone-this-repository-https-github-com/CALBP-IJPR/published_results/l9_task_progress_220of252_2026-05-13_19-21-43/solutions/instance_n=20_74_c06,/Users/hindbhr/Documents/Codex/2026-05-13/clone-this-repository-https-github-com/CALBP-IJPR/published_results/l9_task_progress_220of252_2026-05-13_19-21-43/solutions/instance_n=20_74_c06/run_info.json
instance_n=20_74,7,c07,instance_n=20_74_c07,Otto,20,1000.0,OK,3,3,1.0,2,3,80848,26949.33,62092,8.46,0.0,0.0,2026-05-12T21:39:21.723528,high,low,high,mid,fixed,fixed,2.1571,0.3772,1.0761,1.1891,0.1865,0.0405,0.0125,0.0392,0.05,5.0,task,7042,10174.48,0.453735,132.0,287.485,54.0,0.0,120.0,261.35,11.749078,0.083839,269.55486,66.0,261.35,3,/Users/hindbhr/Documents/Codex/2026-05-13/clone-this-repository-https-github-com/CALBP-IJPR/published_results/l9_task_progress_220of252_2026-05-13_19-21-43/solutions/instance_n=20_74_c07,/Users/hindbhr/Documents/Codex/2026-05-13/clone-this-repository-https-github-com/CALBP-IJPR/published_results/l9_task_progress_220of252_2026-05-13_19-21-43/solutions/instance_n=20_74_c07/run_info.json
instance_n=20_74,8,c08,instance_n=20_74_c08,Otto,20,1000.0,OK,4,3,0.75,2,7,1284073,321018.25,621666,985.13,14.2833,57.1331,2026-05-12T21:55:46.854951,high,mid,low,high,fixed,fixed,2.1185,0.6368,0.9064,1.3656,0.2282,0.034,0.0301,0.0598,0.05,5.0,task,8042,82066.155,0.684785,132.0,1736.845,63.0,0.0,120.0,1578.95,212.724659,0.295803,1579.978513,57.0,1578.95,4,/Users/hindbhr/Documents/Codex/2026-05-13/clone-this-repository-https-github-com/CALBP-IJPR/published_results/l9_task_progress_220of252_2026-05-13_19-21-43/solutions/instance_n=20_74_c08,/Users/hindbhr/Documents/Codex/2026-05-13/clone-this-repository-https-github-com/CALBP-IJPR/published_results/l9_task_progress_220of252_2026-05-13_19-21-43/solutions/instance_n=20_74_c08/run_info.json
instance_n=20_74,9,c09,instance_n=20_74_c09,Otto,20,1000.0,OK,4,2,0.5,3,7,2342474,585618.5,1341687,2327.3,20.0867,67.9252,2026-05-12T22:34:34.159723,high,high,mid,low,fixed,fixed,2.1304,0.8895,1.0029,1.0461,0.1856,0.0438,0.026,0.0269,0.05,5.0,task,9042,79969.14,0.650137,132.0,1782.66,63.0,0.0,120.0,1620.6,177.671063,0.253581,1621.602097,57.0,1620.6,4,/Users/hindbhr/Documents/Codex/2026-05-13/clone-this-repository-https-github-com/CALBP-IJPR/published_results/l9_task_progress_220of252_2026-05-13_19-21-43/solutions/instance_n=20_74_c09,/Users/hindbhr/Documents/Codex/2026-05-13/clone-this-repository-https-github-com/CALBP-IJPR/published_results/l9_task_progress_220of252_2026-05-13_19-21-43/solutions/instance_n=20_74_c09/run_info.json
instance_n=20_77,1,c01,instance_n=20_77_c01,Otto,20,1000.0,OK,4,3,0.75,,,,,,641.28,12.4453,49.7813,2026-05-11T12:51:16.071172,low,low,low,low,fixed,fixed,0.9872,0.3753,0.8974,1.041,0.0714,0.0374,0.0307,0.0229,0.05,5.0,task,1042,54729.95,0.62169,132.0,838.42,27.0,0.0,120.0,762.2,177.913909,0.615847,767.852746,93.0,762.2,4,/Users/hindbhr/Documents/Codex/2026-05-13/clone-this-repository-https-github-com/CALBP-IJPR/published_results/l9_task_progress_220of252_2026-05-13_19-21-43/solutions/instance_n=20_77_c01,/Users/hindbhr/Documents/Codex/2026-05-13/clone-this-repository-https-github-com/CALBP-IJPR/published_results/l9_task_progress_220of252_2026-05-13_19-21-43/solutions/instance_n=20_77_c01/run_info.json
instance_n=20_77,2,c02,instance_n=20_77_c02,Otto,20,1000.0,OK,5,3,0.6,,,,,,2201.17,30.4317,78.0095,2026-05-11T13:27:57.244184,low,mid,mid,mid,fixed,fixed,0.9747,0.6363,1.0065,1.1801,0.0751,0.0437,0.0322,0.0481,0.05,5.0,task,2042,43168.5,0.481641,132.0,853.6,27.0,0.0,120.0,776.0,141.684312,0.447754,781.552941,93.0,776.0,5,/Users/hindbhr/Documents/Codex/2026-05-13/clone-this-repository-https-github-com/CALBP-IJPR/published_results/l9_task_progress_220of252_2026-05-13_19-21-43/solutions/instance_n=20_77_c02,/Users/hindbhr/Documents/Codex/2026-05-13/clone-this-repository-https-github-com/CALBP-IJPR/published_results/l9_task_progress_220of252_2026-05-13_19-21-43/solutions/instance_n=20_77_c02/run_info.json
instance_n=20_77,3,c03,instance_n=20_77_c03,Otto,20,1000.0,OK,4,2,0.5,,,,,,1440.48,16.9538,49.0866,2026-05-11T13:51:57.727547,low,high,high,high,fixed,fixed,0.976,0.8664,1.0726,1.3583,0.0685,0.0356,0.0126,0.0461,0.05,5.0,task,3042,42156.1,0.481197,132.0,834.35,27.0,0.0,120.0,758.5,23.976134,0.072537,764.180116,93.0,758.5,4,/Users/hindbhr/Documents/Codex/2026-05-13/clone-this-repository-https-github-com/CALBP-IJPR/published_results/l9_task_progress_220of252_2026-05-13_19-21-43/solutions/instance_n=20_77_c03,/Users/hindbhr/Documents/Codex/2026-05-13/clone-this-repository-https-github-com/CALBP-IJPR/published_results/l9_task_progress_220of252_2026-05-13_19-21-43/solutions/instance_n=20_77_c03/run_info.json
instance_n=20_77,4,c04,instance_n=20_77_c04,Otto,20,1000.0,OK,4,4,1.0,,,,,,14.62,0.0,0.0,2026-05-11T13:52:12.354226,mid,low,mid,high,fixed,fixed,1.4377,0.3723,1.0021,1.3683,0.1027,0.0414,0.0209,0.043,0.05,5.0,task,4042,86237.61,0.788178,132.0,1257.63,45.0,0.0,120.0,1143.3,355.846072,0.843485,1145.757343,75.0,1143.3,4,/Users/hindbhr/Documents/Codex/2026-05-13/clone-this-repository-https-github-com/CALBP-IJPR/published_results/l9_task_progress_220of252_2026-05-13_19-21-43/solutions/instance_n=20_77_c04,/Users/hindbhr/Documents/Codex/2026-05-13/clone-this-repository-https-github-com/CALBP-IJPR/published_results/l9_task_progress_220of252_2026-05-13_19-21-43/solutions/instance_n=20_77_c04/run_info.json
instance_n=20_77,5,c05,instance_n=20_77_c05,Otto,20,1000.0,OK,4,2,0.5,,,,,,3082.66,38.1139,89.0337,2026-05-11T14:43:35.018792,mid,mid,high,low,fixed,fixed,1.4094,0.6231,1.0757,1.0525,0.0963,0.0379,0.0142,0.0279,0.05,5.0,task,5042,61655.28,0.583882,132.0,1213.74,45.0,0.0,120.0,1103.4,123.11924,0.263506,1105.946002,75.0,1103.4,4,/Users/hindbhr/Documents/Codex/2026-05-13/clone-this-repository-https-github-com/CALBP-IJPR/published_results/l9_task_progress_220of252_2026-05-13_19-21-43/solutions/instance_n=20_77_c05,/Users/hindbhr/Documents/Codex/2026-05-13/clone-this-repository-https-github-com/CALBP-IJPR/published_results/l9_task_progress_220of252_2026-05-13_19-21-43/solutions/instance_n=20_77_c05/run_info.json
instance_n=20_77,6,c06,instance_n=20_77_c06,Otto,20,1000.0,OK,4,1,0.25,,,,,,3786.14,38.0923,57.1095,2026-05-11T15:46:41.162161,mid,high,low,mid,fixed,fixed,1.4015,0.8585,0.9059,1.1681,0.1146,0.0461,0.0257,0.0498,0.05,5.0,task,6042,56691.175,0.54062,132.0,1205.325,45.0,0.0,120.0,1095.75,70.937724,0.156906,1098.313736,75.0,1095.75,4,/Users/hindbhr/Documents/Codex/2026-05-13/clone-this-repository-https-github-com/CALBP-IJPR/published_results/l9_task_progress_220of252_2026-05-13_19-21-43/solutions/instance_n=20_77_c06,/Users/hindbhr/Documents/Codex/2026-05-13/clone-this-repository-https-github-com/CALBP-IJPR/published_results/l9_task_progress_220of252_2026-05-13_19-21-43/solutions/instance_n=20_77_c06/run_info.json
instance_n=20_77,7,c07,instance_n=20_77_c07,Otto,20,1000.0,OK,3,3,1.0,,,,,,11.22,0.0,0.0,2026-05-11T15:46:52.384927,high,low,high,mid,fixed,fixed,2.1571,0.3772,1.0761,1.1891,0.1865,0.0405,0.0125,0.0392,0.05,5.0,task,7042,13194.36,0.477653,132.0,354.145,54.0,0.0,120.0,321.95,36.80608,0.198916,328.645405,66.0,321.95,3,/Users/hindbhr/Documents/Codex/2026-05-13/clone-this-repository-https-github-com/CALBP-IJPR/published_results/l9_task_progress_220of252_2026-05-13_19-21-43/solutions/instance_n=20_77_c07,/Users/hindbhr/Documents/Codex/2026-05-13/clone-this-repository-https-github-com/CALBP-IJPR/published_results/l9_task_progress_220of252_2026-05-13_19-21-43/solutions/instance_n=20_77_c07/run_info.json
instance_n=20_77,8,c08,instance_n=20_77_c08,Otto,20,1000.0,OK,4,3,0.75,,,,,,431.31,6.7838,27.135,2026-05-11T15:54:03.699840,high,mid,low,high,fixed,fixed,2.1185,0.6368,0.9064,1.3656,0.2282,0.034,0.0301,0.0598,0.05,5.0,task,8042,83915.73,0.6805,132.0,1787.17,63.0,0.0,120.0,1624.7,211.944462,0.301943,1625.699569,57.0,1624.7,4,/Users/hindbhr/Documents/Codex/2026-05-13/clone-this-repository-https-github-com/CALBP-IJPR/published_results/l9_task_progress_220of252_2026-05-13_19-21-43/solutions/instance_n=20_77_c08,/Users/hindbhr/Documents/Codex/2026-05-13/clone-this-repository-https-github-com/CALBP-IJPR/published_results/l9_task_progress_220of252_2026-05-13_19-21-43/solutions/instance_n=20_77_c08/run_info.json
instance_n=20_77,9,c09,instance_n=20_77_c09,Otto,20,1000.0,OK,5,1,0.2,,,,,,2940.57,56.5338,86.4134,2026-05-11T16:43:04.268609,high,high,mid,low,fixed,fixed,2.1304,0.8895,1.0029,1.0461,0.1856,0.0438,0.026,0.0269,0.05,5.0,task,9042,72074.035,0.55837,132.0,1870.715,63.0,0.0,120.0,1700.65,271.305687,0.420345,1701.604955,57.0,1700.65,5,/Users/hindbhr/Documents/Codex/2026-05-13/clone-this-repository-https-github-com/CALBP-IJPR/published_results/l9_task_progress_220of252_2026-05-13_19-21-43/solutions/instance_n=20_77_c09,/Users/hindbhr/Documents/Codex/2026-05-13/clone-this-repository-https-github-com/CALBP-IJPR/published_results/l9_task_progress_220of252_2026-05-13_19-21-43/solutions/instance_n=20_77_c09/run_info.json
instance_n=20_82,1,c01,instance_n=20_82_c01,Otto,20,1000.0,OK,5,3,0.6,2,4,16905909,3381181.8,6351691,826.11,11.9401,38.3259,2026-05-19T20:24:16.695726,low,low,low,low,fixed,fixed,0.9872,0.3753,0.8974,1.041,0.0714,0.0374,0.0307,0.0229,0.05,5.0,task,1042,104966.9,0.739667,176.0,1013.65,36.0,0.0,160.0,921.5,205.801429,0.691197,929.80549,124.0,921.5,5,/Users/hindbhr/Documents/Codex/2026-05-13/clone-this-repository-https-github-com/CALBP-IJPR/published_results/l9_task_progress_220of252_2026-05-13_19-21-43/solutions/instance_n=20_82_c01,/Users/hindbhr/Documents/Codex/2026-05-13/clone-this-repository-https-github-com/CALBP-IJPR/published_results/l9_task_progress_220of252_2026-05-13_19-21-43/solutions/instance_n=20_82_c01/run_info.json
instance_n=20_82,2,c02,instance_n=20_82_c02,Otto,20,1000.0,OK,6,2,0.333333,3,4,22549761,3758293.5,7579064,1211.83,39.7368,71.9382,2026-05-19T20:44:28.532995,low,mid,mid,mid,fixed,fixed,0.9747,0.6363,1.0065,1.1801,0.0751,0.0437,0.0322,0.0481,0.05,5.0,task,2042,86680.5,0.591955,176.0,1045.935,36.0,0.0,160.0,950.85,144.077048,0.540923,958.90131,124.0,950.85,6,/Users/hindbhr/Documents/Codex/2026-05-13/clone-this-repository-https-github-com/CALBP-IJPR/published_results/l9_task_progress_220of252_2026-05-13_19-21-43/solutions/instance_n=20_82_c02,/Users/hindbhr/Documents/Codex/2026-05-13/clone-this-repository-https-github-com/CALBP-IJPR/published_results/l9_task_progress_220of252_2026-05-13_19-21-43/solutions/instance_n=20_82_c02/run_info.json
instance_n=20_82,3,c03,instance_n=20_82_c03,Otto,20,1000.0,OK,5,2,0.4,3,4,19360452,3872090.4,8912502,905.39,24.1056,47.6244,2026-05-19T20:59:33.923670,low,high,high,high,fixed,fixed,0.976,0.8664,1.0726,1.3583,0.0685,0.0356,0.0126,0.0461,0.05,5.0,task,3042,80743.8,0.575944,176.0,1001.385,36.0,0.0,160.0,910.35,70.367929,0.201902,918.756291,124.0,910.35,5,/Users/hindbhr/Documents/Codex/2026-05-13/clone-this-repository-https-github-com/CALBP-IJPR/published_results/l9_task_progress_220of252_2026-05-13_19-21-43/solutions/instance_n=20_82_c03,/Users/hindbhr/Documents/Codex/2026-05-13/clone-this-repository-https-github-com/CALBP-IJPR/published_results/l9_task_progress_220of252_2026-05-13_19-21-43/solutions/instance_n=20_82_c03/run_info.json
instance_n=20_82,4,c04,instance_n=20_82_c04,Otto,20,1000.0,OK,5,5,1.0,2,6,1578595,315719.0,878493,79.15,0.0,0.0,2026-05-19T21:00:53.074814,mid,low,mid,high,fixed,fixed,1.4377,0.3723,1.0021,1.3683,0.1027,0.0414,0.0209,0.043,0.05,5.0,task,4042,146478.67,0.821074,176.0,1462.285,54.0,0.0,160.0,1329.35,335.896253,0.781504,1333.569429,106.0,1329.35,5,/Users/hindbhr/Documents/Codex/2026-05-13/clone-this-repository-https-github-com/CALBP-IJPR/published_results/l9_task_progress_220of252_2026-05-13_19-21-43/solutions/instance_n=20_82_c04,/Users/hindbhr/Documents/Codex/2026-05-13/clone-this-repository-https-github-com/CALBP-IJPR/published_results/l9_task_progress_220of252_2026-05-13_19-21-43/solutions/instance_n=20_82_c04/run_info.json
instance_n=20_82,5,c05,instance_n=20_82_c05,Otto,20,1000.0,OK,5,2,0.4,3,5,29396093,5879218.6,10505263,1090.39,38.1985,78.8855,2026-05-19T21:19:03.465723,mid,mid,high,low,fixed,fixed,1.4094,0.6231,1.0757,1.0525,0.0963,0.0379,0.0142,0.0279,0.05,5.0,task,5042,112025.135,0.614143,176.0,1392.435,45.0,0.0,160.0,1265.85,157.501549,0.364365,1271.063029,115.0,1265.85,5,/Users/hindbhr/Documents/Codex/2026-05-13/clone-this-repository-https-github-com/CALBP-IJPR/published_results/l9_task_progress_220of252_2026-05-13_19-21-43/solutions/instance_n=20_82_c05,/Users/hindbhr/Documents/Codex/2026-05-13/clone-this-repository-https-github-com/CALBP-IJPR/published_results/l9_task_progress_220of252_2026-05-13_19-21-43/solutions/instance_n=20_82_c05/run_info.json
instance_n=20_82,6,c06,instance_n=20_82_c06,Otto,20,1000.0,OK,5,2,0.4,3,6,17100877,3420175.4,6318392,920.95,30.8158,66.3414,2026-05-19T21:34:24.417149,mid,high,low,mid,fixed,fixed,1.4015,0.8585,0.9059,1.1681,0.1146,0.0461,0.0257,0.0498,0.05,5.0,task,6042,110998.3,0.636852,176.0,1428.625,54.0,0.0,160.0,1298.75,134.752959,0.275926,1303.068518,106.0,1298.75,5,/Users/hindbhr/Documents/Codex/2026-05-13/clone-this-repository-https-github-com/CALBP-IJPR/published_results/l9_task_progress_220of252_2026-05-13_19-21-43/solutions/instance_n=20_82_c06,/Users/hindbhr/Documents/Codex/2026-05-13/clone-this-repository-https-github-com/CALBP-IJPR/published_results/l9_task_progress_220of252_2026-05-13_19-21-43/solutions/instance_n=20_82_c06/run_info.json
instance_n=20_82,7,c07,instance_n=20_82_c07,Otto,20,1000.0,OK,4,4,1.0,2,4,675237,168809.25,466794,48.4,0.0,0.0,2026-05-19T21:35:12.819585,high,low,high,mid,fixed,fixed,2.1571,0.3772,1.0761,1.1891,0.1865,0.0405,0.0125,0.0392,0.05,5.0,task,7042,47787.85,0.687142,176.0,615.45,63.0,0.0,160.0,559.5,170.310923,0.759253,567.84615,97.0,559.5,4,/Users/hindbhr/Documents/Codex/2026-05-13/clone-this-repository-https-github-com/CALBP-IJPR/published_results/l9_task_progress_220of252_2026-05-13_19-21-43/solutions/instance_n=20_82_c07,/Users/hindbhr/Documents/Codex/2026-05-13/clone-this-repository-https-github-com/CALBP-IJPR/published_results/l9_task_progress_220of252_2026-05-13_19-21-43/solutions/instance_n=20_82_c07/run_info.json
instance_n=20_82,8,c08,instance_n=20_82_c08,Otto,20,1407.0,OK,4,4,1.0,2,6,8541451,2135362.75,5679395,313.13,0.0,0.0,2026-05-19T21:40:25.947518,high,mid,low,high,fixed,fixed,2.1185,0.6368,0.9064,1.3656,0.2282,0.034,0.0301,0.0598,0.05,5.0,task,8042,124376.56,0.735675,132.0,2167.495,54.0,0.0,120.0,1970.45,408.009876,0.45544,1971.555021,66.0,1970.45,4,/Users/hindbhr/Documents/Codex/2026-05-13/clone-this-repository-https-github-com/CALBP-IJPR/published_results/l9_task_progress_220of252_2026-05-13_19-21-43/solutions/instance_n=20_82_c08,/Users/hindbhr/Documents/Codex/2026-05-13/clone-this-repository-https-github-com/CALBP-IJPR/published_results/l9_task_progress_220of252_2026-05-13_19-21-43/solutions/instance_n=20_82_c08/run_info.json
instance_n=20_82,9,c09,instance_n=20_82_c09,Otto,20,1000.0,OK,5,1,0.2,3,8,25671430,5134286.0,8637354,1207.62,62.5561,90.8076,2026-05-19T22:00:33.572678,high,high,mid,low,fixed,fixed,2.1304,0.8895,1.0029,1.0461,0.1856,0.0438,0.026,0.0269,0.05,5.0,task,9042,147020.16,0.646644,176.0,2186.14,72.0,0.0,160.0,1987.4,223.02424,0.331084,1989.34732,88.0,1987.4,5,/Users/hindbhr/Documents/Codex/2026-05-13/clone-this-repository-https-github-com/CALBP-IJPR/published_results/l9_task_progress_220of252_2026-05-13_19-21-43/solutions/instance_n=20_82_c09,/Users/hindbhr/Documents/Codex/2026-05-13/clone-this-repository-https-github-com/CALBP-IJPR/published_results/l9_task_progress_220of252_2026-05-13_19-21-43/solutions/instance_n=20_82_c09/run_info.json
instance_n=20_87,1,c01,instance_n=20_87_c01,Otto,20,1000.0,OK,4,3,0.75,,,,,,439.67,11.166,44.6638,2026-05-12T16:44:28.833952,low,low,low,low,fixed,fixed,0.9872,0.3753,0.8974,1.041,0.0714,0.0374,0.0307,0.0229,0.05,5.0,task,1042,53049.2,0.629265,132.0,802.89,27.0,0.0,120.0,729.9,186.125421,0.671522,735.800931,93.0,729.9,4,/Users/hindbhr/Documents/Codex/2026-05-13/clone-this-repository-https-github-com/CALBP-IJPR/published_results/l9_task_progress_220of252_2026-05-13_19-21-43/solutions/instance_n=20_87_c01,/Users/hindbhr/Documents/Codex/2026-05-13/clone-this-repository-https-github-com/CALBP-IJPR/published_results/l9_task_progress_220of252_2026-05-13_19-21-43/solutions/instance_n=20_87_c01/run_info.json
instance_n=20_87,2,c02,instance_n=20_87_c02,Otto,20,1000.0,OK,6,1,0.166667,,,,,,1503.62,45.252,78.1401,2026-05-12T17:09:32.452461,low,mid,mid,mid,fixed,fixed,0.9747,0.6363,1.0065,1.1801,0.0751,0.0437,0.0322,0.0481,0.05,5.0,task,2042,43218.775,0.492256,132.0,836.165,27.0,0.0,120.0,760.15,136.774942,0.736496,765.817878,93.0,760.15,6,/Users/hindbhr/Documents/Codex/2026-05-13/clone-this-repository-https-github-com/CALBP-IJPR/published_results/l9_task_progress_220of252_2026-05-13_19-21-43/solutions/instance_n=20_87_c02,/Users/hindbhr/Documents/Codex/2026-05-13/clone-this-repository-https-github-com/CALBP-IJPR/published_results/l9_task_progress_220of252_2026-05-13_19-21-43/solutions/instance_n=20_87_c02/run_info.json
instance_n=20_87,3,c03,instance_n=20_87_c03,Otto,20,1000.0,OK,4,2,0.5,3,3,21633107,5408276.75,9888124,643.5,9.4711,25.1493,2026-05-12T17:32:06.803772,low,high,high,high,fixed,fixed,0.976,0.8664,1.0726,1.3583,0.0685,0.0356,0.0126,0.0461,0.05,5.0,task,3042,41029.925,0.489949,132.0,797.555,27.0,0.0,120.0,725.05,34.477901,0.099247,730.990084,93.0,725.05,4,/Users/hindbhr/Documents/Codex/2026-05-13/clone-this-repository-https-github-com/CALBP-IJPR/published_results/l9_task_progress_220of252_2026-05-13_19-21-43/solutions/instance_n=20_87_c03,/Users/hindbhr/Documents/Codex/2026-05-13/clone-this-repository-https-github-com/CALBP-IJPR/published_results/l9_task_progress_220of252_2026-05-13_19-21-43/solutions/instance_n=20_87_c03/run_info.json
instance_n=20_87,4,c04,instance_n=20_87_c04,Otto,20,1000.0,OK,4,4,1.0,2,5,401672,100418.0,352516,29.58,0.0,0.0,2026-05-12T17:32:36.384000,mid,low,mid,high,fixed,fixed,1.4377,0.3723,1.0021,1.3683,0.1027,0.0414,0.0209,0.043,0.05,5.0,task,4042,83356.28,0.790468,132.0,1212.09,45.0,0.0,120.0,1101.9,348.944927,0.861083,1104.44946,75.0,1101.9,4,/Users/hindbhr/Documents/Codex/2026-05-13/clone-this-repository-https-github-com/CALBP-IJPR/published_results/l9_task_progress_220of252_2026-05-13_19-21-43/solutions/instance_n=20_87_c04,/Users/hindbhr/Documents/Codex/2026-05-13/clone-this-repository-https-github-com/CALBP-IJPR/published_results/l9_task_progress_220of252_2026-05-13_19-21-43/solutions/instance_n=20_87_c04/run_info.json
instance_n=20_87,5,c05,instance_n=20_87_c05,Otto,20,1000.0,OK,4,2,0.5,2,5,14035415,3508853.75,7779624,631.16,26.4351,62.4586,2026-05-12T17:43:07.550735,mid,mid,high,low,fixed,fixed,1.4094,0.6231,1.0757,1.0525,0.0963,0.0379,0.0142,0.0279,0.05,5.0,task,5042,62918.685,0.605645,132.0,1194.105,45.0,0.0,120.0,1085.55,143.889636,0.301554,1088.137768,75.0,1085.55,4,/Users/hindbhr/Documents/Codex/2026-05-13/clone-this-repository-https-github-com/CALBP-IJPR/published_results/l9_task_progress_220of252_2026-05-13_19-21-43/solutions/instance_n=20_87_c05,/Users/hindbhr/Documents/Codex/2026-05-13/clone-this-repository-https-github-com/CALBP-IJPR/published_results/l9_task_progress_220of252_2026-05-13_19-21-43/solutions/instance_n=20_87_c05/run_info.json
instance_n=20_87,6,c06,instance_n=20_87_c06,Otto,20,1000.0,OK,4,2,0.5,2,5,18954175,4738543.75,10590389,607.64,20.2556,50.5517,2026-05-12T17:53:15.198660,mid,high,low,mid,fixed,fixed,1.4015,0.8585,0.9059,1.1681,0.1146,0.0461,0.0257,0.0498,0.05,5.0,task,6042,60109.95,0.577571,132.0,1196.25,45.0,0.0,120.0,1087.5,97.020049,0.198179,1090.083139,75.0,1087.5,4,/Users/hindbhr/Documents/Codex/2026-05-13/clone-this-repository-https-github-com/CALBP-IJPR/published_results/l9_task_progress_220of252_2026-05-13_19-21-43/solutions/instance_n=20_87_c06,/Users/hindbhr/Documents/Codex/2026-05-13/clone-this-repository-https-github-com/CALBP-IJPR/published_results/l9_task_progress_220of252_2026-05-13_19-21-43/solutions/instance_n=20_87_c06/run_info.json
instance_n=20_87,7,c07,instance_n=20_87_c07,Otto,20,1000.0,OK,3,3,1.0,2,3,427855,142618.33,379063,24.79,0.0,0.0,2026-05-12T17:53:39.990098,high,low,high,mid,fixed,fixed,2.1571,0.3772,1.0761,1.1891,0.1865,0.0405,0.0125,0.0392,0.05,5.0,task,7042,10521.12,0.455174,132.0,296.34,54.0,0.0,120.0,269.4,13.279056,0.09099,277.366833,66.0,269.4,3,/Users/hindbhr/Documents/Codex/2026-05-13/clone-this-repository-https-github-com/CALBP-IJPR/published_results/l9_task_progress_220of252_2026-05-13_19-21-43/solutions/instance_n=20_87_c07,/Users/hindbhr/Documents/Codex/2026-05-13/clone-this-repository-https-github-com/CALBP-IJPR/published_results/l9_task_progress_220of252_2026-05-13_19-21-43/solutions/instance_n=20_87_c07/run_info.json
instance_n=20_87,8,c08,instance_n=20_87_c08,Otto,20,1000.0,OK,4,4,1.0,2,7,6067275,1516818.75,4174018,250.02,0.0,0.0,2026-05-12T17:57:50.011740,high,mid,low,high,fixed,fixed,2.1185,0.6368,0.9064,1.3656,0.2282,0.034,0.0301,0.0598,0.05,5.0,task,8042,82392.105,0.683823,132.0,1746.195,63.0,0.0,120.0,1587.45,211.948193,0.297347,1588.47301,57.0,1587.45,4,/Users/hindbhr/Documents/Codex/2026-05-13/clone-this-repository-https-github-com/CALBP-IJPR/published_results/l9_task_progress_220of252_2026-05-13_19-21-43/solutions/instance_n=20_87_c08,/Users/hindbhr/Documents/Codex/2026-05-13/clone-this-repository-https-github-com/CALBP-IJPR/published_results/l9_task_progress_220of252_2026-05-13_19-21-43/solutions/instance_n=20_87_c08/run_info.json
instance_n=20_87,9,c09,instance_n=20_87_c09,Otto,20,1000.0,OK,4,2,0.5,2,7,9165191,2291297.75,5859917,1340.38,27.9859,59.3137,2026-05-12T18:20:10.397005,high,high,mid,low,fixed,fixed,2.1304,0.8895,1.0029,1.0461,0.1856,0.0438,0.026,0.0269,0.05,5.0,task,9042,87659.79,0.693615,132.0,1831.61,63.0,0.0,120.0,1665.1,259.831799,0.368246,1666.075331,57.0,1665.1,4,/Users/hindbhr/Documents/Codex/2026-05-13/clone-this-repository-https-github-com/CALBP-IJPR/published_results/l9_task_progress_220of252_2026-05-13_19-21-43/solutions/instance_n=20_87_c09,/Users/hindbhr/Documents/Codex/2026-05-13/clone-this-repository-https-github-com/CALBP-IJPR/published_results/l9_task_progress_220of252_2026-05-13_19-21-43/solutions/instance_n=20_87_c09/run_info.json
instance_n=20_88,1,c01,instance_n=20_88_c01,Otto,20,1000.0,OK,4,3,0.75,2,3,4979532,1244883.0,4271946,327.56,12.1502,48.6007,2026-05-19T09:59:35.238858,low,low,low,low,fixed,fixed,0.9872,0.3753,0.8974,1.041,0.0714,0.0374,0.0307,0.0229,0.05,5.0,task,1042,51333.925,0.631186,132.0,774.565,27.0,0.0,120.0,704.15,179.932105,0.673839,710.264896,93.0,704.15,4,/Users/hindbhr/Documents/Codex/2026-05-13/clone-this-repository-https-github-com/CALBP-IJPR/published_results/l9_task_progress_220of252_2026-05-13_19-21-43/solutions/instance_n=20_88_c01,/Users/hindbhr/Documents/Codex/2026-05-13/clone-this-repository-https-github-com/CALBP-IJPR/published_results/l9_task_progress_220of252_2026-05-13_19-21-43/solutions/instance_n=20_88_c01/run_info.json
instance_n=20_88,2,c02,instance_n=20_88_c02,Otto,20,1000.0,OK,4,2,0.5,2,3,11009279,2752319.75,7591684,602.87,11.5825,30.1304,2026-05-19T10:09:38.110047,low,mid,mid,mid,fixed,fixed,0.9747,0.6363,1.0065,1.1801,0.0751,0.0437,0.0322,0.0481,0.05,5.0,task,2042,48421.85,0.571791,132.0,806.52,27.0,0.0,120.0,733.2,103.17118,0.308278,739.074584,93.0,733.2,4,/Users/hindbhr/Documents/Codex/2026-05-13/clone-this-repository-https-github-com/CALBP-IJPR/published_results/l9_task_progress_220of252_2026-05-13_19-21-43/solutions/instance_n=20_88_c02,/Users/hindbhr/Documents/Codex/2026-05-13/clone-this-repository-https-github-com/CALBP-IJPR/published_results/l9_task_progress_220of252_2026-05-13_19-21-43/solutions/instance_n=20_88_c02/run_info.json
instance_n=20_88,3,c03,instance_n=20_88_c03,Otto,20,1000.0,OK,4,2,0.5,3,3,15120363,3780090.75,8555820,614.79,10.8312,22.7639,2026-05-19T10:19:52.898345,low,high,high,high,fixed,fixed,0.976,0.8664,1.0726,1.3583,0.0685,0.0356,0.0126,0.0461,0.05,5.0,task,3042,41387.875,0.499111,132.0,789.745,27.0,0.0,120.0,717.95,47.050618,0.140132,723.948342,93.0,717.95,4,/Users/hindbhr/Documents/Codex/2026-05-13/clone-this-repository-https-github-com/CALBP-IJPR/published_results/l9_task_progress_220of252_2026-05-13_19-21-43/solutions/instance_n=20_88_c03,/Users/hindbhr/Documents/Codex/2026-05-13/clone-this-repository-https-github-com/CALBP-IJPR/published_results/l9_task_progress_220of252_2026-05-13_19-21-43/solutions/instance_n=20_88_c03/run_info.json
instance_n=20_88,4,c04,instance_n=20_88_c04,Otto,20,1000.0,OK,4,4,1.0,2,4,192128,48032.0,164095,14.09,0.0,0.0,2026-05-19T10:20:06.994218,mid,low,mid,high,fixed,fixed,1.4377,0.3723,1.0021,1.3683,0.1027,0.0414,0.0209,0.043,0.05,5.0,task,4042,79097.82,0.728135,132.0,1131.57,36.0,0.0,120.0,1028.7,342.181453,0.887673,1032.123873,84.0,1028.7,4,/Users/hindbhr/Documents/Codex/2026-05-13/clone-this-repository-https-github-com/CALBP-IJPR/published_results/l9_task_progress_220of252_2026-05-13_19-21-43/solutions/instance_n=20_88_c04,/Users/hindbhr/Documents/Codex/2026-05-13/clone-this-repository-https-github-com/CALBP-IJPR/published_results/l9_task_progress_220of252_2026-05-13_19-21-43/solutions/instance_n=20_88_c04/run_info.json
instance_n=20_88,5,c05,instance_n=20_88_c05,Otto,20,1000.0,OK,5,2,0.4,2,4,24441830,4888366.0,9128124,915.89,39.3858,80.7243,2026-05-19T10:35:22.889958,mid,mid,high,low,fixed,fixed,1.4094,0.6231,1.0757,1.0525,0.0963,0.0379,0.0142,0.0279,0.05,5.0,task,5042,57904.51,0.554661,132.0,1087.46,36.0,0.0,120.0,988.6,181.172717,0.486471,992.162265,84.0,988.6,5,/Users/hindbhr/Documents/Codex/2026-05-13/clone-this-repository-https-github-com/CALBP-IJPR/published_results/l9_task_progress_220of252_2026-05-13_19-21-43/solutions/instance_n=20_88_c05,/Users/hindbhr/Documents/Codex/2026-05-13/clone-this-repository-https-github-com/CALBP-IJPR/published_results/l9_task_progress_220of252_2026-05-13_19-21-43/solutions/instance_n=20_88_c05/run_info.json
instance_n=20_88,6,c06,instance_n=20_88_c06,Otto,20,1000.0,OK,4,2,0.5,3,4,12581525,3145381.25,8594673,609.07,20.441,54.3821,2026-05-19T10:45:31.963357,mid,high,low,mid,fixed,fixed,1.4015,0.8585,0.9059,1.1681,0.1146,0.0461,0.0257,0.0498,0.05,5.0,task,6042,55546.62,0.528414,132.0,1094.995,36.0,0.0,120.0,995.45,78.844673,0.177981,998.987839,84.0,995.45,4,/Users/hindbhr/Documents/Codex/2026-05-13/clone-this-repository-https-github-com/CALBP-IJPR/published_results/l9_task_progress_220of252_2026-05-13_19-21-43/solutions/instance_n=20_88_c06,/Users/hindbhr/Documents/Codex/2026-05-13/clone-this-repository-https-github-com/CALBP-IJPR/published_results/l9_task_progress_220of252_2026-05-13_19-21-43/solutions/instance_n=20_88_c06/run_info.json
instance_n=20_88,7,c07,instance_n=20_88_c07,Otto,20,1000.0,OK,3,3,1.0,2,3,294918,98306.0,258341,14.0,0.0,0.0,2026-05-19T10:45:45.965587,high,low,high,mid,fixed,fixed,2.1571,0.3772,1.0761,1.1891,0.1865,0.0405,0.0125,0.0392,0.05,5.0,task,7042,10709.22,0.462025,132.0,297.165,54.0,0.0,120.0,270.15,18.561811,0.122614,278.095348,66.0,270.15,3,/Users/hindbhr/Documents/Codex/2026-05-13/clone-this-repository-https-github-com/CALBP-IJPR/published_results/l9_task_progress_220of252_2026-05-13_19-21-43/solutions/instance_n=20_88_c07,/Users/hindbhr/Documents/Codex/2026-05-13/clone-this-repository-https-github-com/CALBP-IJPR/published_results/l9_task_progress_220of252_2026-05-13_19-21-43/solutions/instance_n=20_88_c07/run_info.json
instance_n=20_88,8,c08,instance_n=20_88_c08,Otto,20,1000.0,OK,5,5,1.0,2,6,6545832,1309166.4,3966659,263.12,0.0,0.0,2026-05-19T10:50:09.092765,high,mid,low,high,fixed,fixed,2.1185,0.6368,0.9064,1.3656,0.2282,0.034,0.0301,0.0598,0.05,5.0,task,8042,79551.78,0.618695,132.0,1648.46,54.0,0.0,120.0,1498.6,313.931699,0.621739,1500.052652,66.0,1498.6,5,/Users/hindbhr/Documents/Codex/2026-05-13/clone-this-repository-https-github-com/CALBP-IJPR/published_results/l9_task_progress_220of252_2026-05-13_19-21-43/solutions/instance_n=20_88_c08,/Users/hindbhr/Documents/Codex/2026-05-13/clone-this-repository-https-github-com/CALBP-IJPR/published_results/l9_task_progress_220of252_2026-05-13_19-21-43/solutions/instance_n=20_88_c08/run_info.json
instance_n=20_88,9,c09,instance_n=20_88_c09,Otto,20,1000.0,OK,4,2,0.5,2,6,18356566,4589141.5,10426446,625.13,23.4302,51.533,2026-05-19T11:00:34.228684,high,high,mid,low,fixed,fixed,2.1304,0.8895,1.0029,1.0461,0.1856,0.0438,0.026,0.0269,0.05,5.0,task,9042,83289.03,0.620932,132.0,1719.685,54.0,0.0,120.0,1563.35,231.52053,0.33943,1564.742542,66.0,1563.35,4,/Users/hindbhr/Documents/Codex/2026-05-13/clone-this-repository-https-github-com/CALBP-IJPR/published_results/l9_task_progress_220of252_2026-05-13_19-21-43/solutions/instance_n=20_88_c09,/Users/hindbhr/Documents/Codex/2026-05-13/clone-this-repository-https-github-com/CALBP-IJPR/published_results/l9_task_progress_220of252_2026-05-13_19-21-43/solutions/instance_n=20_88_c09/run_info.json
instance_n=20_91,1,c01,instance_n=20_91_c01,Otto,20,1000.0,OK,12,3,0.25,4,11,47048953,3920746.08,5874946,3170.76,48.6871,84.1372,2026-05-19T11:53:24.988638,low,low,low,low,fixed,fixed,0.9872,0.3753,0.8974,1.041,0.0714,0.0374,0.0307,0.0229,0.05,5.0,task,1042,854389.725,0.807998,484.0,2746.535,99.0,0.0,440.0,2496.85,212.749841,0.79979,2520.027961,341.0,2496.85,12,/Users/hindbhr/Documents/Codex/2026-05-13/clone-this-repository-https-github-com/CALBP-IJPR/published_results/l9_task_progress_220of252_2026-05-13_19-21-43/solutions/instance_n=20_91_c01,/Users/hindbhr/Documents/Codex/2026-05-13/clone-this-repository-https-github-com/CALBP-IJPR/published_results/l9_task_progress_220of252_2026-05-13_19-21-43/solutions/instance_n=20_91_c01/run_info.json
instance_n=20_91,2,c02,instance_n=20_91_c02,Otto,20,1000.0,OK,15,4,0.266667,7,11,66656827,4443788.47,9511586,7035.28,59.5213,93.6496,2026-05-19T15:15:37.548012,low,mid,mid,mid,fixed,fixed,0.9747,0.6363,1.0065,1.1801,0.0751,0.0437,0.0322,0.0481,0.05,5.0,task,2042,674295.76,0.628198,484.0,2724.315,90.0,0.0,440.0,2476.65,87.952296,0.439479,2501.258728,350.0,2476.65,15,/Users/hindbhr/Documents/Codex/2026-05-13/clone-this-repository-https-github-com/CALBP-IJPR/published_results/l9_task_progress_220of252_2026-05-13_19-21-43/solutions/instance_n=20_91_c02,/Users/hindbhr/Documents/Codex/2026-05-13/clone-this-repository-https-github-com/CALBP-IJPR/published_results/l9_task_progress_220of252_2026-05-13_19-21-43/solutions/instance_n=20_91_c02/run_info.json
instance_n=20_91,3,c03,instance_n=20_91_c03,Otto,20,1079.4,OK,10,2,0.2,9,9,51002334,5100233.4,6954429,3428.67,54.5292,84.277,2026-05-19T16:12:46.225530,low,high,high,high,fixed,fixed,0.976,0.8664,1.0726,1.3583,0.0685,0.0356,0.0126,0.0461,0.05,5.0,task,3042,477537.495,0.569228,396.0,2663.243,81.0,0.0,360.0,2421.13,24.340872,0.076603,2437.152329,279.0,2421.13,10,/Users/hindbhr/Documents/Codex/2026-05-13/clone-this-repository-https-github-com/CALBP-IJPR/published_results/l9_task_progress_220of252_2026-05-13_19-21-43/solutions/instance_n=20_91_c03,/Users/hindbhr/Documents/Codex/2026-05-13/clone-this-repository-https-github-com/CALBP-IJPR/published_results/l9_task_progress_220of252_2026-05-13_19-21-43/solutions/instance_n=20_91_c03/run_info.json
instance_n=20_91,4,c04,instance_n=20_91_c04,Otto,20,1593.9,OK,8,8,1.0,3,9,5027199,628399.88,1562763,252.97,0.0,0.0,2026-05-19T16:16:59.199512,mid,low,mid,high,fixed,fixed,1.4377,0.3723,1.0021,1.3683,0.1027,0.0414,0.0209,0.043,0.05,5.0,task,4042,770995.1085,0.864933,308.0,3926.8405,81.0,0.0,280.0,3569.855,579.574638,0.96369,3575.397282,199.0,3569.855,8,/Users/hindbhr/Documents/Codex/2026-05-13/clone-this-repository-https-github-com/CALBP-IJPR/published_results/l9_task_progress_220of252_2026-05-13_19-21-43/solutions/instance_n=20_91_c04,/Users/hindbhr/Documents/Codex/2026-05-13/clone-this-repository-https-github-com/CALBP-IJPR/published_results/l9_task_progress_220of252_2026-05-13_19-21-43/solutions/instance_n=20_91_c04/run_info.json
instance_n=20_91,5,c05,instance_n=20_91_c05,Otto,20,1131.9,OK,9,1,0.111111,6,14,52584851,5842761.22,9863056,6611.25,70.872,92.0798,2026-05-19T18:07:10.453185,mid,mid,high,low,fixed,fixed,1.4094,0.6231,1.0757,1.0525,0.0963,0.0379,0.0142,0.0279,0.05,5.0,task,5042,554138.177,0.701332,396.0,3376.593,162.0,0.0,360.0,3069.63,107.43826,0.353374,3076.009157,198.0,3069.63,9,/Users/hindbhr/Documents/Codex/2026-05-13/clone-this-repository-https-github-com/CALBP-IJPR/published_results/l9_task_progress_220of252_2026-05-13_19-21-43/solutions/instance_n=20_91_c05,/Users/hindbhr/Documents/Codex/2026-05-13/clone-this-repository-https-github-com/CALBP-IJPR/published_results/l9_task_progress_220of252_2026-05-13_19-21-43/solutions/instance_n=20_91_c05/run_info.json
instance_n=20_91,6,c06,instance_n=20_91_c06,Otto,20,1269.45,OK,9,2,0.222222,7,13,46621502,5180166.89,6539589,4798.58,59.433,87.2377,2026-05-19T19:27:09.032269,mid,high,low,mid,fixed,fixed,1.4015,0.8585,0.9059,1.1681,0.1146,0.0461,0.0257,0.0498,0.05,5.0,task,6042,562377.76125,0.61437,352.0,3895.2018,117.0,0.0,320.0,3541.0925,80.010114,0.139517,3546.906412,203.0,3541.0925,9,/Users/hindbhr/Documents/Codex/2026-05-13/clone-this-repository-https-github-com/CALBP-IJPR/published_results/l9_task_progress_220of252_2026-05-13_19-21-43/solutions/instance_n=20_91_c06,/Users/hindbhr/Documents/Codex/2026-05-13/clone-this-repository-https-github-com/CALBP-IJPR/published_results/l9_task_progress_220of252_2026-05-13_19-21-43/solutions/instance_n=20_91_c06/run_info.json
instance_n=20_91,7,c07,instance_n=20_91_c07,Otto,20,1982.4,OK,5,5,1.0,2,5,2923563,584712.6,1296711,208.03,0.0,0.0,2026-05-19T19:30:37.067486,high,low,high,mid,fixed,fixed,2.1571,0.3772,1.0761,1.1891,0.1865,0.0405,0.0125,0.0392,0.05,5.0,task,7042,33377.92,0.416109,220.0,617.034,90.0,0.0,200.0,560.94,125.09125,0.648649,571.623726,110.0,560.94,5,/Users/hindbhr/Documents/Codex/2026-05-13/clone-this-repository-https-github-com/CALBP-IJPR/published_results/l9_task_progress_220of252_2026-05-13_19-21-43/solutions/instance_n=20_91_c07,/Users/hindbhr/Documents/Codex/2026-05-13/clone-this-repository-https-github-com/CALBP-IJPR/published_results/l9_task_progress_220of252_2026-05-13_19-21-43/solutions/instance_n=20_91_c07/run_info.json
instance_n=20_91,8,c08,instance_n=20_91_c08,Otto,20,2143.05,OK,6,4,0.666667,3,11,17653385,2942230.83,7390635,888.55,8.4683,25.7169,2026-05-19T19:45:25.620249,high,mid,low,high,fixed,fixed,2.1185,0.6368,0.9064,1.3656,0.2282,0.034,0.0301,0.0598,0.05,5.0,task,8042,545707.64025,0.779245,220.0,5787.6253,99.0,0.0,200.0,5261.4775,597.789585,0.444601,5262.446815,101.0,5261.4775,6,/Users/hindbhr/Documents/Codex/2026-05-13/clone-this-repository-https-github-com/CALBP-IJPR/published_results/l9_task_progress_220of252_2026-05-13_19-21-43/solutions/instance_n=20_91_c08,/Users/hindbhr/Documents/Codex/2026-05-13/clone-this-repository-https-github-com/CALBP-IJPR/published_results/l9_task_progress_220of252_2026-05-13_19-21-43/solutions/instance_n=20_91_c08/run_info.json
instance_n=20_91,9,c09,instance_n=20_91_c09,Otto,20,1618.0500000000002,OK,4,1,0.25,5,9,15965270,3991317.5,6644809,1504.96,63.0827,87.7842,2026-05-19T20:10:30.582271,high,high,mid,low,fixed,fixed,2.1304,0.8895,1.0029,1.0461,0.1856,0.0438,0.026,0.0269,0.05,5.0,task,9042,136632.5175,0.644954,264.0,2648.107,184.0,0.0,240.0,2407.37,228.799562,0.220162,2408.021245,56.0,2407.37,4,/Users/hindbhr/Documents/Codex/2026-05-13/clone-this-repository-https-github-com/CALBP-IJPR/published_results/l9_task_progress_220of252_2026-05-13_19-21-43/solutions/instance_n=20_91_c09,/Users/hindbhr/Documents/Codex/2026-05-13/clone-this-repository-https-github-com/CALBP-IJPR/published_results/l9_task_progress_220of252_2026-05-13_19-21-43/solutions/instance_n=20_91_c09/run_info.json
instance_n=20_97,1,c01,instance_n=20_97_c01,Otto,20,1000.0,OK,16,3,0.1875,,,,,,16521.13,62.3531,99.8609,2026-05-11T21:18:25.405970,low,low,low,low,fixed,fixed,0.9872,0.3753,0.8974,1.041,0.0714,0.0374,0.0307,0.0229,0.05,5.0,task,1042,1424627.67,0.85491,660.0,3068.89,117.0,0.0,600.0,2789.9,208.678543,0.885488,2831.400892,483.0,2789.9,16,/Users/hindbhr/Documents/Codex/2026-05-13/clone-this-repository-https-github-com/CALBP-IJPR/published_results/l9_task_progress_220of252_2026-05-13_19-21-43/solutions/instance_n=20_97_c01,/Users/hindbhr/Documents/Codex/2026-05-13/clone-this-repository-https-github-com/CALBP-IJPR/published_results/l9_task_progress_220of252_2026-05-13_19-21-43/solutions/instance_n=20_97_c01/run_info.json
instance_n=20_97,2,c02,instance_n=20_97_c02,Otto,20,1000.0,OK,16,1,0.0625,,,,,,29505.41,83.3586,100.0,2026-05-12T05:30:10.817827,low,mid,mid,mid,fixed,fixed,0.9747,0.6363,1.0065,1.1801,0.0751,0.0437,0.0322,0.0481,0.05,5.0,task,2042,994216.58,0.689938,660.0,2792.68,144.0,0.0,600.0,2538.8,85.437008,0.474233,2579.426572,456.0,2538.8,16,/Users/hindbhr/Documents/Codex/2026-05-13/clone-this-repository-https-github-com/CALBP-IJPR/published_results/l9_task_progress_220of252_2026-05-13_19-21-43/solutions/instance_n=20_97_c02,/Users/hindbhr/Documents/Codex/2026-05-13/clone-this-repository-https-github-com/CALBP-IJPR/published_results/l9_task_progress_220of252_2026-05-13_19-21-43/solutions/instance_n=20_97_c02/run_info.json
instance_n=20_97,3,c03,instance_n=20_97_c03,Otto,20,1086.75,OK,12,3,0.25,,,,,,15664.38,60.3721,93.5615,2026-05-12T09:51:15.207101,low,high,high,high,fixed,fixed,0.976,0.8664,1.0726,1.3583,0.0685,0.0356,0.0126,0.0461,0.05,5.0,task,3042,710606.6075,0.611983,484.0,2947.0925,90.0,0.0,440.0,2679.175,62.164994,0.15909,2701.9398,350.0,2679.175,12,/Users/hindbhr/Documents/Codex/2026-05-13/clone-this-repository-https-github-com/CALBP-IJPR/published_results/l9_task_progress_220of252_2026-05-13_19-21-43/solutions/instance_n=20_97_c03,/Users/hindbhr/Documents/Codex/2026-05-13/clone-this-repository-https-github-com/CALBP-IJPR/published_results/l9_task_progress_220of252_2026-05-13_19-21-43/solutions/instance_n=20_97_c03/run_info.json
instance_n=20_97,4,c04,instance_n=20_97_c04,Otto,20,1644.3000000000002,OK,8,5,0.625,,,,,,3237.35,12.5077,34.8341,2026-05-12T10:45:12.565902,mid,low,mid,high,fixed,fixed,1.4377,0.3723,1.0021,1.3683,0.1027,0.0414,0.0209,0.043,0.05,5.0,task,4042,822542.53,0.862511,308.0,4374.59,90.0,0.0,280.0,3976.9,603.925035,0.882731,3981.436124,190.0,3976.9,8,/Users/hindbhr/Documents/Codex/2026-05-13/clone-this-repository-https-github-com/CALBP-IJPR/published_results/l9_task_progress_220of252_2026-05-13_19-21-43/solutions/instance_n=20_97_c04,/Users/hindbhr/Documents/Codex/2026-05-13/clone-this-repository-https-github-com/CALBP-IJPR/published_results/l9_task_progress_220of252_2026-05-13_19-21-43/solutions/instance_n=20_97_c04/run_info.json
instance_n=20_97,5,c05,instance_n=20_97_c05,Otto,20,1141.3500000000001,OK,10,2,0.2,,,,,,7559.86,69.4663,95.8224,2026-05-12T12:51:12.434424,mid,mid,high,low,fixed,fixed,1.4094,0.6231,1.0757,1.0525,0.0963,0.0379,0.0142,0.0279,0.05,5.0,task,5042,564268.68025,0.702964,440.0,3198.0053,189.0,0.0,400.0,2907.2775,177.953987,0.534605,2914.924264,211.0,2907.2775,10,/Users/hindbhr/Documents/Codex/2026-05-13/clone-this-repository-https-github-com/CALBP-IJPR/published_results/l9_task_progress_220of252_2026-05-13_19-21-43/solutions/instance_n=20_97_c05,/Users/hindbhr/Documents/Codex/2026-05-13/clone-this-repository-https-github-com/CALBP-IJPR/published_results/l9_task_progress_220of252_2026-05-13_19-21-43/solutions/instance_n=20_97_c05/run_info.json
instance_n=20_97,6,c06,instance_n=20_97_c06,Otto,20,1258.95,OK,10,1,0.1,,,,,,6668.99,74.6471,95.3462,2026-05-12T14:42:21.427386,mid,high,low,mid,fixed,fixed,1.4015,0.8585,0.9059,1.1681,0.1146,0.0461,0.0257,0.0498,0.05,5.0,task,6042,449568.7065,0.633555,396.0,3347.157,184.0,0.0,360.0,3042.87,169.937079,0.379376,3047.955682,176.0,3042.87,10,/Users/hindbhr/Documents/Codex/2026-05-13/clone-this-repository-https-github-com/CALBP-IJPR/published_results/l9_task_progress_220of252_2026-05-13_19-21-43/solutions/instance_n=20_97_c06,/Users/hindbhr/Documents/Codex/2026-05-13/clone-this-repository-https-github-com/CALBP-IJPR/published_results/l9_task_progress_220of252_2026-05-13_19-21-43/solutions/instance_n=20_97_c06/run_info.json
instance_n=20_97,7,c07,instance_n=20_97_c07,Otto,20,2116.8,OK,4,4,1.0,,,,,,96.82,0.0,0.0,2026-05-12T14:43:58.254091,high,low,high,mid,fixed,fixed,2.1571,0.3772,1.0761,1.1891,0.1865,0.0405,0.0125,0.0392,0.05,5.0,task,7042,35953.64,0.409632,220.0,675.158,90.0,0.0,200.0,613.78,92.514607,0.35572,623.55905,110.0,613.78,4,/Users/hindbhr/Documents/Codex/2026-05-13/clone-this-repository-https-github-com/CALBP-IJPR/published_results/l9_task_progress_220of252_2026-05-13_19-21-43/solutions/instance_n=20_97_c07,/Users/hindbhr/Documents/Codex/2026-05-13/clone-this-repository-https-github-com/CALBP-IJPR/published_results/l9_task_progress_220of252_2026-05-13_19-21-43/solutions/instance_n=20_97_c07/run_info.json
instance_n=20_97,8,c08,instance_n=20_97_c08,Otto,20,2249.1,OK,6,4,0.666667,,,,,,3498.32,13.1538,47.2629,2026-05-12T15:42:16.580115,high,mid,low,high,fixed,fixed,2.1185,0.6368,0.9064,1.3656,0.2282,0.034,0.0301,0.0598,0.05,5.0,task,8042,341547.493,0.701459,220.0,4347.409,108.0,0.0,200.0,3952.19,672.850672,0.692302,3953.260654,92.0,3952.19,6,/Users/hindbhr/Documents/Codex/2026-05-13/clone-this-repository-https-github-com/CALBP-IJPR/published_results/l9_task_progress_220of252_2026-05-13_19-21-43/solutions/instance_n=20_97_c08,/Users/hindbhr/Documents/Codex/2026-05-13/clone-this-repository-https-github-com/CALBP-IJPR/published_results/l9_task_progress_220of252_2026-05-13_19-21-43/solutions/instance_n=20_97_c08/run_info.json
instance_n=20_97,9,c09,instance_n=20_97_c09,Otto,20,1977.15,OK,3,1,0.333333,,,,,,3292.58,32.8075,61.3159,2026-05-12T16:37:09.158327,high,high,mid,low,fixed,fixed,2.1304,0.8895,1.0029,1.0461,0.1856,0.0438,0.026,0.0269,0.05,5.0,task,9042,60534.8395,0.634222,264.0,1136.278,180.0,0.0,240.0,1032.98,290.791123,0.494067,1034.721064,60.0,1032.98,3,/Users/hindbhr/Documents/Codex/2026-05-13/clone-this-repository-https-github-com/CALBP-IJPR/published_results/l9_task_progress_220of252_2026-05-13_19-21-43/solutions/instance_n=20_97_c09,/Users/hindbhr/Documents/Codex/2026-05-13/clone-this-repository-https-github-com/CALBP-IJPR/published_results/l9_task_progress_220of252_2026-05-13_19-21-43/solutions/instance_n=20_97_c09/run_info.json
instance_n=20_99,1,c01,instance_n=20_99_c01,Otto,20,1000.0,OK,13,2,0.153846,4,12,23246885,1788221.92,3691114,18262.09,57.3179,100.0,2026-05-13T11:05:24.006801,low,low,low,low,fixed,fixed,0.9872,0.3753,0.8974,1.041,0.0714,0.0374,0.0307,0.0229,0.05,5.0,task,1042,1011044.7,0.81744,528.0,2944.865,108.0,0.0,480.0,2677.15,209.189132,0.836709,2702.871829,372.0,2677.15,13,/Users/hindbhr/Documents/Codex/2026-05-13/clone-this-repository-https-github-com/CALBP-IJPR/published_results/l9_task_progress_220of252_2026-05-13_19-21-43/solutions/instance_n=20_99_c01,/Users/hindbhr/Documents/Codex/2026-05-13/clone-this-repository-https-github-com/CALBP-IJPR/published_results/l9_task_progress_220of252_2026-05-13_19-21-43/solutions/instance_n=20_99_c01/run_info.json
instance_n=20_99,2,c02,instance_n=20_99_c02,Otto,20,1000.0,OK,18,1,0.055556,8,12,24745349,1374741.61,6368058,22298.9,80.8227,100.0,2026-05-13T17:17:02.911899,low,mid,mid,mid,fixed,fixed,0.9747,0.6363,1.0065,1.1801,0.0751,0.0437,0.0322,0.0481,0.05,5.0,task,2042,825639.95,0.651786,528.0,3016.035,108.0,0.0,480.0,2741.85,102.045216,0.565518,2766.970441,372.0,2741.85,18,/Users/hindbhr/Documents/Codex/2026-05-13/clone-this-repository-https-github-com/CALBP-IJPR/published_results/l9_task_progress_220of252_2026-05-13_19-21-43/solutions/instance_n=20_99_c02,/Users/hindbhr/Documents/Codex/2026-05-13/clone-this-repository-https-github-com/CALBP-IJPR/published_results/l9_task_progress_220of252_2026-05-13_19-21-43/solutions/instance_n=20_99_c02/run_info.json
instance_n=20_99,3,c03,instance_n=20_99_c03,Otto,20,1092.0,OK,13,3,0.230769,9,11,64627889,4971376.08,8115205,5346.27,58.7413,92.4531,2026-05-13T18:46:09.191737,low,high,high,high,fixed,fixed,0.976,0.8664,1.0726,1.3583,0.0685,0.0356,0.0126,0.0461,0.05,5.0,task,3042,687676.07,0.614334,484.0,2841.08,90.0,0.0,440.0,2582.8,109.78857,0.284066,2606.406691,350.0,2582.8,13,/Users/hindbhr/Documents/Codex/2026-05-13/clone-this-repository-https-github-com/CALBP-IJPR/published_results/l9_task_progress_220of252_2026-05-13_19-21-43/solutions/instance_n=20_99_c03,/Users/hindbhr/Documents/Codex/2026-05-13/clone-this-repository-https-github-com/CALBP-IJPR/published_results/l9_task_progress_220of252_2026-05-13_19-21-43/solutions/instance_n=20_99_c03/run_info.json
instance_n=20_99,4,c04,instance_n=20_99_c04,Otto,20,1562.4,OK,8,7,0.875,3,10,9732282,1216535.25,3800204,590.76,1.7655,14.1237,2026-05-13T18:55:59.954621,mid,low,mid,high,fixed,fixed,1.4377,0.3723,1.0021,1.3683,0.1027,0.0414,0.0209,0.043,0.05,5.0,task,4042,787855.83,0.853258,308.0,4235.55,90.0,0.0,280.0,3850.5,562.154643,0.867966,3855.184853,190.0,3850.5,8,/Users/hindbhr/Documents/Codex/2026-05-13/clone-this-repository-https-github-com/CALBP-IJPR/published_results/l9_task_progress_220of252_2026-05-13_19-21-43/solutions/instance_n=20_99_c04,/Users/hindbhr/Documents/Codex/2026-05-13/clone-this-repository-https-github-com/CALBP-IJPR/published_results/l9_task_progress_220of252_2026-05-13_19-21-43/solutions/instance_n=20_99_c04/run_info.json
instance_n=20_99,5,c05,instance_n=20_99_c05,Otto,20,1135.05,OK,11,1,0.090909,6,19,45111767,4101069.73,7093671,5714.21,71.9689,96.5988,2026-05-18T16:39:16.520982,mid,mid,high,low,fixed,fixed,1.4094,0.6231,1.0757,1.0525,0.0963,0.0379,0.0142,0.0279,0.05,5.0,task,5042,866330.52025,0.727906,440.0,4424.4172,171.0,0.0,400.0,4022.1975,157.296793,0.373699,4028.711175,229.0,4022.1975,11,/Users/hindbhr/Documents/Codex/2026-05-13/clone-this-repository-https-github-com/CALBP-IJPR/published_results/l9_task_progress_220of252_2026-05-13_19-21-43/solutions/instance_n=20_99_c05,/Users/hindbhr/Documents/Codex/2026-05-13/clone-this-repository-https-github-com/CALBP-IJPR/published_results/l9_task_progress_220of252_2026-05-13_19-21-43/solutions/instance_n=20_99_c05/run_info.json
instance_n=20_99,6,c06,instance_n=20_99_c06,Otto,20,1370.25,OK,11,1,0.090909,7,12,54619886,4965444.18,7778294,4831.39,68.629,86.363,2026-05-18T17:59:47.912135,mid,high,low,mid,fixed,fixed,1.4015,0.8585,0.9059,1.1681,0.1146,0.0461,0.0257,0.0498,0.05,5.0,task,6042,609792.435,0.6015,352.0,4154.865,108.0,0.0,320.0,3777.15,202.953703,0.353539,3783.094781,212.0,3777.15,11,/Users/hindbhr/Documents/Codex/2026-05-13/clone-this-repository-https-github-com/CALBP-IJPR/published_results/l9_task_progress_220of252_2026-05-13_19-21-43/solutions/instance_n=20_99_c06,/Users/hindbhr/Documents/Codex/2026-05-13/clone-this-repository-https-github-com/CALBP-IJPR/published_results/l9_task_progress_220of252_2026-05-13_19-21-43/solutions/instance_n=20_99_c06/run_info.json
instance_n=20_99,7,c07,instance_n=20_99_c07,Otto,20,2060.1,OK,4,4,1.0,2,5,4717061,1179265.25,4267450,303.86,0.0,0.0,2026-05-18T18:04:51.775599,high,low,high,mid,fixed,fixed,2.1571,0.3772,1.0761,1.1891,0.1865,0.0405,0.0125,0.0392,0.05,5.0,task,7042,35122.305,0.41013,220.0,658.746,90.0,0.0,200.0,598.86,89.492178,0.354541,608.878723,110.0,598.86,4,/Users/hindbhr/Documents/Codex/2026-05-13/clone-this-repository-https-github-com/CALBP-IJPR/published_results/l9_task_progress_220of252_2026-05-13_19-21-43/solutions/instance_n=20_99_c07,/Users/hindbhr/Documents/Codex/2026-05-13/clone-this-repository-https-github-com/CALBP-IJPR/published_results/l9_task_progress_220of252_2026-05-13_19-21-43/solutions/instance_n=20_99_c07/run_info.json
instance_n=20_99,8,c08,instance_n=20_99_c08,Otto,20,2743.65,OK,6,2,0.333333,3,9,25168483,4194747.17,6975419,1240.56,18.2065,32.9942,2026-05-18T18:25:32.335644,high,mid,low,high,fixed,fixed,2.1185,0.6368,0.9064,1.3656,0.2282,0.034,0.0301,0.0598,0.05,5.0,task,8042,417458.93875,0.705345,176.0,6230.0068,81.0,0.0,160.0,5663.6425,877.411769,0.568359,5664.193444,79.0,5663.6425,6,/Users/hindbhr/Documents/Codex/2026-05-13/clone-this-repository-https-github-com/CALBP-IJPR/published_results/l9_task_progress_220of252_2026-05-13_19-21-43/solutions/instance_n=20_99_c08,/Users/hindbhr/Documents/Codex/2026-05-13/clone-this-repository-https-github-com/CALBP-IJPR/published_results/l9_task_progress_220of252_2026-05-13_19-21-43/solutions/instance_n=20_99_c08/run_info.json
instance_n=20_99,9,c09,instance_n=20_99_c09,Otto,20,1684.2,OK,5,2,0.4,5,10,13581576,2716315.2,5484353,2128.44,53.9568,94.8704,2026-05-19T09:54:07.673353,high,high,mid,low,fixed,fixed,2.1304,0.8895,1.0029,1.0461,0.1856,0.0438,0.026,0.0269,0.05,5.0,task,9042,261742.39,0.791873,308.0,3004.87,198.0,0.0,280.0,2731.7,423.650064,0.483005,2732.930458,82.0,2731.7,5,/Users/hindbhr/Documents/Codex/2026-05-13/clone-this-repository-https-github-com/CALBP-IJPR/published_results/l9_task_progress_220of252_2026-05-13_19-21-43/solutions/instance_n=20_99_c09,/Users/hindbhr/Documents/Codex/2026-05-13/clone-this-repository-https-github-com/CALBP-IJPR/published_results/l9_task_progress_220of252_2026-05-13_19-21-43/solutions/instance_n=20_99_c09/run_info.json
