campaign_name,instance_name,config_id,config_name,run_name,source,n_tasks,T,status,n_pareto,n_certified,cert_rate,min_stations,max_stations,solver_iterations_total,solver_iterations_mean,solver_iterations_max,total_cpu_s,gap_mean_pct,gap_max_pct,timestamp,alpha_level,beta_level,gamma_level,sigma_level,R_e_level,C_c_level,alpha_ci,beta_su,gamma_setup,sigma_si,alpha_ci_std,beta_su_std,gamma_setup_std,sigma_si_std,R_e,C_c,factor_granularity,seed,HV_abs,HV_norm,ref_cost,ref_energy,ideal_cost,ideal_energy,nadir_cost,nadir_energy,spacing,spread_delta,max_spread,cost_range,energy_range,PF_size,results_dir,run_info_path
results_doe_L9,Scholl_JAESCHKE,1,c01,Scholl_JAESCHKE_c01,Scholl,9,30.0,OK,4,4,1.0,1,2,,,,0.54,0.0,0.0,2026-04-22T18:14:23.114797,low,low,low,low,fixed,fixed,0.9394,0.3558,0.9076,1.0747,0.0,0.0,0.0,0.0,0.05,5.0,instance,1042,643.55,0.51751,88.0,17.765,18.0,0.0,80.0,16.15,14.302535,0.459003,64.068889,62.0,16.15,4,/Users/admin/Desktop/AMine/published_results/archive_v1_newformat_2026-05-13/results_doe_L9,/Users/admin/Desktop/AMine/published_results/archive_v1_newformat_2026-05-13/results_doe_L9/solutions/Scholl_JAESCHKE_c01/run_info.json
results_doe_L9,Scholl_JAESCHKE,2,c02,Scholl_JAESCHKE_c02,Scholl,9,30.0,OK,4,4,1.0,1,2,,,,0.49,0.0,0.0,2026-04-22T18:14:23.609111,low,mid,mid,mid,fixed,fixed,0.9834,0.594,1.0293,1.1083,0.0,0.0,0.0,0.0,0.05,5.0,instance,2042,643.4,0.51739,88.0,17.765,18.0,0.0,80.0,16.15,14.644026,0.468035,64.068889,62.0,16.15,4,/Users/admin/Desktop/AMine/published_results/archive_v1_newformat_2026-05-13/results_doe_L9,/Users/admin/Desktop/AMine/published_results/archive_v1_newformat_2026-05-13/results_doe_L9/solutions/Scholl_JAESCHKE_c02/run_info.json
results_doe_L9,Scholl_JAESCHKE,3,c03,Scholl_JAESCHKE_c03,Scholl,9,30.0,OK,3,3,1.0,2,2,,,,0.41,0.0,0.0,2026-04-22T18:14:24.016205,low,high,high,high,fixed,fixed,0.8528,0.9373,1.0988,1.4043,0.0,0.0,0.0,0.0,0.05,5.0,instance,3042,617.35,0.496442,88.0,17.765,18.0,0.0,80.0,16.15,4.64767,0.03121,64.068889,62.0,16.15,3,/Users/admin/Desktop/AMine/published_results/archive_v1_newformat_2026-05-13/results_doe_L9,/Users/admin/Desktop/AMine/published_results/archive_v1_newformat_2026-05-13/results_doe_L9/solutions/Scholl_JAESCHKE_c03/run_info.json
results_doe_L9,Scholl_JAESCHKE,4,c04,Scholl_JAESCHKE_c04,Scholl,9,30.0,OK,4,4,1.0,1,2,,,,0.48,0.0,0.0,2026-04-22T18:14:24.496039,mid,low,mid,high,fixed,fixed,1.239,0.3718,0.9695,1.3848,0.0,0.0,0.0,0.0,0.05,5.0,instance,4042,664.15,0.522747,88.0,18.15,18.0,0.0,80.0,16.5,14.310275,0.457021,64.158008,62.0,16.5,4,/Users/admin/Desktop/AMine/published_results/archive_v1_newformat_2026-05-13/results_doe_L9,/Users/admin/Desktop/AMine/published_results/archive_v1_newformat_2026-05-13/results_doe_L9/solutions/Scholl_JAESCHKE_c04/run_info.json
results_doe_L9,Scholl_JAESCHKE,5,c05,Scholl_JAESCHKE_c05,Scholl,9,30.0,OK,4,4,1.0,1,2,,,,0.49,0.0,0.0,2026-04-22T18:14:24.985738,mid,mid,high,low,fixed,fixed,1.2972,0.6475,1.0861,1.0772,0.0,0.0,0.0,0.0,0.05,5.0,instance,5042,730.75,0.51718,88.0,20.185,18.0,0.0,80.0,18.35,16.051168,0.489147,64.658507,62.0,18.35,4,/Users/admin/Desktop/AMine/published_results/archive_v1_newformat_2026-05-13/results_doe_L9,/Users/admin/Desktop/AMine/published_results/archive_v1_newformat_2026-05-13/results_doe_L9/solutions/Scholl_JAESCHKE_c05/run_info.json
results_doe_L9,Scholl_JAESCHKE,6,c06,Scholl_JAESCHKE_c06,Scholl,9,30.0,OK,3,3,1.0,2,2,,,,0.41,0.0,0.0,2026-04-22T18:14:25.393987,mid,high,low,mid,fixed,fixed,1.2683,0.933,0.9073,1.188,0.0,0.0,0.0,0.0,0.05,5.0,instance,6042,675.65,0.505745,88.0,19.085,18.0,0.0,80.0,17.35,5.45596,0.038779,64.381849,62.0,17.35,3,/Users/admin/Desktop/AMine/published_results/archive_v1_newformat_2026-05-13/results_doe_L9,/Users/admin/Desktop/AMine/published_results/archive_v1_newformat_2026-05-13/results_doe_L9/solutions/Scholl_JAESCHKE_c06/run_info.json
results_doe_L9,Scholl_JAESCHKE,7,c07,Scholl_JAESCHKE_c07,Scholl,9,30.0,OK,4,4,1.0,1,3,,,,0.47,0.0,0.0,2026-04-22T18:14:25.869095,high,low,high,mid,fixed,fixed,2.0414,0.4438,1.0683,1.2229,0.0,0.0,0.0,0.0,0.05,5.0,instance,7042,1082.385,0.612179,88.0,28.985,27.0,0.0,80.0,26.35,16.123017,0.486833,59.188871,53.0,26.35,4,/Users/admin/Desktop/AMine/published_results/archive_v1_newformat_2026-05-13/results_doe_L9,/Users/admin/Desktop/AMine/published_results/archive_v1_newformat_2026-05-13/results_doe_L9/solutions/Scholl_JAESCHKE_c07/run_info.json
results_doe_L9,Scholl_JAESCHKE,8,c08,Scholl_JAESCHKE_c08,Scholl,9,30.0,OK,4,4,1.0,1,4,,,,0.48,0.0,0.0,2026-04-22T18:14:26.349104,high,mid,low,high,fixed,fixed,2.3614,0.5973,0.9424,1.2626,0.0,0.0,0.0,0.0,0.05,5.0,instance,8042,1110.08,0.708284,88.0,30.14,36.0,0.0,80.0,27.4,14.50864,0.47725,51.833966,44.0,27.4,4,/Users/admin/Desktop/AMine/published_results/archive_v1_newformat_2026-05-13/results_doe_L9,/Users/admin/Desktop/AMine/published_results/archive_v1_newformat_2026-05-13/results_doe_L9/solutions/Scholl_JAESCHKE_c08/run_info.json
results_doe_L9,Scholl_JAESCHKE,9,c09,Scholl_JAESCHKE_c09,Scholl,9,30.0,OK,3,3,1.0,2,3,,,,0.39,0.0,0.0,2026-04-22T18:14:26.742025,high,high,mid,low,fixed,fixed,2.0961,0.8926,0.9936,1.0926,0.0,0.0,0.0,0.0,0.05,5.0,instance,9042,969.685,0.570073,88.0,27.885,27.0,0.0,80.0,25.35,2.973354,0.031723,58.750511,53.0,25.35,3,/Users/admin/Desktop/AMine/published_results/archive_v1_newformat_2026-05-13/results_doe_L9,/Users/admin/Desktop/AMine/published_results/archive_v1_newformat_2026-05-13/results_doe_L9/solutions/Scholl_JAESCHKE_c09/run_info.json
results_doe_L9,Scholl_MANSOOR,1,c01,Scholl_MANSOOR_c01,Scholl,11,600.0,OK,2,2,1.0,1,1,,,,0.22,0.0,0.0,2026-04-22T18:14:26.961369,low,low,low,low,fixed,fixed,0.9394,0.3558,0.9076,1.0747,0.0,0.0,0.0,0.0,0.05,5.0,instance,1042,525.375,0.194805,44.0,77.055,9.0,0.0,40.0,70.05,0.0,0.0,76.602888,31.0,70.05,2,/Users/admin/Desktop/AMine/published_results/archive_v1_newformat_2026-05-13/results_doe_L9,/Users/admin/Desktop/AMine/published_results/archive_v1_newformat_2026-05-13/results_doe_L9/solutions/Scholl_MANSOOR_c01/run_info.json
results_doe_L9,Scholl_MANSOOR,2,c02,Scholl_MANSOOR_c02,Scholl,11,600.0,OK,2,2,1.0,1,1,,,,0.21,0.0,0.0,2026-04-22T18:14:27.176039,low,mid,mid,mid,fixed,fixed,0.9834,0.594,1.0293,1.1083,0.0,0.0,0.0,0.0,0.05,5.0,instance,2042,545.625,0.194805,44.0,80.025,9.0,0.0,40.0,72.75,0.0,0.0,79.07947,31.0,72.75,2,/Users/admin/Desktop/AMine/published_results/archive_v1_newformat_2026-05-13/results_doe_L9,/Users/admin/Desktop/AMine/published_results/archive_v1_newformat_2026-05-13/results_doe_L9/solutions/Scholl_MANSOOR_c02/run_info.json
results_doe_L9,Scholl_MANSOOR,3,c03,Scholl_MANSOOR_c03,Scholl,11,600.0,OK,2,2,1.0,1,1,,,,0.21,0.0,0.0,2026-04-22T18:14:27.390584,low,high,high,high,fixed,fixed,0.8528,0.9373,1.0988,1.4043,0.0,0.0,0.0,0.0,0.05,5.0,instance,3042,516.375,0.194805,44.0,75.735,9.0,0.0,40.0,68.85,0.0,0.0,75.507102,31.0,68.85,2,/Users/admin/Desktop/AMine/published_results/archive_v1_newformat_2026-05-13/results_doe_L9,/Users/admin/Desktop/AMine/published_results/archive_v1_newformat_2026-05-13/results_doe_L9/solutions/Scholl_MANSOOR_c03/run_info.json
results_doe_L9,Scholl_MANSOOR,4,c04,Scholl_MANSOOR_c04,Scholl,11,600.0,OK,2,2,1.0,1,1,,,,0.22,0.0,0.0,2026-04-22T18:14:27.609323,mid,low,mid,high,fixed,fixed,1.239,0.3718,0.9695,1.3848,0.0,0.0,0.0,0.0,0.05,5.0,instance,4042,647.25,0.194805,44.0,94.93,9.0,0.0,40.0,86.3,0.0,0.0,91.698909,31.0,86.3,2,/Users/admin/Desktop/AMine/published_results/archive_v1_newformat_2026-05-13/results_doe_L9,/Users/admin/Desktop/AMine/published_results/archive_v1_newformat_2026-05-13/results_doe_L9/solutions/Scholl_MANSOOR_c04/run_info.json
results_doe_L9,Scholl_MANSOOR,5,c05,Scholl_MANSOOR_c05,Scholl,11,600.0,OK,2,2,1.0,1,1,,,,0.23,0.0,0.0,2026-04-22T18:14:27.839963,mid,mid,high,low,fixed,fixed,1.2972,0.6475,1.0861,1.0772,0.0,0.0,0.0,0.0,0.05,5.0,instance,5042,628.125,0.194805,44.0,92.125,9.0,0.0,40.0,83.75,0.0,0.0,89.303205,31.0,83.75,2,/Users/admin/Desktop/AMine/published_results/archive_v1_newformat_2026-05-13/results_doe_L9,/Users/admin/Desktop/AMine/published_results/archive_v1_newformat_2026-05-13/results_doe_L9/solutions/Scholl_MANSOOR_c05/run_info.json
results_doe_L9,Scholl_MANSOOR,6,c06,Scholl_MANSOOR_c06,Scholl,11,600.0,OK,2,2,1.0,1,1,,,,0.22,0.0,0.0,2026-04-22T18:14:28.059600,mid,high,low,mid,fixed,fixed,1.2683,0.933,0.9073,1.188,0.0,0.0,0.0,0.0,0.05,5.0,instance,6042,666.75,0.194805,44.0,97.79,9.0,0.0,40.0,88.9,0.0,0.0,94.149934,31.0,88.9,2,/Users/admin/Desktop/AMine/published_results/archive_v1_newformat_2026-05-13/results_doe_L9,/Users/admin/Desktop/AMine/published_results/archive_v1_newformat_2026-05-13/results_doe_L9/solutions/Scholl_MANSOOR_c06/run_info.json
results_doe_L9,Scholl_MANSOOR,7,c07,Scholl_MANSOOR_c07,Scholl,11,600.0,OK,2,2,1.0,1,1,,,,0.21,0.0,0.0,2026-04-22T18:14:28.275258,high,low,high,mid,fixed,fixed,2.0414,0.4438,1.0683,1.2229,0.0,0.0,0.0,0.0,0.05,5.0,instance,7042,831.0,0.194805,44.0,121.88,9.0,0.0,40.0,110.8,0.0,0.0,115.054943,31.0,110.8,2,/Users/admin/Desktop/AMine/published_results/archive_v1_newformat_2026-05-13/results_doe_L9,/Users/admin/Desktop/AMine/published_results/archive_v1_newformat_2026-05-13/results_doe_L9/solutions/Scholl_MANSOOR_c07/run_info.json
results_doe_L9,Scholl_MANSOOR,8,c08,Scholl_MANSOOR_c08,Scholl,11,600.0,OK,2,2,1.0,1,1,,,,0.23,0.0,0.0,2026-04-22T18:14:28.507738,high,mid,low,high,fixed,fixed,2.3614,0.5973,0.9424,1.2626,0.0,0.0,0.0,0.0,0.05,5.0,instance,8042,914.25,0.194805,44.0,134.09,9.0,0.0,40.0,121.9,0.0,0.0,125.780006,31.0,121.9,2,/Users/admin/Desktop/AMine/published_results/archive_v1_newformat_2026-05-13/results_doe_L9,/Users/admin/Desktop/AMine/published_results/archive_v1_newformat_2026-05-13/results_doe_L9/solutions/Scholl_MANSOOR_c08/run_info.json
results_doe_L9,Scholl_MANSOOR,9,c09,Scholl_MANSOOR_c09,Scholl,11,600.0,OK,2,2,1.0,1,1,,,,0.22,0.0,0.0,2026-04-22T18:14:28.730603,high,high,mid,low,fixed,fixed,2.0961,0.8926,0.9936,1.0926,0.0,0.0,0.0,0.0,0.05,5.0,instance,9042,872.625,0.194805,44.0,127.985,9.0,0.0,40.0,116.35,0.0,0.0,120.40898,31.0,116.35,2,/Users/admin/Desktop/AMine/published_results/archive_v1_newformat_2026-05-13/results_doe_L9,/Users/admin/Desktop/AMine/published_results/archive_v1_newformat_2026-05-13/results_doe_L9/solutions/Scholl_MANSOOR_c09/run_info.json
results_doe_L9,Scholl_MERTENS,1,c01,Scholl_MERTENS_c01,Scholl,7,60.0,OK,2,2,1.0,1,1,,,,0.45,0.0,0.0,2026-04-22T18:12:22.792841,low,low,low,low,fixed,fixed,0.9394,0.3558,0.9076,1.0747,0.0,0.0,0.0,0.0,0.05,5.0,instance,1042,94.125,0.194805,44.0,13.805,9.0,0.0,40.0,12.55,0.0,0.0,33.44402,31.0,12.55,2,/Users/admin/Desktop/AMine/published_results/archive_v1_newformat_2026-05-13/results_doe_L9,/Users/admin/Desktop/AMine/published_results/archive_v1_newformat_2026-05-13/results_doe_L9/solutions/Scholl_MERTENS_c01/run_info.json
results_doe_L9,Scholl_MERTENS,2,c02,Scholl_MERTENS_c02,Scholl,7,60.0,OK,2,2,1.0,1,1,,,,0.1,0.0,0.0,2026-04-22T18:14:21.913612,low,mid,mid,mid,fixed,fixed,0.9834,0.594,1.0293,1.1083,0.0,0.0,0.0,0.0,0.05,5.0,instance,2042,101.625,0.194805,44.0,14.905,9.0,0.0,40.0,13.55,0.0,0.0,33.831975,31.0,13.55,2,/Users/admin/Desktop/AMine/published_results/archive_v1_newformat_2026-05-13/results_doe_L9,/Users/admin/Desktop/AMine/published_results/archive_v1_newformat_2026-05-13/results_doe_L9/solutions/Scholl_MERTENS_c02/run_info.json
results_doe_L9,Scholl_MERTENS,3,c03,Scholl_MERTENS_c03,Scholl,7,60.0,OK,2,2,1.0,1,1,,,,0.09,0.0,0.0,2026-04-22T18:14:22.005727,low,high,high,high,fixed,fixed,0.8528,0.9373,1.0988,1.4043,0.0,0.0,0.0,0.0,0.05,5.0,instance,3042,94.125,0.194805,44.0,13.805,9.0,0.0,40.0,12.55,0.0,0.0,33.44402,31.0,12.55,2,/Users/admin/Desktop/AMine/published_results/archive_v1_newformat_2026-05-13/results_doe_L9,/Users/admin/Desktop/AMine/published_results/archive_v1_newformat_2026-05-13/results_doe_L9/solutions/Scholl_MERTENS_c03/run_info.json
results_doe_L9,Scholl_MERTENS,4,c04,Scholl_MERTENS_c04,Scholl,7,60.0,OK,2,2,1.0,1,1,,,,0.09,0.0,0.0,2026-04-22T18:14:22.097428,mid,low,mid,high,fixed,fixed,1.239,0.3718,0.9695,1.3848,0.0,0.0,0.0,0.0,0.05,5.0,instance,4042,105.0,0.194805,44.0,15.4,9.0,0.0,40.0,14.0,0.0,0.0,34.014703,31.0,14.0,2,/Users/admin/Desktop/AMine/published_results/archive_v1_newformat_2026-05-13/results_doe_L9,/Users/admin/Desktop/AMine/published_results/archive_v1_newformat_2026-05-13/results_doe_L9/solutions/Scholl_MERTENS_c04/run_info.json
results_doe_L9,Scholl_MERTENS,5,c05,Scholl_MERTENS_c05,Scholl,7,60.0,OK,2,2,1.0,1,1,,,,0.09,0.0,0.0,2026-04-22T18:14:22.189695,mid,mid,high,low,fixed,fixed,1.2972,0.6475,1.0861,1.0772,0.0,0.0,0.0,0.0,0.05,5.0,instance,5042,97.125,0.194805,44.0,14.245,9.0,0.0,40.0,12.95,0.0,0.0,33.596168,31.0,12.95,2,/Users/admin/Desktop/AMine/published_results/archive_v1_newformat_2026-05-13/results_doe_L9,/Users/admin/Desktop/AMine/published_results/archive_v1_newformat_2026-05-13/results_doe_L9/solutions/Scholl_MERTENS_c05/run_info.json
results_doe_L9,Scholl_MERTENS,6,c06,Scholl_MERTENS_c06,Scholl,7,60.0,OK,2,2,1.0,1,1,,,,0.09,0.0,0.0,2026-04-22T18:14:22.283852,mid,high,low,mid,fixed,fixed,1.2683,0.933,0.9073,1.188,0.0,0.0,0.0,0.0,0.05,5.0,instance,6042,104.625,0.194805,44.0,15.345,9.0,0.0,40.0,13.95,0.0,0.0,33.994154,31.0,13.95,2,/Users/admin/Desktop/AMine/published_results/archive_v1_newformat_2026-05-13/results_doe_L9,/Users/admin/Desktop/AMine/published_results/archive_v1_newformat_2026-05-13/results_doe_L9/solutions/Scholl_MERTENS_c06/run_info.json
results_doe_L9,Scholl_MERTENS,7,c07,Scholl_MERTENS_c07,Scholl,7,60.0,OK,2,2,1.0,1,2,,,,0.09,0.0,0.0,2026-04-22T18:14:22.374353,high,low,high,mid,fixed,fixed,2.0414,0.4438,1.0683,1.2229,0.0,0.0,0.0,0.0,0.05,5.0,instance,7042,143.55,0.230769,44.0,23.925,18.0,0.0,40.0,21.75,0.0,0.0,30.936427,22.0,21.75,2,/Users/admin/Desktop/AMine/published_results/archive_v1_newformat_2026-05-13/results_doe_L9,/Users/admin/Desktop/AMine/published_results/archive_v1_newformat_2026-05-13/results_doe_L9/solutions/Scholl_MERTENS_c07/run_info.json
results_doe_L9,Scholl_MERTENS,8,c08,Scholl_MERTENS_c08,Scholl,7,60.0,OK,2,2,1.0,1,2,,,,0.09,0.0,0.0,2026-04-22T18:14:22.466016,high,mid,low,high,fixed,fixed,2.3614,0.5973,0.9424,1.2626,0.0,0.0,0.0,0.0,0.05,5.0,instance,8042,147.84,0.230769,44.0,24.64,18.0,0.0,40.0,22.4,0.0,0.0,31.396815,22.0,22.4,2,/Users/admin/Desktop/AMine/published_results/archive_v1_newformat_2026-05-13/results_doe_L9,/Users/admin/Desktop/AMine/published_results/archive_v1_newformat_2026-05-13/results_doe_L9/solutions/Scholl_MERTENS_c08/run_info.json
results_doe_L9,Scholl_MERTENS,9,c09,Scholl_MERTENS_c09,Scholl,7,60.0,OK,2,2,1.0,1,2,,,,0.11,0.0,0.0,2026-04-22T18:14:22.573073,high,high,mid,low,fixed,fixed,2.0961,0.8926,0.9936,1.0926,0.0,0.0,0.0,0.0,0.05,5.0,instance,9042,143.55,0.230769,44.0,23.925,18.0,0.0,40.0,21.75,0.0,0.0,30.936427,22.0,21.75,2,/Users/admin/Desktop/AMine/published_results/archive_v1_newformat_2026-05-13/results_doe_L9,/Users/admin/Desktop/AMine/published_results/archive_v1_newformat_2026-05-13/results_doe_L9/solutions/Scholl_MERTENS_c09/run_info.json
results_doe_L9,Scholl_MITCHELL,1,c01,Scholl_MITCHELL_c01,Scholl,21,60.0,OK,4,4,1.0,1,2,,,,6.4,0.0,0.0,2026-04-22T18:14:35.133071,low,low,low,low,fixed,fixed,0.9394,0.3558,0.9076,1.0747,0.0,0.0,0.0,0.0,0.05,5.0,instance,1042,1394.05,0.467214,88.0,42.625,18.0,0.0,80.0,38.75,19.74109,0.454112,73.113354,62.0,38.75,4,/Users/admin/Desktop/AMine/published_results/archive_v1_newformat_2026-05-13/results_doe_L9,/Users/admin/Desktop/AMine/published_results/archive_v1_newformat_2026-05-13/results_doe_L9/solutions/Scholl_MITCHELL_c01/run_info.json
results_doe_L9,Scholl_MITCHELL,2,c02,Scholl_MITCHELL_c02,Scholl,21,60.0,OK,3,3,1.0,2,2,,,,5.22,0.0,0.0,2026-04-22T18:14:40.358442,low,mid,mid,mid,fixed,fixed,0.9834,0.594,1.0293,1.1083,0.0,0.0,0.0,0.0,0.05,5.0,instance,2042,1340.25,0.437883,88.0,43.725,18.0,0.0,80.0,39.75,4.76314,0.059925,73.648235,62.0,39.75,3,/Users/admin/Desktop/AMine/published_results/archive_v1_newformat_2026-05-13/results_doe_L9,/Users/admin/Desktop/AMine/published_results/archive_v1_newformat_2026-05-13/results_doe_L9/solutions/Scholl_MITCHELL_c02/run_info.json
results_doe_L9,Scholl_MITCHELL,3,c03,Scholl_MITCHELL_c03,Scholl,21,60.0,OK,3,3,1.0,2,2,,,,5.31,0.0,0.0,2026-04-22T18:14:45.666137,low,high,high,high,fixed,fixed,0.8528,0.9373,1.0988,1.4043,0.0,0.0,0.0,0.0,0.05,5.0,instance,3042,1196.4,0.431003,88.0,39.655,18.0,0.0,80.0,36.05,3.608439,0.043557,71.718913,62.0,36.05,3,/Users/admin/Desktop/AMine/published_results/archive_v1_newformat_2026-05-13/results_doe_L9,/Users/admin/Desktop/AMine/published_results/archive_v1_newformat_2026-05-13/results_doe_L9/solutions/Scholl_MITCHELL_c03/run_info.json
results_doe_L9,Scholl_MITCHELL,4,c04,Scholl_MITCHELL_c04,Scholl,21,60.0,OK,4,4,1.0,1,3,,,,5.96,0.0,0.0,2026-04-22T18:14:51.632547,mid,low,mid,high,fixed,fixed,1.239,0.3718,0.9695,1.3848,0.0,0.0,0.0,0.0,0.05,5.0,instance,4042,1726.695,0.525703,88.0,53.845,27.0,0.0,80.0,48.95,23.87685,0.538984,72.146396,53.0,48.95,4,/Users/admin/Desktop/AMine/published_results/archive_v1_newformat_2026-05-13/results_doe_L9,/Users/admin/Desktop/AMine/published_results/archive_v1_newformat_2026-05-13/results_doe_L9/solutions/Scholl_MITCHELL_c04/run_info.json
results_doe_L9,Scholl_MITCHELL,5,c05,Scholl_MITCHELL_c05,Scholl,21,60.0,OK,3,3,1.0,2,3,,,,103.95,0.0,0.0,2026-04-22T18:17:41.876685,mid,mid,high,low,fixed,fixed,1.2972,0.6475,1.0861,1.0772,0.0,0.0,0.0,0.0,0.05,5.0,instance,5042,1413.37,0.432518,88.0,53.57,27.0,0.0,80.0,48.7,4.734272,0.07759,71.97701,53.0,48.7,3,/Users/admin/Desktop/AMine/published_results/archive_v1_newformat_2026-05-13/results_doe_L9,/Users/admin/Desktop/AMine/published_results/archive_v1_newformat_2026-05-13/results_doe_L9/solutions/Scholl_MITCHELL_c05/run_info.json
results_doe_L9,Scholl_MITCHELL,6,c06,Scholl_MITCHELL_c06,Scholl,21,60.0,OK,4,4,1.0,2,3,,,,46.27,0.0,0.0,2026-04-22T18:18:28.152706,mid,high,low,mid,fixed,fixed,1.2683,0.933,0.9073,1.188,0.0,0.0,0.0,0.0,0.05,5.0,instance,6042,1358.48,0.423548,88.0,52.58,27.0,0.0,80.0,47.8,22.895524,0.519596,71.371143,53.0,47.8,4,/Users/admin/Desktop/AMine/published_results/archive_v1_newformat_2026-05-13/results_doe_L9,/Users/admin/Desktop/AMine/published_results/archive_v1_newformat_2026-05-13/results_doe_L9/solutions/Scholl_MITCHELL_c06/run_info.json
results_doe_L9,Scholl_MITCHELL,7,c07,Scholl_MITCHELL_c07,Scholl,21,60.0,OK,3,3,1.0,1,4,,,,6.33,0.0,0.0,2026-04-22T18:18:34.482665,high,low,high,mid,fixed,fixed,2.0414,0.4438,1.0683,1.2229,0.0,0.0,0.0,0.0,0.05,5.0,instance,7042,2705.39,0.66196,88.0,78.595,36.0,0.0,80.0,71.45,1.876388,0.111718,83.911278,44.0,71.45,3,/Users/admin/Desktop/AMine/published_results/archive_v1_newformat_2026-05-13/results_doe_L9,/Users/admin/Desktop/AMine/published_results/archive_v1_newformat_2026-05-13/results_doe_L9/solutions/Scholl_MITCHELL_c07/run_info.json
results_doe_L9,Scholl_MITCHELL,8,c08,Scholl_MITCHELL_c08,Scholl,21,60.0,OK,4,4,1.0,2,5,,,,6.47,0.0,0.0,2026-04-22T18:18:40.949971,high,mid,low,high,fixed,fixed,2.3614,0.5973,0.9424,1.2626,0.0,0.0,0.0,0.0,0.05,5.0,instance,8042,2155.815,0.591531,88.0,84.755,45.0,0.0,80.0,77.05,28.423963,0.575437,84.626843,35.0,77.05,4,/Users/admin/Desktop/AMine/published_results/archive_v1_newformat_2026-05-13/results_doe_L9,/Users/admin/Desktop/AMine/published_results/archive_v1_newformat_2026-05-13/results_doe_L9/solutions/Scholl_MITCHELL_c08/run_info.json
results_doe_L9,Scholl_MITCHELL,9,c09,Scholl_MITCHELL_c09,Scholl,21,60.0,OK,3,3,1.0,2,4,,,,27.82,0.0,0.0,2026-04-22T18:19:08.772168,high,high,mid,low,fixed,fixed,2.0961,0.8926,0.9936,1.0926,0.0,0.0,0.0,0.0,0.05,5.0,instance,9042,1875.28,0.459168,88.0,78.54,36.0,0.0,80.0,71.4,7.736494,0.135053,83.868707,44.0,71.4,3,/Users/admin/Desktop/AMine/published_results/archive_v1_newformat_2026-05-13/results_doe_L9,/Users/admin/Desktop/AMine/published_results/archive_v1_newformat_2026-05-13/results_doe_L9/solutions/Scholl_MITCHELL_c09/run_info.json
results_doe_archive_l9_252,Scholl_ARC111,1,c01,Scholl_ARC111_c01,Scholl,111,6000.0,OK,1,1,1.0,24,24,,,,1679.96,0.0,0.0,2026-04-23T20:21:25.360612,low,low,low,low,fixed,fixed,0.9394,0.3558,0.9076,1.0747,0.0,0.0,0.0,0.0,0.05,5.0,instance,1042,921.6,1.0,1056.0,9.6,960.0,0.0,960.0,0.0,0.0,1.0,0.0,0.0,0.0,1,/Users/admin/Desktop/AMine/published_results/archive_v1_newformat_2026-05-13/results_doe_scholl_l9,/Users/admin/Desktop/AMine/published_results/archive_v1_newformat_2026-05-13/results_doe_scholl_l9/solutions/Scholl_ARC111_c01/run_info.json
results_doe_archive_l9_252,Scholl_ARC111,2,c02,Scholl_ARC111_c02,Scholl,111,6000.0,OK,1,1,1.0,23,23,,,,2327.34,0.0,0.0,2026-04-23T21:00:12.707300,low,mid,mid,mid,fixed,fixed,0.9834,0.594,1.0293,1.1083,0.0,0.0,0.0,0.0,0.05,5.0,instance,2042,846.4,1.0,1012.0,9.2,920.0,0.0,920.0,0.0,0.0,1.0,0.0,0.0,0.0,1,/Users/admin/Desktop/AMine/published_results/archive_v1_newformat_2026-05-13/results_doe_scholl_l9,/Users/admin/Desktop/AMine/published_results/archive_v1_newformat_2026-05-13/results_doe_scholl_l9/solutions/Scholl_ARC111_c02/run_info.json
results_doe_archive_l9_252,Scholl_ARC111,3,c03,Scholl_ARC111_c03,Scholl,111,6000.0,OK,1,1,1.0,18,18,,,,2266.25,0.0,0.0,2026-04-23T21:37:58.961914,low,high,high,high,fixed,fixed,0.8528,0.9373,1.0988,1.4043,0.0,0.0,0.0,0.0,0.05,5.0,instance,3042,518.4,1.0,792.0,7.2,720.0,0.0,720.0,0.0,0.0,1.0,0.0,0.0,0.0,1,/Users/admin/Desktop/AMine/published_results/archive_v1_newformat_2026-05-13/results_doe_scholl_l9,/Users/admin/Desktop/AMine/published_results/archive_v1_newformat_2026-05-13/results_doe_scholl_l9/solutions/Scholl_ARC111_c03/run_info.json
results_doe_archive_l9_252,Scholl_ARC111,4,c04,Scholl_ARC111_c04,Scholl,111,6000.0,OK,1,1,1.0,15,15,,,,1422.38,0.0,0.0,2026-04-23T22:01:41.346271,mid,low,mid,high,fixed,fixed,1.239,0.3718,0.9695,1.3848,0.0,0.0,0.0,0.0,0.05,5.0,instance,4042,360.0,1.0,660.0,6.0,600.0,0.0,600.0,0.0,0.0,1.0,0.0,0.0,0.0,1,/Users/admin/Desktop/AMine/published_results/archive_v1_newformat_2026-05-13/results_doe_scholl_l9,/Users/admin/Desktop/AMine/published_results/archive_v1_newformat_2026-05-13/results_doe_scholl_l9/solutions/Scholl_ARC111_c04/run_info.json
results_doe_archive_l9_252,Scholl_ARC111,5,c05,Scholl_ARC111_c05,Scholl,111,6000.0,OK,1,1,1.0,18,18,,,,2283.23,0.0,0.0,2026-04-23T22:39:44.581176,mid,mid,high,low,fixed,fixed,1.2972,0.6475,1.0861,1.0772,0.0,0.0,0.0,0.0,0.05,5.0,instance,5042,518.4,1.0,792.0,7.2,720.0,0.0,720.0,0.0,0.0,1.0,0.0,0.0,0.0,1,/Users/admin/Desktop/AMine/published_results/archive_v1_newformat_2026-05-13/results_doe_scholl_l9,/Users/admin/Desktop/AMine/published_results/archive_v1_newformat_2026-05-13/results_doe_scholl_l9/solutions/Scholl_ARC111_c05/run_info.json
results_doe_archive_l9_252,Scholl_ARC111,6,c06,Scholl_ARC111_c06,Scholl,111,6000.0,OK,1,1,1.0,17,17,,,,1461.11,0.0,0.0,2026-04-23T23:04:05.703260,mid,high,low,mid,fixed,fixed,1.2683,0.933,0.9073,1.188,0.0,0.0,0.0,0.0,0.05,5.0,instance,6042,462.4,1.0,748.0,6.8,680.0,0.0,680.0,0.0,0.0,1.0,0.0,0.0,0.0,1,/Users/admin/Desktop/AMine/published_results/archive_v1_newformat_2026-05-13/results_doe_scholl_l9,/Users/admin/Desktop/AMine/published_results/archive_v1_newformat_2026-05-13/results_doe_scholl_l9/solutions/Scholl_ARC111_c06/run_info.json
results_doe_archive_l9_252,Scholl_ARC111,7,c07,Scholl_ARC111_c07,Scholl,111,6000.0,OK,1,1,1.0,11,11,,,,1337.59,0.0,0.0,2026-04-23T23:26:23.295390,high,low,high,mid,fixed,fixed,2.0414,0.4438,1.0683,1.2229,0.0,0.0,0.0,0.0,0.05,5.0,instance,7042,193.6,1.0,484.0,4.4,440.0,0.0,440.0,0.0,0.0,1.0,0.0,0.0,0.0,1,/Users/admin/Desktop/AMine/published_results/archive_v1_newformat_2026-05-13/results_doe_scholl_l9,/Users/admin/Desktop/AMine/published_results/archive_v1_newformat_2026-05-13/results_doe_scholl_l9/solutions/Scholl_ARC111_c07/run_info.json
results_doe_archive_l9_252,Scholl_ARC111,8,c08,Scholl_ARC111_c08,Scholl,111,6000.0,OK,1,1,1.0,9,9,,,,2433.5,0.0,0.0,2026-04-24T00:06:56.800354,high,mid,low,high,fixed,fixed,2.3614,0.5973,0.9424,1.2626,0.0,0.0,0.0,0.0,0.05,5.0,instance,8042,129.6,1.0,396.0,3.6,360.0,0.0,360.0,0.0,0.0,1.0,0.0,0.0,0.0,1,/Users/admin/Desktop/AMine/published_results/archive_v1_newformat_2026-05-13/results_doe_scholl_l9,/Users/admin/Desktop/AMine/published_results/archive_v1_newformat_2026-05-13/results_doe_scholl_l9/solutions/Scholl_ARC111_c08/run_info.json
results_doe_archive_l9_252,Scholl_ARC111,9,c09,Scholl_ARC111_c09,Scholl,111,6000.0,OK,1,1,1.0,11,11,,,,1380.21,0.0,0.0,2026-04-24T00:29:57.011600,high,high,mid,low,fixed,fixed,2.0961,0.8926,0.9936,1.0926,0.0,0.0,0.0,0.0,0.05,5.0,instance,9042,193.6,1.0,484.0,4.4,440.0,0.0,440.0,0.0,0.0,1.0,0.0,0.0,0.0,1,/Users/admin/Desktop/AMine/published_results/archive_v1_newformat_2026-05-13/results_doe_scholl_l9,/Users/admin/Desktop/AMine/published_results/archive_v1_newformat_2026-05-13/results_doe_scholl_l9/solutions/Scholl_ARC111_c09/run_info.json
results_doe_archive_l9_252,Scholl_ARC83,1,c01,Scholl_ARC83_c01,Scholl,83,6000.0,OK,1,1,1.0,13,13,,,,630.06,0.0,0.0,2026-04-23T15:09:09.005039,low,low,low,low,fixed,fixed,0.9394,0.3558,0.9076,1.0747,0.0,0.0,0.0,0.0,0.05,5.0,instance,1042,270.4,1.0,572.0,5.2,520.0,0.0,520.0,0.0,0.0,1.0,0.0,0.0,0.0,1,/Users/admin/Desktop/AMine/published_results/archive_v1_newformat_2026-05-13/results_doe_scholl_l9,/Users/admin/Desktop/AMine/published_results/archive_v1_newformat_2026-05-13/results_doe_scholl_l9/solutions/Scholl_ARC83_c01/run_info.json
results_doe_archive_l9_252,Scholl_ARC83,2,c02,Scholl_ARC83_c02,Scholl,83,6000.0,OK,1,1,1.0,13,13,,,,629.28,0.0,0.0,2026-04-23T15:19:38.289402,low,mid,mid,mid,fixed,fixed,0.9834,0.594,1.0293,1.1083,0.0,0.0,0.0,0.0,0.05,5.0,instance,2042,270.4,1.0,572.0,5.2,520.0,0.0,520.0,0.0,0.0,1.0,0.0,0.0,0.0,1,/Users/admin/Desktop/AMine/published_results/archive_v1_newformat_2026-05-13/results_doe_scholl_l9,/Users/admin/Desktop/AMine/published_results/archive_v1_newformat_2026-05-13/results_doe_scholl_l9/solutions/Scholl_ARC83_c02/run_info.json
results_doe_archive_l9_252,Scholl_ARC83,3,c03,Scholl_ARC83_c03,Scholl,83,6000.0,OK,1,1,1.0,13,13,,,,629.49,0.0,0.0,2026-04-23T15:30:07.787083,low,high,high,high,fixed,fixed,0.8528,0.9373,1.0988,1.4043,0.0,0.0,0.0,0.0,0.05,5.0,instance,3042,270.4,1.0,572.0,5.2,520.0,0.0,520.0,0.0,0.0,1.0,0.0,0.0,0.0,1,/Users/admin/Desktop/AMine/published_results/archive_v1_newformat_2026-05-13/results_doe_scholl_l9,/Users/admin/Desktop/AMine/published_results/archive_v1_newformat_2026-05-13/results_doe_scholl_l9/solutions/Scholl_ARC83_c03/run_info.json
results_doe_archive_l9_252,Scholl_ARC83,4,c04,Scholl_ARC83_c04,Scholl,83,6000.0,OK,1,1,1.0,12,12,,,,631.12,0.0,0.0,2026-04-23T15:40:38.912622,mid,low,mid,high,fixed,fixed,1.239,0.3718,0.9695,1.3848,0.0,0.0,0.0,0.0,0.05,5.0,instance,4042,230.4,1.0,528.0,4.8,480.0,0.0,480.0,0.0,0.0,1.0,0.0,0.0,0.0,1,/Users/admin/Desktop/AMine/published_results/archive_v1_newformat_2026-05-13/results_doe_scholl_l9,/Users/admin/Desktop/AMine/published_results/archive_v1_newformat_2026-05-13/results_doe_scholl_l9/solutions/Scholl_ARC83_c04/run_info.json
results_doe_archive_l9_252,Scholl_ARC83,5,c05,Scholl_ARC83_c05,Scholl,83,6000.0,OK,1,1,1.0,13,13,,,,629.16,0.0,0.0,2026-04-23T15:51:08.079429,mid,mid,high,low,fixed,fixed,1.2972,0.6475,1.0861,1.0772,0.0,0.0,0.0,0.0,0.05,5.0,instance,5042,270.4,1.0,572.0,5.2,520.0,0.0,520.0,0.0,0.0,1.0,0.0,0.0,0.0,1,/Users/admin/Desktop/AMine/published_results/archive_v1_newformat_2026-05-13/results_doe_scholl_l9,/Users/admin/Desktop/AMine/published_results/archive_v1_newformat_2026-05-13/results_doe_scholl_l9/solutions/Scholl_ARC83_c05/run_info.json
results_doe_archive_l9_252,Scholl_ARC83,6,c06,Scholl_ARC83_c06,Scholl,83,6000.0,OK,1,1,1.0,13,13,,,,629.23,0.0,0.0,2026-04-23T16:01:37.308603,mid,high,low,mid,fixed,fixed,1.2683,0.933,0.9073,1.188,0.0,0.0,0.0,0.0,0.05,5.0,instance,6042,270.4,1.0,572.0,5.2,520.0,0.0,520.0,0.0,0.0,1.0,0.0,0.0,0.0,1,/Users/admin/Desktop/AMine/published_results/archive_v1_newformat_2026-05-13/results_doe_scholl_l9,/Users/admin/Desktop/AMine/published_results/archive_v1_newformat_2026-05-13/results_doe_scholl_l9/solutions/Scholl_ARC83_c06/run_info.json
results_doe_archive_l9_252,Scholl_ARC83,7,c07,Scholl_ARC83_c07,Scholl,83,6000.0,OK,1,1,1.0,8,8,,,,628.03,0.0,0.0,2026-04-23T16:12:05.343836,high,low,high,mid,fixed,fixed,2.0414,0.4438,1.0683,1.2229,0.0,0.0,0.0,0.0,0.05,5.0,instance,7042,102.4,1.0,352.0,3.2,320.0,0.0,320.0,0.0,0.0,1.0,0.0,0.0,0.0,1,/Users/admin/Desktop/AMine/published_results/archive_v1_newformat_2026-05-13/results_doe_scholl_l9,/Users/admin/Desktop/AMine/published_results/archive_v1_newformat_2026-05-13/results_doe_scholl_l9/solutions/Scholl_ARC83_c07/run_info.json
results_doe_archive_l9_252,Scholl_ARC83,8,c08,Scholl_ARC83_c08,Scholl,83,6000.0,OK,1,1,1.0,7,7,,,,773.21,0.0,0.0,2026-04-23T16:24:58.559152,high,mid,low,high,fixed,fixed,2.3614,0.5973,0.9424,1.2626,0.0,0.0,0.0,0.0,0.05,5.0,instance,8042,78.4,1.0,308.0,2.8,280.0,0.0,280.0,0.0,0.0,1.0,0.0,0.0,0.0,1,/Users/admin/Desktop/AMine/published_results/archive_v1_newformat_2026-05-13/results_doe_scholl_l9,/Users/admin/Desktop/AMine/published_results/archive_v1_newformat_2026-05-13/results_doe_scholl_l9/solutions/Scholl_ARC83_c08/run_info.json
results_doe_archive_l9_252,Scholl_ARC83,9,c09,Scholl_ARC83_c09,Scholl,83,6000.0,OK,1,1,1.0,9,9,,,,722.34,0.0,0.0,2026-04-23T16:37:00.907491,high,high,mid,low,fixed,fixed,2.0961,0.8926,0.9936,1.0926,0.0,0.0,0.0,0.0,0.05,5.0,instance,9042,129.6,1.0,396.0,3.6,360.0,0.0,360.0,0.0,0.0,1.0,0.0,0.0,0.0,1,/Users/admin/Desktop/AMine/published_results/archive_v1_newformat_2026-05-13/results_doe_scholl_l9,/Users/admin/Desktop/AMine/published_results/archive_v1_newformat_2026-05-13/results_doe_scholl_l9/solutions/Scholl_ARC83_c09/run_info.json
results_doe_archive_l9_252,Scholl_BUXEY,1,c01,Scholl_BUXEY_c01,Scholl,29,60.0,OK,7,2,0.285714,3,6,,,,1820.1,39.7009,82.6634,2026-04-22T19:09:26.229621,low,low,low,low,fixed,fixed,0.9394,0.3558,0.9076,1.0747,0.0,0.0,0.0,0.0,0.05,5.0,instance,1042,16059.25,0.716338,264.0,106.755,54.0,0.0,240.0,97.05,3.999628,0.056957,209.796812,186.0,97.05,7,/Users/admin/Desktop/AMine/published_results/archive_v1_newformat_2026-05-13/results_doe_scholl_l9,/Users/admin/Desktop/AMine/published_results/archive_v1_newformat_2026-05-13/results_doe_scholl_l9/solutions/Scholl_BUXEY_c01/run_info.json
results_doe_archive_l9_252,Scholl_BUXEY,2,c02,Scholl_BUXEY_c02,Scholl,29,60.0,OK,7,2,0.285714,4,6,,,,2722.67,40.6919,85.3191,2026-04-22T19:54:48.900920,low,mid,mid,mid,fixed,fixed,0.9834,0.594,1.0293,1.1083,0.0,0.0,0.0,0.0,0.05,5.0,instance,2042,14252.05,0.612075,264.0,110.88,54.0,0.0,240.0,100.8,3.60494,0.02757,211.557652,186.0,100.8,7,/Users/admin/Desktop/AMine/published_results/archive_v1_newformat_2026-05-13/results_doe_scholl_l9,/Users/admin/Desktop/AMine/published_results/archive_v1_newformat_2026-05-13/results_doe_scholl_l9/solutions/Scholl_BUXEY_c02/run_info.json
results_doe_archive_l9_252,Scholl_BUXEY,3,c03,Scholl_BUXEY_c03,Scholl,29,60.0,OK,11,2,0.181818,5,6,,,,2744.11,59.536,99.8793,2026-04-22T20:40:33.015657,low,high,high,high,fixed,fixed,0.8528,0.9373,1.0988,1.4043,0.0,0.0,0.0,0.0,0.05,5.0,instance,3042,12647.685,0.572851,264.0,100.815,45.0,0.0,240.0,91.65,19.054068,0.623808,215.46397,195.0,91.65,11,/Users/admin/Desktop/AMine/published_results/archive_v1_newformat_2026-05-13/results_doe_scholl_l9,/Users/admin/Desktop/AMine/published_results/archive_v1_newformat_2026-05-13/results_doe_scholl_l9/solutions/Scholl_BUXEY_c03/run_info.json
results_doe_archive_l9_252,Scholl_BUXEY,4,c04,Scholl_BUXEY_c04,Scholl,29,60.0,OK,7,5,0.714286,3,7,,,,1673.05,23.0714,91.0292,2026-04-22T21:08:26.072736,mid,low,mid,high,fixed,fixed,1.239,0.3718,0.9695,1.3848,0.0,0.0,0.0,0.0,0.05,5.0,instance,4042,20971.87,0.757607,264.0,137.72,63.0,0.0,240.0,125.2,7.46014,0.091519,216.804151,177.0,125.2,7,/Users/admin/Desktop/AMine/published_results/archive_v1_newformat_2026-05-13/results_doe_scholl_l9,/Users/admin/Desktop/AMine/published_results/archive_v1_newformat_2026-05-13/results_doe_scholl_l9/solutions/Scholl_BUXEY_c04/run_info.json
results_doe_archive_l9_252,Scholl_BUXEY,5,c05,Scholl_BUXEY_c05,Scholl,29,60.0,OK,8,1,0.125,5,8,,,,3621.25,54.9518,97.4282,2026-04-22T22:08:47.324088,mid,mid,high,low,fixed,fixed,1.2972,0.6475,1.0861,1.0772,0.0,0.0,0.0,0.0,0.05,5.0,instance,5042,16196.45,0.617205,264.0,136.675,72.0,0.0,240.0,124.25,18.003213,0.235859,208.95469,168.0,124.25,8,/Users/admin/Desktop/AMine/published_results/archive_v1_newformat_2026-05-13/results_doe_scholl_l9,/Users/admin/Desktop/AMine/published_results/archive_v1_newformat_2026-05-13/results_doe_scholl_l9/solutions/Scholl_BUXEY_c05/run_info.json
results_doe_archive_l9_252,Scholl_BUXEY,6,c06,Scholl_BUXEY_c06,Scholl,29,60.0,OK,8,1,0.125,6,8,,,,3323.22,63.3606,99.9748,2026-04-22T23:04:10.544975,mid,high,low,mid,fixed,fixed,1.2683,0.933,0.9073,1.188,0.0,0.0,0.0,0.0,0.05,5.0,instance,6042,16455.25,0.600486,264.0,142.725,72.0,0.0,240.0,129.75,18.563843,0.240025,212.2712,168.0,129.75,8,/Users/admin/Desktop/AMine/published_results/archive_v1_newformat_2026-05-13/results_doe_scholl_l9,/Users/admin/Desktop/AMine/published_results/archive_v1_newformat_2026-05-13/results_doe_scholl_l9/solutions/Scholl_BUXEY_c06/run_info.json
results_doe_archive_l9_252,Scholl_BUXEY,7,c07,Scholl_BUXEY_c07,Scholl,29,60.0,OK,5,2,0.4,3,7,,,,939.29,33.6925,77.2622,2026-04-22T23:19:49.841506,high,low,high,mid,fixed,fixed,2.0414,0.4438,1.0683,1.2229,0.0,0.0,0.0,0.0,0.05,5.0,instance,7042,12292.162,0.753163,220.0,134.882,99.0,0.0,200.0,122.62,8.543397,0.193841,158.860519,101.0,122.62,5,/Users/admin/Desktop/AMine/published_results/archive_v1_newformat_2026-05-13/results_doe_scholl_l9,/Users/admin/Desktop/AMine/published_results/archive_v1_newformat_2026-05-13/results_doe_scholl_l9/solutions/Scholl_BUXEY_c07/run_info.json
results_doe_archive_l9_252,Scholl_BUXEY,8,c08,Scholl_BUXEY_c08,Scholl,29,60.0,OK,7,3,0.428571,3,11,,,,1455.47,26.4285,58.7724,2026-04-22T23:44:05.315266,high,mid,low,high,fixed,fixed,2.3614,0.5973,0.9424,1.2626,0.0,0.0,0.0,0.0,0.05,5.0,instance,8042,23238.864,0.801492,220.0,239.624,99.0,0.0,200.0,217.84,30.812484,0.426478,240.115109,101.0,217.84,7,/Users/admin/Desktop/AMine/published_results/archive_v1_newformat_2026-05-13/results_doe_scholl_l9,/Users/admin/Desktop/AMine/published_results/archive_v1_newformat_2026-05-13/results_doe_scholl_l9/solutions/Scholl_BUXEY_c08/run_info.json
results_doe_archive_l9_252,Scholl_BUXEY,9,c09,Scholl_BUXEY_c09,Scholl,29,60.0,OK,9,1,0.111111,6,12,,,,4540.29,76.4215,93.1278,2026-04-23T00:59:45.607381,high,high,mid,low,fixed,fixed,2.0961,0.8926,0.9936,1.0926,0.0,0.0,0.0,0.0,0.05,5.0,instance,9042,20844.84,0.612265,264.0,218.24,108.0,0.0,240.0,198.4,23.709505,0.408611,238.299308,132.0,198.4,9,/Users/admin/Desktop/AMine/published_results/archive_v1_newformat_2026-05-13/results_doe_scholl_l9,/Users/admin/Desktop/AMine/published_results/archive_v1_newformat_2026-05-13/results_doe_scholl_l9/solutions/Scholl_BUXEY_c09/run_info.json
results_doe_archive_l9_252,Scholl_GUNTHER,1,c01,Scholl_GUNTHER_c01,Scholl,35,60.0,OK,11,2,0.181818,4,9,,,,5788.21,77.9922,100.0,2026-04-23T03:35:31.321847,low,low,low,low,fixed,fixed,0.9394,0.3558,0.9076,1.0747,0.0,0.0,0.0,0.0,0.05,5.0,instance,1042,34421.86,0.691601,396.0,153.615,72.0,0.0,360.0,139.65,11.745005,0.171142,320.072058,288.0,139.65,11,/Users/admin/Desktop/AMine/published_results/archive_v1_newformat_2026-05-13/results_doe_scholl_l9,/Users/admin/Desktop/AMine/published_results/archive_v1_newformat_2026-05-13/results_doe_scholl_l9/solutions/Scholl_GUNTHER_c01/run_info.json
results_doe_archive_l9_252,Scholl_GUNTHER,2,c02,Scholl_GUNTHER_c02,Scholl,35,60.0,OK,11,1,0.090909,8,9,,,,5761.55,85.1379,100.0,2026-04-23T05:11:32.877901,low,mid,mid,mid,fixed,fixed,0.9834,0.594,1.0293,1.1083,0.0,0.0,0.0,0.0,0.05,5.0,instance,2042,30951.475,0.596103,396.0,164.835,81.0,0.0,360.0,149.85,14.947309,0.20227,316.695473,279.0,149.85,11,/Users/admin/Desktop/AMine/published_results/archive_v1_newformat_2026-05-13/results_doe_scholl_l9,/Users/admin/Desktop/AMine/published_results/archive_v1_newformat_2026-05-13/results_doe_scholl_l9/solutions/Scholl_GUNTHER_c02/run_info.json
results_doe_archive_l9_252,Scholl_GUNTHER,3,c03,Scholl_GUNTHER_c03,Scholl,35,60.0,OK,11,2,0.181818,7,9,,,,5516.01,73.8216,100.0,2026-04-23T06:43:28.887981,low,high,high,high,fixed,fixed,0.8528,0.9373,1.0988,1.4043,0.0,0.0,0.0,0.0,0.05,5.0,instance,3042,28458.32,0.60241,396.0,145.805,72.0,0.0,360.0,132.55,13.807282,0.166142,317.038645,288.0,132.55,11,/Users/admin/Desktop/AMine/published_results/archive_v1_newformat_2026-05-13/results_doe_scholl_l9,/Users/admin/Desktop/AMine/published_results/archive_v1_newformat_2026-05-13/results_doe_scholl_l9/solutions/Scholl_GUNTHER_c03/run_info.json
results_doe_archive_l9_252,Scholl_GUNTHER,4,c04,Scholl_GUNTHER_c04,Scholl,35,60.0,OK,8,2,0.25,3,9,,,,3386.81,65.3304,100.0,2026-04-23T07:39:55.703517,mid,low,mid,high,fixed,fixed,1.239,0.3718,0.9695,1.3848,0.0,0.0,0.0,0.0,0.05,5.0,instance,4042,31892.3975,0.737536,308.0,190.4925,81.0,0.0,280.0,173.175,7.994892,0.105275,263.800267,199.0,173.175,8,/Users/admin/Desktop/AMine/published_results/archive_v1_newformat_2026-05-13/results_doe_scholl_l9,/Users/admin/Desktop/AMine/published_results/archive_v1_newformat_2026-05-13/results_doe_scholl_l9/solutions/Scholl_GUNTHER_c04/run_info.json
results_doe_archive_l9_252,Scholl_GUNTHER,5,c05,Scholl_GUNTHER_c05,Scholl,35,60.0,OK,5,1,0.2,8,9,,,,2719.48,79.9996,100.0,2026-04-23T08:25:15.188810,mid,mid,high,low,fixed,fixed,1.2972,0.6475,1.0861,1.0772,0.0,0.0,0.0,0.0,0.05,5.0,instance,5042,6673.475,0.627756,396.0,68.585,241.0,0.0,360.0,62.35,1.198228,0.05063,134.34479,119.0,62.35,5,/Users/admin/Desktop/AMine/published_results/archive_v1_newformat_2026-05-13/results_doe_scholl_l9,/Users/admin/Desktop/AMine/published_results/archive_v1_newformat_2026-05-13/results_doe_scholl_l9/solutions/Scholl_GUNTHER_c05/run_info.json
results_doe_archive_l9_252,Scholl_GUNTHER,6,c06,Scholl_GUNTHER_c06,Scholl,35,60.0,OK,8,1,0.125,8,10,,,,3930.3,86.093,100.0,2026-04-23T09:30:45.494947,mid,high,low,mid,fixed,fixed,1.2683,0.933,0.9073,1.188,0.0,0.0,0.0,0.0,0.05,5.0,instance,6042,16271.62,0.575713,352.0,141.317,152.0,0.0,320.0,128.47,16.973721,0.201653,211.491231,168.0,128.47,8,/Users/admin/Desktop/AMine/published_results/archive_v1_newformat_2026-05-13/results_doe_scholl_l9,/Users/admin/Desktop/AMine/published_results/archive_v1_newformat_2026-05-13/results_doe_scholl_l9/solutions/Scholl_GUNTHER_c06/run_info.json
results_doe_archive_l9_252,Scholl_GUNTHER,7,c07,Scholl_GUNTHER_c07,Scholl,35,60.0,OK,5,2,0.4,3,10,,,,941.73,51.321,100.0,2026-04-23T09:46:27.232601,high,low,high,mid,fixed,fixed,2.0414,0.4438,1.0683,1.2229,0.0,0.0,0.0,0.0,0.05,5.0,instance,7042,33038.205,0.826237,220.0,307.5875,90.0,0.0,200.0,279.625,71.058504,0.744787,300.483179,110.0,279.625,5,/Users/admin/Desktop/AMine/published_results/archive_v1_newformat_2026-05-13/results_doe_scholl_l9,/Users/admin/Desktop/AMine/published_results/archive_v1_newformat_2026-05-13/results_doe_scholl_l9/solutions/Scholl_GUNTHER_c07/run_info.json
results_doe_archive_l9_252,Scholl_GUNTHER,8,c08,Scholl_GUNTHER_c08,Scholl,35,60.0,OK,5,2,0.4,3,10,,,,1567.52,44.8979,85.129,2026-04-23T10:12:34.754059,high,mid,low,high,fixed,fixed,2.3614,0.5973,0.9424,1.2626,0.0,0.0,0.0,0.0,0.05,5.0,instance,8042,21398.78,0.715153,176.0,347.93,90.0,0.0,160.0,316.3,18.924244,0.269052,323.953222,70.0,316.3,5,/Users/admin/Desktop/AMine/published_results/archive_v1_newformat_2026-05-13/results_doe_scholl_l9,/Users/admin/Desktop/AMine/published_results/archive_v1_newformat_2026-05-13/results_doe_scholl_l9/solutions/Scholl_GUNTHER_c08/run_info.json
results_doe_archive_l9_252,Scholl_GUNTHER,9,c09,Scholl_GUNTHER_c09,Scholl,35,60.0,OK,9,1,0.111111,5,12,,,,3674.12,77.0018,99.9909,2026-04-23T11:13:48.873522,high,high,mid,low,fixed,fixed,2.0961,0.8926,0.9936,1.0926,0.0,0.0,0.0,0.0,0.05,5.0,instance,9042,34927.826,0.682089,264.0,328.251,108.0,0.0,240.0,298.41,34.42901,0.510359,326.301284,132.0,298.41,9,/Users/admin/Desktop/AMine/published_results/archive_v1_newformat_2026-05-13/results_doe_scholl_l9,/Users/admin/Desktop/AMine/published_results/archive_v1_newformat_2026-05-13/results_doe_scholl_l9/solutions/Scholl_GUNTHER_c09/run_info.json
results_doe_archive_l9_252,Scholl_HAHN,1,c01,Scholl_HAHN_c01,Scholl,53,10000.0,OK,3,3,1.0,1,2,,,,182.76,0.0,0.0,2026-04-23T11:18:15.594558,low,low,low,low,fixed,fixed,0.9394,0.3558,0.9076,1.0747,0.0,0.0,0.0,0.0,0.05,5.0,instance,1042,153012.25,0.524645,88.0,4166.415,18.0,0.0,80.0,3787.65,982.27488,0.451089,3788.157405,62.0,3787.65,3,/Users/admin/Desktop/AMine/published_results/archive_v1_newformat_2026-05-13/results_doe_scholl_l9,/Users/admin/Desktop/AMine/published_results/archive_v1_newformat_2026-05-13/results_doe_scholl_l9/solutions/Scholl_HAHN_c01/run_info.json
results_doe_archive_l9_252,Scholl_HAHN,2,c02,Scholl_HAHN_c02,Scholl,53,10000.0,OK,3,2,0.666667,1,2,,,,324.54,0.2941,0.8823,2026-04-23T11:23:40.139731,low,mid,mid,mid,fixed,fixed,0.9834,0.594,1.0293,1.1083,0.0,0.0,0.0,0.0,0.05,5.0,instance,2042,152097.25,0.495165,88.0,4388.065,18.0,0.0,80.0,3989.15,736.034991,0.321458,3989.631778,62.0,3989.15,3,/Users/admin/Desktop/AMine/published_results/archive_v1_newformat_2026-05-13/results_doe_scholl_l9,/Users/admin/Desktop/AMine/published_results/archive_v1_newformat_2026-05-13/results_doe_scholl_l9/solutions/Scholl_HAHN_c02/run_info.json
results_doe_archive_l9_252,Scholl_HAHN,3,c03,Scholl_HAHN_c03,Scholl,53,10000.0,OK,3,3,1.0,2,2,,,,47.76,0.0,0.0,2026-04-23T11:24:27.903374,low,high,high,high,fixed,fixed,0.8528,0.9373,1.0988,1.4043,0.0,0.0,0.0,0.0,0.05,5.0,instance,3042,124862.85,0.460341,88.0,3874.86,18.0,0.0,80.0,3522.6,648.999438,0.319001,3523.145577,62.0,3522.6,3,/Users/admin/Desktop/AMine/published_results/archive_v1_newformat_2026-05-13/results_doe_scholl_l9,/Users/admin/Desktop/AMine/published_results/archive_v1_newformat_2026-05-13/results_doe_scholl_l9/solutions/Scholl_HAHN_c03/run_info.json
results_doe_archive_l9_252,Scholl_HAHN,4,c04,Scholl_HAHN_c04,Scholl,53,10000.0,OK,3,3,1.0,1,2,,,,120.53,0.0,0.0,2026-04-23T11:26:28.440091,mid,low,mid,high,fixed,fixed,1.239,0.3718,0.9695,1.3848,0.0,0.0,0.0,0.0,0.05,5.0,instance,4042,200155.25,0.548065,88.0,5217.19,18.0,0.0,80.0,4742.9,1513.350526,0.554164,4743.30522,62.0,4742.9,3,/Users/admin/Desktop/AMine/published_results/archive_v1_newformat_2026-05-13/results_doe_scholl_l9,/Users/admin/Desktop/AMine/published_results/archive_v1_newformat_2026-05-13/results_doe_scholl_l9/solutions/Scholl_HAHN_c04/run_info.json
results_doe_archive_l9_252,Scholl_HAHN,5,c05,Scholl_HAHN_c05,Scholl,53,10000.0,OK,3,2,0.666667,1,2,,,,326.31,3.4815,10.4444,2026-04-23T11:31:54.750858,mid,mid,high,low,fixed,fixed,1.2972,0.6475,1.0861,1.0772,0.0,0.0,0.0,0.0,0.05,5.0,instance,5042,192783.75,0.514421,88.0,5353.7,18.0,0.0,80.0,4867.0,1137.091355,0.406198,4867.394888,62.0,4867.0,3,/Users/admin/Desktop/AMine/published_results/archive_v1_newformat_2026-05-13/results_doe_scholl_l9,/Users/admin/Desktop/AMine/published_results/archive_v1_newformat_2026-05-13/results_doe_scholl_l9/solutions/Scholl_HAHN_c05/run_info.json
results_doe_archive_l9_252,Scholl_HAHN,6,c06,Scholl_HAHN_c06,Scholl,53,10000.0,OK,3,2,0.666667,2,2,,,,325.42,9.6276,28.8827,2026-04-23T11:37:20.169126,mid,high,low,mid,fixed,fixed,1.2683,0.933,0.9073,1.188,0.0,0.0,0.0,0.0,0.05,5.0,instance,6042,162286.3,0.463711,88.0,4999.61,18.0,0.0,80.0,4545.1,881.325186,0.335786,4545.522853,62.0,4545.1,3,/Users/admin/Desktop/AMine/published_results/archive_v1_newformat_2026-05-13/results_doe_scholl_l9,/Users/admin/Desktop/AMine/published_results/archive_v1_newformat_2026-05-13/results_doe_scholl_l9/solutions/Scholl_HAHN_c06/run_info.json
results_doe_archive_l9_252,Scholl_HAHN,7,c07,Scholl_HAHN_c07,Scholl,53,10000.0,OK,3,3,1.0,1,3,,,,42.66,0.0,0.0,2026-04-23T11:38:02.836653,high,low,high,mid,fixed,fixed,2.0414,0.4438,1.0683,1.2229,0.0,0.0,0.0,0.0,0.05,5.0,instance,7042,340686.975,0.654523,88.0,8532.975,27.0,0.0,80.0,7757.25,3142.777323,0.7038,7757.431054,53.0,7757.25,3,/Users/admin/Desktop/AMine/published_results/archive_v1_newformat_2026-05-13/results_doe_scholl_l9,/Users/admin/Desktop/AMine/published_results/archive_v1_newformat_2026-05-13/results_doe_scholl_l9/solutions/Scholl_HAHN_c07/run_info.json
results_doe_archive_l9_252,Scholl_HAHN,8,c08,Scholl_HAHN_c08,Scholl,53,10000.0,OK,3,3,1.0,1,4,,,,41.25,0.0,0.0,2026-04-23T11:38:44.090068,high,mid,low,high,fixed,fixed,2.3614,0.5973,0.9424,1.2626,0.0,0.0,0.0,0.0,0.05,5.0,instance,8042,384532.01,0.749406,88.0,9867.605,36.0,0.0,80.0,8970.55,3585.547244,0.695118,8970.657908,44.0,8970.55,3,/Users/admin/Desktop/AMine/published_results/archive_v1_newformat_2026-05-13/results_doe_scholl_l9,/Users/admin/Desktop/AMine/published_results/archive_v1_newformat_2026-05-13/results_doe_scholl_l9/solutions/Scholl_HAHN_c08/run_info.json
results_doe_archive_l9_252,Scholl_HAHN,9,c09,Scholl_HAHN_c09,Scholl,53,10000.0,OK,3,2,0.666667,2,4,,,,325.47,13.0399,39.1198,2026-04-23T11:44:09.567846,high,high,mid,low,fixed,fixed,2.0961,0.8926,0.9936,1.0926,0.0,0.0,0.0,0.0,0.05,5.0,instance,9042,286691.32,0.615142,88.0,8962.635,36.0,0.0,80.0,8147.85,1958.112305,0.418426,8147.968803,44.0,8147.85,3,/Users/admin/Desktop/AMine/published_results/archive_v1_newformat_2026-05-13/results_doe_scholl_l9,/Users/admin/Desktop/AMine/published_results/archive_v1_newformat_2026-05-13/results_doe_scholl_l9/solutions/Scholl_HAHN_c09/run_info.json
results_doe_archive_l9_252,Scholl_JAESCHKE,1,c01,Scholl_JAESCHKE_c01,Scholl,9,30.0,OK,4,4,1.0,1,2,,,,0.5,0.0,0.0,2026-04-22T18:35:55.099197,low,low,low,low,fixed,fixed,0.9394,0.3558,0.9076,1.0747,0.0,0.0,0.0,0.0,0.05,5.0,instance,1042,643.55,0.51751,88.0,17.765,18.0,0.0,80.0,16.15,14.302535,0.459003,64.068889,62.0,16.15,4,/Users/admin/Desktop/AMine/published_results/archive_v1_newformat_2026-05-13/results_doe_scholl_l9,/Users/admin/Desktop/AMine/published_results/archive_v1_newformat_2026-05-13/results_doe_scholl_l9/solutions/Scholl_JAESCHKE_c01/run_info.json
results_doe_archive_l9_252,Scholl_JAESCHKE,2,c02,Scholl_JAESCHKE_c02,Scholl,9,30.0,OK,4,4,1.0,1,2,,,,0.47,0.0,0.0,2026-04-22T18:35:55.568295,low,mid,mid,mid,fixed,fixed,0.9834,0.594,1.0293,1.1083,0.0,0.0,0.0,0.0,0.05,5.0,instance,2042,643.4,0.51739,88.0,17.765,18.0,0.0,80.0,16.15,14.644026,0.468035,64.068889,62.0,16.15,4,/Users/admin/Desktop/AMine/published_results/archive_v1_newformat_2026-05-13/results_doe_scholl_l9,/Users/admin/Desktop/AMine/published_results/archive_v1_newformat_2026-05-13/results_doe_scholl_l9/solutions/Scholl_JAESCHKE_c02/run_info.json
results_doe_archive_l9_252,Scholl_JAESCHKE,3,c03,Scholl_JAESCHKE_c03,Scholl,9,30.0,OK,3,3,1.0,2,2,,,,0.38,0.0,0.0,2026-04-22T18:35:55.944951,low,high,high,high,fixed,fixed,0.8528,0.9373,1.0988,1.4043,0.0,0.0,0.0,0.0,0.05,5.0,instance,3042,617.35,0.496442,88.0,17.765,18.0,0.0,80.0,16.15,4.64767,0.03121,64.068889,62.0,16.15,3,/Users/admin/Desktop/AMine/published_results/archive_v1_newformat_2026-05-13/results_doe_scholl_l9,/Users/admin/Desktop/AMine/published_results/archive_v1_newformat_2026-05-13/results_doe_scholl_l9/solutions/Scholl_JAESCHKE_c03/run_info.json
results_doe_archive_l9_252,Scholl_JAESCHKE,4,c04,Scholl_JAESCHKE_c04,Scholl,9,30.0,OK,4,4,1.0,1,2,,,,0.46,0.0,0.0,2026-04-22T18:35:56.404250,mid,low,mid,high,fixed,fixed,1.239,0.3718,0.9695,1.3848,0.0,0.0,0.0,0.0,0.05,5.0,instance,4042,664.15,0.522747,88.0,18.15,18.0,0.0,80.0,16.5,14.310275,0.457021,64.158008,62.0,16.5,4,/Users/admin/Desktop/AMine/published_results/archive_v1_newformat_2026-05-13/results_doe_scholl_l9,/Users/admin/Desktop/AMine/published_results/archive_v1_newformat_2026-05-13/results_doe_scholl_l9/solutions/Scholl_JAESCHKE_c04/run_info.json
results_doe_archive_l9_252,Scholl_JAESCHKE,5,c05,Scholl_JAESCHKE_c05,Scholl,9,30.0,OK,4,4,1.0,1,2,,,,0.47,0.0,0.0,2026-04-22T18:35:56.879373,mid,mid,high,low,fixed,fixed,1.2972,0.6475,1.0861,1.0772,0.0,0.0,0.0,0.0,0.05,5.0,instance,5042,730.75,0.51718,88.0,20.185,18.0,0.0,80.0,18.35,16.051168,0.489147,64.658507,62.0,18.35,4,/Users/admin/Desktop/AMine/published_results/archive_v1_newformat_2026-05-13/results_doe_scholl_l9,/Users/admin/Desktop/AMine/published_results/archive_v1_newformat_2026-05-13/results_doe_scholl_l9/solutions/Scholl_JAESCHKE_c05/run_info.json
results_doe_archive_l9_252,Scholl_JAESCHKE,6,c06,Scholl_JAESCHKE_c06,Scholl,9,30.0,OK,3,3,1.0,2,2,,,,0.38,0.0,0.0,2026-04-22T18:35:57.257492,mid,high,low,mid,fixed,fixed,1.2683,0.933,0.9073,1.188,0.0,0.0,0.0,0.0,0.05,5.0,instance,6042,675.65,0.505745,88.0,19.085,18.0,0.0,80.0,17.35,5.45596,0.038779,64.381849,62.0,17.35,3,/Users/admin/Desktop/AMine/published_results/archive_v1_newformat_2026-05-13/results_doe_scholl_l9,/Users/admin/Desktop/AMine/published_results/archive_v1_newformat_2026-05-13/results_doe_scholl_l9/solutions/Scholl_JAESCHKE_c06/run_info.json
results_doe_archive_l9_252,Scholl_JAESCHKE,7,c07,Scholl_JAESCHKE_c07,Scholl,9,30.0,OK,4,4,1.0,1,3,,,,0.44,0.0,0.0,2026-04-22T18:35:57.698748,high,low,high,mid,fixed,fixed,2.0414,0.4438,1.0683,1.2229,0.0,0.0,0.0,0.0,0.05,5.0,instance,7042,1082.385,0.612179,88.0,28.985,27.0,0.0,80.0,26.35,16.123017,0.486833,59.188871,53.0,26.35,4,/Users/admin/Desktop/AMine/published_results/archive_v1_newformat_2026-05-13/results_doe_scholl_l9,/Users/admin/Desktop/AMine/published_results/archive_v1_newformat_2026-05-13/results_doe_scholl_l9/solutions/Scholl_JAESCHKE_c07/run_info.json
results_doe_archive_l9_252,Scholl_JAESCHKE,8,c08,Scholl_JAESCHKE_c08,Scholl,9,30.0,OK,4,4,1.0,1,4,,,,0.44,0.0,0.0,2026-04-22T18:35:58.135299,high,mid,low,high,fixed,fixed,2.3614,0.5973,0.9424,1.2626,0.0,0.0,0.0,0.0,0.05,5.0,instance,8042,1110.08,0.708284,88.0,30.14,36.0,0.0,80.0,27.4,14.50864,0.47725,51.833966,44.0,27.4,4,/Users/admin/Desktop/AMine/published_results/archive_v1_newformat_2026-05-13/results_doe_scholl_l9,/Users/admin/Desktop/AMine/published_results/archive_v1_newformat_2026-05-13/results_doe_scholl_l9/solutions/Scholl_JAESCHKE_c08/run_info.json
results_doe_archive_l9_252,Scholl_JAESCHKE,9,c09,Scholl_JAESCHKE_c09,Scholl,9,30.0,OK,3,3,1.0,2,3,,,,0.37,0.0,0.0,2026-04-22T18:35:58.509172,high,high,mid,low,fixed,fixed,2.0961,0.8926,0.9936,1.0926,0.0,0.0,0.0,0.0,0.05,5.0,instance,9042,969.685,0.570073,88.0,27.885,27.0,0.0,80.0,25.35,2.973354,0.031723,58.750511,53.0,25.35,3,/Users/admin/Desktop/AMine/published_results/archive_v1_newformat_2026-05-13/results_doe_scholl_l9,/Users/admin/Desktop/AMine/published_results/archive_v1_newformat_2026-05-13/results_doe_scholl_l9/solutions/Scholl_JAESCHKE_c09/run_info.json
results_doe_archive_l9_252,Scholl_KILBRID,1,c01,Scholl_KILBRID_c01,Scholl,45,600.0,OK,2,2,1.0,1,1,,,,9.26,0.0,0.0,2026-04-23T11:13:58.140488,low,low,low,low,fixed,fixed,0.9394,0.3558,0.9076,1.0747,0.0,0.0,0.0,0.0,0.05,5.0,instance,1042,1223.25,0.194805,44.0,179.41,9.0,0.0,40.0,163.1,0.0,0.0,166.019908,31.0,163.1,2,/Users/admin/Desktop/AMine/published_results/archive_v1_newformat_2026-05-13/results_doe_scholl_l9,/Users/admin/Desktop/AMine/published_results/archive_v1_newformat_2026-05-13/results_doe_scholl_l9/solutions/Scholl_KILBRID_c01/run_info.json
results_doe_archive_l9_252,Scholl_KILBRID,2,c02,Scholl_KILBRID_c02,Scholl,45,600.0,OK,2,2,1.0,1,1,,,,9.39,0.0,0.0,2026-04-23T11:14:07.532711,low,mid,mid,mid,fixed,fixed,0.9834,0.594,1.0293,1.1083,0.0,0.0,0.0,0.0,0.05,5.0,instance,2042,1263.0,0.194805,44.0,185.24,9.0,0.0,40.0,168.4,0.0,0.0,171.229554,31.0,168.4,2,/Users/admin/Desktop/AMine/published_results/archive_v1_newformat_2026-05-13/results_doe_scholl_l9,/Users/admin/Desktop/AMine/published_results/archive_v1_newformat_2026-05-13/results_doe_scholl_l9/solutions/Scholl_KILBRID_c02/run_info.json
results_doe_archive_l9_252,Scholl_KILBRID,3,c03,Scholl_KILBRID_c03,Scholl,45,600.0,OK,2,2,1.0,1,1,,,,9.3,0.0,0.0,2026-04-23T11:14:16.832987,low,high,high,high,fixed,fixed,0.8528,0.9373,1.0988,1.4043,0.0,0.0,0.0,0.0,0.05,5.0,instance,3042,1171.875,0.194805,44.0,171.875,9.0,0.0,40.0,156.25,0.0,0.0,159.295519,31.0,156.25,2,/Users/admin/Desktop/AMine/published_results/archive_v1_newformat_2026-05-13/results_doe_scholl_l9,/Users/admin/Desktop/AMine/published_results/archive_v1_newformat_2026-05-13/results_doe_scholl_l9/solutions/Scholl_KILBRID_c03/run_info.json
results_doe_archive_l9_252,Scholl_KILBRID,4,c04,Scholl_KILBRID_c04,Scholl,45,600.0,OK,2,2,1.0,1,2,,,,9.31,0.0,0.0,2026-04-23T11:14:26.142453,mid,low,mid,high,fixed,fixed,1.239,0.3718,0.9695,1.3848,0.0,0.0,0.0,0.0,0.05,5.0,instance,4042,1515.69,0.230769,44.0,252.615,18.0,0.0,40.0,229.65,0.0,0.0,230.701371,22.0,229.65,2,/Users/admin/Desktop/AMine/published_results/archive_v1_newformat_2026-05-13/results_doe_scholl_l9,/Users/admin/Desktop/AMine/published_results/archive_v1_newformat_2026-05-13/results_doe_scholl_l9/solutions/Scholl_KILBRID_c04/run_info.json
results_doe_archive_l9_252,Scholl_KILBRID,5,c05,Scholl_KILBRID_c05,Scholl,45,600.0,OK,2,2,1.0,1,2,,,,9.29,0.0,0.0,2026-04-23T11:14:35.436189,mid,mid,high,low,fixed,fixed,1.2972,0.6475,1.0861,1.0772,0.0,0.0,0.0,0.0,0.05,5.0,instance,5042,1511.73,0.230769,44.0,251.955,18.0,0.0,40.0,229.05,0.0,0.0,230.104112,22.0,229.05,2,/Users/admin/Desktop/AMine/published_results/archive_v1_newformat_2026-05-13/results_doe_scholl_l9,/Users/admin/Desktop/AMine/published_results/archive_v1_newformat_2026-05-13/results_doe_scholl_l9/solutions/Scholl_KILBRID_c05/run_info.json
results_doe_archive_l9_252,Scholl_KILBRID,6,c06,Scholl_KILBRID_c06,Scholl,45,600.0,OK,2,2,1.0,1,2,,,,9.4,0.0,0.0,2026-04-23T11:14:44.836750,mid,high,low,mid,fixed,fixed,1.2683,0.933,0.9073,1.188,0.0,0.0,0.0,0.0,0.05,5.0,instance,6042,1523.94,0.230769,44.0,253.99,18.0,0.0,40.0,230.9,0.0,0.0,231.945705,22.0,230.9,2,/Users/admin/Desktop/AMine/published_results/archive_v1_newformat_2026-05-13/results_doe_scholl_l9,/Users/admin/Desktop/AMine/published_results/archive_v1_newformat_2026-05-13/results_doe_scholl_l9/solutions/Scholl_KILBRID_c06/run_info.json
results_doe_archive_l9_252,Scholl_KILBRID,7,c07,Scholl_KILBRID_c07,Scholl,45,600.0,OK,2,2,1.0,1,2,,,,9.29,0.0,0.0,2026-04-23T11:14:54.126556,high,low,high,mid,fixed,fixed,2.0414,0.4438,1.0683,1.2229,0.0,0.0,0.0,0.0,0.05,5.0,instance,7042,2146.98,0.230769,44.0,357.83,18.0,0.0,40.0,325.3,0.0,0.0,326.04308,22.0,325.3,2,/Users/admin/Desktop/AMine/published_results/archive_v1_newformat_2026-05-13/results_doe_scholl_l9,/Users/admin/Desktop/AMine/published_results/archive_v1_newformat_2026-05-13/results_doe_scholl_l9/solutions/Scholl_KILBRID_c07/run_info.json
results_doe_archive_l9_252,Scholl_KILBRID,8,c08,Scholl_KILBRID_c08,Scholl,45,600.0,OK,2,2,1.0,1,3,,,,9.41,0.0,0.0,2026-04-23T11:15:03.534841,high,mid,low,high,fixed,fixed,2.3614,0.5973,0.9424,1.2626,0.0,0.0,0.0,0.0,0.05,5.0,instance,8042,2221.29,0.304813,44.0,428.67,27.0,0.0,40.0,389.7,0.0,0.0,389.916773,13.0,389.7,2,/Users/admin/Desktop/AMine/published_results/archive_v1_newformat_2026-05-13/results_doe_scholl_l9,/Users/admin/Desktop/AMine/published_results/archive_v1_newformat_2026-05-13/results_doe_scholl_l9/solutions/Scholl_KILBRID_c08/run_info.json
results_doe_archive_l9_252,Scholl_KILBRID,9,c09,Scholl_KILBRID_c09,Scholl,45,600.0,OK,2,2,1.0,1,2,,,,9.29,0.0,0.0,2026-04-23T11:15:12.827873,high,high,mid,low,fixed,fixed,2.0961,0.8926,0.9936,1.0926,0.0,0.0,0.0,0.0,0.05,5.0,instance,9042,2204.73,0.230769,44.0,367.455,18.0,0.0,40.0,334.05,0.0,0.0,334.773659,22.0,334.05,2,/Users/admin/Desktop/AMine/published_results/archive_v1_newformat_2026-05-13/results_doe_scholl_l9,/Users/admin/Desktop/AMine/published_results/archive_v1_newformat_2026-05-13/results_doe_scholl_l9/solutions/Scholl_KILBRID_c09/run_info.json
results_doe_archive_l9_252,Scholl_LUTZ2,1,c01,Scholl_LUTZ2_c01,Scholl,89,600.0,OK,2,2,1.0,1,1,,,,67.83,0.0,0.0,2026-04-23T16:38:08.742657,low,low,low,low,fixed,fixed,0.9394,0.3558,0.9076,1.0747,0.0,0.0,0.0,0.0,0.05,5.0,instance,1042,1318.125,0.194805,44.0,193.325,9.0,0.0,40.0,175.75,0.0,0.0,178.463056,31.0,175.75,2,/Users/admin/Desktop/AMine/published_results/archive_v1_newformat_2026-05-13/results_doe_scholl_l9,/Users/admin/Desktop/AMine/published_results/archive_v1_newformat_2026-05-13/results_doe_scholl_l9/solutions/Scholl_LUTZ2_c01/run_info.json
results_doe_archive_l9_252,Scholl_LUTZ2,2,c02,Scholl_LUTZ2_c02,Scholl,89,600.0,OK,2,2,1.0,1,1,,,,66.76,0.0,0.0,2026-04-23T16:39:15.509750,low,mid,mid,mid,fixed,fixed,0.9834,0.594,1.0293,1.1083,0.0,0.0,0.0,0.0,0.05,5.0,instance,2042,1340.625,0.194805,44.0,196.625,9.0,0.0,40.0,178.75,0.0,0.0,181.418198,31.0,178.75,2,/Users/admin/Desktop/AMine/published_results/archive_v1_newformat_2026-05-13/results_doe_scholl_l9,/Users/admin/Desktop/AMine/published_results/archive_v1_newformat_2026-05-13/results_doe_scholl_l9/solutions/Scholl_LUTZ2_c02/run_info.json
results_doe_archive_l9_252,Scholl_LUTZ2,3,c03,Scholl_LUTZ2_c03,Scholl,89,600.0,OK,2,2,1.0,1,1,,,,67.79,0.0,0.0,2026-04-23T16:40:23.300014,low,high,high,high,fixed,fixed,0.8528,0.9373,1.0988,1.4043,0.0,0.0,0.0,0.0,0.05,5.0,instance,3042,1271.25,0.194805,44.0,186.45,9.0,0.0,40.0,169.5,0.0,0.0,172.311491,31.0,169.5,2,/Users/admin/Desktop/AMine/published_results/archive_v1_newformat_2026-05-13/results_doe_scholl_l9,/Users/admin/Desktop/AMine/published_results/archive_v1_newformat_2026-05-13/results_doe_scholl_l9/solutions/Scholl_LUTZ2_c03/run_info.json
results_doe_archive_l9_252,Scholl_LUTZ2,4,c04,Scholl_LUTZ2_c04,Scholl,89,600.0,OK,2,2,1.0,1,2,,,,66.96,0.0,0.0,2026-04-23T16:41:30.262259,mid,low,mid,high,fixed,fixed,1.239,0.3718,0.9695,1.3848,0.0,0.0,0.0,0.0,0.05,5.0,instance,4042,1556.28,0.230769,44.0,259.38,18.0,0.0,40.0,235.8,0.0,0.0,236.82407,22.0,235.8,2,/Users/admin/Desktop/AMine/published_results/archive_v1_newformat_2026-05-13/results_doe_scholl_l9,/Users/admin/Desktop/AMine/published_results/archive_v1_newformat_2026-05-13/results_doe_scholl_l9/solutions/Scholl_LUTZ2_c04/run_info.json
results_doe_archive_l9_252,Scholl_LUTZ2,5,c05,Scholl_LUTZ2_c05,Scholl,89,600.0,OK,2,2,1.0,1,2,,,,67.55,0.0,0.0,2026-04-23T16:42:37.811089,mid,mid,high,low,fixed,fixed,1.2972,0.6475,1.0861,1.0772,0.0,0.0,0.0,0.0,0.05,5.0,instance,5042,1573.77,0.230769,44.0,262.295,18.0,0.0,40.0,238.45,0.0,0.0,239.462737,22.0,238.45,2,/Users/admin/Desktop/AMine/published_results/archive_v1_newformat_2026-05-13/results_doe_scholl_l9,/Users/admin/Desktop/AMine/published_results/archive_v1_newformat_2026-05-13/results_doe_scholl_l9/solutions/Scholl_LUTZ2_c05/run_info.json
results_doe_archive_l9_252,Scholl_LUTZ2,6,c06,Scholl_LUTZ2_c06,Scholl,89,600.0,OK,2,2,1.0,1,2,,,,68.42,0.0,0.0,2026-04-23T16:43:46.229840,mid,high,low,mid,fixed,fixed,1.2683,0.933,0.9073,1.188,0.0,0.0,0.0,0.0,0.05,5.0,instance,6042,1596.54,0.230769,44.0,266.09,18.0,0.0,40.0,241.9,0.0,0.0,242.898353,22.0,241.9,2,/Users/admin/Desktop/AMine/published_results/archive_v1_newformat_2026-05-13/results_doe_scholl_l9,/Users/admin/Desktop/AMine/published_results/archive_v1_newformat_2026-05-13/results_doe_scholl_l9/solutions/Scholl_LUTZ2_c06/run_info.json
results_doe_archive_l9_252,Scholl_LUTZ2,7,c07,Scholl_LUTZ2_c07,Scholl,89,600.0,OK,2,2,1.0,1,2,,,,67.88,0.0,0.0,2026-04-23T16:44:54.109356,high,low,high,mid,fixed,fixed,2.0414,0.4438,1.0683,1.2229,0.0,0.0,0.0,0.0,0.05,5.0,instance,7042,2184.93,0.230769,44.0,364.155,18.0,0.0,40.0,331.05,0.0,0.0,331.780202,22.0,331.05,2,/Users/admin/Desktop/AMine/published_results/archive_v1_newformat_2026-05-13/results_doe_scholl_l9,/Users/admin/Desktop/AMine/published_results/archive_v1_newformat_2026-05-13/results_doe_scholl_l9/solutions/Scholl_LUTZ2_c07/run_info.json
results_doe_archive_l9_252,Scholl_LUTZ2,8,c08,Scholl_LUTZ2_c08,Scholl,89,600.0,OK,2,2,1.0,1,2,,,,67.87,0.0,0.0,2026-04-23T16:46:01.986480,high,mid,low,high,fixed,fixed,2.3614,0.5973,0.9424,1.2626,0.0,0.0,0.0,0.0,0.05,5.0,instance,8042,2306.37,0.230769,44.0,384.395,18.0,0.0,40.0,349.45,0.0,0.0,350.141832,22.0,349.45,2,/Users/admin/Desktop/AMine/published_results/archive_v1_newformat_2026-05-13/results_doe_scholl_l9,/Users/admin/Desktop/AMine/published_results/archive_v1_newformat_2026-05-13/results_doe_scholl_l9/solutions/Scholl_LUTZ2_c08/run_info.json
results_doe_archive_l9_252,Scholl_LUTZ2,9,c09,Scholl_LUTZ2_c09,Scholl,89,600.0,OK,2,2,1.0,1,2,,,,66.56,0.0,0.0,2026-04-23T16:47:08.551338,high,high,mid,low,fixed,fixed,2.0961,0.8926,0.9936,1.0926,0.0,0.0,0.0,0.0,0.05,5.0,instance,9042,2158.53,0.230769,44.0,359.755,18.0,0.0,40.0,327.05,0.0,0.0,327.789113,22.0,327.05,2,/Users/admin/Desktop/AMine/published_results/archive_v1_newformat_2026-05-13/results_doe_scholl_l9,/Users/admin/Desktop/AMine/published_results/archive_v1_newformat_2026-05-13/results_doe_scholl_l9/solutions/Scholl_LUTZ2_c09/run_info.json
results_doe_archive_l9_252,Scholl_MANSOOR,1,c01,Scholl_MANSOOR_c01,Scholl,11,600.0,OK,2,2,1.0,1,1,,,,0.21,0.0,0.0,2026-04-22T18:35:58.719353,low,low,low,low,fixed,fixed,0.9394,0.3558,0.9076,1.0747,0.0,0.0,0.0,0.0,0.05,5.0,instance,1042,525.375,0.194805,44.0,77.055,9.0,0.0,40.0,70.05,0.0,0.0,76.602888,31.0,70.05,2,/Users/admin/Desktop/AMine/published_results/archive_v1_newformat_2026-05-13/results_doe_scholl_l9,/Users/admin/Desktop/AMine/published_results/archive_v1_newformat_2026-05-13/results_doe_scholl_l9/solutions/Scholl_MANSOOR_c01/run_info.json
results_doe_archive_l9_252,Scholl_MANSOOR,2,c02,Scholl_MANSOOR_c02,Scholl,11,600.0,OK,2,2,1.0,1,1,,,,0.21,0.0,0.0,2026-04-22T18:35:58.929369,low,mid,mid,mid,fixed,fixed,0.9834,0.594,1.0293,1.1083,0.0,0.0,0.0,0.0,0.05,5.0,instance,2042,545.625,0.194805,44.0,80.025,9.0,0.0,40.0,72.75,0.0,0.0,79.07947,31.0,72.75,2,/Users/admin/Desktop/AMine/published_results/archive_v1_newformat_2026-05-13/results_doe_scholl_l9,/Users/admin/Desktop/AMine/published_results/archive_v1_newformat_2026-05-13/results_doe_scholl_l9/solutions/Scholl_MANSOOR_c02/run_info.json
results_doe_archive_l9_252,Scholl_MANSOOR,3,c03,Scholl_MANSOOR_c03,Scholl,11,600.0,OK,2,2,1.0,1,1,,,,0.21,0.0,0.0,2026-04-22T18:35:59.142994,low,high,high,high,fixed,fixed,0.8528,0.9373,1.0988,1.4043,0.0,0.0,0.0,0.0,0.05,5.0,instance,3042,516.375,0.194805,44.0,75.735,9.0,0.0,40.0,68.85,0.0,0.0,75.507102,31.0,68.85,2,/Users/admin/Desktop/AMine/published_results/archive_v1_newformat_2026-05-13/results_doe_scholl_l9,/Users/admin/Desktop/AMine/published_results/archive_v1_newformat_2026-05-13/results_doe_scholl_l9/solutions/Scholl_MANSOOR_c03/run_info.json
results_doe_archive_l9_252,Scholl_MANSOOR,4,c04,Scholl_MANSOOR_c04,Scholl,11,600.0,OK,2,2,1.0,1,1,,,,0.21,0.0,0.0,2026-04-22T18:35:59.352454,mid,low,mid,high,fixed,fixed,1.239,0.3718,0.9695,1.3848,0.0,0.0,0.0,0.0,0.05,5.0,instance,4042,647.25,0.194805,44.0,94.93,9.0,0.0,40.0,86.3,0.0,0.0,91.698909,31.0,86.3,2,/Users/admin/Desktop/AMine/published_results/archive_v1_newformat_2026-05-13/results_doe_scholl_l9,/Users/admin/Desktop/AMine/published_results/archive_v1_newformat_2026-05-13/results_doe_scholl_l9/solutions/Scholl_MANSOOR_c04/run_info.json
results_doe_archive_l9_252,Scholl_MANSOOR,5,c05,Scholl_MANSOOR_c05,Scholl,11,600.0,OK,2,2,1.0,1,1,,,,0.25,0.0,0.0,2026-04-22T18:35:59.604050,mid,mid,high,low,fixed,fixed,1.2972,0.6475,1.0861,1.0772,0.0,0.0,0.0,0.0,0.05,5.0,instance,5042,628.125,0.194805,44.0,92.125,9.0,0.0,40.0,83.75,0.0,0.0,89.303205,31.0,83.75,2,/Users/admin/Desktop/AMine/published_results/archive_v1_newformat_2026-05-13/results_doe_scholl_l9,/Users/admin/Desktop/AMine/published_results/archive_v1_newformat_2026-05-13/results_doe_scholl_l9/solutions/Scholl_MANSOOR_c05/run_info.json
results_doe_archive_l9_252,Scholl_MANSOOR,6,c06,Scholl_MANSOOR_c06,Scholl,11,600.0,OK,2,2,1.0,1,1,,,,0.24,0.0,0.0,2026-04-22T18:35:59.842752,mid,high,low,mid,fixed,fixed,1.2683,0.933,0.9073,1.188,0.0,0.0,0.0,0.0,0.05,5.0,instance,6042,666.75,0.194805,44.0,97.79,9.0,0.0,40.0,88.9,0.0,0.0,94.149934,31.0,88.9,2,/Users/admin/Desktop/AMine/published_results/archive_v1_newformat_2026-05-13/results_doe_scholl_l9,/Users/admin/Desktop/AMine/published_results/archive_v1_newformat_2026-05-13/results_doe_scholl_l9/solutions/Scholl_MANSOOR_c06/run_info.json
results_doe_archive_l9_252,Scholl_MANSOOR,7,c07,Scholl_MANSOOR_c07,Scholl,11,600.0,OK,2,2,1.0,1,1,,,,0.21,0.0,0.0,2026-04-22T18:36:00.055500,high,low,high,mid,fixed,fixed,2.0414,0.4438,1.0683,1.2229,0.0,0.0,0.0,0.0,0.05,5.0,instance,7042,831.0,0.194805,44.0,121.88,9.0,0.0,40.0,110.8,0.0,0.0,115.054943,31.0,110.8,2,/Users/admin/Desktop/AMine/published_results/archive_v1_newformat_2026-05-13/results_doe_scholl_l9,/Users/admin/Desktop/AMine/published_results/archive_v1_newformat_2026-05-13/results_doe_scholl_l9/solutions/Scholl_MANSOOR_c07/run_info.json
results_doe_archive_l9_252,Scholl_MANSOOR,8,c08,Scholl_MANSOOR_c08,Scholl,11,600.0,OK,2,2,1.0,1,1,,,,0.22,0.0,0.0,2026-04-22T18:36:00.280503,high,mid,low,high,fixed,fixed,2.3614,0.5973,0.9424,1.2626,0.0,0.0,0.0,0.0,0.05,5.0,instance,8042,914.25,0.194805,44.0,134.09,9.0,0.0,40.0,121.9,0.0,0.0,125.780006,31.0,121.9,2,/Users/admin/Desktop/AMine/published_results/archive_v1_newformat_2026-05-13/results_doe_scholl_l9,/Users/admin/Desktop/AMine/published_results/archive_v1_newformat_2026-05-13/results_doe_scholl_l9/solutions/Scholl_MANSOOR_c08/run_info.json
results_doe_archive_l9_252,Scholl_MANSOOR,9,c09,Scholl_MANSOOR_c09,Scholl,11,600.0,OK,2,2,1.0,1,1,,,,0.21,0.0,0.0,2026-04-22T18:36:00.493394,high,high,mid,low,fixed,fixed,2.0961,0.8926,0.9936,1.0926,0.0,0.0,0.0,0.0,0.05,5.0,instance,9042,872.625,0.194805,44.0,127.985,9.0,0.0,40.0,116.35,0.0,0.0,120.40898,31.0,116.35,2,/Users/admin/Desktop/AMine/published_results/archive_v1_newformat_2026-05-13/results_doe_scholl_l9,/Users/admin/Desktop/AMine/published_results/archive_v1_newformat_2026-05-13/results_doe_scholl_l9/solutions/Scholl_MANSOOR_c09/run_info.json
results_doe_archive_l9_252,Scholl_MERTENS,1,c01,Scholl_MERTENS_c01,Scholl,7,60.0,OK,2,2,1.0,1,1,,,,0.08,0.0,0.0,2026-04-22T18:35:53.936617,low,low,low,low,fixed,fixed,0.9394,0.3558,0.9076,1.0747,0.0,0.0,0.0,0.0,0.05,5.0,instance,1042,94.125,0.194805,44.0,13.805,9.0,0.0,40.0,12.55,0.0,0.0,33.44402,31.0,12.55,2,/Users/admin/Desktop/AMine/published_results/archive_v1_newformat_2026-05-13/results_doe_scholl_l9,/Users/admin/Desktop/AMine/published_results/archive_v1_newformat_2026-05-13/results_doe_scholl_l9/solutions/Scholl_MERTENS_c01/run_info.json
results_doe_archive_l9_252,Scholl_MERTENS,2,c02,Scholl_MERTENS_c02,Scholl,7,60.0,OK,2,2,1.0,1,1,,,,0.08,0.0,0.0,2026-04-22T18:35:54.017904,low,mid,mid,mid,fixed,fixed,0.9834,0.594,1.0293,1.1083,0.0,0.0,0.0,0.0,0.05,5.0,instance,2042,101.625,0.194805,44.0,14.905,9.0,0.0,40.0,13.55,0.0,0.0,33.831975,31.0,13.55,2,/Users/admin/Desktop/AMine/published_results/archive_v1_newformat_2026-05-13/results_doe_scholl_l9,/Users/admin/Desktop/AMine/published_results/archive_v1_newformat_2026-05-13/results_doe_scholl_l9/solutions/Scholl_MERTENS_c02/run_info.json
results_doe_archive_l9_252,Scholl_MERTENS,3,c03,Scholl_MERTENS_c03,Scholl,7,60.0,OK,2,2,1.0,1,1,,,,0.08,0.0,0.0,2026-04-22T18:35:54.099706,low,high,high,high,fixed,fixed,0.8528,0.9373,1.0988,1.4043,0.0,0.0,0.0,0.0,0.05,5.0,instance,3042,94.125,0.194805,44.0,13.805,9.0,0.0,40.0,12.55,0.0,0.0,33.44402,31.0,12.55,2,/Users/admin/Desktop/AMine/published_results/archive_v1_newformat_2026-05-13/results_doe_scholl_l9,/Users/admin/Desktop/AMine/published_results/archive_v1_newformat_2026-05-13/results_doe_scholl_l9/solutions/Scholl_MERTENS_c03/run_info.json
results_doe_archive_l9_252,Scholl_MERTENS,4,c04,Scholl_MERTENS_c04,Scholl,7,60.0,OK,2,2,1.0,1,1,,,,0.08,0.0,0.0,2026-04-22T18:35:54.181997,mid,low,mid,high,fixed,fixed,1.239,0.3718,0.9695,1.3848,0.0,0.0,0.0,0.0,0.05,5.0,instance,4042,105.0,0.194805,44.0,15.4,9.0,0.0,40.0,14.0,0.0,0.0,34.014703,31.0,14.0,2,/Users/admin/Desktop/AMine/published_results/archive_v1_newformat_2026-05-13/results_doe_scholl_l9,/Users/admin/Desktop/AMine/published_results/archive_v1_newformat_2026-05-13/results_doe_scholl_l9/solutions/Scholl_MERTENS_c04/run_info.json
results_doe_archive_l9_252,Scholl_MERTENS,5,c05,Scholl_MERTENS_c05,Scholl,7,60.0,OK,2,2,1.0,1,1,,,,0.08,0.0,0.0,2026-04-22T18:35:54.267365,mid,mid,high,low,fixed,fixed,1.2972,0.6475,1.0861,1.0772,0.0,0.0,0.0,0.0,0.05,5.0,instance,5042,97.125,0.194805,44.0,14.245,9.0,0.0,40.0,12.95,0.0,0.0,33.596168,31.0,12.95,2,/Users/admin/Desktop/AMine/published_results/archive_v1_newformat_2026-05-13/results_doe_scholl_l9,/Users/admin/Desktop/AMine/published_results/archive_v1_newformat_2026-05-13/results_doe_scholl_l9/solutions/Scholl_MERTENS_c05/run_info.json
results_doe_archive_l9_252,Scholl_MERTENS,6,c06,Scholl_MERTENS_c06,Scholl,7,60.0,OK,2,2,1.0,1,1,,,,0.08,0.0,0.0,2026-04-22T18:35:54.348836,mid,high,low,mid,fixed,fixed,1.2683,0.933,0.9073,1.188,0.0,0.0,0.0,0.0,0.05,5.0,instance,6042,104.625,0.194805,44.0,15.345,9.0,0.0,40.0,13.95,0.0,0.0,33.994154,31.0,13.95,2,/Users/admin/Desktop/AMine/published_results/archive_v1_newformat_2026-05-13/results_doe_scholl_l9,/Users/admin/Desktop/AMine/published_results/archive_v1_newformat_2026-05-13/results_doe_scholl_l9/solutions/Scholl_MERTENS_c06/run_info.json
results_doe_archive_l9_252,Scholl_MERTENS,7,c07,Scholl_MERTENS_c07,Scholl,7,60.0,OK,2,2,1.0,1,2,,,,0.08,0.0,0.0,2026-04-22T18:35:54.432005,high,low,high,mid,fixed,fixed,2.0414,0.4438,1.0683,1.2229,0.0,0.0,0.0,0.0,0.05,5.0,instance,7042,143.55,0.230769,44.0,23.925,18.0,0.0,40.0,21.75,0.0,0.0,30.936427,22.0,21.75,2,/Users/admin/Desktop/AMine/published_results/archive_v1_newformat_2026-05-13/results_doe_scholl_l9,/Users/admin/Desktop/AMine/published_results/archive_v1_newformat_2026-05-13/results_doe_scholl_l9/solutions/Scholl_MERTENS_c07/run_info.json
results_doe_archive_l9_252,Scholl_MERTENS,8,c08,Scholl_MERTENS_c08,Scholl,7,60.0,OK,2,2,1.0,1,2,,,,0.08,0.0,0.0,2026-04-22T18:35:54.514975,high,mid,low,high,fixed,fixed,2.3614,0.5973,0.9424,1.2626,0.0,0.0,0.0,0.0,0.05,5.0,instance,8042,147.84,0.230769,44.0,24.64,18.0,0.0,40.0,22.4,0.0,0.0,31.396815,22.0,22.4,2,/Users/admin/Desktop/AMine/published_results/archive_v1_newformat_2026-05-13/results_doe_scholl_l9,/Users/admin/Desktop/AMine/published_results/archive_v1_newformat_2026-05-13/results_doe_scholl_l9/solutions/Scholl_MERTENS_c08/run_info.json
results_doe_archive_l9_252,Scholl_MERTENS,9,c09,Scholl_MERTENS_c09,Scholl,7,60.0,OK,2,2,1.0,1,2,,,,0.08,0.0,0.0,2026-04-22T18:35:54.597424,high,high,mid,low,fixed,fixed,2.0961,0.8926,0.9936,1.0926,0.0,0.0,0.0,0.0,0.05,5.0,instance,9042,143.55,0.230769,44.0,23.925,18.0,0.0,40.0,21.75,0.0,0.0,30.936427,22.0,21.75,2,/Users/admin/Desktop/AMine/published_results/archive_v1_newformat_2026-05-13/results_doe_scholl_l9,/Users/admin/Desktop/AMine/published_results/archive_v1_newformat_2026-05-13/results_doe_scholl_l9/solutions/Scholl_MERTENS_c09/run_info.json
results_doe_archive_l9_252,Scholl_MITCHELL,1,c01,Scholl_MITCHELL_c01,Scholl,21,60.0,OK,4,4,1.0,1,2,,,,6.19,0.0,0.0,2026-04-22T18:36:06.683055,low,low,low,low,fixed,fixed,0.9394,0.3558,0.9076,1.0747,0.0,0.0,0.0,0.0,0.05,5.0,instance,1042,1394.05,0.467214,88.0,42.625,18.0,0.0,80.0,38.75,19.74109,0.454112,73.113354,62.0,38.75,4,/Users/admin/Desktop/AMine/published_results/archive_v1_newformat_2026-05-13/results_doe_scholl_l9,/Users/admin/Desktop/AMine/published_results/archive_v1_newformat_2026-05-13/results_doe_scholl_l9/solutions/Scholl_MITCHELL_c01/run_info.json
results_doe_archive_l9_252,Scholl_MITCHELL,2,c02,Scholl_MITCHELL_c02,Scholl,21,60.0,OK,3,3,1.0,2,2,,,,5.07,0.0,0.0,2026-04-22T18:36:11.751835,low,mid,mid,mid,fixed,fixed,0.9834,0.594,1.0293,1.1083,0.0,0.0,0.0,0.0,0.05,5.0,instance,2042,1340.25,0.437883,88.0,43.725,18.0,0.0,80.0,39.75,4.76314,0.059925,73.648235,62.0,39.75,3,/Users/admin/Desktop/AMine/published_results/archive_v1_newformat_2026-05-13/results_doe_scholl_l9,/Users/admin/Desktop/AMine/published_results/archive_v1_newformat_2026-05-13/results_doe_scholl_l9/solutions/Scholl_MITCHELL_c02/run_info.json
results_doe_archive_l9_252,Scholl_MITCHELL,3,c03,Scholl_MITCHELL_c03,Scholl,21,60.0,OK,3,3,1.0,2,2,,,,5.71,0.0,0.0,2026-04-22T18:36:17.465229,low,high,high,high,fixed,fixed,0.8528,0.9373,1.0988,1.4043,0.0,0.0,0.0,0.0,0.05,5.0,instance,3042,1196.4,0.431003,88.0,39.655,18.0,0.0,80.0,36.05,3.608439,0.043557,71.718913,62.0,36.05,3,/Users/admin/Desktop/AMine/published_results/archive_v1_newformat_2026-05-13/results_doe_scholl_l9,/Users/admin/Desktop/AMine/published_results/archive_v1_newformat_2026-05-13/results_doe_scholl_l9/solutions/Scholl_MITCHELL_c03/run_info.json
results_doe_archive_l9_252,Scholl_MITCHELL,4,c04,Scholl_MITCHELL_c04,Scholl,21,60.0,OK,4,4,1.0,1,3,,,,5.67,0.0,0.0,2026-04-22T18:36:23.134608,mid,low,mid,high,fixed,fixed,1.239,0.3718,0.9695,1.3848,0.0,0.0,0.0,0.0,0.05,5.0,instance,4042,1726.695,0.525703,88.0,53.845,27.0,0.0,80.0,48.95,23.87685,0.538984,72.146396,53.0,48.95,4,/Users/admin/Desktop/AMine/published_results/archive_v1_newformat_2026-05-13/results_doe_scholl_l9,/Users/admin/Desktop/AMine/published_results/archive_v1_newformat_2026-05-13/results_doe_scholl_l9/solutions/Scholl_MITCHELL_c04/run_info.json
results_doe_archive_l9_252,Scholl_MITCHELL,5,c05,Scholl_MITCHELL_c05,Scholl,21,60.0,OK,3,3,1.0,2,3,,,,81.86,0.0,0.0,2026-04-22T18:37:44.996451,mid,mid,high,low,fixed,fixed,1.2972,0.6475,1.0861,1.0772,0.0,0.0,0.0,0.0,0.05,5.0,instance,5042,1413.37,0.432518,88.0,53.57,27.0,0.0,80.0,48.7,4.734272,0.07759,71.97701,53.0,48.7,3,/Users/admin/Desktop/AMine/published_results/archive_v1_newformat_2026-05-13/results_doe_scholl_l9,/Users/admin/Desktop/AMine/published_results/archive_v1_newformat_2026-05-13/results_doe_scholl_l9/solutions/Scholl_MITCHELL_c05/run_info.json
results_doe_archive_l9_252,Scholl_MITCHELL,6,c06,Scholl_MITCHELL_c06,Scholl,21,60.0,OK,4,4,1.0,2,3,,,,43.83,0.0,0.0,2026-04-22T18:38:28.831378,mid,high,low,mid,fixed,fixed,1.2683,0.933,0.9073,1.188,0.0,0.0,0.0,0.0,0.05,5.0,instance,6042,1358.48,0.423548,88.0,52.58,27.0,0.0,80.0,47.8,22.895524,0.519596,71.371143,53.0,47.8,4,/Users/admin/Desktop/AMine/published_results/archive_v1_newformat_2026-05-13/results_doe_scholl_l9,/Users/admin/Desktop/AMine/published_results/archive_v1_newformat_2026-05-13/results_doe_scholl_l9/solutions/Scholl_MITCHELL_c06/run_info.json
results_doe_archive_l9_252,Scholl_MITCHELL,7,c07,Scholl_MITCHELL_c07,Scholl,21,60.0,OK,3,3,1.0,1,4,,,,5.92,0.0,0.0,2026-04-22T18:38:34.754321,high,low,high,mid,fixed,fixed,2.0414,0.4438,1.0683,1.2229,0.0,0.0,0.0,0.0,0.05,5.0,instance,7042,2705.39,0.66196,88.0,78.595,36.0,0.0,80.0,71.45,1.876388,0.111718,83.911278,44.0,71.45,3,/Users/admin/Desktop/AMine/published_results/archive_v1_newformat_2026-05-13/results_doe_scholl_l9,/Users/admin/Desktop/AMine/published_results/archive_v1_newformat_2026-05-13/results_doe_scholl_l9/solutions/Scholl_MITCHELL_c07/run_info.json
results_doe_archive_l9_252,Scholl_MITCHELL,8,c08,Scholl_MITCHELL_c08,Scholl,21,60.0,OK,4,4,1.0,2,5,,,,5.95,0.0,0.0,2026-04-22T18:38:40.701569,high,mid,low,high,fixed,fixed,2.3614,0.5973,0.9424,1.2626,0.0,0.0,0.0,0.0,0.05,5.0,instance,8042,2155.815,0.591531,88.0,84.755,45.0,0.0,80.0,77.05,28.423963,0.575437,84.626843,35.0,77.05,4,/Users/admin/Desktop/AMine/published_results/archive_v1_newformat_2026-05-13/results_doe_scholl_l9,/Users/admin/Desktop/AMine/published_results/archive_v1_newformat_2026-05-13/results_doe_scholl_l9/solutions/Scholl_MITCHELL_c08/run_info.json
results_doe_archive_l9_252,Scholl_MITCHELL,9,c09,Scholl_MITCHELL_c09,Scholl,21,60.0,OK,3,3,1.0,2,4,,,,25.42,0.0,0.0,2026-04-22T18:39:06.123864,high,high,mid,low,fixed,fixed,2.0961,0.8926,0.9936,1.0926,0.0,0.0,0.0,0.0,0.05,5.0,instance,9042,1875.28,0.459168,88.0,78.54,36.0,0.0,80.0,71.4,7.736494,0.135053,83.868707,44.0,71.4,3,/Users/admin/Desktop/AMine/published_results/archive_v1_newformat_2026-05-13/results_doe_scholl_l9,/Users/admin/Desktop/AMine/published_results/archive_v1_newformat_2026-05-13/results_doe_scholl_l9/solutions/Scholl_MITCHELL_c09/run_info.json
results_doe_archive_l9_252,Scholl_MUKHERJE,1,c01,Scholl_MUKHERJE_c01,Scholl,94,600.0,OK,1,1,1.0,8,8,,,,636.66,0.0,0.0,2026-04-23T16:57:45.210808,low,low,low,low,fixed,fixed,0.9394,0.3558,0.9076,1.0747,0.0,0.0,0.0,0.0,0.05,5.0,instance,1042,102.4,1.0,352.0,3.2,320.0,0.0,320.0,0.0,0.0,1.0,0.0,0.0,0.0,1,/Users/admin/Desktop/AMine/published_results/archive_v1_newformat_2026-05-13/results_doe_scholl_l9,/Users/admin/Desktop/AMine/published_results/archive_v1_newformat_2026-05-13/results_doe_scholl_l9/solutions/Scholl_MUKHERJE_c01/run_info.json
results_doe_archive_l9_252,Scholl_MUKHERJE,2,c02,Scholl_MUKHERJE_c02,Scholl,94,600.0,OK,1,1,1.0,8,8,,,,973.45,0.0,0.0,2026-04-23T17:13:58.668244,low,mid,mid,mid,fixed,fixed,0.9834,0.594,1.0293,1.1083,0.0,0.0,0.0,0.0,0.05,5.0,instance,2042,102.4,1.0,352.0,3.2,320.0,0.0,320.0,0.0,0.0,1.0,0.0,0.0,0.0,1,/Users/admin/Desktop/AMine/published_results/archive_v1_newformat_2026-05-13/results_doe_scholl_l9,/Users/admin/Desktop/AMine/published_results/archive_v1_newformat_2026-05-13/results_doe_scholl_l9/solutions/Scholl_MUKHERJE_c02/run_info.json
results_doe_archive_l9_252,Scholl_MUKHERJE,3,c03,Scholl_MUKHERJE_c03,Scholl,94,600.0,OK,1,1,1.0,8,8,,,,789.48,0.0,0.0,2026-04-23T17:27:08.147715,low,high,high,high,fixed,fixed,0.8528,0.9373,1.0988,1.4043,0.0,0.0,0.0,0.0,0.05,5.0,instance,3042,102.4,1.0,352.0,3.2,320.0,0.0,320.0,0.0,0.0,1.0,0.0,0.0,0.0,1,/Users/admin/Desktop/AMine/published_results/archive_v1_newformat_2026-05-13/results_doe_scholl_l9,/Users/admin/Desktop/AMine/published_results/archive_v1_newformat_2026-05-13/results_doe_scholl_l9/solutions/Scholl_MUKHERJE_c03/run_info.json
results_doe_archive_l9_252,Scholl_MUKHERJE,4,c04,Scholl_MUKHERJE_c04,Scholl,94,600.0,OK,1,1,1.0,8,8,,,,1647.63,0.0,0.0,2026-04-23T17:54:35.779278,mid,low,mid,high,fixed,fixed,1.239,0.3718,0.9695,1.3848,0.0,0.0,0.0,0.0,0.05,5.0,instance,4042,102.4,1.0,352.0,3.2,320.0,0.0,320.0,0.0,0.0,1.0,0.0,0.0,0.0,1,/Users/admin/Desktop/AMine/published_results/archive_v1_newformat_2026-05-13/results_doe_scholl_l9,/Users/admin/Desktop/AMine/published_results/archive_v1_newformat_2026-05-13/results_doe_scholl_l9/solutions/Scholl_MUKHERJE_c04/run_info.json
results_doe_archive_l9_252,Scholl_MUKHERJE,5,c05,Scholl_MUKHERJE_c05,Scholl,94,600.0,OK,1,1,1.0,8,8,,,,1534.03,0.0,0.0,2026-04-23T18:20:09.810086,mid,mid,high,low,fixed,fixed,1.2972,0.6475,1.0861,1.0772,0.0,0.0,0.0,0.0,0.05,5.0,instance,5042,102.4,1.0,352.0,3.2,320.0,0.0,320.0,0.0,0.0,1.0,0.0,0.0,0.0,1,/Users/admin/Desktop/AMine/published_results/archive_v1_newformat_2026-05-13/results_doe_scholl_l9,/Users/admin/Desktop/AMine/published_results/archive_v1_newformat_2026-05-13/results_doe_scholl_l9/solutions/Scholl_MUKHERJE_c05/run_info.json
results_doe_archive_l9_252,Scholl_MUKHERJE,6,c06,Scholl_MUKHERJE_c06,Scholl,94,600.0,OK,1,1,1.0,8,8,,,,1966.4,0.0,0.0,2026-04-23T18:52:56.213970,mid,high,low,mid,fixed,fixed,1.2683,0.933,0.9073,1.188,0.0,0.0,0.0,0.0,0.05,5.0,instance,6042,102.4,1.0,352.0,3.2,320.0,0.0,320.0,0.0,0.0,1.0,0.0,0.0,0.0,1,/Users/admin/Desktop/AMine/published_results/archive_v1_newformat_2026-05-13/results_doe_scholl_l9,/Users/admin/Desktop/AMine/published_results/archive_v1_newformat_2026-05-13/results_doe_scholl_l9/solutions/Scholl_MUKHERJE_c06/run_info.json
results_doe_archive_l9_252,Scholl_MUKHERJE,7,c07,Scholl_MUKHERJE_c07,Scholl,94,600.0,OK,1,1,1.0,8,8,,,,788.98,0.0,0.0,2026-04-23T19:06:05.194499,high,low,high,mid,fixed,fixed,2.0414,0.4438,1.0683,1.2229,0.0,0.0,0.0,0.0,0.05,5.0,instance,7042,102.4,1.0,352.0,3.2,320.0,0.0,320.0,0.0,0.0,1.0,0.0,0.0,0.0,1,/Users/admin/Desktop/AMine/published_results/archive_v1_newformat_2026-05-13/results_doe_scholl_l9,/Users/admin/Desktop/AMine/published_results/archive_v1_newformat_2026-05-13/results_doe_scholl_l9/solutions/Scholl_MUKHERJE_c07/run_info.json
results_doe_archive_l9_252,Scholl_MUKHERJE,8,c08,Scholl_MUKHERJE_c08,Scholl,94,600.0,OK,1,1,1.0,8,8,,,,790.14,0.0,0.0,2026-04-23T19:19:15.337064,high,mid,low,high,fixed,fixed,2.3614,0.5973,0.9424,1.2626,0.0,0.0,0.0,0.0,0.05,5.0,instance,8042,102.4,1.0,352.0,3.2,320.0,0.0,320.0,0.0,0.0,1.0,0.0,0.0,0.0,1,/Users/admin/Desktop/AMine/published_results/archive_v1_newformat_2026-05-13/results_doe_scholl_l9,/Users/admin/Desktop/AMine/published_results/archive_v1_newformat_2026-05-13/results_doe_scholl_l9/solutions/Scholl_MUKHERJE_c08/run_info.json
results_doe_archive_l9_252,Scholl_MUKHERJE,9,c09,Scholl_MUKHERJE_c09,Scholl,94,600.0,OK,1,1,1.0,8,8,,,,2050.06,0.0,0.0,2026-04-23T19:53:25.400421,high,high,mid,low,fixed,fixed,2.0961,0.8926,0.9936,1.0926,0.0,0.0,0.0,0.0,0.05,5.0,instance,9042,102.4,1.0,352.0,3.2,320.0,0.0,320.0,0.0,0.0,1.0,0.0,0.0,0.0,1,/Users/admin/Desktop/AMine/published_results/archive_v1_newformat_2026-05-13/results_doe_scholl_l9,/Users/admin/Desktop/AMine/published_results/archive_v1_newformat_2026-05-13/results_doe_scholl_l9/solutions/Scholl_MUKHERJE_c09/run_info.json
results_doe_archive_l9_252,Scholl_SAWYER30,1,c01,Scholl_SAWYER30_c01,Scholl,30,200.0,OK,3,2,0.666667,1,2,,,,305.8,20.4044,61.2133,2026-04-23T01:04:51.409912,low,low,low,low,fixed,fixed,0.9394,0.3558,0.9076,1.0747,0.0,0.0,0.0,0.0,0.05,5.0,instance,1042,3931.25,0.520706,88.0,107.855,18.0,0.0,80.0,98.05,19.947452,0.255396,116.007769,62.0,98.05,3,/Users/admin/Desktop/AMine/published_results/archive_v1_newformat_2026-05-13/results_doe_scholl_l9,/Users/admin/Desktop/AMine/published_results/archive_v1_newformat_2026-05-13/results_doe_scholl_l9/solutions/Scholl_SAWYER30_c01/run_info.json
results_doe_archive_l9_252,Scholl_SAWYER30,2,c02,Scholl_SAWYER30_c02,Scholl,30,200.0,OK,3,2,0.666667,1,2,,,,304.72,20.7206,62.1619,2026-04-23T01:09:56.128506,low,mid,mid,mid,fixed,fixed,0.9834,0.594,1.0293,1.1083,0.0,0.0,0.0,0.0,0.05,5.0,instance,2042,4214.5,0.522269,88.0,115.28,18.0,0.0,80.0,104.8,22.05478,0.274481,121.766334,62.0,104.8,3,/Users/admin/Desktop/AMine/published_results/archive_v1_newformat_2026-05-13/results_doe_scholl_l9,/Users/admin/Desktop/AMine/published_results/archive_v1_newformat_2026-05-13/results_doe_scholl_l9/solutions/Scholl_SAWYER30_c02/run_info.json
results_doe_archive_l9_252,Scholl_SAWYER30,3,c03,Scholl_SAWYER30_c03,Scholl,30,200.0,OK,3,2,0.666667,2,2,,,,369.15,12.723,38.169,2026-04-23T01:16:05.283408,low,high,high,high,fixed,fixed,0.8528,0.9373,1.0988,1.4043,0.0,0.0,0.0,0.0,0.05,5.0,instance,3042,3161.4,0.443142,88.0,101.915,18.0,0.0,80.0,92.65,12.499633,0.15949,111.481041,62.0,92.65,3,/Users/admin/Desktop/AMine/published_results/archive_v1_newformat_2026-05-13/results_doe_scholl_l9,/Users/admin/Desktop/AMine/published_results/archive_v1_newformat_2026-05-13/results_doe_scholl_l9/solutions/Scholl_SAWYER30_c03/run_info.json
results_doe_archive_l9_252,Scholl_SAWYER30,4,c04,Scholl_SAWYER30_c04,Scholl,30,200.0,OK,3,3,1.0,1,3,,,,31.49,0.0,0.0,2026-04-23T01:16:36.770931,mid,low,mid,high,fixed,fixed,1.239,0.3718,0.9695,1.3848,0.0,0.0,0.0,0.0,0.05,5.0,instance,4042,5148.065,0.58057,88.0,145.365,27.0,0.0,80.0,132.15,22.256853,0.296229,142.38196,53.0,132.15,3,/Users/admin/Desktop/AMine/published_results/archive_v1_newformat_2026-05-13/results_doe_scholl_l9,/Users/admin/Desktop/AMine/published_results/archive_v1_newformat_2026-05-13/results_doe_scholl_l9/solutions/Scholl_SAWYER30_c04/run_info.json
results_doe_archive_l9_252,Scholl_SAWYER30,5,c05,Scholl_SAWYER30_c05,Scholl,30,200.0,OK,4,1,0.25,2,3,,,,907.34,57.4111,87.4301,2026-04-23T01:31:44.110367,mid,mid,high,low,fixed,fixed,1.2972,0.6475,1.0861,1.0772,0.0,0.0,0.0,0.0,0.05,5.0,instance,5042,4636.82,0.514926,88.0,147.62,27.0,0.0,80.0,134.2,48.999481,0.58337,144.286659,53.0,134.2,4,/Users/admin/Desktop/AMine/published_results/archive_v1_newformat_2026-05-13/results_doe_scholl_l9,/Users/admin/Desktop/AMine/published_results/archive_v1_newformat_2026-05-13/results_doe_scholl_l9/solutions/Scholl_SAWYER30_c05/run_info.json
results_doe_archive_l9_252,Scholl_SAWYER30,6,c06,Scholl_SAWYER30_c06,Scholl,30,200.0,OK,3,2,0.666667,2,3,,,,407.42,21.6807,65.042,2026-04-23T01:38:31.527959,mid,high,low,mid,fixed,fixed,1.2683,0.933,0.9073,1.188,0.0,0.0,0.0,0.0,0.05,5.0,instance,6042,4491.125,0.508021,88.0,144.925,27.0,0.0,80.0,131.75,16.82976,0.21973,142.010783,53.0,131.75,3,/Users/admin/Desktop/AMine/published_results/archive_v1_newformat_2026-05-13/results_doe_scholl_l9,/Users/admin/Desktop/AMine/published_results/archive_v1_newformat_2026-05-13/results_doe_scholl_l9/solutions/Scholl_SAWYER30_c06/run_info.json
results_doe_archive_l9_252,Scholl_SAWYER30,7,c07,Scholl_SAWYER30_c07,Scholl,30,200.0,OK,3,3,1.0,1,4,,,,300.5,0.0,0.0,2026-04-23T01:43:32.030467,high,low,high,mid,fixed,fixed,2.0414,0.4438,1.0683,1.2229,0.0,0.0,0.0,0.0,0.05,5.0,instance,7042,8137.41,0.711134,88.0,220.055,36.0,0.0,80.0,200.05,50.835691,0.478794,204.831644,44.0,200.05,3,/Users/admin/Desktop/AMine/published_results/archive_v1_newformat_2026-05-13/results_doe_scholl_l9,/Users/admin/Desktop/AMine/published_results/archive_v1_newformat_2026-05-13/results_doe_scholl_l9/solutions/Scholl_SAWYER30_c07/run_info.json
results_doe_archive_l9_252,Scholl_SAWYER30,8,c08,Scholl_SAWYER30_c08,Scholl,30,200.0,OK,3,2,0.666667,2,4,,,,305.65,9.0175,27.0526,2026-04-23T01:48:37.679416,high,mid,low,high,fixed,fixed,2.3614,0.5973,0.9424,1.2626,0.0,0.0,0.0,0.0,0.05,5.0,instance,8042,7044.74,0.565083,88.0,239.745,36.0,0.0,80.0,217.95,54.646203,0.436722,222.347032,44.0,217.95,3,/Users/admin/Desktop/AMine/published_results/archive_v1_newformat_2026-05-13/results_doe_scholl_l9,/Users/admin/Desktop/AMine/published_results/archive_v1_newformat_2026-05-13/results_doe_scholl_l9/solutions/Scholl_SAWYER30_c08/run_info.json
results_doe_archive_l9_252,Scholl_SAWYER30,9,c09,Scholl_SAWYER30_c09,Scholl,30,200.0,OK,3,2,0.666667,2,4,,,,625.43,19.6937,59.0812,2026-04-23T01:59:03.111502,high,high,mid,low,fixed,fixed,2.0961,0.8926,0.9936,1.0926,0.0,0.0,0.0,0.0,0.05,5.0,instance,9042,6224.52,0.529926,88.0,225.885,36.0,0.0,80.0,205.35,32.880098,0.291109,210.011006,44.0,205.35,3,/Users/admin/Desktop/AMine/published_results/archive_v1_newformat_2026-05-13/results_doe_scholl_l9,/Users/admin/Desktop/AMine/published_results/archive_v1_newformat_2026-05-13/results_doe_scholl_l9/solutions/Scholl_SAWYER30_c09/run_info.json
results_doe_archive_l9_252,Scholl_WEE-MAG,1,c01,Scholl_WEE-MAG_c01,Scholl,75,600.0,OK,4,2,0.5,1,3,,,,689.51,44.3967,100.0,2026-04-23T11:55:39.078559,low,low,low,low,fixed,fixed,0.9394,0.3558,0.9076,1.0747,0.0,0.0,0.0,0.0,0.05,5.0,instance,1042,32200.625,0.665298,132.0,460.955,27.0,0.0,120.0,419.05,102.35788,0.615764,429.245737,93.0,419.05,4,/Users/admin/Desktop/AMine/published_results/archive_v1_newformat_2026-05-13/results_doe_scholl_l9,/Users/admin/Desktop/AMine/published_results/archive_v1_newformat_2026-05-13/results_doe_scholl_l9/solutions/Scholl_WEE-MAG_c01/run_info.json
results_doe_archive_l9_252,Scholl_WEE-MAG,2,c02,Scholl_WEE-MAG_c02,Scholl,75,600.0,OK,5,1,0.2,2,3,,,,1626.45,75.2184,99.3957,2026-04-23T12:22:45.533639,low,mid,mid,mid,fixed,fixed,0.9834,0.594,1.0293,1.1083,0.0,0.0,0.0,0.0,0.05,5.0,instance,2042,28312.275,0.559589,132.0,481.855,27.0,0.0,120.0,438.05,89.715839,0.484915,447.813357,93.0,438.05,5,/Users/admin/Desktop/AMine/published_results/archive_v1_newformat_2026-05-13/results_doe_scholl_l9,/Users/admin/Desktop/AMine/published_results/archive_v1_newformat_2026-05-13/results_doe_scholl_l9/solutions/Scholl_WEE-MAG_c02/run_info.json
results_doe_archive_l9_252,Scholl_WEE-MAG,3,c03,Scholl_WEE-MAG_c03,Scholl,75,600.0,OK,4,1,0.25,3,3,,,,983.07,72.652,99.9519,2026-04-23T12:39:08.604749,low,high,high,high,fixed,fixed,0.8528,0.9373,1.0988,1.4043,0.0,0.0,0.0,0.0,0.05,5.0,instance,3042,24136.675,0.520682,132.0,441.485,27.0,0.0,120.0,401.35,44.825502,0.238476,411.984008,93.0,401.35,4,/Users/admin/Desktop/AMine/published_results/archive_v1_newformat_2026-05-13/results_doe_scholl_l9,/Users/admin/Desktop/AMine/published_results/archive_v1_newformat_2026-05-13/results_doe_scholl_l9/solutions/Scholl_WEE-MAG_c03/run_info.json
results_doe_archive_l9_252,Scholl_WEE-MAG,4,c04,Scholl_WEE-MAG_c04,Scholl,75,600.0,OK,4,2,0.5,1,4,,,,689.77,35.8917,77.3215,2026-04-23T12:50:38.382551,mid,low,mid,high,fixed,fixed,1.239,0.3718,0.9695,1.3848,0.0,0.0,0.0,0.0,0.05,5.0,instance,4042,44963.48,0.768506,132.0,609.455,36.0,0.0,120.0,554.05,165.814607,0.788456,560.381479,84.0,554.05,4,/Users/admin/Desktop/AMine/published_results/archive_v1_newformat_2026-05-13/results_doe_scholl_l9,/Users/admin/Desktop/AMine/published_results/archive_v1_newformat_2026-05-13/results_doe_scholl_l9/solutions/Scholl_WEE-MAG_c04/run_info.json
results_doe_archive_l9_252,Scholl_WEE-MAG,5,c05,Scholl_WEE-MAG_c05,Scholl,75,600.0,OK,5,1,0.2,2,4,,,,1304.83,76.6768,100.0,2026-04-23T13:12:23.219863,mid,mid,high,low,fixed,fixed,1.2972,0.6475,1.0861,1.0772,0.0,0.0,0.0,0.0,0.05,5.0,instance,5042,35615.64,0.58768,132.0,631.29,36.0,0.0,120.0,573.9,122.927247,0.586166,580.014836,84.0,573.9,5,/Users/admin/Desktop/AMine/published_results/archive_v1_newformat_2026-05-13/results_doe_scholl_l9,/Users/admin/Desktop/AMine/published_results/archive_v1_newformat_2026-05-13/results_doe_scholl_l9/solutions/Scholl_WEE-MAG_c05/run_info.json
results_doe_archive_l9_252,Scholl_WEE-MAG,6,c06,Scholl_WEE-MAG_c06,Scholl,75,600.0,OK,4,1,0.25,3,4,,,,983.64,73.3241,99.8384,2026-04-23T13:28:46.868807,mid,high,low,mid,fixed,fixed,1.2683,0.933,0.9073,1.188,0.0,0.0,0.0,0.0,0.05,5.0,instance,6042,34086.38,0.57075,132.0,622.105,36.0,0.0,120.0,565.55,65.092761,0.255873,571.754145,84.0,565.55,4,/Users/admin/Desktop/AMine/published_results/archive_v1_newformat_2026-05-13/results_doe_scholl_l9,/Users/admin/Desktop/AMine/published_results/archive_v1_newformat_2026-05-13/results_doe_scholl_l9/solutions/Scholl_WEE-MAG_c06/run_info.json
results_doe_archive_l9_252,Scholl_WEE-MAG,7,c07,Scholl_WEE-MAG_c07,Scholl,75,600.0,OK,3,1,0.333333,2,3,,,,1261.38,58.4448,88.4467,2026-04-23T13:49:48.252044,high,low,high,mid,fixed,fixed,2.0414,0.4438,1.0683,1.2229,0.0,0.0,0.0,0.0,0.05,5.0,instance,7042,9799.5,0.488613,132.0,257.125,54.0,0.0,120.0,233.75,33.341978,0.238367,242.888992,66.0,233.75,3,/Users/admin/Desktop/AMine/published_results/archive_v1_newformat_2026-05-13/results_doe_scholl_l9,/Users/admin/Desktop/AMine/published_results/archive_v1_newformat_2026-05-13/results_doe_scholl_l9/solutions/Scholl_WEE-MAG_c07/run_info.json
results_doe_archive_l9_252,Scholl_WEE-MAG,8,c08,Scholl_WEE-MAG_c08,Scholl,75,600.0,OK,4,1,0.25,2,7,,,,1582.99,72.5844,99.987,2026-04-23T14:16:11.245842,high,mid,low,high,fixed,fixed,2.3614,0.5973,0.9424,1.2626,0.0,0.0,0.0,0.0,0.05,5.0,instance,8042,56712.76,0.750657,132.0,1094.94,63.0,0.0,120.0,995.4,191.690219,0.437977,997.030672,57.0,995.4,4,/Users/admin/Desktop/AMine/published_results/archive_v1_newformat_2026-05-13/results_doe_scholl_l9,/Users/admin/Desktop/AMine/published_results/archive_v1_newformat_2026-05-13/results_doe_scholl_l9/solutions/Scholl_WEE-MAG_c08/run_info.json
results_doe_archive_l9_252,Scholl_WEE-MAG,9,c09,Scholl_WEE-MAG_c09,Scholl,75,600.0,OK,6,1,0.166667,3,6,,,,2547.69,79.0171,99.9716,2026-04-23T14:58:38.938940,high,high,mid,low,fixed,fixed,2.0961,0.8926,0.9936,1.0926,0.0,0.0,0.0,0.0,0.05,5.0,instance,9042,43656.36,0.574803,132.0,973.72,54.0,0.0,120.0,885.2,116.404616,0.553822,887.657051,66.0,885.2,6,/Users/admin/Desktop/AMine/published_results/archive_v1_newformat_2026-05-13/results_doe_scholl_l9,/Users/admin/Desktop/AMine/published_results/archive_v1_newformat_2026-05-13/results_doe_scholl_l9/solutions/Scholl_WEE-MAG_c09/run_info.json
results_doe_archive_l9_252,instance_n=20_1,1,c01,instance_n=20_1_c01,Otto,20,1000.0,OK,4,3,0.75,2,3,,,,1025.39,13.6084,54.4337,2026-04-24T09:56:22.929274,low,low,low,low,fixed,fixed,0.9394,0.3558,0.9076,1.0747,0.0,0.0,0.0,0.0,0.05,5.0,instance,1042,53047.15,0.631664,132.0,799.81,27.0,0.0,120.0,727.1,192.583547,0.692799,733.023472,93.0,727.1,4,/Users/admin/Desktop/AMine/published_results/archive_v1_newformat_2026-05-13/results_doe_otto_l9,/Users/admin/Desktop/AMine/published_results/archive_v1_newformat_2026-05-13/results_doe_otto_l9/solutions/instance_n=20_1_c01/run_info.json
results_doe_archive_l9_252,instance_n=20_1,2,c02,instance_n=20_1_c02,Otto,20,1000.0,OK,6,1,0.166667,2,3,,,,4074.53,54.1785,85.5391,2026-04-24T11:04:17.464301,low,mid,mid,mid,fixed,fixed,0.9834,0.594,1.0293,1.1083,0.0,0.0,0.0,0.0,0.05,5.0,instance,2042,45378.05,0.504473,132.0,856.68,27.0,0.0,120.0,778.8,124.397965,0.621787,784.333118,93.0,778.8,6,/Users/admin/Desktop/AMine/published_results/archive_v1_newformat_2026-05-13/results_doe_otto_l9,/Users/admin/Desktop/AMine/published_results/archive_v1_newformat_2026-05-13/results_doe_otto_l9/solutions/instance_n=20_1_c02/run_info.json
results_doe_archive_l9_252,instance_n=20_1,3,c03,instance_n=20_1_c03,Otto,20,1000.0,OK,4,1,0.25,3,3,,,,3141.17,32.9115,52.6067,2026-04-24T11:56:38.635146,low,high,high,high,fixed,fixed,0.8528,0.9373,1.0988,1.4043,0.0,0.0,0.0,0.0,0.05,5.0,instance,3042,36928.65,0.480361,132.0,732.16,27.0,0.0,120.0,665.6,22.71418,0.076622,672.065741,93.0,665.6,4,/Users/admin/Desktop/AMine/published_results/archive_v1_newformat_2026-05-13/results_doe_otto_l9,/Users/admin/Desktop/AMine/published_results/archive_v1_newformat_2026-05-13/results_doe_otto_l9/solutions/instance_n=20_1_c03/run_info.json
results_doe_archive_l9_252,instance_n=20_1,4,c04,instance_n=20_1_c04,Otto,20,1000.0,OK,4,4,1.0,2,4,,,,23.29,0.0,0.0,2026-04-24T11:57:01.924008,mid,low,mid,high,fixed,fixed,1.239,0.3718,0.9695,1.3848,0.0,0.0,0.0,0.0,0.05,5.0,instance,4042,71561.75,0.70664,132.0,1054.9,36.0,0.0,120.0,959.0,276.503488,0.774812,962.671803,84.0,959.0,4,/Users/admin/Desktop/AMine/published_results/archive_v1_newformat_2026-05-13/results_doe_otto_l9,/Users/admin/Desktop/AMine/published_results/archive_v1_newformat_2026-05-13/results_doe_otto_l9/solutions/instance_n=20_1_c04/run_info.json
results_doe_archive_l9_252,instance_n=20_1,5,c05,instance_n=20_1_c05,Otto,20,1000.0,OK,4,2,0.5,2,4,,,,1595.39,39.2568,80.8676,2026-04-24T12:23:37.318567,mid,mid,high,low,fixed,fixed,1.2972,0.6475,1.0861,1.0772,0.0,0.0,0.0,0.0,0.05,5.0,instance,5042,54823.26,0.532144,132.0,1073.16,36.0,0.0,120.0,975.6,89.449441,0.204686,979.209559,84.0,975.6,4,/Users/admin/Desktop/AMine/published_results/archive_v1_newformat_2026-05-13/results_doe_otto_l9,/Users/admin/Desktop/AMine/published_results/archive_v1_newformat_2026-05-13/results_doe_otto_l9/solutions/instance_n=20_1_c05/run_info.json
results_doe_archive_l9_252,instance_n=20_1,6,c06,instance_n=20_1_c06,Otto,20,1000.0,OK,4,2,0.5,2,4,,,,2211.8,33.8941,82.8346,2026-04-24T13:00:29.121811,mid,high,low,mid,fixed,fixed,1.2683,0.933,0.9073,1.188,0.0,0.0,0.0,0.0,0.05,5.0,instance,6042,50952.75,0.504847,132.0,1051.325,36.0,0.0,120.0,955.75,48.896038,0.12085,959.434241,84.0,955.75,4,/Users/admin/Desktop/AMine/published_results/archive_v1_newformat_2026-05-13/results_doe_otto_l9,/Users/admin/Desktop/AMine/published_results/archive_v1_newformat_2026-05-13/results_doe_otto_l9/solutions/instance_n=20_1_c06/run_info.json
results_doe_archive_l9_252,instance_n=20_1,7,c07,instance_n=20_1_c07,Otto,20,1000.0,OK,4,4,1.0,2,6,,,,18.92,0.0,0.0,2026-04-24T13:00:48.047597,high,low,high,mid,fixed,fixed,2.0414,0.4438,1.0683,1.2229,0.0,0.0,0.0,0.0,0.05,5.0,instance,7042,101393.23,0.773212,132.0,1681.185,54.0,0.0,120.0,1528.35,405.467322,0.664983,1529.774402,66.0,1528.35,4,/Users/admin/Desktop/AMine/published_results/archive_v1_newformat_2026-05-13/results_doe_otto_l9,/Users/admin/Desktop/AMine/published_results/archive_v1_newformat_2026-05-13/results_doe_otto_l9/solutions/instance_n=20_1_c07/run_info.json
results_doe_archive_l9_252,instance_n=20_1,8,c08,instance_n=20_1_c08,Otto,20,1000.0,OK,4,3,0.75,2,7,,,,376.41,6.5731,26.2923,2026-04-24T13:07:04.463641,high,mid,low,high,fixed,fixed,2.3614,0.5973,0.9424,1.2626,0.0,0.0,0.0,0.0,0.05,5.0,instance,8042,93195.18,0.701158,132.0,1926.32,63.0,0.0,120.0,1751.2,280.383346,0.34592,1752.127404,57.0,1751.2,4,/Users/admin/Desktop/AMine/published_results/archive_v1_newformat_2026-05-13/results_doe_otto_l9,/Users/admin/Desktop/AMine/published_results/archive_v1_newformat_2026-05-13/results_doe_otto_l9/solutions/instance_n=20_1_c08/run_info.json
results_doe_archive_l9_252,instance_n=20_1,9,c09,instance_n=20_1_c09,Otto,20,1000.0,OK,6,1,0.166667,3,7,,,,4623.76,54.9315,91.4293,2026-04-24T14:24:08.228156,high,high,mid,low,fixed,fixed,2.0961,0.8926,0.9936,1.0926,0.0,0.0,0.0,0.0,0.05,5.0,instance,9042,73581.955,0.581054,132.0,1835.295,63.0,0.0,120.0,1668.45,250.255353,0.669705,1669.423374,57.0,1668.45,6,/Users/admin/Desktop/AMine/published_results/archive_v1_newformat_2026-05-13/results_doe_otto_l9,/Users/admin/Desktop/AMine/published_results/archive_v1_newformat_2026-05-13/results_doe_otto_l9/solutions/instance_n=20_1_c09/run_info.json
results_doe_archive_l9_252,instance_n=20_10,1,c01,instance_n=20_10_c01,Otto,20,1000.0,OK,4,3,0.75,2,3,,,,415.47,14.0358,56.1433,2026-04-24T14:31:03.703950,low,low,low,low,fixed,fixed,0.9394,0.3558,0.9076,1.0747,0.0,0.0,0.0,0.0,0.05,5.0,instance,1042,51144.85,0.630338,132.0,772.75,27.0,0.0,120.0,702.5,185.477272,0.688574,708.629134,93.0,702.5,4,/Users/admin/Desktop/AMine/published_results/archive_v1_newformat_2026-05-13/results_doe_otto_l9,/Users/admin/Desktop/AMine/published_results/archive_v1_newformat_2026-05-13/results_doe_otto_l9/solutions/instance_n=20_10_c01/run_info.json
results_doe_archive_l9_252,instance_n=20_10,2,c02,instance_n=20_10_c02,Otto,20,1000.0,OK,6,1,0.166667,3,3,,,,4534.73,62.3346,88.1915,2026-04-24T15:46:38.438430,low,mid,mid,mid,fixed,fixed,0.9834,0.594,1.0293,1.1083,0.0,0.0,0.0,0.0,0.05,5.0,instance,2042,44729.75,0.501451,132.0,849.53,27.0,0.0,120.0,772.3,125.752172,0.639728,777.879354,93.0,772.3,6,/Users/admin/Desktop/AMine/published_results/archive_v1_newformat_2026-05-13/results_doe_otto_l9,/Users/admin/Desktop/AMine/published_results/archive_v1_newformat_2026-05-13/results_doe_otto_l9/solutions/instance_n=20_10_c02/run_info.json
results_doe_archive_l9_252,instance_n=20_10,3,c03,instance_n=20_10_c03,Otto,20,1000.0,OK,4,1,0.25,3,3,,,,2395.01,50.7026,76.7835,2026-04-24T16:26:33.450431,low,high,high,high,fixed,fixed,0.8528,0.9373,1.0988,1.4043,0.0,0.0,0.0,0.0,0.05,5.0,instance,3042,37532.25,0.489611,132.0,730.07,27.0,0.0,120.0,663.7,33.211343,0.110207,670.184072,93.0,663.7,4,/Users/admin/Desktop/AMine/published_results/archive_v1_newformat_2026-05-13/results_doe_otto_l9,/Users/admin/Desktop/AMine/published_results/archive_v1_newformat_2026-05-13/results_doe_otto_l9/solutions/instance_n=20_10_c03/run_info.json
results_doe_archive_l9_252,instance_n=20_10,4,c04,instance_n=20_10_c04,Otto,20,1000.0,OK,4,4,1.0,2,4,,,,40.61,0.0,0.0,2026-04-24T16:27:14.064242,mid,low,mid,high,fixed,fixed,1.239,0.3718,0.9695,1.3848,0.0,0.0,0.0,0.0,0.05,5.0,instance,4042,69288.24,0.706171,132.0,1022.065,36.0,0.0,120.0,929.15,269.275752,0.780788,932.939292,84.0,929.15,4,/Users/admin/Desktop/AMine/published_results/archive_v1_newformat_2026-05-13/results_doe_otto_l9,/Users/admin/Desktop/AMine/published_results/archive_v1_newformat_2026-05-13/results_doe_otto_l9/solutions/instance_n=20_10_c04/run_info.json
results_doe_archive_l9_252,instance_n=20_10,5,c05,instance_n=20_10_c05,Otto,20,1000.0,OK,4,1,0.25,2,4,,,,2589.57,59.4282,90.088,2026-04-24T17:10:23.638694,mid,mid,high,low,fixed,fixed,1.2972,0.6475,1.0861,1.0772,0.0,0.0,0.0,0.0,0.05,5.0,instance,5042,54908.01,0.53668,132.0,1065.735,36.0,0.0,120.0,968.85,97.841436,0.215613,972.484613,84.0,968.85,4,/Users/admin/Desktop/AMine/published_results/archive_v1_newformat_2026-05-13/results_doe_otto_l9,/Users/admin/Desktop/AMine/published_results/archive_v1_newformat_2026-05-13/results_doe_otto_l9/solutions/instance_n=20_10_c05/run_info.json
results_doe_archive_l9_252,instance_n=20_10,6,c06,instance_n=20_10_c06,Otto,20,1000.0,OK,4,2,0.5,2,4,,,,3119.07,38.0583,84.7432,2026-04-24T18:02:22.713932,mid,high,low,mid,fixed,fixed,1.2683,0.933,0.9073,1.188,0.0,0.0,0.0,0.0,0.05,5.0,instance,6042,51294.57,0.512415,132.0,1042.745,36.0,0.0,120.0,947.95,56.614447,0.135508,951.664438,84.0,947.95,4,/Users/admin/Desktop/AMine/published_results/archive_v1_newformat_2026-05-13/results_doe_otto_l9,/Users/admin/Desktop/AMine/published_results/archive_v1_newformat_2026-05-13/results_doe_otto_l9/solutions/instance_n=20_10_c06/run_info.json
results_doe_archive_l9_252,instance_n=20_10,7,c07,instance_n=20_10_c07,Otto,20,1000.0,OK,4,4,1.0,2,6,,,,41.76,0.0,0.0,2026-04-24T18:03:04.471464,high,low,high,mid,fixed,fixed,2.0414,0.4438,1.0683,1.2229,0.0,0.0,0.0,0.0,0.05,5.0,instance,7042,99999.09,0.776192,132.0,1651.705,54.0,0.0,120.0,1501.55,407.359629,0.687562,1502.999801,66.0,1501.55,4,/Users/admin/Desktop/AMine/published_results/archive_v1_newformat_2026-05-13/results_doe_otto_l9,/Users/admin/Desktop/AMine/published_results/archive_v1_newformat_2026-05-13/results_doe_otto_l9/solutions/instance_n=20_10_c07/run_info.json
results_doe_archive_l9_252,instance_n=20_10,8,c08,instance_n=20_10_c08,Otto,20,1000.0,OK,4,2,0.5,2,6,,,,1552.62,25.9287,58.4955,2026-04-24T18:28:57.094915,high,mid,low,high,fixed,fixed,2.3614,0.5973,0.9424,1.2626,0.0,0.0,0.0,0.0,0.05,5.0,instance,8042,113922.2685,0.758205,132.0,1926.3145,54.0,0.0,120.0,1751.195,417.775911,0.551745,1752.438281,66.0,1751.195,4,/Users/admin/Desktop/AMine/published_results/archive_v1_newformat_2026-05-13/results_doe_otto_l9,/Users/admin/Desktop/AMine/published_results/archive_v1_newformat_2026-05-13/results_doe_otto_l9/solutions/instance_n=20_10_c08/run_info.json
results_doe_archive_l9_252,instance_n=20_10,9,c09,instance_n=20_10_c09,Otto,20,1000.0,OK,6,2,0.333333,3,6,,,,4746.43,53.789,91.6093,2026-04-24T19:48:03.524327,high,high,mid,low,fixed,fixed,2.0961,0.8926,0.9936,1.0926,0.0,0.0,0.0,0.0,0.05,5.0,instance,9042,70310.33,0.524342,132.0,1719.135,54.0,0.0,120.0,1562.85,240.908772,0.676332,1564.242987,66.0,1562.85,6,/Users/admin/Desktop/AMine/published_results/archive_v1_newformat_2026-05-13/results_doe_otto_l9,/Users/admin/Desktop/AMine/published_results/archive_v1_newformat_2026-05-13/results_doe_otto_l9/solutions/instance_n=20_10_c09/run_info.json
results_doe_archive_l9_252,instance_n=20_63,1,c01,instance_n=20_63_c01,Otto,20,1000.0,OK,6,2,0.333333,2,5,,,,4340.66,19.3703,50.4673,2026-04-24T01:58:44.637086,low,low,low,low,fixed,fixed,0.9394,0.3558,0.9076,1.0747,0.0,0.0,0.0,0.0,0.05,5.0,instance,1042,169296.65,0.749692,220.0,1290.41,45.0,0.0,200.0,1173.1,205.21406,0.690287,1183.295656,155.0,1173.1,6,/Users/admin/Desktop/AMine/published_results/archive_v1_newformat_2026-05-13/results_doe_otto_l9,/Users/admin/Desktop/AMine/published_results/archive_v1_newformat_2026-05-13/results_doe_otto_l9/solutions/instance_n=20_63_c01/run_info.json
results_doe_archive_l9_252,instance_n=20_63,2,c02,instance_n=20_63_c02,Otto,20,1000.0,OK,7,2,0.285714,3,5,,,,6536.75,42.9692,65.8129,2026-04-24T03:47:41.386847,low,mid,mid,mid,fixed,fixed,0.9834,0.594,1.0293,1.1083,0.0,0.0,0.0,0.0,0.05,5.0,instance,2042,147611.45,0.609646,220.0,1383.58,45.0,0.0,200.0,1257.8,150.02889,0.458891,1267.31442,155.0,1257.8,7,/Users/admin/Desktop/AMine/published_results/archive_v1_newformat_2026-05-13/results_doe_otto_l9,/Users/admin/Desktop/AMine/published_results/archive_v1_newformat_2026-05-13/results_doe_otto_l9/solutions/instance_n=20_63_c02/run_info.json
results_doe_archive_l9_252,instance_n=20_63,3,c03,instance_n=20_63_c03,Otto,20,1000.0,OK,6,2,0.333333,4,5,,,,4365.2,40.1745,77.4026,2026-04-24T05:00:26.588247,low,high,high,high,fixed,fixed,0.8528,0.9373,1.0988,1.4043,0.0,0.0,0.0,0.0,0.05,5.0,instance,3042,111470.8,0.534056,220.0,1134.375,36.0,0.0,200.0,1031.25,37.130998,0.104913,1044.209061,164.0,1031.25,6,/Users/admin/Desktop/AMine/published_results/archive_v1_newformat_2026-05-13/results_doe_otto_l9,/Users/admin/Desktop/AMine/published_results/archive_v1_newformat_2026-05-13/results_doe_otto_l9/solutions/instance_n=20_63_c03/run_info.json
results_doe_archive_l9_252,instance_n=20_63,4,c04,instance_n=20_63_c04,Otto,20,1000.0,OK,6,6,1.0,2,6,,,,139.18,0.0,0.0,2026-04-24T05:02:45.766478,mid,low,mid,high,fixed,fixed,1.239,0.3718,0.9695,1.3848,0.0,0.0,0.0,0.0,0.05,5.0,instance,4042,217097.01,0.780337,220.0,1675.96,54.0,0.0,200.0,1523.6,282.737537,0.800594,1530.579289,146.0,1523.6,6,/Users/admin/Desktop/AMine/published_results/archive_v1_newformat_2026-05-13/results_doe_otto_l9,/Users/admin/Desktop/AMine/published_results/archive_v1_newformat_2026-05-13/results_doe_otto_l9/solutions/instance_n=20_63_c04/run_info.json
results_doe_archive_l9_252,instance_n=20_63,5,c05,instance_n=20_63_c05,Otto,20,1000.0,OK,7,2,0.285714,3,7,,,,1520.01,50.6041,83.3223,2026-04-24T05:28:05.779460,mid,mid,high,low,fixed,fixed,1.2972,0.6475,1.0861,1.0772,0.0,0.0,0.0,0.0,0.05,5.0,instance,5042,175804.915,0.641065,220.0,1746.745,63.0,0.0,200.0,1587.95,186.401666,0.520562,1593.848864,137.0,1587.95,7,/Users/admin/Desktop/AMine/published_results/archive_v1_newformat_2026-05-13/results_doe_otto_l9,/Users/admin/Desktop/AMine/published_results/archive_v1_newformat_2026-05-13/results_doe_otto_l9/solutions/instance_n=20_63_c05/run_info.json
results_doe_archive_l9_252,instance_n=20_63,6,c06,instance_n=20_63_c06,Otto,20,1000.0,OK,6,1,0.166667,4,6,,,,5446.75,53.4746,75.1604,2026-04-24T06:58:52.536564,mid,high,low,mid,fixed,fixed,1.2683,0.933,0.9073,1.188,0.0,0.0,0.0,0.0,0.05,5.0,instance,6042,154303.23,0.558682,220.0,1663.805,54.0,0.0,200.0,1512.55,61.27892,0.137499,1519.580041,146.0,1512.55,6,/Users/admin/Desktop/AMine/published_results/archive_v1_newformat_2026-05-13/results_doe_otto_l9,/Users/admin/Desktop/AMine/published_results/archive_v1_newformat_2026-05-13/results_doe_otto_l9/solutions/instance_n=20_63_c06/run_info.json
results_doe_archive_l9_252,instance_n=20_63,7,c07,instance_n=20_63_c07,Otto,20,1000.0,OK,4,3,0.75,2,4,,,,1202.98,5.7869,23.1476,2026-04-24T07:18:55.520007,high,low,high,mid,fixed,fixed,2.0414,0.4438,1.0683,1.2229,0.0,0.0,0.0,0.0,0.05,5.0,instance,7042,83048.006,0.695989,176.0,1147.344,72.0,0.0,160.0,1043.04,256.860566,0.658889,1046.745643,88.0,1043.04,4,/Users/admin/Desktop/AMine/published_results/archive_v1_newformat_2026-05-13/results_doe_otto_l9,/Users/admin/Desktop/AMine/published_results/archive_v1_newformat_2026-05-13/results_doe_otto_l9/solutions/instance_n=20_63_c07/run_info.json
results_doe_archive_l9_252,instance_n=20_63,8,c08,instance_n=20_63_c08,Otto,20,1000.0,OK,4,3,0.75,2,7,,,,2228.77,7.7323,30.9293,2026-04-24T07:56:04.288981,high,mid,low,high,fixed,fixed,2.3614,0.5973,0.9424,1.2626,0.0,0.0,0.0,0.0,0.05,5.0,instance,8042,147758.16675,0.694484,132.0,3083.4733,63.0,0.0,120.0,2803.1575,432.366845,0.348515,2803.736965,57.0,2803.1575,4,/Users/admin/Desktop/AMine/published_results/archive_v1_newformat_2026-05-13/results_doe_otto_l9,/Users/admin/Desktop/AMine/published_results/archive_v1_newformat_2026-05-13/results_doe_otto_l9/solutions/instance_n=20_63_c08/run_info.json
results_doe_archive_l9_252,instance_n=20_63,9,c09,instance_n=20_63_c09,Otto,20,1000.0,OK,6,1,0.166667,3,9,,,,6193.25,69.7773,93.217,2026-04-24T09:39:17.537168,high,high,mid,low,fixed,fixed,2.0961,0.8926,0.9936,1.0926,0.0,0.0,0.0,0.0,0.05,5.0,instance,9042,164130.25,0.59647,176.0,2896.52,81.0,0.0,160.0,2633.2,263.232399,0.36493,2634.384793,79.0,2633.2,6,/Users/admin/Desktop/AMine/published_results/archive_v1_newformat_2026-05-13/results_doe_otto_l9,/Users/admin/Desktop/AMine/published_results/archive_v1_newformat_2026-05-13/results_doe_otto_l9/solutions/instance_n=20_63_c09/run_info.json
results_doe_archive_l9_252,instance_n=20_68,1,c01,instance_n=20_68_c01,Otto,20,1000.0,OK,4,3,0.75,2,3,,,,1069.26,10.0945,40.378,2026-04-26T16:45:37.821778,low,low,low,low,fixed,fixed,0.9394,0.3558,0.9076,1.0747,0.0,0.0,0.0,0.0,0.05,5.0,instance,1042,52138.325,0.626051,132.0,793.155,27.0,0.0,120.0,721.05,183.323704,0.665802,727.022766,93.0,721.05,4,/Users/admin/Desktop/AMine/published_results/archive_v1_newformat_2026-05-13/results_doe_otto_l9,/Users/admin/Desktop/AMine/published_results/archive_v1_newformat_2026-05-13/results_doe_otto_l9/solutions/instance_n=20_68_c01/run_info.json
results_doe_archive_l9_252,instance_n=20_68,2,c02,instance_n=20_68_c02,Otto,20,1000.0,OK,5,1,0.2,2,3,,,,3423.47,48.763,81.0186,2026-04-26T17:42:41.294607,low,mid,mid,mid,fixed,fixed,0.9834,0.594,1.0293,1.1083,0.0,0.0,0.0,0.0,0.05,5.0,instance,2042,43799.65,0.490833,132.0,849.86,27.0,0.0,120.0,772.6,133.140309,0.403106,778.177203,93.0,772.6,5,/Users/admin/Desktop/AMine/published_results/archive_v1_newformat_2026-05-13/results_doe_otto_l9,/Users/admin/Desktop/AMine/published_results/archive_v1_newformat_2026-05-13/results_doe_otto_l9/solutions/instance_n=20_68_c02/run_info.json
results_doe_archive_l9_252,instance_n=20_68,3,c03,instance_n=20_68_c03,Otto,20,1000.0,OK,4,2,0.5,3,3,,,,1718.19,8.1014,23.6028,2026-04-26T18:11:19.489802,low,high,high,high,fixed,fixed,0.8528,0.9373,1.0988,1.4043,0.0,0.0,0.0,0.0,0.05,5.0,instance,3042,36672.525,0.475565,132.0,734.415,27.0,0.0,120.0,667.65,14.510255,0.048938,674.096078,93.0,667.65,4,/Users/admin/Desktop/AMine/published_results/archive_v1_newformat_2026-05-13/results_doe_otto_l9,/Users/admin/Desktop/AMine/published_results/archive_v1_newformat_2026-05-13/results_doe_otto_l9/solutions/instance_n=20_68_c03/run_info.json
results_doe_archive_l9_252,instance_n=20_68,4,c04,instance_n=20_68_c04,Otto,20,1000.0,OK,4,4,1.0,2,4,,,,10.41,0.0,0.0,2026-04-26T18:11:29.900433,mid,low,mid,high,fixed,fixed,1.239,0.3718,0.9695,1.3848,0.0,0.0,0.0,0.0,0.05,5.0,instance,4042,72298.46,0.705564,132.0,1067.385,36.0,0.0,120.0,970.35,278.699257,0.77272,973.979015,84.0,970.35,4,/Users/admin/Desktop/AMine/published_results/archive_v1_newformat_2026-05-13/results_doe_otto_l9,/Users/admin/Desktop/AMine/published_results/archive_v1_newformat_2026-05-13/results_doe_otto_l9/solutions/instance_n=20_68_c04/run_info.json
results_doe_archive_l9_252,instance_n=20_68,5,c05,instance_n=20_68_c05,Otto,20,1000.0,OK,4,2,0.5,2,4,,,,3307.14,20.7729,49.0743,2026-04-26T19:06:37.044884,mid,mid,high,low,fixed,fixed,1.2972,0.6475,1.0861,1.0772,0.0,0.0,0.0,0.0,0.05,5.0,instance,5042,55599.96,0.530707,132.0,1091.31,36.0,0.0,120.0,992.1,91.032644,0.201794,995.649743,84.0,992.1,4,/Users/admin/Desktop/AMine/published_results/archive_v1_newformat_2026-05-13/results_doe_otto_l9,/Users/admin/Desktop/AMine/published_results/archive_v1_newformat_2026-05-13/results_doe_otto_l9/solutions/instance_n=20_68_c05/run_info.json
results_doe_archive_l9_252,instance_n=20_68,6,c06,instance_n=20_68_c06,Otto,20,1000.0,OK,4,2,0.5,3,4,,,,1310.06,31.0923,77.7021,2026-04-26T19:28:27.108263,mid,high,low,mid,fixed,fixed,1.2683,0.933,0.9073,1.188,0.0,0.0,0.0,0.0,0.05,5.0,instance,6042,48959.82,0.48538,132.0,1050.72,36.0,0.0,120.0,955.2,32.114003,0.089377,958.886354,84.0,955.2,4,/Users/admin/Desktop/AMine/published_results/archive_v1_newformat_2026-05-13/results_doe_otto_l9,/Users/admin/Desktop/AMine/published_results/archive_v1_newformat_2026-05-13/results_doe_otto_l9/solutions/instance_n=20_68_c06/run_info.json
results_doe_archive_l9_252,instance_n=20_68,7,c07,instance_n=20_68_c07,Otto,20,1000.0,OK,3,3,1.0,2,3,,,,11.45,0.0,0.0,2026-04-26T19:28:38.559071,high,low,high,mid,fixed,fixed,2.0414,0.4438,1.0683,1.2229,0.0,0.0,0.0,0.0,0.05,5.0,instance,7042,23146.06,0.586001,132.0,572.44,63.0,0.0,120.0,520.4,131.173981,0.450241,523.51233,57.0,520.4,3,/Users/admin/Desktop/AMine/published_results/archive_v1_newformat_2026-05-13/results_doe_otto_l9,/Users/admin/Desktop/AMine/published_results/archive_v1_newformat_2026-05-13/results_doe_otto_l9/solutions/instance_n=20_68_c07/run_info.json
results_doe_archive_l9_252,instance_n=20_68,8,c08,instance_n=20_68_c08,Otto,20,1000.0,OK,3,2,0.666667,2,4,,,,1027.56,8.5499,25.6496,2026-04-26T19:45:46.124821,high,mid,low,high,fixed,fixed,2.3614,0.5973,0.9424,1.2626,0.0,0.0,0.0,0.0,0.05,5.0,instance,8042,34543.2,0.583058,132.0,987.415,72.0,0.0,120.0,897.65,182.471553,0.363249,898.932435,48.0,897.65,3,/Users/admin/Desktop/AMine/published_results/archive_v1_newformat_2026-05-13/results_doe_otto_l9,/Users/admin/Desktop/AMine/published_results/archive_v1_newformat_2026-05-13/results_doe_otto_l9/solutions/instance_n=20_68_c08/run_info.json
results_doe_archive_l9_252,instance_n=20_68,9,c09,instance_n=20_68_c09,Otto,20,1000.0,OK,5,2,0.4,3,7,,,,3779.77,43.4843,82.6748,2026-04-26T20:48:45.894569,high,high,mid,low,fixed,fixed,2.0961,0.8926,0.9936,1.0926,0.0,0.0,0.0,0.0,0.05,5.0,instance,9042,68469.705,0.54741,132.0,1812.745,63.0,0.0,120.0,1647.95,277.242557,0.430856,1648.935476,57.0,1647.95,5,/Users/admin/Desktop/AMine/published_results/archive_v1_newformat_2026-05-13/results_doe_otto_l9,/Users/admin/Desktop/AMine/published_results/archive_v1_newformat_2026-05-13/results_doe_otto_l9/solutions/instance_n=20_68_c09/run_info.json
results_doe_archive_l9_252,instance_n=20_69,1,c01,instance_n=20_69_c01,Otto,20,1000.0,OK,3,2,0.666667,1,2,,,,656.99,9.5387,28.6162,2026-04-26T12:04:52.814176,low,low,low,low,fixed,fixed,0.9394,0.3558,0.9076,1.0747,0.0,0.0,0.0,0.0,0.05,5.0,instance,1042,20013.5,0.527266,88.0,542.245,18.0,0.0,80.0,492.95,127.103662,0.450568,496.833677,62.0,492.95,3,/Users/admin/Desktop/AMine/published_results/archive_v1_newformat_2026-05-13/results_doe_otto_l9,/Users/admin/Desktop/AMine/published_results/archive_v1_newformat_2026-05-13/results_doe_otto_l9/solutions/instance_n=20_69_c01/run_info.json
results_doe_archive_l9_252,instance_n=20_69,2,c02,instance_n=20_69_c02,Otto,20,1000.0,OK,4,3,0.75,2,2,,,,1191.72,7.6357,30.543,2026-04-26T12:24:44.531821,low,mid,mid,mid,fixed,fixed,0.9834,0.594,1.0293,1.1083,0.0,0.0,0.0,0.0,0.05,5.0,instance,2042,17073.05,0.425133,88.0,573.705,18.0,0.0,80.0,521.55,144.032282,0.566422,525.222241,62.0,521.55,4,/Users/admin/Desktop/AMine/published_results/archive_v1_newformat_2026-05-13/results_doe_otto_l9,/Users/admin/Desktop/AMine/published_results/archive_v1_newformat_2026-05-13/results_doe_otto_l9/solutions/instance_n=20_69_c02/run_info.json
results_doe_archive_l9_252,instance_n=20_69,3,c03,instance_n=20_69_c03,Otto,20,1000.0,OK,3,3,1.0,2,2,,,,18.75,0.0,0.0,2026-04-26T12:25:03.282440,low,high,high,high,fixed,fixed,0.8528,0.9373,1.0988,1.4043,0.0,0.0,0.0,0.0,0.05,5.0,instance,3042,14054.35,0.397353,88.0,505.285,18.0,0.0,80.0,459.35,1.645448,0.006093,463.515288,62.0,459.35,3,/Users/admin/Desktop/AMine/published_results/archive_v1_newformat_2026-05-13/results_doe_otto_l9,/Users/admin/Desktop/AMine/published_results/archive_v1_newformat_2026-05-13/results_doe_otto_l9/solutions/instance_n=20_69_c03/run_info.json
results_doe_archive_l9_252,instance_n=20_69,4,c04,instance_n=20_69_c04,Otto,20,1000.0,OK,3,3,1.0,1,3,,,,3.9,0.0,0.0,2026-04-26T12:25:07.186309,mid,low,mid,high,fixed,fixed,1.239,0.3718,0.9695,1.3848,0.0,0.0,0.0,0.0,0.05,5.0,instance,4042,28549.92,0.629227,88.0,743.82,27.0,0.0,80.0,676.2,227.129596,0.596401,678.273868,53.0,676.2,3,/Users/admin/Desktop/AMine/published_results/archive_v1_newformat_2026-05-13/results_doe_otto_l9,/Users/admin/Desktop/AMine/published_results/archive_v1_newformat_2026-05-13/results_doe_otto_l9/solutions/instance_n=20_69_c04/run_info.json
results_doe_archive_l9_252,instance_n=20_69,5,c05,instance_n=20_69_c05,Otto,20,1000.0,OK,3,2,0.666667,2,3,,,,1026.95,14.7929,44.3786,2026-04-26T12:42:14.135470,mid,mid,high,low,fixed,fixed,1.2972,0.6475,1.0861,1.0772,0.0,0.0,0.0,0.0,0.05,5.0,instance,5042,19582.85,0.432685,88.0,741.95,27.0,0.0,80.0,674.5,58.485582,0.14789,676.579079,53.0,674.5,3,/Users/admin/Desktop/AMine/published_results/archive_v1_newformat_2026-05-13/results_doe_otto_l9,/Users/admin/Desktop/AMine/published_results/archive_v1_newformat_2026-05-13/results_doe_otto_l9/solutions/instance_n=20_69_c05/run_info.json
results_doe_archive_l9_252,instance_n=20_69,6,c06,instance_n=20_69_c06,Otto,20,1000.0,OK,3,2,0.666667,2,3,,,,1147.97,7.7859,23.3577,2026-04-26T13:01:22.107984,mid,high,low,mid,fixed,fixed,1.2683,0.933,0.9073,1.188,0.0,0.0,0.0,0.0,0.05,5.0,instance,6042,18757.94,0.412684,88.0,745.14,27.0,0.0,80.0,677.4,18.359739,0.045306,679.470205,53.0,677.4,3,/Users/admin/Desktop/AMine/published_results/archive_v1_newformat_2026-05-13/results_doe_otto_l9,/Users/admin/Desktop/AMine/published_results/archive_v1_newformat_2026-05-13/results_doe_otto_l9/solutions/instance_n=20_69_c06/run_info.json
results_doe_archive_l9_252,instance_n=20_69,7,c07,instance_n=20_69_c07,Otto,20,1000.0,OK,2,2,1.0,1,2,,,,1.99,0.0,0.0,2026-04-26T13:01:24.101441,high,low,high,mid,fixed,fixed,2.0414,0.4438,1.0683,1.2229,0.0,0.0,0.0,0.0,0.05,5.0,instance,7042,1791.495,0.260042,88.0,160.215,45.0,0.0,80.0,145.65,0.0,0.0,149.79627,35.0,145.65,2,/Users/admin/Desktop/AMine/published_results/archive_v1_newformat_2026-05-13/results_doe_otto_l9,/Users/admin/Desktop/AMine/published_results/archive_v1_newformat_2026-05-13/results_doe_otto_l9/solutions/instance_n=20_69_c07/run_info.json
results_doe_archive_l9_252,instance_n=20_69,8,c08,instance_n=20_69_c08,Otto,20,1000.0,OK,3,3,1.0,2,5,,,,6.37,0.0,0.0,2026-04-26T13:01:30.475980,high,mid,low,high,fixed,fixed,2.3614,0.5973,0.9424,1.2626,0.0,0.0,0.0,0.0,0.05,5.0,instance,8042,37071.195,0.650061,88.0,1326.215,45.0,0.0,80.0,1205.65,281.891269,0.417958,1206.157918,35.0,1205.65,3,/Users/admin/Desktop/AMine/published_results/archive_v1_newformat_2026-05-13/results_doe_otto_l9,/Users/admin/Desktop/AMine/published_results/archive_v1_newformat_2026-05-13/results_doe_otto_l9/solutions/instance_n=20_69_c08/run_info.json
results_doe_archive_l9_252,instance_n=20_69,9,c09,instance_n=20_69_c09,Otto,20,1000.0,OK,3,2,0.666667,2,5,,,,307.98,10.274,30.8221,2026-04-26T13:06:38.460641,high,high,mid,low,fixed,fixed,2.0961,0.8926,0.9936,1.0926,0.0,0.0,0.0,0.0,0.05,5.0,instance,9042,24401.455,0.456598,88.0,1242.835,45.0,0.0,80.0,1129.85,61.747611,0.093711,1130.391977,35.0,1129.85,3,/Users/admin/Desktop/AMine/published_results/archive_v1_newformat_2026-05-13/results_doe_otto_l9,/Users/admin/Desktop/AMine/published_results/archive_v1_newformat_2026-05-13/results_doe_otto_l9/solutions/instance_n=20_69_c09/run_info.json
results_doe_archive_l9_252,instance_n=20_73,1,c01,instance_n=20_73_c01,Otto,20,1000.0,OK,3,2,0.666667,1,2,,,,993.79,13.9933,41.98,2026-04-26T21:05:19.683310,low,low,low,low,fixed,fixed,0.9394,0.3558,0.9076,1.0747,0.0,0.0,0.0,0.0,0.05,5.0,instance,1042,19821.5,0.528805,88.0,535.48,18.0,0.0,80.0,486.8,127.363469,0.456787,490.732351,62.0,486.8,3,/Users/admin/Desktop/AMine/published_results/archive_v1_newformat_2026-05-13/results_doe_otto_l9,/Users/admin/Desktop/AMine/published_results/archive_v1_newformat_2026-05-13/results_doe_otto_l9/solutions/instance_n=20_73_c01/run_info.json
results_doe_archive_l9_252,instance_n=20_73,2,c02,instance_n=20_73_c02,Otto,20,1000.0,OK,4,1,0.25,2,2,,,,2564.52,51.9919,81.4783,2026-04-26T21:48:04.206805,low,mid,mid,mid,fixed,fixed,0.9834,0.594,1.0293,1.1083,0.0,0.0,0.0,0.0,0.05,5.0,instance,2042,17301.15,0.430112,88.0,574.64,18.0,0.0,80.0,522.4,138.843371,0.539782,526.066308,62.0,522.4,4,/Users/admin/Desktop/AMine/published_results/archive_v1_newformat_2026-05-13/results_doe_otto_l9,/Users/admin/Desktop/AMine/published_results/archive_v1_newformat_2026-05-13/results_doe_otto_l9/solutions/instance_n=20_73_c02/run_info.json
results_doe_archive_l9_252,instance_n=20_73,3,c03,instance_n=20_73_c03,Otto,20,1000.0,OK,3,2,0.666667,2,2,,,,1030.83,13.1287,39.3861,2026-04-26T22:05:15.043559,low,high,high,high,fixed,fixed,0.8528,0.9373,1.0988,1.4043,0.0,0.0,0.0,0.0,0.05,5.0,instance,3042,14281.8,0.405815,88.0,502.755,18.0,0.0,80.0,457.05,12.730573,0.04737,461.236059,62.0,457.05,3,/Users/admin/Desktop/AMine/published_results/archive_v1_newformat_2026-05-13/results_doe_otto_l9,/Users/admin/Desktop/AMine/published_results/archive_v1_newformat_2026-05-13/results_doe_otto_l9/solutions/instance_n=20_73_c03/run_info.json
results_doe_archive_l9_252,instance_n=20_73,4,c04,instance_n=20_73_c04,Otto,20,1000.0,OK,3,3,1.0,1,3,,,,5.89,0.0,0.0,2026-04-26T22:05:20.937046,mid,low,mid,high,fixed,fixed,1.239,0.3718,0.9695,1.3848,0.0,0.0,0.0,0.0,0.05,5.0,instance,4042,27507.225,0.626107,88.0,720.225,27.0,0.0,80.0,654.75,215.091843,0.584169,656.891591,53.0,654.75,3,/Users/admin/Desktop/AMine/published_results/archive_v1_newformat_2026-05-13/results_doe_otto_l9,/Users/admin/Desktop/AMine/published_results/archive_v1_newformat_2026-05-13/results_doe_otto_l9/solutions/instance_n=20_73_c04/run_info.json
results_doe_archive_l9_252,instance_n=20_73,5,c05,instance_n=20_73_c05,Otto,20,1000.0,OK,3,2,0.666667,2,3,,,,650.38,22.2839,66.8516,2026-04-26T22:16:11.317967,mid,mid,high,low,fixed,fixed,1.2972,0.6475,1.0861,1.0772,0.0,0.0,0.0,0.0,0.05,5.0,instance,5042,19642.71,0.440141,88.0,731.61,27.0,0.0,80.0,665.1,72.457459,0.186094,667.208371,53.0,665.1,3,/Users/admin/Desktop/AMine/published_results/archive_v1_newformat_2026-05-13/results_doe_otto_l9,/Users/admin/Desktop/AMine/published_results/archive_v1_newformat_2026-05-13/results_doe_otto_l9/solutions/instance_n=20_73_c05/run_info.json
results_doe_archive_l9_252,instance_n=20_73,6,c06,instance_n=20_73_c06,Otto,20,1000.0,OK,3,2,0.666667,2,3,,,,2047.64,20.3377,61.0132,2026-04-26T22:50:18.960718,mid,high,low,mid,fixed,fixed,1.2683,0.933,0.9073,1.188,0.0,0.0,0.0,0.0,0.05,5.0,instance,6042,18629.49,0.420727,88.0,725.89,27.0,0.0,80.0,659.9,33.717256,0.086544,662.024932,53.0,659.9,3,/Users/admin/Desktop/AMine/published_results/archive_v1_newformat_2026-05-13/results_doe_otto_l9,/Users/admin/Desktop/AMine/published_results/archive_v1_newformat_2026-05-13/results_doe_otto_l9/solutions/instance_n=20_73_c06/run_info.json
results_doe_archive_l9_252,instance_n=20_73,7,c07,instance_n=20_73_c07,Otto,20,1000.0,OK,3,3,1.0,1,4,,,,4.37,0.0,0.0,2026-04-26T22:50:23.329136,high,low,high,mid,fixed,fixed,2.0414,0.4438,1.0683,1.2229,0.0,0.0,0.0,0.0,0.05,5.0,instance,7042,44466.74,0.756069,88.0,1131.02,36.0,0.0,80.0,1028.2,410.611511,0.710091,1029.14102,44.0,1028.2,3,/Users/admin/Desktop/AMine/published_results/archive_v1_newformat_2026-05-13/results_doe_otto_l9,/Users/admin/Desktop/AMine/published_results/archive_v1_newformat_2026-05-13/results_doe_otto_l9/solutions/instance_n=20_73_c07/run_info.json
results_doe_archive_l9_252,instance_n=20_73,8,c08,instance_n=20_73_c08,Otto,20,1000.0,OK,3,3,1.0,2,5,,,,23.73,0.0,0.0,2026-04-26T22:50:47.062634,high,mid,low,high,fixed,fixed,2.3614,0.5973,0.9424,1.2626,0.0,0.0,0.0,0.0,0.05,5.0,instance,8042,36232.605,0.653403,88.0,1289.585,45.0,0.0,80.0,1172.35,282.064474,0.430017,1172.872339,35.0,1172.35,3,/Users/admin/Desktop/AMine/published_results/archive_v1_newformat_2026-05-13/results_doe_otto_l9,/Users/admin/Desktop/AMine/published_results/archive_v1_newformat_2026-05-13/results_doe_otto_l9/solutions/instance_n=20_73_c08/run_info.json
results_doe_archive_l9_252,instance_n=20_73,9,c09,instance_n=20_73_c09,Otto,20,1000.0,OK,4,1,0.25,2,5,,,,2525.51,45.7309,77.6987,2026-04-26T23:32:52.571216,high,high,mid,low,fixed,fixed,2.0961,0.8926,0.9936,1.0926,0.0,0.0,0.0,0.0,0.05,5.0,instance,9042,27448.405,0.519126,88.0,1229.635,45.0,0.0,80.0,1117.85,320.083786,0.640521,1118.397793,35.0,1117.85,4,/Users/admin/Desktop/AMine/published_results/archive_v1_newformat_2026-05-13/results_doe_otto_l9,/Users/admin/Desktop/AMine/published_results/archive_v1_newformat_2026-05-13/results_doe_otto_l9/solutions/instance_n=20_73_c09/run_info.json
results_doe_archive_l9_252,instance_n=20_74,1,c01,instance_n=20_74_c01,Otto,20,1000.0,OK,4,3,0.75,2,3,,,,1023.33,25.0,100.0,2026-04-26T13:23:41.788454,low,low,low,low,fixed,fixed,0.9394,0.3558,0.9076,1.0747,0.0,0.0,0.0,0.0,0.05,5.0,instance,1042,49374.5,0.628285,132.0,748.44,27.0,0.0,120.0,680.4,178.834288,0.682702,686.726408,93.0,680.4,4,/Users/admin/Desktop/AMine/published_results/archive_v1_newformat_2026-05-13/results_doe_otto_l9,/Users/admin/Desktop/AMine/published_results/archive_v1_newformat_2026-05-13/results_doe_otto_l9/solutions/instance_n=20_74_c01/run_info.json
results_doe_archive_l9_252,instance_n=20_74,2,c02,instance_n=20_74_c02,Otto,20,1000.0,OK,4,2,0.5,2,3,,,,2196.13,14.4657,43.8856,2026-04-26T14:00:17.925160,low,mid,mid,mid,fixed,fixed,0.9834,0.594,1.0293,1.1083,0.0,0.0,0.0,0.0,0.05,5.0,instance,2042,48881.675,0.5718,132.0,814.165,27.0,0.0,120.0,740.15,103.905606,0.306404,745.969854,93.0,740.15,4,/Users/admin/Desktop/AMine/published_results/archive_v1_newformat_2026-05-13/results_doe_otto_l9,/Users/admin/Desktop/AMine/published_results/archive_v1_newformat_2026-05-13/results_doe_otto_l9/solutions/instance_n=20_74_c02/run_info.json
results_doe_archive_l9_252,instance_n=20_74,3,c03,instance_n=20_74_c03,Otto,20,1000.0,OK,4,4,1.0,3,3,,,,159.45,0.0,0.0,2026-04-26T14:02:57.375746,low,high,high,high,fixed,fixed,0.8528,0.9373,1.0988,1.4043,0.0,0.0,0.0,0.0,0.05,5.0,instance,3042,36933.575,0.487122,132.0,722.095,27.0,0.0,120.0,656.45,28.379394,0.090921,663.004979,93.0,656.45,4,/Users/admin/Desktop/AMine/published_results/archive_v1_newformat_2026-05-13/results_doe_otto_l9,/Users/admin/Desktop/AMine/published_results/archive_v1_newformat_2026-05-13/results_doe_otto_l9/solutions/instance_n=20_74_c03/run_info.json
results_doe_archive_l9_252,instance_n=20_74,4,c04,instance_n=20_74_c04,Otto,20,1000.0,OK,4,4,1.0,2,4,,,,8.12,0.0,0.0,2026-04-26T14:03:05.493618,mid,low,mid,high,fixed,fixed,1.239,0.3718,0.9695,1.3848,0.0,0.0,0.0,0.0,0.05,5.0,instance,4042,68619.63,0.707427,132.0,1010.405,36.0,0.0,120.0,918.55,269.817133,0.789648,922.382839,84.0,918.55,4,/Users/admin/Desktop/AMine/published_results/archive_v1_newformat_2026-05-13/results_doe_otto_l9,/Users/admin/Desktop/AMine/published_results/archive_v1_newformat_2026-05-13/results_doe_otto_l9/solutions/instance_n=20_74_c04/run_info.json
results_doe_archive_l9_252,instance_n=20_74,5,c05,instance_n=20_74_c05,Otto,20,1000.0,OK,4,2,0.5,2,4,,,,2228.85,19.0622,43.4201,2026-04-26T14:40:14.344092,mid,mid,high,low,fixed,fixed,1.2972,0.6475,1.0861,1.0772,0.0,0.0,0.0,0.0,0.05,5.0,instance,5042,55245.96,0.54124,132.0,1063.26,36.0,0.0,120.0,966.6,104.46759,0.232775,970.243042,84.0,966.6,4,/Users/admin/Desktop/AMine/published_results/archive_v1_newformat_2026-05-13/results_doe_otto_l9,/Users/admin/Desktop/AMine/published_results/archive_v1_newformat_2026-05-13/results_doe_otto_l9/solutions/instance_n=20_74_c05/run_info.json
results_doe_archive_l9_252,instance_n=20_74,6,c06,instance_n=20_74_c06,Otto,20,1000.0,OK,4,2,0.5,2,4,,,,1438.1,14.0269,34.2864,2026-04-26T15:04:12.450763,mid,high,low,mid,fixed,fixed,1.2683,0.933,0.9073,1.188,0.0,0.0,0.0,0.0,0.05,5.0,instance,6042,50041.17,0.514271,132.0,1013.595,36.0,0.0,120.0,921.45,56.670885,0.135276,925.270827,84.0,921.45,4,/Users/admin/Desktop/AMine/published_results/archive_v1_newformat_2026-05-13/results_doe_otto_l9,/Users/admin/Desktop/AMine/published_results/archive_v1_newformat_2026-05-13/results_doe_otto_l9/solutions/instance_n=20_74_c06/run_info.json
results_doe_archive_l9_252,instance_n=20_74,7,c07,instance_n=20_74_c07,Otto,20,1000.0,OK,4,4,1.0,2,6,,,,9.83,0.0,0.0,2026-04-26T15:04:22.280229,high,low,high,mid,fixed,fixed,2.0414,0.4438,1.0683,1.2229,0.0,0.0,0.0,0.0,0.05,5.0,instance,7042,100748.86,0.778305,132.0,1659.57,54.0,0.0,120.0,1508.7,414.205633,0.695733,1510.142937,66.0,1508.7,4,/Users/admin/Desktop/AMine/published_results/archive_v1_newformat_2026-05-13/results_doe_otto_l9,/Users/admin/Desktop/AMine/published_results/archive_v1_newformat_2026-05-13/results_doe_otto_l9/solutions/instance_n=20_74_c07/run_info.json
results_doe_archive_l9_252,instance_n=20_74,8,c08,instance_n=20_74_c08,Otto,20,1000.0,OK,5,5,1.0,2,7,,,,112.66,0.0,0.0,2026-04-26T15:06:14.940546,high,mid,low,high,fixed,fixed,2.3614,0.5973,0.9424,1.2626,0.0,0.0,0.0,0.0,0.05,5.0,instance,8042,90857.31,0.704198,132.0,1869.89,63.0,0.0,120.0,1699.9,370.113818,0.67114,1700.855376,57.0,1699.9,5,/Users/admin/Desktop/AMine/published_results/archive_v1_newformat_2026-05-13/results_doe_otto_l9,/Users/admin/Desktop/AMine/published_results/archive_v1_newformat_2026-05-13/results_doe_otto_l9/solutions/instance_n=20_74_c08/run_info.json
results_doe_archive_l9_252,instance_n=20_74,9,c09,instance_n=20_74_c09,Otto,20,1000.0,OK,4,2,0.5,3,7,,,,4893.61,8.4056,20.2523,2026-04-26T16:27:48.557363,high,high,mid,low,fixed,fixed,2.0961,0.8926,0.9936,1.0926,0.0,0.0,0.0,0.0,0.05,5.0,instance,9042,73283.92,0.602028,132.0,1764.18,63.0,0.0,120.0,1603.8,127.133934,0.190885,1604.812587,57.0,1603.8,4,/Users/admin/Desktop/AMine/published_results/archive_v1_newformat_2026-05-13/results_doe_otto_l9,/Users/admin/Desktop/AMine/published_results/archive_v1_newformat_2026-05-13/results_doe_otto_l9/solutions/instance_n=20_74_c09/run_info.json
results_doe_archive_l9_252,instance_n=20_77,1,c01,instance_n=20_77_c01,Otto,20,1000.0,OK,4,3,0.75,2,3,,,,1053.18,12.5604,50.2417,2026-04-24T20:05:36.708267,low,low,low,low,fixed,fixed,0.9394,0.3558,0.9076,1.0747,0.0,0.0,0.0,0.0,0.05,5.0,instance,1042,53699.75,0.629649,132.0,812.24,27.0,0.0,120.0,738.4,191.001071,0.679175,744.233539,93.0,738.4,4,/Users/admin/Desktop/AMine/published_results/archive_v1_newformat_2026-05-13/results_doe_otto_l9,/Users/admin/Desktop/AMine/published_results/archive_v1_newformat_2026-05-13/results_doe_otto_l9/solutions/instance_n=20_77_c01/run_info.json
results_doe_archive_l9_252,instance_n=20_77,2,c02,instance_n=20_77_c02,Otto,20,1000.0,OK,6,1,0.166667,2,3,,,,4131.21,54.87,84.8141,2026-04-24T21:14:27.915593,low,mid,mid,mid,fixed,fixed,0.9834,0.594,1.0293,1.1083,0.0,0.0,0.0,0.0,0.05,5.0,instance,2042,44980.4,0.500566,132.0,855.8,27.0,0.0,120.0,778.0,122.259345,0.612506,783.538767,93.0,778.0,6,/Users/admin/Desktop/AMine/published_results/archive_v1_newformat_2026-05-13/results_doe_otto_l9,/Users/admin/Desktop/AMine/published_results/archive_v1_newformat_2026-05-13/results_doe_otto_l9/solutions/instance_n=20_77_c02/run_info.json
results_doe_archive_l9_252,instance_n=20_77,3,c03,instance_n=20_77_c03,Otto,20,1000.0,OK,4,2,0.5,3,3,,,,2192.74,13.738,37.5093,2026-04-24T21:51:00.652859,low,high,high,high,fixed,fixed,0.8528,0.9373,1.0988,1.4043,0.0,0.0,0.0,0.0,0.05,5.0,instance,3042,37681.95,0.476835,132.0,752.62,27.0,0.0,120.0,684.2,16.434136,0.057945,690.491593,93.0,684.2,4,/Users/admin/Desktop/AMine/published_results/archive_v1_newformat_2026-05-13/results_doe_otto_l9,/Users/admin/Desktop/AMine/published_results/archive_v1_newformat_2026-05-13/results_doe_otto_l9/solutions/instance_n=20_77_c03/run_info.json
results_doe_archive_l9_252,instance_n=20_77,4,c04,instance_n=20_77_c04,Otto,20,1000.0,OK,4,4,1.0,2,4,,,,25.44,0.0,0.0,2026-04-24T21:51:26.090653,mid,low,mid,high,fixed,fixed,1.239,0.3718,0.9695,1.3848,0.0,0.0,0.0,0.0,0.05,5.0,instance,4042,72801.94,0.702478,132.0,1079.54,36.0,0.0,120.0,981.4,275.601941,0.754163,984.988304,84.0,981.4,4,/Users/admin/Desktop/AMine/published_results/archive_v1_newformat_2026-05-13/results_doe_otto_l9,/Users/admin/Desktop/AMine/published_results/archive_v1_newformat_2026-05-13/results_doe_otto_l9/solutions/instance_n=20_77_c04/run_info.json
results_doe_archive_l9_252,instance_n=20_77,5,c05,instance_n=20_77_c05,Otto,20,1000.0,OK,4,2,0.5,2,4,,,,1416.94,38.8974,87.2598,2026-04-24T22:15:03.037132,mid,mid,high,low,fixed,fixed,1.2972,0.6475,1.0861,1.0772,0.0,0.0,0.0,0.0,0.05,5.0,instance,5042,55001.76,0.52566,132.0,1089.935,36.0,0.0,120.0,990.85,84.545721,0.193719,994.404205,84.0,990.85,4,/Users/admin/Desktop/AMine/published_results/archive_v1_newformat_2026-05-13/results_doe_otto_l9,/Users/admin/Desktop/AMine/published_results/archive_v1_newformat_2026-05-13/results_doe_otto_l9/solutions/instance_n=20_77_c05/run_info.json
results_doe_archive_l9_252,instance_n=20_77,6,c06,instance_n=20_77_c06,Otto,20,1000.0,OK,4,2,0.5,2,4,,,,2150.96,27.6011,56.6826,2026-04-24T22:50:53.996950,mid,high,low,mid,fixed,fixed,1.2683,0.933,0.9073,1.188,0.0,0.0,0.0,0.0,0.05,5.0,instance,6042,51980.76,0.50637,132.0,1069.31,36.0,0.0,120.0,972.1,46.33619,0.10663,975.722507,84.0,972.1,4,/Users/admin/Desktop/AMine/published_results/archive_v1_newformat_2026-05-13/results_doe_otto_l9,/Users/admin/Desktop/AMine/published_results/archive_v1_newformat_2026-05-13/results_doe_otto_l9/solutions/instance_n=20_77_c06/run_info.json
results_doe_archive_l9_252,instance_n=20_77,7,c07,instance_n=20_77_c07,Otto,20,1000.0,OK,3,3,1.0,2,3,,,,43.12,0.0,0.0,2026-04-24T22:51:37.122245,high,low,high,mid,fixed,fixed,2.0414,0.4438,1.0683,1.2229,0.0,0.0,0.0,0.0,0.05,5.0,instance,7042,23778.09,0.587661,132.0,586.41,63.0,0.0,120.0,533.1,136.774279,0.457743,536.138611,57.0,533.1,3,/Users/admin/Desktop/AMine/published_results/archive_v1_newformat_2026-05-13/results_doe_otto_l9,/Users/admin/Desktop/AMine/published_results/archive_v1_newformat_2026-05-13/results_doe_otto_l9/solutions/instance_n=20_77_c07/run_info.json
results_doe_archive_l9_252,instance_n=20_77,8,c08,instance_n=20_77_c08,Otto,20,1000.0,OK,4,2,0.5,2,8,,,,1494.86,4.3525,11.3466,2026-04-24T23:16:31.979682,high,mid,low,high,fixed,fixed,2.3614,0.5973,0.9424,1.2626,0.0,0.0,0.0,0.0,0.05,5.0,instance,8042,86585.55,0.722155,132.0,1998.315,72.0,0.0,120.0,1816.65,281.601237,0.352829,1817.284024,48.0,1816.65,4,/Users/admin/Desktop/AMine/published_results/archive_v1_newformat_2026-05-13/results_doe_otto_l9,/Users/admin/Desktop/AMine/published_results/archive_v1_newformat_2026-05-13/results_doe_otto_l9/solutions/instance_n=20_77_c08/run_info.json
results_doe_archive_l9_252,instance_n=20_77,9,c09,instance_n=20_77_c09,Otto,20,1000.0,OK,4,1,0.25,3,7,,,,3622.25,54.3335,91.9365,2026-04-25T00:16:54.228267,high,high,mid,low,fixed,fixed,2.0961,0.8926,0.9936,1.0926,0.0,0.0,0.0,0.0,0.05,5.0,instance,9042,67904.4,0.536204,132.0,1835.35,63.0,0.0,120.0,1668.5,82.330148,0.15112,1669.473345,57.0,1668.5,4,/Users/admin/Desktop/AMine/published_results/archive_v1_newformat_2026-05-13/results_doe_otto_l9,/Users/admin/Desktop/AMine/published_results/archive_v1_newformat_2026-05-13/results_doe_otto_l9/solutions/instance_n=20_77_c09/run_info.json
results_doe_archive_l9_252,instance_n=20_82,1,c01,instance_n=20_82_c01,Otto,20,1000.0,OK,5,2,0.4,2,4,,,,2713.24,19.1543,45.9209,2026-04-28T21:00:46.109353,low,low,low,low,fixed,fixed,0.9394,0.3558,0.9076,1.0747,0.0,0.0,0.0,0.0,0.05,5.0,instance,1042,101922.4,0.73952,176.0,984.445,36.0,0.0,160.0,894.95,207.239962,0.713946,903.499586,124.0,894.95,5,/Users/admin/Desktop/AMine/published_results/archive_v1_newformat_2026-05-13/results_doe_otto_l9,/Users/admin/Desktop/AMine/published_results/archive_v1_newformat_2026-05-13/results_doe_otto_l9/solutions/instance_n=20_82_c01/run_info.json
results_doe_archive_l9_252,instance_n=20_82,2,c02,instance_n=20_82_c02,Otto,20,1000.0,OK,5,2,0.4,2,4,,,,3686.02,36.4656,86.5231,2026-04-28T22:02:12.129299,low,mid,mid,mid,fixed,fixed,0.9834,0.594,1.0293,1.1083,0.0,0.0,0.0,0.0,0.05,5.0,instance,2042,91131.05,0.628095,176.0,1036.365,36.0,0.0,160.0,942.15,120.584761,0.458286,950.275025,124.0,942.15,5,/Users/admin/Desktop/AMine/published_results/archive_v1_newformat_2026-05-13/results_doe_otto_l9,/Users/admin/Desktop/AMine/published_results/archive_v1_newformat_2026-05-13/results_doe_otto_l9/solutions/instance_n=20_82_c02/run_info.json
results_doe_archive_l9_252,instance_n=20_82,3,c03,instance_n=20_82_c03,Otto,20,1000.0,OK,7,2,0.285714,3,4,,,,4601.86,32.9397,66.2549,2026-04-28T23:18:53.993110,low,high,high,high,fixed,fixed,0.8528,0.9373,1.0988,1.4043,0.0,0.0,0.0,0.0,0.05,5.0,instance,3042,71830.55,0.567332,176.0,904.365,36.0,0.0,160.0,822.15,124.229155,0.654532,831.448509,124.0,822.15,7,/Users/admin/Desktop/AMine/published_results/archive_v1_newformat_2026-05-13/results_doe_otto_l9,/Users/admin/Desktop/AMine/published_results/archive_v1_newformat_2026-05-13/results_doe_otto_l9/solutions/instance_n=20_82_c03/run_info.json
results_doe_archive_l9_252,instance_n=20_82,4,c04,instance_n=20_82_c04,Otto,20,1000.0,OK,5,5,1.0,2,5,,,,72.77,0.0,0.0,2026-04-28T23:20:06.768015,mid,low,mid,high,fixed,fixed,1.239,0.3718,0.9695,1.3848,0.0,0.0,0.0,0.0,0.05,5.0,instance,4042,125188.885,0.756532,176.0,1263.185,45.0,0.0,160.0,1148.35,270.653463,0.708022,1154.093897,115.0,1148.35,5,/Users/admin/Desktop/AMine/published_results/archive_v1_newformat_2026-05-13/results_doe_otto_l9,/Users/admin/Desktop/AMine/published_results/archive_v1_newformat_2026-05-13/results_doe_otto_l9/solutions/instance_n=20_82_c04/run_info.json
results_doe_archive_l9_252,instance_n=20_82,5,c05,instance_n=20_82_c05,Otto,20,1000.0,OK,6,1,0.166667,3,5,,,,4508.67,57.202,85.6124,2026-04-29T00:35:15.440535,mid,mid,high,low,fixed,fixed,1.2972,0.6475,1.0861,1.0772,0.0,0.0,0.0,0.0,0.05,5.0,instance,5042,103553.755,0.604877,176.0,1306.855,45.0,0.0,160.0,1188.05,139.659331,0.456712,1193.602866,115.0,1188.05,6,/Users/admin/Desktop/AMine/published_results/archive_v1_newformat_2026-05-13/results_doe_otto_l9,/Users/admin/Desktop/AMine/published_results/archive_v1_newformat_2026-05-13/results_doe_otto_l9/solutions/instance_n=20_82_c05/run_info.json
results_doe_archive_l9_252,instance_n=20_82,6,c06,instance_n=20_82_c06,Otto,20,1000.0,OK,6,2,0.333333,3,5,,,,4033.94,49.6037,84.7018,2026-04-29T01:42:29.384928,mid,high,low,mid,fixed,fixed,1.2683,0.933,0.9073,1.188,0.0,0.0,0.0,0.0,0.05,5.0,instance,6042,94345.775,0.568707,176.0,1266.375,45.0,0.0,160.0,1151.25,161.82381,0.476402,1156.9795,115.0,1151.25,6,/Users/admin/Desktop/AMine/published_results/archive_v1_newformat_2026-05-13/results_doe_otto_l9,/Users/admin/Desktop/AMine/published_results/archive_v1_newformat_2026-05-13/results_doe_otto_l9/solutions/instance_n=20_82_c06/run_info.json
results_doe_archive_l9_252,instance_n=20_82,7,c07,instance_n=20_82_c07,Otto,20,1000.0,OK,4,2,0.5,2,4,,,,1402.39,9.1886,20.7178,2026-04-29T02:05:51.777169,high,low,high,mid,fixed,fixed,2.0414,0.4438,1.0683,1.2229,0.0,0.0,0.0,0.0,0.05,5.0,instance,7042,64859.03,0.698687,176.0,892.595,72.0,0.0,160.0,811.45,202.105606,0.66821,816.207757,88.0,811.45,4,/Users/admin/Desktop/AMine/published_results/archive_v1_newformat_2026-05-13/results_doe_otto_l9,/Users/admin/Desktop/AMine/published_results/archive_v1_newformat_2026-05-13/results_doe_otto_l9/solutions/instance_n=20_82_c07/run_info.json
results_doe_archive_l9_252,instance_n=20_82,8,c08,instance_n=20_82_c08,Otto,20,1000.0,OK,4,3,0.75,2,8,,,,2072.95,7.9731,31.8925,2026-04-29T02:40:24.732919,high,mid,low,high,fixed,fixed,2.3614,0.5973,0.9424,1.2626,0.0,0.0,0.0,0.0,0.05,5.0,instance,8042,103266.2175,0.722734,132.0,2381.379,72.0,0.0,120.0,2164.89,339.509599,0.356945,2165.422063,48.0,2164.89,4,/Users/admin/Desktop/AMine/published_results/archive_v1_newformat_2026-05-13/results_doe_otto_l9,/Users/admin/Desktop/AMine/published_results/archive_v1_newformat_2026-05-13/results_doe_otto_l9/solutions/instance_n=20_82_c08/run_info.json
results_doe_archive_l9_252,instance_n=20_82,9,c09,instance_n=20_82_c09,Otto,20,1000.0,OK,5,1,0.2,3,8,,,,4839.57,54.3949,92.06,2026-04-29T04:01:04.305995,high,high,mid,low,fixed,fixed,2.0961,0.8926,0.9936,1.0926,0.0,0.0,0.0,0.0,0.05,5.0,instance,9042,141489.64,0.630665,176.0,2157.21,72.0,0.0,160.0,1961.1,186.250911,0.260672,1963.073409,88.0,1961.1,5,/Users/admin/Desktop/AMine/published_results/archive_v1_newformat_2026-05-13/results_doe_otto_l9,/Users/admin/Desktop/AMine/published_results/archive_v1_newformat_2026-05-13/results_doe_otto_l9/solutions/instance_n=20_82_c09/run_info.json
results_doe_archive_l9_252,instance_n=20_87,1,c01,instance_n=20_87_c01,Otto,20,1000.0,OK,4,3,0.75,2,3,,,,1275.11,9.3981,37.5925,2026-04-26T07:28:43.604892,low,low,low,low,fixed,fixed,0.9394,0.3558,0.9076,1.0747,0.0,0.0,0.0,0.0,0.05,5.0,instance,1042,51661.325,0.631,132.0,779.735,27.0,0.0,120.0,708.85,187.088203,0.689541,714.924697,93.0,708.85,4,/Users/admin/Desktop/AMine/published_results/archive_v1_newformat_2026-05-13/results_doe_otto_l9,/Users/admin/Desktop/AMine/published_results/archive_v1_newformat_2026-05-13/results_doe_otto_l9/solutions/instance_n=20_87_c01/run_info.json
results_doe_archive_l9_252,instance_n=20_87,2,c02,instance_n=20_87_c02,Otto,20,1000.0,OK,6,1,0.166667,2,3,,,,5273.35,56.6794,82.1887,2026-04-26T08:56:36.959267,low,mid,mid,mid,fixed,fixed,0.9834,0.594,1.0293,1.1083,0.0,0.0,0.0,0.0,0.05,5.0,instance,2042,44383.0,0.507151,132.0,833.47,27.0,0.0,120.0,757.7,117.00711,0.589987,763.386069,93.0,757.7,6,/Users/admin/Desktop/AMine/published_results/archive_v1_newformat_2026-05-13/results_doe_otto_l9,/Users/admin/Desktop/AMine/published_results/archive_v1_newformat_2026-05-13/results_doe_otto_l9/solutions/instance_n=20_87_c02/run_info.json
results_doe_archive_l9_252,instance_n=20_87,3,c03,instance_n=20_87_c03,Otto,20,1000.0,OK,4,1,0.25,3,3,,,,2547.96,32.4406,53.3019,2026-04-26T09:39:04.919654,low,high,high,high,fixed,fixed,0.8528,0.9373,1.0988,1.4043,0.0,0.0,0.0,0.0,0.05,5.0,instance,3042,36773.425,0.483757,132.0,723.965,27.0,0.0,120.0,658.15,25.505012,0.085089,664.688215,93.0,658.15,4,/Users/admin/Desktop/AMine/published_results/archive_v1_newformat_2026-05-13/results_doe_otto_l9,/Users/admin/Desktop/AMine/published_results/archive_v1_newformat_2026-05-13/results_doe_otto_l9/solutions/instance_n=20_87_c03/run_info.json
results_doe_archive_l9_252,instance_n=20_87,4,c04,instance_n=20_87_c04,Otto,20,1000.0,OK,4,4,1.0,2,4,,,,33.39,0.0,0.0,2026-04-26T09:39:38.307756,mid,low,mid,high,fixed,fixed,1.239,0.3718,0.9695,1.3848,0.0,0.0,0.0,0.0,0.05,5.0,instance,4042,70011.91,0.707871,132.0,1030.26,36.0,0.0,120.0,936.6,275.418622,0.790942,940.359272,84.0,936.6,4,/Users/admin/Desktop/AMine/published_results/archive_v1_newformat_2026-05-13/results_doe_otto_l9,/Users/admin/Desktop/AMine/published_results/archive_v1_newformat_2026-05-13/results_doe_otto_l9/solutions/instance_n=20_87_c04/run_info.json
results_doe_archive_l9_252,instance_n=20_87,5,c05,instance_n=20_87_c05,Otto,20,1000.0,OK,4,2,0.5,2,4,,,,1478.36,38.6426,84.4207,2026-04-26T10:04:16.674669,mid,mid,high,low,fixed,fixed,1.2972,0.6475,1.0861,1.0772,0.0,0.0,0.0,0.0,0.05,5.0,instance,5042,54288.87,0.531396,132.0,1064.195,36.0,0.0,120.0,967.45,93.679163,0.220366,971.089853,84.0,967.45,4,/Users/admin/Desktop/AMine/published_results/archive_v1_newformat_2026-05-13/results_doe_otto_l9,/Users/admin/Desktop/AMine/published_results/archive_v1_newformat_2026-05-13/results_doe_otto_l9/solutions/instance_n=20_87_c05/run_info.json
results_doe_archive_l9_252,instance_n=20_87,6,c06,instance_n=20_87_c06,Otto,20,1000.0,OK,4,2,0.5,2,4,,,,2219.21,34.5644,85.8613,2026-04-26T10:41:15.885838,mid,high,low,mid,fixed,fixed,1.2683,0.933,0.9073,1.188,0.0,0.0,0.0,0.0,0.05,5.0,instance,6042,51927.87,0.515209,132.0,1049.895,36.0,0.0,120.0,954.45,61.001148,0.142525,958.13924,84.0,954.45,4,/Users/admin/Desktop/AMine/published_results/archive_v1_newformat_2026-05-13/results_doe_otto_l9,/Users/admin/Desktop/AMine/published_results/archive_v1_newformat_2026-05-13/results_doe_otto_l9/solutions/instance_n=20_87_c06/run_info.json
results_doe_archive_l9_252,instance_n=20_87,7,c07,instance_n=20_87_c07,Otto,20,1000.0,OK,4,4,1.0,2,6,,,,29.17,0.0,0.0,2026-04-26T10:41:45.060800,high,low,high,mid,fixed,fixed,2.0414,0.4438,1.0683,1.2229,0.0,0.0,0.0,0.0,0.05,5.0,instance,7042,100740.55,0.776414,132.0,1663.475,54.0,0.0,120.0,1512.25,410.073905,0.684978,1513.689553,66.0,1512.25,4,/Users/admin/Desktop/AMine/published_results/archive_v1_newformat_2026-05-13/results_doe_otto_l9,/Users/admin/Desktop/AMine/published_results/archive_v1_newformat_2026-05-13/results_doe_otto_l9/solutions/instance_n=20_87_c07/run_info.json
results_doe_archive_l9_252,instance_n=20_87,8,c08,instance_n=20_87_c08,Otto,20,1000.0,OK,4,3,0.75,2,7,,,,1308.11,3.034,12.1359,2026-04-26T11:03:33.168639,high,mid,low,high,fixed,fixed,2.3614,0.5973,0.9424,1.2626,0.0,0.0,0.0,0.0,0.05,5.0,instance,8042,92360.835,0.701713,132.0,1907.565,63.0,0.0,120.0,1734.15,278.970926,0.351247,1735.086517,57.0,1734.15,4,/Users/admin/Desktop/AMine/published_results/archive_v1_newformat_2026-05-13/results_doe_otto_l9,/Users/admin/Desktop/AMine/published_results/archive_v1_newformat_2026-05-13/results_doe_otto_l9/solutions/instance_n=20_87_c08/run_info.json
results_doe_archive_l9_252,instance_n=20_87,9,c09,instance_n=20_87_c09,Otto,20,1000.0,OK,4,1,0.25,3,7,,,,3022.65,60.293,88.5529,2026-04-26T11:53:55.817409,high,high,mid,low,fixed,fixed,2.0961,0.8926,0.9936,1.0926,0.0,0.0,0.0,0.0,0.05,5.0,instance,9042,70531.75,0.566457,132.0,1804.55,63.0,0.0,120.0,1640.5,70.721677,0.09544,1641.489948,57.0,1640.5,4,/Users/admin/Desktop/AMine/published_results/archive_v1_newformat_2026-05-13/results_doe_otto_l9,/Users/admin/Desktop/AMine/published_results/archive_v1_newformat_2026-05-13/results_doe_otto_l9/solutions/instance_n=20_87_c09/run_info.json
results_doe_archive_l9_252,instance_n=20_88,1,c01,instance_n=20_88_c01,Otto,20,1000.0,OK,4,3,0.75,1,3,,,,588.74,11.4976,45.9903,2026-04-27T23:25:45.207022,low,low,low,low,fixed,fixed,0.9394,0.3558,0.9076,1.0747,0.0,0.0,0.0,0.0,0.05,5.0,instance,1042,55932.75,0.711738,132.0,748.44,27.0,0.0,120.0,680.4,220.345707,0.822424,686.726408,93.0,680.4,4,/Users/admin/Desktop/AMine/published_results/archive_v1_newformat_2026-05-13/results_doe_otto_l9,/Users/admin/Desktop/AMine/published_results/archive_v1_newformat_2026-05-13/results_doe_otto_l9/solutions/instance_n=20_88_c01/run_info.json
results_doe_archive_l9_252,instance_n=20_88,2,c02,instance_n=20_88_c02,Otto,20,1000.0,OK,4,2,0.5,2,3,,,,1828.51,21.5571,53.7301,2026-04-27T23:56:13.715015,low,mid,mid,mid,fixed,fixed,0.9834,0.594,1.0293,1.1083,0.0,0.0,0.0,0.0,0.05,5.0,instance,2042,49299.05,0.579698,132.0,809.93,27.0,0.0,120.0,736.3,111.992607,0.323851,742.150045,93.0,736.3,4,/Users/admin/Desktop/AMine/published_results/archive_v1_newformat_2026-05-13/results_doe_otto_l9,/Users/admin/Desktop/AMine/published_results/archive_v1_newformat_2026-05-13/results_doe_otto_l9/solutions/instance_n=20_88_c02/run_info.json
results_doe_archive_l9_252,instance_n=20_88,3,c03,instance_n=20_88_c03,Otto,20,1000.0,OK,4,2,0.5,3,3,,,,1827.93,31.6786,86.8048,2026-04-28T00:26:41.647283,low,high,high,high,fixed,fixed,0.8528,0.9373,1.0988,1.4043,0.0,0.0,0.0,0.0,0.05,5.0,instance,3042,36567.25,0.492226,132.0,707.52,27.0,0.0,120.0,643.2,40.154711,0.141978,649.888637,93.0,643.2,4,/Users/admin/Desktop/AMine/published_results/archive_v1_newformat_2026-05-13/results_doe_otto_l9,/Users/admin/Desktop/AMine/published_results/archive_v1_newformat_2026-05-13/results_doe_otto_l9/solutions/instance_n=20_88_c03/run_info.json
results_doe_archive_l9_252,instance_n=20_88,4,c04,instance_n=20_88_c04,Otto,20,1000.0,OK,4,4,1.0,2,4,,,,19.12,0.0,0.0,2026-04-28T00:27:00.766669,mid,low,mid,high,fixed,fixed,1.239,0.3718,0.9695,1.3848,0.0,0.0,0.0,0.0,0.05,5.0,instance,4042,68259.61,0.708304,132.0,1003.86,36.0,0.0,120.0,912.6,269.460734,0.793433,916.457724,84.0,912.6,4,/Users/admin/Desktop/AMine/published_results/archive_v1_newformat_2026-05-13/results_doe_otto_l9,/Users/admin/Desktop/AMine/published_results/archive_v1_newformat_2026-05-13/results_doe_otto_l9/solutions/instance_n=20_88_c04/run_info.json
results_doe_archive_l9_252,instance_n=20_88,5,c05,instance_n=20_88_c05,Otto,20,1000.0,OK,5,2,0.4,2,4,,,,3391.05,43.6504,82.5046,2026-04-28T01:23:31.817296,mid,mid,high,low,fixed,fixed,1.2972,0.6475,1.0861,1.0772,0.0,0.0,0.0,0.0,0.05,5.0,instance,5042,53313.79,0.535581,132.0,1036.915,36.0,0.0,120.0,942.65,187.557683,0.510504,946.38524,84.0,942.65,5,/Users/admin/Desktop/AMine/published_results/archive_v1_newformat_2026-05-13/results_doe_otto_l9,/Users/admin/Desktop/AMine/published_results/archive_v1_newformat_2026-05-13/results_doe_otto_l9/solutions/instance_n=20_88_c05/run_info.json
results_doe_archive_l9_252,instance_n=20_88,6,c06,instance_n=20_88_c06,Otto,20,1000.0,OK,4,2,0.5,3,4,,,,2327.2,31.9635,83.8748,2026-04-28T02:02:19.016803,mid,high,low,mid,fixed,fixed,1.2683,0.933,0.9073,1.188,0.0,0.0,0.0,0.0,0.05,5.0,instance,6042,50510.72,0.522498,132.0,1006.995,36.0,0.0,120.0,915.45,67.543819,0.171734,919.295764,84.0,915.45,4,/Users/admin/Desktop/AMine/published_results/archive_v1_newformat_2026-05-13/results_doe_otto_l9,/Users/admin/Desktop/AMine/published_results/archive_v1_newformat_2026-05-13/results_doe_otto_l9/solutions/instance_n=20_88_c06/run_info.json
results_doe_archive_l9_252,instance_n=20_88,7,c07,instance_n=20_88_c07,Otto,20,1000.0,OK,4,4,1.0,2,6,,,,13.42,0.0,0.0,2026-04-28T02:02:32.438917,high,low,high,mid,fixed,fixed,2.0414,0.4438,1.0683,1.2229,0.0,0.0,0.0,0.0,0.05,5.0,instance,7042,98588.87,0.781059,132.0,1618.265,54.0,0.0,120.0,1471.15,413.575215,0.722164,1472.62973,66.0,1471.15,4,/Users/admin/Desktop/AMine/published_results/archive_v1_newformat_2026-05-13/results_doe_otto_l9,/Users/admin/Desktop/AMine/published_results/archive_v1_newformat_2026-05-13/results_doe_otto_l9/solutions/instance_n=20_88_c07/run_info.json
results_doe_archive_l9_252,instance_n=20_88,8,c08,instance_n=20_88_c08,Otto,20,1000.0,OK,5,3,0.6,2,7,,,,2356.32,4.1163,10.3186,2026-04-28T02:41:48.756435,high,mid,low,high,fixed,fixed,2.3614,0.5973,0.9424,1.2626,0.0,0.0,0.0,0.0,0.05,5.0,instance,8042,90046.35,0.711047,132.0,1835.35,63.0,0.0,120.0,1668.5,364.401829,0.678615,1669.473345,57.0,1668.5,5,/Users/admin/Desktop/AMine/published_results/archive_v1_newformat_2026-05-13/results_doe_otto_l9,/Users/admin/Desktop/AMine/published_results/archive_v1_newformat_2026-05-13/results_doe_otto_l9/solutions/instance_n=20_88_c08/run_info.json
results_doe_archive_l9_252,instance_n=20_88,9,c09,instance_n=20_88_c09,Otto,20,1000.0,OK,4,2,0.5,3,6,,,,3366.77,27.7371,82.9655,2026-04-28T03:37:55.526453,high,high,mid,low,fixed,fixed,2.0961,0.8926,0.9936,1.0926,0.0,0.0,0.0,0.0,0.05,5.0,instance,9042,74630.47,0.570878,132.0,1676.015,54.0,0.0,120.0,1523.65,134.704965,0.194382,1525.078792,66.0,1523.65,4,/Users/admin/Desktop/AMine/published_results/archive_v1_newformat_2026-05-13/results_doe_otto_l9,/Users/admin/Desktop/AMine/published_results/archive_v1_newformat_2026-05-13/results_doe_otto_l9/solutions/instance_n=20_88_c09/run_info.json
results_doe_archive_l9_252,instance_n=20_91,1,c01,instance_n=20_91_c01,Otto,20,1000.0,OK,12,3,0.25,4,11,,,,12699.66,53.3054,98.0456,2026-04-28T07:09:35.186126,low,low,low,low,fixed,fixed,0.9394,0.3558,0.9076,1.0747,0.0,0.0,0.0,0.0,0.05,5.0,instance,1042,812231.13,0.799033,484.0,2579.995,90.0,0.0,440.0,2345.45,203.000526,0.772845,2371.420609,350.0,2345.45,12,/Users/admin/Desktop/AMine/published_results/archive_v1_newformat_2026-05-13/results_doe_otto_l9,/Users/admin/Desktop/AMine/published_results/archive_v1_newformat_2026-05-13/results_doe_otto_l9/solutions/instance_n=20_91_c01/run_info.json
results_doe_archive_l9_252,instance_n=20_91,2,c02,instance_n=20_91_c02,Otto,20,1000.0,OK,13,2,0.153846,7,11,,,,10454.7,64.8758,98.3139,2026-04-28T10:03:49.893530,low,mid,mid,mid,fixed,fixed,0.9834,0.594,1.0293,1.1083,0.0,0.0,0.0,0.0,0.05,5.0,instance,2042,705183.375,0.654649,484.0,2797.905,99.0,0.0,440.0,2543.55,131.818124,0.479129,2566.306218,341.0,2543.55,13,/Users/admin/Desktop/AMine/published_results/archive_v1_newformat_2026-05-13/results_doe_otto_l9,/Users/admin/Desktop/AMine/published_results/archive_v1_newformat_2026-05-13/results_doe_otto_l9/solutions/instance_n=20_91_c02/run_info.json
results_doe_archive_l9_252,instance_n=20_91,3,c03,instance_n=20_91_c03,Otto,20,1000.0,OK,11,4,0.363636,8,10,,,,5903.7,48.9329,89.0916,2026-04-28T11:42:13.595449,low,high,high,high,fixed,fixed,0.8528,0.9373,1.0988,1.4043,0.0,0.0,0.0,0.0,0.05,5.0,instance,3042,509535.522,0.59639,440.0,2321.649,72.0,0.0,400.0,2110.59,57.938118,0.160466,2135.924659,328.0,2110.59,11,/Users/admin/Desktop/AMine/published_results/archive_v1_newformat_2026-05-13/results_doe_otto_l9,/Users/admin/Desktop/AMine/published_results/archive_v1_newformat_2026-05-13/results_doe_otto_l9/solutions/instance_n=20_91_c03/run_info.json
results_doe_archive_l9_252,instance_n=20_91,4,c04,instance_n=20_91_c04,Otto,20,1000.0,OK,9,8,0.888889,3,10,,,,677.97,3.1569,28.412,2026-04-28T11:53:31.564589,mid,low,mid,high,fixed,fixed,1.239,0.3718,0.9695,1.3848,0.0,0.0,0.0,0.0,0.05,5.0,instance,4042,741646.91,0.826814,352.0,3423.64,90.0,0.0,320.0,3112.4,387.836239,0.871593,3120.886695,230.0,3112.4,9,/Users/admin/Desktop/AMine/published_results/archive_v1_newformat_2026-05-13/results_doe_otto_l9,/Users/admin/Desktop/AMine/published_results/archive_v1_newformat_2026-05-13/results_doe_otto_l9/solutions/instance_n=20_91_c04/run_info.json
results_doe_archive_l9_252,instance_n=20_91,5,c05,instance_n=20_91_c05,Otto,20,1000.0,OK,7,1,0.142857,7,10,,,,11724.97,73.5375,95.3687,2026-04-28T15:08:56.536345,mid,mid,high,low,fixed,fixed,1.2972,0.6475,1.0861,1.0772,0.0,0.0,0.0,0.0,0.05,5.0,instance,5042,252947.7425,0.586798,396.0,2177.0925,198.0,0.0,360.0,1979.175,48.483419,0.166298,1985.793967,162.0,1979.175,7,/Users/admin/Desktop/AMine/published_results/archive_v1_newformat_2026-05-13/results_doe_otto_l9,/Users/admin/Desktop/AMine/published_results/archive_v1_newformat_2026-05-13/results_doe_otto_l9/solutions/instance_n=20_91_c05/run_info.json
results_doe_archive_l9_252,instance_n=20_91,6,c06,instance_n=20_91_c06,Otto,20,1000.0,OK,10,1,0.1,9,12,,,,8006.01,75.777,94.9344,2026-04-28T17:22:22.546641,mid,high,low,mid,fixed,fixed,1.2683,0.933,0.9073,1.188,0.0,0.0,0.0,0.0,0.05,5.0,instance,6042,477273.341,0.602323,396.0,3083.223,139.0,0.0,360.0,2802.93,115.820015,0.234543,2811.628991,221.0,2802.93,10,/Users/admin/Desktop/AMine/published_results/archive_v1_newformat_2026-05-13/results_doe_otto_l9,/Users/admin/Desktop/AMine/published_results/archive_v1_newformat_2026-05-13/results_doe_otto_l9/solutions/instance_n=20_91_c06/run_info.json
results_doe_archive_l9_252,instance_n=20_91,7,c07,instance_n=20_91_c07,Otto,20,1000.0,OK,7,6,0.857143,3,7,,,,839.14,7.4179,51.9253,2026-04-28T17:36:21.686226,high,low,high,mid,fixed,fixed,2.0414,0.4438,1.0683,1.2229,0.0,0.0,0.0,0.0,0.05,5.0,instance,7042,459670.215,0.840566,264.0,3314.289,99.0,0.0,240.0,3012.99,668.744776,0.973743,3016.28741,141.0,3012.99,7,/Users/admin/Desktop/AMine/published_results/archive_v1_newformat_2026-05-13/results_doe_otto_l9,/Users/admin/Desktop/AMine/published_results/archive_v1_newformat_2026-05-13/results_doe_otto_l9/solutions/instance_n=20_91_c07/run_info.json
results_doe_archive_l9_252,instance_n=20_91,8,c08,instance_n=20_91_c08,Otto,20,1000.0,OK,4,2,0.5,3,5,,,,2975.86,16.9993,36.5578,2026-04-28T18:25:57.551892,high,mid,low,high,fixed,fixed,2.3614,0.5973,0.9424,1.2626,0.0,0.0,0.0,0.0,0.05,5.0,instance,8042,154702.16,0.677639,220.0,2038.355,108.0,0.0,200.0,1853.05,435.18556,0.614187,1855.332397,92.0,1853.05,4,/Users/admin/Desktop/AMine/published_results/archive_v1_newformat_2026-05-13/results_doe_otto_l9,/Users/admin/Desktop/AMine/published_results/archive_v1_newformat_2026-05-13/results_doe_otto_l9/solutions/instance_n=20_91_c08/run_info.json
results_doe_archive_l9_252,instance_n=20_91,9,c09,instance_n=20_91_c09,Otto,20,1000.0,OK,4,1,0.25,5,9,,,,6575.31,56.4369,88.4232,2026-04-28T20:15:32.862258,high,high,mid,low,fixed,fixed,2.0961,0.8926,0.9936,1.0926,0.0,0.0,0.0,0.0,0.05,5.0,instance,9042,159047.42125,0.705715,264.0,2651.4208,179.0,0.0,240.0,2410.3825,366.020839,0.352767,2411.154246,61.0,2410.3825,4,/Users/admin/Desktop/AMine/published_results/archive_v1_newformat_2026-05-13/results_doe_otto_l9,/Users/admin/Desktop/AMine/published_results/archive_v1_newformat_2026-05-13/results_doe_otto_l9/solutions/instance_n=20_91_c09/run_info.json
results_doe_archive_l9_252,instance_n=20_97,1,c01,instance_n=20_97_c01,Otto,20,1000.0,OK,16,1,0.0625,5,15,,,,21331.45,70.3539,100.0,2026-04-25T06:12:25.685485,low,low,low,low,fixed,fixed,0.9394,0.3558,0.9076,1.0747,0.0,0.0,0.0,0.0,0.05,5.0,instance,1042,1385253.19,0.85982,660.0,2967.03,117.0,0.0,600.0,2697.3,209.877469,0.886196,2740.203695,483.0,2697.3,16,/Users/admin/Desktop/AMine/published_results/archive_v1_newformat_2026-05-13/results_doe_otto_l9,/Users/admin/Desktop/AMine/published_results/archive_v1_newformat_2026-05-13/results_doe_otto_l9/solutions/instance_n=20_97_c01/run_info.json
results_doe_archive_l9_252,instance_n=20_97,2,c02,instance_n=20_97_c02,Otto,20,1000.0,OK,17,2,0.117647,8,15,,,,23300.06,79.8102,100.0,2026-04-25T12:40:45.752523,low,mid,mid,mid,fixed,fixed,0.9834,0.594,1.0293,1.1083,0.0,0.0,0.0,0.0,0.05,5.0,instance,2042,895949.665,0.720949,660.0,2541.385,171.0,0.0,600.0,2310.35,74.279211,0.539709,2349.842148,429.0,2310.35,17,/Users/admin/Desktop/AMine/published_results/archive_v1_newformat_2026-05-13/results_doe_otto_l9,/Users/admin/Desktop/AMine/published_results/archive_v1_newformat_2026-05-13/results_doe_otto_l9/solutions/instance_n=20_97_c02/run_info.json
results_doe_archive_l9_252,instance_n=20_97,3,c03,instance_n=20_97_c03,Otto,20,1000.0,OK,13,2,0.153846,9,11,,,,12263.51,66.4713,95.3491,2026-04-25T16:05:09.263063,low,high,high,high,fixed,fixed,0.8528,0.9373,1.0988,1.4043,0.0,0.0,0.0,0.0,0.05,5.0,instance,3042,617088.619,0.593534,484.0,2579.863,81.0,0.0,440.0,2345.33,92.523758,0.270849,2372.647005,359.0,2345.33,13,/Users/admin/Desktop/AMine/published_results/archive_v1_newformat_2026-05-13/results_doe_otto_l9,/Users/admin/Desktop/AMine/published_results/archive_v1_newformat_2026-05-13/results_doe_otto_l9/solutions/instance_n=20_97_c03/run_info.json
results_doe_archive_l9_252,instance_n=20_97,4,c04,instance_n=20_97_c04,Otto,20,1000.0,OK,9,4,0.444444,3,9,,,,7048.98,39.8267,95.6775,2026-04-25T18:02:38.248427,mid,low,mid,high,fixed,fixed,1.239,0.3718,0.9695,1.3848,0.0,0.0,0.0,0.0,0.05,5.0,instance,4042,641607.522,0.821666,396.0,2711.324,108.0,0.0,360.0,2464.84,376.725581,0.984831,2477.688484,252.0,2464.84,9,/Users/admin/Desktop/AMine/published_results/archive_v1_newformat_2026-05-13/results_doe_otto_l9,/Users/admin/Desktop/AMine/published_results/archive_v1_newformat_2026-05-13/results_doe_otto_l9/solutions/instance_n=20_97_c04/run_info.json
results_doe_archive_l9_252,instance_n=20_97,5,c05,instance_n=20_97_c05,Otto,20,1000.0,OK,10,2,0.2,8,14,,,,16525.75,74.9676,96.8412,2026-04-25T22:38:04.000226,mid,mid,high,low,fixed,fixed,1.2972,0.6475,1.0861,1.0772,0.0,0.0,0.0,0.0,0.05,5.0,instance,5042,499575.412,0.675714,484.0,2748.438,215.0,0.0,440.0,2498.58,148.21346,0.538084,2508.690299,225.0,2498.58,10,/Users/admin/Desktop/AMine/published_results/archive_v1_newformat_2026-05-13/results_doe_otto_l9,/Users/admin/Desktop/AMine/published_results/archive_v1_newformat_2026-05-13/results_doe_otto_l9/solutions/instance_n=20_97_c05/run_info.json
results_doe_archive_l9_252,instance_n=20_97,6,c06,instance_n=20_97_c06,Otto,20,1000.0,OK,11,1,0.090909,9,14,,,,18362.32,79.6516,97.4824,2026-04-26T03:44:06.322268,mid,high,low,mid,fixed,fixed,1.2683,0.933,0.9073,1.188,0.0,0.0,0.0,0.0,0.05,5.0,instance,6042,496259.766,0.654875,440.0,3067.988,193.0,0.0,400.0,2789.08,147.157349,0.43774,2796.751016,207.0,2789.08,11,/Users/admin/Desktop/AMine/published_results/archive_v1_newformat_2026-05-13/results_doe_otto_l9,/Users/admin/Desktop/AMine/published_results/archive_v1_newformat_2026-05-13/results_doe_otto_l9/solutions/instance_n=20_97_c06/run_info.json
results_doe_archive_l9_252,instance_n=20_97,7,c07,instance_n=20_97_c07,Otto,20,1000.0,OK,5,4,0.8,3,6,,,,1176.38,13.4397,67.1986,2026-04-26T04:03:42.704627,high,low,high,mid,fixed,fixed,2.0414,0.4438,1.0683,1.2229,0.0,0.0,0.0,0.0,0.05,5.0,instance,7042,185031.2715,0.693627,264.0,1709.994,108.0,0.0,240.0,1554.54,370.356915,0.755535,1560.134165,132.0,1554.54,5,/Users/admin/Desktop/AMine/published_results/archive_v1_newformat_2026-05-13/results_doe_otto_l9,/Users/admin/Desktop/AMine/published_results/archive_v1_newformat_2026-05-13/results_doe_otto_l9/solutions/instance_n=20_97_c07/run_info.json
results_doe_archive_l9_252,instance_n=20_97,8,c08,instance_n=20_97_c08,Otto,20,1000.0,OK,4,2,0.5,3,5,,,,3138.25,24.3063,55.8233,2026-04-26T04:56:00.960049,high,mid,low,high,fixed,fixed,2.3614,0.5973,0.9424,1.2626,0.0,0.0,0.0,0.0,0.05,5.0,instance,8042,185766.85,0.690504,220.0,2611.95,117.0,0.0,200.0,2374.5,500.766108,0.515855,2375.950178,83.0,2374.5,4,/Users/admin/Desktop/AMine/published_results/archive_v1_newformat_2026-05-13/results_doe_otto_l9,/Users/admin/Desktop/AMine/published_results/archive_v1_newformat_2026-05-13/results_doe_otto_l9/solutions/instance_n=20_97_c08/run_info.json
results_doe_archive_l9_252,instance_n=20_97,9,c09,instance_n=20_97_c09,Otto,20,1000.0,OK,7,2,0.285714,6,14,,,,7887.53,63.4139,95.2086,2026-04-26T07:07:28.494586,high,high,mid,low,fixed,fixed,2.0961,0.8926,0.9936,1.0926,0.0,0.0,0.0,0.0,0.05,5.0,instance,9042,565518.638,0.715087,308.0,5416.708,162.0,0.0,280.0,4924.28,706.52436,0.602461,4925.693608,118.0,4924.28,7,/Users/admin/Desktop/AMine/published_results/archive_v1_newformat_2026-05-13/results_doe_otto_l9,/Users/admin/Desktop/AMine/published_results/archive_v1_newformat_2026-05-13/results_doe_otto_l9/solutions/instance_n=20_97_c09/run_info.json
results_doe_archive_l9_252,instance_n=20_99,1,c01,instance_n=20_99_c01,Otto,20,1000.0,OK,13,3,0.230769,4,12,,,,17258.09,58.0395,99.8034,2026-04-27T04:20:30.665088,low,low,low,low,fixed,fixed,0.9394,0.3558,0.9076,1.0747,0.0,0.0,0.0,0.0,0.05,5.0,instance,1042,965488.245,0.811711,528.0,2772.605,99.0,0.0,480.0,2520.55,205.947761,0.817921,2549.18287,381.0,2520.55,13,/Users/admin/Desktop/AMine/published_results/archive_v1_newformat_2026-05-13/results_doe_otto_l9,/Users/admin/Desktop/AMine/published_results/archive_v1_newformat_2026-05-13/results_doe_otto_l9/solutions/instance_n=20_99_c01/run_info.json
results_doe_archive_l9_252,instance_n=20_99,2,c02,instance_n=20_99_c02,Otto,20,1000.0,OK,16,3,0.1875,8,12,,,,19361.12,67.42,96.2589,2026-04-27T09:43:11.789701,low,mid,mid,mid,fixed,fixed,0.9834,0.594,1.0293,1.1083,0.0,0.0,0.0,0.0,0.05,5.0,instance,2042,823523.795,0.64633,528.0,2970.055,99.0,0.0,480.0,2700.05,117.01798,0.489407,2726.798673,381.0,2700.05,16,/Users/admin/Desktop/AMine/published_results/archive_v1_newformat_2026-05-13/results_doe_otto_l9,/Users/admin/Desktop/AMine/published_results/archive_v1_newformat_2026-05-13/results_doe_otto_l9/solutions/instance_n=20_99_c02/run_info.json
results_doe_archive_l9_252,instance_n=20_99,3,c03,instance_n=20_99_c03,Otto,20,1000.0,OK,12,3,0.25,9,11,,,,8662.94,58.5123,98.8164,2026-04-27T12:07:34.737155,low,high,high,high,fixed,fixed,0.8528,0.9373,1.0988,1.4043,0.0,0.0,0.0,0.0,0.05,5.0,instance,3042,605393.6155,0.601719,484.0,2496.5435,81.0,0.0,440.0,2269.585,45.030279,0.165862,2297.802662,359.0,2269.585,12,/Users/admin/Desktop/AMine/published_results/archive_v1_newformat_2026-05-13/results_doe_otto_l9,/Users/admin/Desktop/AMine/published_results/archive_v1_newformat_2026-05-13/results_doe_otto_l9/solutions/instance_n=20_99_c03/run_info.json
results_doe_archive_l9_252,instance_n=20_99,4,c04,instance_n=20_99_c04,Otto,20,1000.0,OK,10,5,0.5,3,11,,,,6873.13,36.7051,99.7908,2026-04-27T14:02:07.867362,mid,low,mid,high,fixed,fixed,1.239,0.3718,0.9695,1.3848,0.0,0.0,0.0,0.0,0.05,5.0,instance,4042,937301.2595,0.849662,396.0,3714.2985,99.0,0.0,360.0,3376.635,409.247404,0.960192,3386.707091,261.0,3376.635,10,/Users/admin/Desktop/AMine/published_results/archive_v1_newformat_2026-05-13/results_doe_otto_l9,/Users/admin/Desktop/AMine/published_results/archive_v1_newformat_2026-05-13/results_doe_otto_l9/solutions/instance_n=20_99_c04/run_info.json
results_doe_archive_l9_252,instance_n=20_99,5,c05,instance_n=20_99_c05,Otto,20,1000.0,OK,11,2,0.181818,8,16,,,,8298.31,73.3032,99.2572,2026-04-27T16:20:26.180871,mid,mid,high,low,fixed,fixed,1.2972,0.6475,1.0861,1.0772,0.0,0.0,0.0,0.0,0.05,5.0,instance,5042,635316.4395,0.707888,484.0,3228.3515,206.0,0.0,440.0,2934.865,163.627768,0.453796,2944.17876,234.0,2934.865,11,/Users/admin/Desktop/AMine/published_results/archive_v1_newformat_2026-05-13/results_doe_otto_l9,/Users/admin/Desktop/AMine/published_results/archive_v1_newformat_2026-05-13/results_doe_otto_l9/solutions/instance_n=20_99_c05/run_info.json
results_doe_archive_l9_252,instance_n=20_99,6,c06,instance_n=20_99_c06,Otto,20,1000.0,OK,10,2,0.2,8,15,,,,10875.22,73.0888,100.0,2026-04-27T19:21:41.404139,mid,high,low,mid,fixed,fixed,1.2683,0.933,0.9073,1.188,0.0,0.0,0.0,0.0,0.05,5.0,instance,6042,520315.49975,0.679195,440.0,3152.5808,197.0,0.0,400.0,2865.9825,158.888382,0.353487,2873.162837,203.0,2865.9825,10,/Users/admin/Desktop/AMine/published_results/archive_v1_newformat_2026-05-13/results_doe_otto_l9,/Users/admin/Desktop/AMine/published_results/archive_v1_newformat_2026-05-13/results_doe_otto_l9/solutions/instance_n=20_99_c06/run_info.json
results_doe_archive_l9_252,instance_n=20_99,7,c07,instance_n=20_99_c07,Otto,20,1000.0,OK,5,3,0.6,3,6,,,,2140.77,24.5669,62.2253,2026-04-27T19:57:22.178066,high,low,high,mid,fixed,fixed,2.0414,0.4438,1.0683,1.2229,0.0,0.0,0.0,0.0,0.05,5.0,instance,7042,176331.394,0.68935,264.0,1639.704,108.0,0.0,240.0,1490.64,349.771073,0.734919,1496.473057,132.0,1490.64,5,/Users/admin/Desktop/AMine/published_results/archive_v1_newformat_2026-05-13/results_doe_otto_l9,/Users/admin/Desktop/AMine/published_results/archive_v1_newformat_2026-05-13/results_doe_otto_l9/solutions/instance_n=20_99_c07/run_info.json
results_doe_archive_l9_252,instance_n=20_99,8,c08,instance_n=20_99_c08,Otto,20,1000.0,OK,4,1,0.25,4,5,,,,5179.1,36.7891,58.8462,2026-04-27T21:23:41.282150,high,mid,low,high,fixed,fixed,2.3614,0.5973,0.9424,1.2626,0.0,0.0,0.0,0.0,0.05,5.0,instance,8042,171395.63375,0.662572,220.0,2511.4788,117.0,0.0,200.0,2283.1625,450.137369,0.453668,2284.670655,83.0,2283.1625,4,/Users/admin/Desktop/AMine/published_results/archive_v1_newformat_2026-05-13/results_doe_otto_l9,/Users/admin/Desktop/AMine/published_results/archive_v1_newformat_2026-05-13/results_doe_otto_l9/solutions/instance_n=20_99_c08/run_info.json
results_doe_archive_l9_252,instance_n=20_99,9,c09,instance_n=20_99_c09,Otto,20,1000.0,OK,5,1,0.2,5,10,,,,6735.18,69.9981,92.9122,2026-04-27T23:15:56.466440,high,high,mid,low,fixed,fixed,2.0961,0.8926,0.9936,1.0926,0.0,0.0,0.0,0.0,0.05,5.0,instance,9042,81049.9385,0.666323,264.0,2097.1995,206.0,0.0,240.0,1906.545,312.456749,0.825251,1906.848142,34.0,1906.545,5,/Users/admin/Desktop/AMine/published_results/archive_v1_newformat_2026-05-13/results_doe_otto_l9,/Users/admin/Desktop/AMine/published_results/archive_v1_newformat_2026-05-13/results_doe_otto_l9/solutions/instance_n=20_99_c09/run_info.json
results_doe_otto_l9,instance_n=20_1,1,c01,instance_n=20_1_c01,Otto,20,1000.0,OK,4,3,0.75,2,3,,,,1025.39,13.6084,54.4337,2026-04-24T09:56:22.929274,low,low,low,low,fixed,fixed,0.9394,0.3558,0.9076,1.0747,0.0,0.0,0.0,0.0,0.05,5.0,instance,1042,53047.15,0.631664,132.0,799.81,27.0,0.0,120.0,727.1,192.583547,0.692799,733.023472,93.0,727.1,4,/Users/admin/Desktop/AMine/published_results/archive_v1_newformat_2026-05-13/results_doe_otto_l9,/Users/admin/Desktop/AMine/published_results/archive_v1_newformat_2026-05-13/results_doe_otto_l9/solutions/instance_n=20_1_c01/run_info.json
results_doe_otto_l9,instance_n=20_1,2,c02,instance_n=20_1_c02,Otto,20,1000.0,OK,6,1,0.166667,2,3,,,,4074.53,54.1785,85.5391,2026-04-24T11:04:17.464301,low,mid,mid,mid,fixed,fixed,0.9834,0.594,1.0293,1.1083,0.0,0.0,0.0,0.0,0.05,5.0,instance,2042,45378.05,0.504473,132.0,856.68,27.0,0.0,120.0,778.8,124.397965,0.621787,784.333118,93.0,778.8,6,/Users/admin/Desktop/AMine/published_results/archive_v1_newformat_2026-05-13/results_doe_otto_l9,/Users/admin/Desktop/AMine/published_results/archive_v1_newformat_2026-05-13/results_doe_otto_l9/solutions/instance_n=20_1_c02/run_info.json
results_doe_otto_l9,instance_n=20_1,3,c03,instance_n=20_1_c03,Otto,20,1000.0,OK,4,1,0.25,3,3,,,,3141.17,32.9115,52.6067,2026-04-24T11:56:38.635146,low,high,high,high,fixed,fixed,0.8528,0.9373,1.0988,1.4043,0.0,0.0,0.0,0.0,0.05,5.0,instance,3042,36928.65,0.480361,132.0,732.16,27.0,0.0,120.0,665.6,22.71418,0.076622,672.065741,93.0,665.6,4,/Users/admin/Desktop/AMine/published_results/archive_v1_newformat_2026-05-13/results_doe_otto_l9,/Users/admin/Desktop/AMine/published_results/archive_v1_newformat_2026-05-13/results_doe_otto_l9/solutions/instance_n=20_1_c03/run_info.json
results_doe_otto_l9,instance_n=20_1,4,c04,instance_n=20_1_c04,Otto,20,1000.0,OK,4,4,1.0,2,4,,,,23.29,0.0,0.0,2026-04-24T11:57:01.924008,mid,low,mid,high,fixed,fixed,1.239,0.3718,0.9695,1.3848,0.0,0.0,0.0,0.0,0.05,5.0,instance,4042,71561.75,0.70664,132.0,1054.9,36.0,0.0,120.0,959.0,276.503488,0.774812,962.671803,84.0,959.0,4,/Users/admin/Desktop/AMine/published_results/archive_v1_newformat_2026-05-13/results_doe_otto_l9,/Users/admin/Desktop/AMine/published_results/archive_v1_newformat_2026-05-13/results_doe_otto_l9/solutions/instance_n=20_1_c04/run_info.json
results_doe_otto_l9,instance_n=20_1,5,c05,instance_n=20_1_c05,Otto,20,1000.0,OK,4,2,0.5,2,4,,,,1595.39,39.2568,80.8676,2026-04-24T12:23:37.318567,mid,mid,high,low,fixed,fixed,1.2972,0.6475,1.0861,1.0772,0.0,0.0,0.0,0.0,0.05,5.0,instance,5042,54823.26,0.532144,132.0,1073.16,36.0,0.0,120.0,975.6,89.449441,0.204686,979.209559,84.0,975.6,4,/Users/admin/Desktop/AMine/published_results/archive_v1_newformat_2026-05-13/results_doe_otto_l9,/Users/admin/Desktop/AMine/published_results/archive_v1_newformat_2026-05-13/results_doe_otto_l9/solutions/instance_n=20_1_c05/run_info.json
results_doe_otto_l9,instance_n=20_1,6,c06,instance_n=20_1_c06,Otto,20,1000.0,OK,4,2,0.5,2,4,,,,2211.8,33.8941,82.8346,2026-04-24T13:00:29.121811,mid,high,low,mid,fixed,fixed,1.2683,0.933,0.9073,1.188,0.0,0.0,0.0,0.0,0.05,5.0,instance,6042,50952.75,0.504847,132.0,1051.325,36.0,0.0,120.0,955.75,48.896038,0.12085,959.434241,84.0,955.75,4,/Users/admin/Desktop/AMine/published_results/archive_v1_newformat_2026-05-13/results_doe_otto_l9,/Users/admin/Desktop/AMine/published_results/archive_v1_newformat_2026-05-13/results_doe_otto_l9/solutions/instance_n=20_1_c06/run_info.json
results_doe_otto_l9,instance_n=20_1,7,c07,instance_n=20_1_c07,Otto,20,1000.0,OK,4,4,1.0,2,6,,,,18.92,0.0,0.0,2026-04-24T13:00:48.047597,high,low,high,mid,fixed,fixed,2.0414,0.4438,1.0683,1.2229,0.0,0.0,0.0,0.0,0.05,5.0,instance,7042,101393.23,0.773212,132.0,1681.185,54.0,0.0,120.0,1528.35,405.467322,0.664983,1529.774402,66.0,1528.35,4,/Users/admin/Desktop/AMine/published_results/archive_v1_newformat_2026-05-13/results_doe_otto_l9,/Users/admin/Desktop/AMine/published_results/archive_v1_newformat_2026-05-13/results_doe_otto_l9/solutions/instance_n=20_1_c07/run_info.json
results_doe_otto_l9,instance_n=20_1,8,c08,instance_n=20_1_c08,Otto,20,1000.0,OK,4,3,0.75,2,7,,,,376.41,6.5731,26.2923,2026-04-24T13:07:04.463641,high,mid,low,high,fixed,fixed,2.3614,0.5973,0.9424,1.2626,0.0,0.0,0.0,0.0,0.05,5.0,instance,8042,93195.18,0.701158,132.0,1926.32,63.0,0.0,120.0,1751.2,280.383346,0.34592,1752.127404,57.0,1751.2,4,/Users/admin/Desktop/AMine/published_results/archive_v1_newformat_2026-05-13/results_doe_otto_l9,/Users/admin/Desktop/AMine/published_results/archive_v1_newformat_2026-05-13/results_doe_otto_l9/solutions/instance_n=20_1_c08/run_info.json
results_doe_otto_l9,instance_n=20_1,9,c09,instance_n=20_1_c09,Otto,20,1000.0,OK,6,1,0.166667,3,7,,,,4623.76,54.9315,91.4293,2026-04-24T14:24:08.228156,high,high,mid,low,fixed,fixed,2.0961,0.8926,0.9936,1.0926,0.0,0.0,0.0,0.0,0.05,5.0,instance,9042,73581.955,0.581054,132.0,1835.295,63.0,0.0,120.0,1668.45,250.255353,0.669705,1669.423374,57.0,1668.45,6,/Users/admin/Desktop/AMine/published_results/archive_v1_newformat_2026-05-13/results_doe_otto_l9,/Users/admin/Desktop/AMine/published_results/archive_v1_newformat_2026-05-13/results_doe_otto_l9/solutions/instance_n=20_1_c09/run_info.json
results_doe_otto_l9,instance_n=20_10,1,c01,instance_n=20_10_c01,Otto,20,1000.0,OK,4,3,0.75,2,3,,,,415.47,14.0358,56.1433,2026-04-24T14:31:03.703950,low,low,low,low,fixed,fixed,0.9394,0.3558,0.9076,1.0747,0.0,0.0,0.0,0.0,0.05,5.0,instance,1042,51144.85,0.630338,132.0,772.75,27.0,0.0,120.0,702.5,185.477272,0.688574,708.629134,93.0,702.5,4,/Users/admin/Desktop/AMine/published_results/archive_v1_newformat_2026-05-13/results_doe_otto_l9,/Users/admin/Desktop/AMine/published_results/archive_v1_newformat_2026-05-13/results_doe_otto_l9/solutions/instance_n=20_10_c01/run_info.json
results_doe_otto_l9,instance_n=20_10,2,c02,instance_n=20_10_c02,Otto,20,1000.0,OK,6,1,0.166667,3,3,,,,4534.73,62.3346,88.1915,2026-04-24T15:46:38.438430,low,mid,mid,mid,fixed,fixed,0.9834,0.594,1.0293,1.1083,0.0,0.0,0.0,0.0,0.05,5.0,instance,2042,44729.75,0.501451,132.0,849.53,27.0,0.0,120.0,772.3,125.752172,0.639728,777.879354,93.0,772.3,6,/Users/admin/Desktop/AMine/published_results/archive_v1_newformat_2026-05-13/results_doe_otto_l9,/Users/admin/Desktop/AMine/published_results/archive_v1_newformat_2026-05-13/results_doe_otto_l9/solutions/instance_n=20_10_c02/run_info.json
results_doe_otto_l9,instance_n=20_10,3,c03,instance_n=20_10_c03,Otto,20,1000.0,OK,4,1,0.25,3,3,,,,2395.01,50.7026,76.7835,2026-04-24T16:26:33.450431,low,high,high,high,fixed,fixed,0.8528,0.9373,1.0988,1.4043,0.0,0.0,0.0,0.0,0.05,5.0,instance,3042,37532.25,0.489611,132.0,730.07,27.0,0.0,120.0,663.7,33.211343,0.110207,670.184072,93.0,663.7,4,/Users/admin/Desktop/AMine/published_results/archive_v1_newformat_2026-05-13/results_doe_otto_l9,/Users/admin/Desktop/AMine/published_results/archive_v1_newformat_2026-05-13/results_doe_otto_l9/solutions/instance_n=20_10_c03/run_info.json
results_doe_otto_l9,instance_n=20_10,4,c04,instance_n=20_10_c04,Otto,20,1000.0,OK,4,4,1.0,2,4,,,,40.61,0.0,0.0,2026-04-24T16:27:14.064242,mid,low,mid,high,fixed,fixed,1.239,0.3718,0.9695,1.3848,0.0,0.0,0.0,0.0,0.05,5.0,instance,4042,69288.24,0.706171,132.0,1022.065,36.0,0.0,120.0,929.15,269.275752,0.780788,932.939292,84.0,929.15,4,/Users/admin/Desktop/AMine/published_results/archive_v1_newformat_2026-05-13/results_doe_otto_l9,/Users/admin/Desktop/AMine/published_results/archive_v1_newformat_2026-05-13/results_doe_otto_l9/solutions/instance_n=20_10_c04/run_info.json
results_doe_otto_l9,instance_n=20_10,5,c05,instance_n=20_10_c05,Otto,20,1000.0,OK,4,1,0.25,2,4,,,,2589.57,59.4282,90.088,2026-04-24T17:10:23.638694,mid,mid,high,low,fixed,fixed,1.2972,0.6475,1.0861,1.0772,0.0,0.0,0.0,0.0,0.05,5.0,instance,5042,54908.01,0.53668,132.0,1065.735,36.0,0.0,120.0,968.85,97.841436,0.215613,972.484613,84.0,968.85,4,/Users/admin/Desktop/AMine/published_results/archive_v1_newformat_2026-05-13/results_doe_otto_l9,/Users/admin/Desktop/AMine/published_results/archive_v1_newformat_2026-05-13/results_doe_otto_l9/solutions/instance_n=20_10_c05/run_info.json
results_doe_otto_l9,instance_n=20_10,6,c06,instance_n=20_10_c06,Otto,20,1000.0,OK,4,2,0.5,2,4,,,,3119.07,38.0583,84.7432,2026-04-24T18:02:22.713932,mid,high,low,mid,fixed,fixed,1.2683,0.933,0.9073,1.188,0.0,0.0,0.0,0.0,0.05,5.0,instance,6042,51294.57,0.512415,132.0,1042.745,36.0,0.0,120.0,947.95,56.614447,0.135508,951.664438,84.0,947.95,4,/Users/admin/Desktop/AMine/published_results/archive_v1_newformat_2026-05-13/results_doe_otto_l9,/Users/admin/Desktop/AMine/published_results/archive_v1_newformat_2026-05-13/results_doe_otto_l9/solutions/instance_n=20_10_c06/run_info.json
results_doe_otto_l9,instance_n=20_10,7,c07,instance_n=20_10_c07,Otto,20,1000.0,OK,4,4,1.0,2,6,,,,41.76,0.0,0.0,2026-04-24T18:03:04.471464,high,low,high,mid,fixed,fixed,2.0414,0.4438,1.0683,1.2229,0.0,0.0,0.0,0.0,0.05,5.0,instance,7042,99999.09,0.776192,132.0,1651.705,54.0,0.0,120.0,1501.55,407.359629,0.687562,1502.999801,66.0,1501.55,4,/Users/admin/Desktop/AMine/published_results/archive_v1_newformat_2026-05-13/results_doe_otto_l9,/Users/admin/Desktop/AMine/published_results/archive_v1_newformat_2026-05-13/results_doe_otto_l9/solutions/instance_n=20_10_c07/run_info.json
results_doe_otto_l9,instance_n=20_10,8,c08,instance_n=20_10_c08,Otto,20,1000.0,OK,4,2,0.5,2,6,,,,1552.62,25.9287,58.4955,2026-04-24T18:28:57.094915,high,mid,low,high,fixed,fixed,2.3614,0.5973,0.9424,1.2626,0.0,0.0,0.0,0.0,0.05,5.0,instance,8042,113922.2685,0.758205,132.0,1926.3145,54.0,0.0,120.0,1751.195,417.775911,0.551745,1752.438281,66.0,1751.195,4,/Users/admin/Desktop/AMine/published_results/archive_v1_newformat_2026-05-13/results_doe_otto_l9,/Users/admin/Desktop/AMine/published_results/archive_v1_newformat_2026-05-13/results_doe_otto_l9/solutions/instance_n=20_10_c08/run_info.json
results_doe_otto_l9,instance_n=20_10,9,c09,instance_n=20_10_c09,Otto,20,1000.0,OK,6,2,0.333333,3,6,,,,4746.43,53.789,91.6093,2026-04-24T19:48:03.524327,high,high,mid,low,fixed,fixed,2.0961,0.8926,0.9936,1.0926,0.0,0.0,0.0,0.0,0.05,5.0,instance,9042,70310.33,0.524342,132.0,1719.135,54.0,0.0,120.0,1562.85,240.908772,0.676332,1564.242987,66.0,1562.85,6,/Users/admin/Desktop/AMine/published_results/archive_v1_newformat_2026-05-13/results_doe_otto_l9,/Users/admin/Desktop/AMine/published_results/archive_v1_newformat_2026-05-13/results_doe_otto_l9/solutions/instance_n=20_10_c09/run_info.json
results_doe_otto_l9,instance_n=20_63,1,c01,instance_n=20_63_c01,Otto,20,1000.0,OK,6,2,0.333333,2,5,,,,4340.66,19.3703,50.4673,2026-04-24T01:58:44.637086,low,low,low,low,fixed,fixed,0.9394,0.3558,0.9076,1.0747,0.0,0.0,0.0,0.0,0.05,5.0,instance,1042,169296.65,0.749692,220.0,1290.41,45.0,0.0,200.0,1173.1,205.21406,0.690287,1183.295656,155.0,1173.1,6,/Users/admin/Desktop/AMine/published_results/archive_v1_newformat_2026-05-13/results_doe_otto_l9,/Users/admin/Desktop/AMine/published_results/archive_v1_newformat_2026-05-13/results_doe_otto_l9/solutions/instance_n=20_63_c01/run_info.json
results_doe_otto_l9,instance_n=20_63,2,c02,instance_n=20_63_c02,Otto,20,1000.0,OK,7,2,0.285714,3,5,,,,6536.75,42.9692,65.8129,2026-04-24T03:47:41.386847,low,mid,mid,mid,fixed,fixed,0.9834,0.594,1.0293,1.1083,0.0,0.0,0.0,0.0,0.05,5.0,instance,2042,147611.45,0.609646,220.0,1383.58,45.0,0.0,200.0,1257.8,150.02889,0.458891,1267.31442,155.0,1257.8,7,/Users/admin/Desktop/AMine/published_results/archive_v1_newformat_2026-05-13/results_doe_otto_l9,/Users/admin/Desktop/AMine/published_results/archive_v1_newformat_2026-05-13/results_doe_otto_l9/solutions/instance_n=20_63_c02/run_info.json
results_doe_otto_l9,instance_n=20_63,3,c03,instance_n=20_63_c03,Otto,20,1000.0,OK,6,2,0.333333,4,5,,,,4365.2,40.1745,77.4026,2026-04-24T05:00:26.588247,low,high,high,high,fixed,fixed,0.8528,0.9373,1.0988,1.4043,0.0,0.0,0.0,0.0,0.05,5.0,instance,3042,111470.8,0.534056,220.0,1134.375,36.0,0.0,200.0,1031.25,37.130998,0.104913,1044.209061,164.0,1031.25,6,/Users/admin/Desktop/AMine/published_results/archive_v1_newformat_2026-05-13/results_doe_otto_l9,/Users/admin/Desktop/AMine/published_results/archive_v1_newformat_2026-05-13/results_doe_otto_l9/solutions/instance_n=20_63_c03/run_info.json
results_doe_otto_l9,instance_n=20_63,4,c04,instance_n=20_63_c04,Otto,20,1000.0,OK,6,6,1.0,2,6,,,,139.18,0.0,0.0,2026-04-24T05:02:45.766478,mid,low,mid,high,fixed,fixed,1.239,0.3718,0.9695,1.3848,0.0,0.0,0.0,0.0,0.05,5.0,instance,4042,217097.01,0.780337,220.0,1675.96,54.0,0.0,200.0,1523.6,282.737537,0.800594,1530.579289,146.0,1523.6,6,/Users/admin/Desktop/AMine/published_results/archive_v1_newformat_2026-05-13/results_doe_otto_l9,/Users/admin/Desktop/AMine/published_results/archive_v1_newformat_2026-05-13/results_doe_otto_l9/solutions/instance_n=20_63_c04/run_info.json
results_doe_otto_l9,instance_n=20_63,5,c05,instance_n=20_63_c05,Otto,20,1000.0,OK,7,2,0.285714,3,7,,,,1520.01,50.6041,83.3223,2026-04-24T05:28:05.779460,mid,mid,high,low,fixed,fixed,1.2972,0.6475,1.0861,1.0772,0.0,0.0,0.0,0.0,0.05,5.0,instance,5042,175804.915,0.641065,220.0,1746.745,63.0,0.0,200.0,1587.95,186.401666,0.520562,1593.848864,137.0,1587.95,7,/Users/admin/Desktop/AMine/published_results/archive_v1_newformat_2026-05-13/results_doe_otto_l9,/Users/admin/Desktop/AMine/published_results/archive_v1_newformat_2026-05-13/results_doe_otto_l9/solutions/instance_n=20_63_c05/run_info.json
results_doe_otto_l9,instance_n=20_63,6,c06,instance_n=20_63_c06,Otto,20,1000.0,OK,6,1,0.166667,4,6,,,,5446.75,53.4746,75.1604,2026-04-24T06:58:52.536564,mid,high,low,mid,fixed,fixed,1.2683,0.933,0.9073,1.188,0.0,0.0,0.0,0.0,0.05,5.0,instance,6042,154303.23,0.558682,220.0,1663.805,54.0,0.0,200.0,1512.55,61.27892,0.137499,1519.580041,146.0,1512.55,6,/Users/admin/Desktop/AMine/published_results/archive_v1_newformat_2026-05-13/results_doe_otto_l9,/Users/admin/Desktop/AMine/published_results/archive_v1_newformat_2026-05-13/results_doe_otto_l9/solutions/instance_n=20_63_c06/run_info.json
results_doe_otto_l9,instance_n=20_63,7,c07,instance_n=20_63_c07,Otto,20,1000.0,OK,4,3,0.75,2,4,,,,1202.98,5.7869,23.1476,2026-04-24T07:18:55.520007,high,low,high,mid,fixed,fixed,2.0414,0.4438,1.0683,1.2229,0.0,0.0,0.0,0.0,0.05,5.0,instance,7042,83048.006,0.695989,176.0,1147.344,72.0,0.0,160.0,1043.04,256.860566,0.658889,1046.745643,88.0,1043.04,4,/Users/admin/Desktop/AMine/published_results/archive_v1_newformat_2026-05-13/results_doe_otto_l9,/Users/admin/Desktop/AMine/published_results/archive_v1_newformat_2026-05-13/results_doe_otto_l9/solutions/instance_n=20_63_c07/run_info.json
results_doe_otto_l9,instance_n=20_63,8,c08,instance_n=20_63_c08,Otto,20,1000.0,OK,4,3,0.75,2,7,,,,2228.77,7.7323,30.9293,2026-04-24T07:56:04.288981,high,mid,low,high,fixed,fixed,2.3614,0.5973,0.9424,1.2626,0.0,0.0,0.0,0.0,0.05,5.0,instance,8042,147758.16675,0.694484,132.0,3083.4733,63.0,0.0,120.0,2803.1575,432.366845,0.348515,2803.736965,57.0,2803.1575,4,/Users/admin/Desktop/AMine/published_results/archive_v1_newformat_2026-05-13/results_doe_otto_l9,/Users/admin/Desktop/AMine/published_results/archive_v1_newformat_2026-05-13/results_doe_otto_l9/solutions/instance_n=20_63_c08/run_info.json
results_doe_otto_l9,instance_n=20_63,9,c09,instance_n=20_63_c09,Otto,20,1000.0,OK,6,1,0.166667,3,9,,,,6193.25,69.7773,93.217,2026-04-24T09:39:17.537168,high,high,mid,low,fixed,fixed,2.0961,0.8926,0.9936,1.0926,0.0,0.0,0.0,0.0,0.05,5.0,instance,9042,164130.25,0.59647,176.0,2896.52,81.0,0.0,160.0,2633.2,263.232399,0.36493,2634.384793,79.0,2633.2,6,/Users/admin/Desktop/AMine/published_results/archive_v1_newformat_2026-05-13/results_doe_otto_l9,/Users/admin/Desktop/AMine/published_results/archive_v1_newformat_2026-05-13/results_doe_otto_l9/solutions/instance_n=20_63_c09/run_info.json
results_doe_otto_l9,instance_n=20_68,1,c01,instance_n=20_68_c01,Otto,20,1000.0,OK,4,3,0.75,2,3,,,,1069.26,10.0945,40.378,2026-04-26T16:45:37.821778,low,low,low,low,fixed,fixed,0.9394,0.3558,0.9076,1.0747,0.0,0.0,0.0,0.0,0.05,5.0,instance,1042,52138.325,0.626051,132.0,793.155,27.0,0.0,120.0,721.05,183.323704,0.665802,727.022766,93.0,721.05,4,/Users/admin/Desktop/AMine/published_results/archive_v1_newformat_2026-05-13/results_doe_otto_l9,/Users/admin/Desktop/AMine/published_results/archive_v1_newformat_2026-05-13/results_doe_otto_l9/solutions/instance_n=20_68_c01/run_info.json
results_doe_otto_l9,instance_n=20_68,2,c02,instance_n=20_68_c02,Otto,20,1000.0,OK,5,1,0.2,2,3,,,,3423.47,48.763,81.0186,2026-04-26T17:42:41.294607,low,mid,mid,mid,fixed,fixed,0.9834,0.594,1.0293,1.1083,0.0,0.0,0.0,0.0,0.05,5.0,instance,2042,43799.65,0.490833,132.0,849.86,27.0,0.0,120.0,772.6,133.140309,0.403106,778.177203,93.0,772.6,5,/Users/admin/Desktop/AMine/published_results/archive_v1_newformat_2026-05-13/results_doe_otto_l9,/Users/admin/Desktop/AMine/published_results/archive_v1_newformat_2026-05-13/results_doe_otto_l9/solutions/instance_n=20_68_c02/run_info.json
results_doe_otto_l9,instance_n=20_68,3,c03,instance_n=20_68_c03,Otto,20,1000.0,OK,4,2,0.5,3,3,,,,1718.19,8.1014,23.6028,2026-04-26T18:11:19.489802,low,high,high,high,fixed,fixed,0.8528,0.9373,1.0988,1.4043,0.0,0.0,0.0,0.0,0.05,5.0,instance,3042,36672.525,0.475565,132.0,734.415,27.0,0.0,120.0,667.65,14.510255,0.048938,674.096078,93.0,667.65,4,/Users/admin/Desktop/AMine/published_results/archive_v1_newformat_2026-05-13/results_doe_otto_l9,/Users/admin/Desktop/AMine/published_results/archive_v1_newformat_2026-05-13/results_doe_otto_l9/solutions/instance_n=20_68_c03/run_info.json
results_doe_otto_l9,instance_n=20_68,4,c04,instance_n=20_68_c04,Otto,20,1000.0,OK,4,4,1.0,2,4,,,,10.41,0.0,0.0,2026-04-26T18:11:29.900433,mid,low,mid,high,fixed,fixed,1.239,0.3718,0.9695,1.3848,0.0,0.0,0.0,0.0,0.05,5.0,instance,4042,72298.46,0.705564,132.0,1067.385,36.0,0.0,120.0,970.35,278.699257,0.77272,973.979015,84.0,970.35,4,/Users/admin/Desktop/AMine/published_results/archive_v1_newformat_2026-05-13/results_doe_otto_l9,/Users/admin/Desktop/AMine/published_results/archive_v1_newformat_2026-05-13/results_doe_otto_l9/solutions/instance_n=20_68_c04/run_info.json
results_doe_otto_l9,instance_n=20_68,5,c05,instance_n=20_68_c05,Otto,20,1000.0,OK,4,2,0.5,2,4,,,,3307.14,20.7729,49.0743,2026-04-26T19:06:37.044884,mid,mid,high,low,fixed,fixed,1.2972,0.6475,1.0861,1.0772,0.0,0.0,0.0,0.0,0.05,5.0,instance,5042,55599.96,0.530707,132.0,1091.31,36.0,0.0,120.0,992.1,91.032644,0.201794,995.649743,84.0,992.1,4,/Users/admin/Desktop/AMine/published_results/archive_v1_newformat_2026-05-13/results_doe_otto_l9,/Users/admin/Desktop/AMine/published_results/archive_v1_newformat_2026-05-13/results_doe_otto_l9/solutions/instance_n=20_68_c05/run_info.json
results_doe_otto_l9,instance_n=20_68,6,c06,instance_n=20_68_c06,Otto,20,1000.0,OK,4,2,0.5,3,4,,,,1310.06,31.0923,77.7021,2026-04-26T19:28:27.108263,mid,high,low,mid,fixed,fixed,1.2683,0.933,0.9073,1.188,0.0,0.0,0.0,0.0,0.05,5.0,instance,6042,48959.82,0.48538,132.0,1050.72,36.0,0.0,120.0,955.2,32.114003,0.089377,958.886354,84.0,955.2,4,/Users/admin/Desktop/AMine/published_results/archive_v1_newformat_2026-05-13/results_doe_otto_l9,/Users/admin/Desktop/AMine/published_results/archive_v1_newformat_2026-05-13/results_doe_otto_l9/solutions/instance_n=20_68_c06/run_info.json
results_doe_otto_l9,instance_n=20_68,7,c07,instance_n=20_68_c07,Otto,20,1000.0,OK,3,3,1.0,2,3,,,,11.45,0.0,0.0,2026-04-26T19:28:38.559071,high,low,high,mid,fixed,fixed,2.0414,0.4438,1.0683,1.2229,0.0,0.0,0.0,0.0,0.05,5.0,instance,7042,23146.06,0.586001,132.0,572.44,63.0,0.0,120.0,520.4,131.173981,0.450241,523.51233,57.0,520.4,3,/Users/admin/Desktop/AMine/published_results/archive_v1_newformat_2026-05-13/results_doe_otto_l9,/Users/admin/Desktop/AMine/published_results/archive_v1_newformat_2026-05-13/results_doe_otto_l9/solutions/instance_n=20_68_c07/run_info.json
results_doe_otto_l9,instance_n=20_68,8,c08,instance_n=20_68_c08,Otto,20,1000.0,OK,3,2,0.666667,2,4,,,,1027.56,8.5499,25.6496,2026-04-26T19:45:46.124821,high,mid,low,high,fixed,fixed,2.3614,0.5973,0.9424,1.2626,0.0,0.0,0.0,0.0,0.05,5.0,instance,8042,34543.2,0.583058,132.0,987.415,72.0,0.0,120.0,897.65,182.471553,0.363249,898.932435,48.0,897.65,3,/Users/admin/Desktop/AMine/published_results/archive_v1_newformat_2026-05-13/results_doe_otto_l9,/Users/admin/Desktop/AMine/published_results/archive_v1_newformat_2026-05-13/results_doe_otto_l9/solutions/instance_n=20_68_c08/run_info.json
results_doe_otto_l9,instance_n=20_68,9,c09,instance_n=20_68_c09,Otto,20,1000.0,OK,5,2,0.4,3,7,,,,3779.77,43.4843,82.6748,2026-04-26T20:48:45.894569,high,high,mid,low,fixed,fixed,2.0961,0.8926,0.9936,1.0926,0.0,0.0,0.0,0.0,0.05,5.0,instance,9042,68469.705,0.54741,132.0,1812.745,63.0,0.0,120.0,1647.95,277.242557,0.430856,1648.935476,57.0,1647.95,5,/Users/admin/Desktop/AMine/published_results/archive_v1_newformat_2026-05-13/results_doe_otto_l9,/Users/admin/Desktop/AMine/published_results/archive_v1_newformat_2026-05-13/results_doe_otto_l9/solutions/instance_n=20_68_c09/run_info.json
results_doe_otto_l9,instance_n=20_69,1,c01,instance_n=20_69_c01,Otto,20,1000.0,OK,3,2,0.666667,1,2,,,,656.99,9.5387,28.6162,2026-04-26T12:04:52.814176,low,low,low,low,fixed,fixed,0.9394,0.3558,0.9076,1.0747,0.0,0.0,0.0,0.0,0.05,5.0,instance,1042,20013.5,0.527266,88.0,542.245,18.0,0.0,80.0,492.95,127.103662,0.450568,496.833677,62.0,492.95,3,/Users/admin/Desktop/AMine/published_results/archive_v1_newformat_2026-05-13/results_doe_otto_l9,/Users/admin/Desktop/AMine/published_results/archive_v1_newformat_2026-05-13/results_doe_otto_l9/solutions/instance_n=20_69_c01/run_info.json
results_doe_otto_l9,instance_n=20_69,2,c02,instance_n=20_69_c02,Otto,20,1000.0,OK,4,3,0.75,2,2,,,,1191.72,7.6357,30.543,2026-04-26T12:24:44.531821,low,mid,mid,mid,fixed,fixed,0.9834,0.594,1.0293,1.1083,0.0,0.0,0.0,0.0,0.05,5.0,instance,2042,17073.05,0.425133,88.0,573.705,18.0,0.0,80.0,521.55,144.032282,0.566422,525.222241,62.0,521.55,4,/Users/admin/Desktop/AMine/published_results/archive_v1_newformat_2026-05-13/results_doe_otto_l9,/Users/admin/Desktop/AMine/published_results/archive_v1_newformat_2026-05-13/results_doe_otto_l9/solutions/instance_n=20_69_c02/run_info.json
results_doe_otto_l9,instance_n=20_69,3,c03,instance_n=20_69_c03,Otto,20,1000.0,OK,3,3,1.0,2,2,,,,18.75,0.0,0.0,2026-04-26T12:25:03.282440,low,high,high,high,fixed,fixed,0.8528,0.9373,1.0988,1.4043,0.0,0.0,0.0,0.0,0.05,5.0,instance,3042,14054.35,0.397353,88.0,505.285,18.0,0.0,80.0,459.35,1.645448,0.006093,463.515288,62.0,459.35,3,/Users/admin/Desktop/AMine/published_results/archive_v1_newformat_2026-05-13/results_doe_otto_l9,/Users/admin/Desktop/AMine/published_results/archive_v1_newformat_2026-05-13/results_doe_otto_l9/solutions/instance_n=20_69_c03/run_info.json
results_doe_otto_l9,instance_n=20_69,4,c04,instance_n=20_69_c04,Otto,20,1000.0,OK,3,3,1.0,1,3,,,,3.9,0.0,0.0,2026-04-26T12:25:07.186309,mid,low,mid,high,fixed,fixed,1.239,0.3718,0.9695,1.3848,0.0,0.0,0.0,0.0,0.05,5.0,instance,4042,28549.92,0.629227,88.0,743.82,27.0,0.0,80.0,676.2,227.129596,0.596401,678.273868,53.0,676.2,3,/Users/admin/Desktop/AMine/published_results/archive_v1_newformat_2026-05-13/results_doe_otto_l9,/Users/admin/Desktop/AMine/published_results/archive_v1_newformat_2026-05-13/results_doe_otto_l9/solutions/instance_n=20_69_c04/run_info.json
results_doe_otto_l9,instance_n=20_69,5,c05,instance_n=20_69_c05,Otto,20,1000.0,OK,3,2,0.666667,2,3,,,,1026.95,14.7929,44.3786,2026-04-26T12:42:14.135470,mid,mid,high,low,fixed,fixed,1.2972,0.6475,1.0861,1.0772,0.0,0.0,0.0,0.0,0.05,5.0,instance,5042,19582.85,0.432685,88.0,741.95,27.0,0.0,80.0,674.5,58.485582,0.14789,676.579079,53.0,674.5,3,/Users/admin/Desktop/AMine/published_results/archive_v1_newformat_2026-05-13/results_doe_otto_l9,/Users/admin/Desktop/AMine/published_results/archive_v1_newformat_2026-05-13/results_doe_otto_l9/solutions/instance_n=20_69_c05/run_info.json
results_doe_otto_l9,instance_n=20_69,6,c06,instance_n=20_69_c06,Otto,20,1000.0,OK,3,2,0.666667,2,3,,,,1147.97,7.7859,23.3577,2026-04-26T13:01:22.107984,mid,high,low,mid,fixed,fixed,1.2683,0.933,0.9073,1.188,0.0,0.0,0.0,0.0,0.05,5.0,instance,6042,18757.94,0.412684,88.0,745.14,27.0,0.0,80.0,677.4,18.359739,0.045306,679.470205,53.0,677.4,3,/Users/admin/Desktop/AMine/published_results/archive_v1_newformat_2026-05-13/results_doe_otto_l9,/Users/admin/Desktop/AMine/published_results/archive_v1_newformat_2026-05-13/results_doe_otto_l9/solutions/instance_n=20_69_c06/run_info.json
results_doe_otto_l9,instance_n=20_69,7,c07,instance_n=20_69_c07,Otto,20,1000.0,OK,2,2,1.0,1,2,,,,1.99,0.0,0.0,2026-04-26T13:01:24.101441,high,low,high,mid,fixed,fixed,2.0414,0.4438,1.0683,1.2229,0.0,0.0,0.0,0.0,0.05,5.0,instance,7042,1791.495,0.260042,88.0,160.215,45.0,0.0,80.0,145.65,0.0,0.0,149.79627,35.0,145.65,2,/Users/admin/Desktop/AMine/published_results/archive_v1_newformat_2026-05-13/results_doe_otto_l9,/Users/admin/Desktop/AMine/published_results/archive_v1_newformat_2026-05-13/results_doe_otto_l9/solutions/instance_n=20_69_c07/run_info.json
results_doe_otto_l9,instance_n=20_69,8,c08,instance_n=20_69_c08,Otto,20,1000.0,OK,3,3,1.0,2,5,,,,6.37,0.0,0.0,2026-04-26T13:01:30.475980,high,mid,low,high,fixed,fixed,2.3614,0.5973,0.9424,1.2626,0.0,0.0,0.0,0.0,0.05,5.0,instance,8042,37071.195,0.650061,88.0,1326.215,45.0,0.0,80.0,1205.65,281.891269,0.417958,1206.157918,35.0,1205.65,3,/Users/admin/Desktop/AMine/published_results/archive_v1_newformat_2026-05-13/results_doe_otto_l9,/Users/admin/Desktop/AMine/published_results/archive_v1_newformat_2026-05-13/results_doe_otto_l9/solutions/instance_n=20_69_c08/run_info.json
results_doe_otto_l9,instance_n=20_69,9,c09,instance_n=20_69_c09,Otto,20,1000.0,OK,3,2,0.666667,2,5,,,,307.98,10.274,30.8221,2026-04-26T13:06:38.460641,high,high,mid,low,fixed,fixed,2.0961,0.8926,0.9936,1.0926,0.0,0.0,0.0,0.0,0.05,5.0,instance,9042,24401.455,0.456598,88.0,1242.835,45.0,0.0,80.0,1129.85,61.747611,0.093711,1130.391977,35.0,1129.85,3,/Users/admin/Desktop/AMine/published_results/archive_v1_newformat_2026-05-13/results_doe_otto_l9,/Users/admin/Desktop/AMine/published_results/archive_v1_newformat_2026-05-13/results_doe_otto_l9/solutions/instance_n=20_69_c09/run_info.json
results_doe_otto_l9,instance_n=20_73,1,c01,instance_n=20_73_c01,Otto,20,1000.0,OK,3,2,0.666667,1,2,,,,993.79,13.9933,41.98,2026-04-26T21:05:19.683310,low,low,low,low,fixed,fixed,0.9394,0.3558,0.9076,1.0747,0.0,0.0,0.0,0.0,0.05,5.0,instance,1042,19821.5,0.528805,88.0,535.48,18.0,0.0,80.0,486.8,127.363469,0.456787,490.732351,62.0,486.8,3,/Users/admin/Desktop/AMine/published_results/archive_v1_newformat_2026-05-13/results_doe_otto_l9,/Users/admin/Desktop/AMine/published_results/archive_v1_newformat_2026-05-13/results_doe_otto_l9/solutions/instance_n=20_73_c01/run_info.json
results_doe_otto_l9,instance_n=20_73,2,c02,instance_n=20_73_c02,Otto,20,1000.0,OK,4,1,0.25,2,2,,,,2564.52,51.9919,81.4783,2026-04-26T21:48:04.206805,low,mid,mid,mid,fixed,fixed,0.9834,0.594,1.0293,1.1083,0.0,0.0,0.0,0.0,0.05,5.0,instance,2042,17301.15,0.430112,88.0,574.64,18.0,0.0,80.0,522.4,138.843371,0.539782,526.066308,62.0,522.4,4,/Users/admin/Desktop/AMine/published_results/archive_v1_newformat_2026-05-13/results_doe_otto_l9,/Users/admin/Desktop/AMine/published_results/archive_v1_newformat_2026-05-13/results_doe_otto_l9/solutions/instance_n=20_73_c02/run_info.json
results_doe_otto_l9,instance_n=20_73,3,c03,instance_n=20_73_c03,Otto,20,1000.0,OK,3,2,0.666667,2,2,,,,1030.83,13.1287,39.3861,2026-04-26T22:05:15.043559,low,high,high,high,fixed,fixed,0.8528,0.9373,1.0988,1.4043,0.0,0.0,0.0,0.0,0.05,5.0,instance,3042,14281.8,0.405815,88.0,502.755,18.0,0.0,80.0,457.05,12.730573,0.04737,461.236059,62.0,457.05,3,/Users/admin/Desktop/AMine/published_results/archive_v1_newformat_2026-05-13/results_doe_otto_l9,/Users/admin/Desktop/AMine/published_results/archive_v1_newformat_2026-05-13/results_doe_otto_l9/solutions/instance_n=20_73_c03/run_info.json
results_doe_otto_l9,instance_n=20_73,4,c04,instance_n=20_73_c04,Otto,20,1000.0,OK,3,3,1.0,1,3,,,,5.89,0.0,0.0,2026-04-26T22:05:20.937046,mid,low,mid,high,fixed,fixed,1.239,0.3718,0.9695,1.3848,0.0,0.0,0.0,0.0,0.05,5.0,instance,4042,27507.225,0.626107,88.0,720.225,27.0,0.0,80.0,654.75,215.091843,0.584169,656.891591,53.0,654.75,3,/Users/admin/Desktop/AMine/published_results/archive_v1_newformat_2026-05-13/results_doe_otto_l9,/Users/admin/Desktop/AMine/published_results/archive_v1_newformat_2026-05-13/results_doe_otto_l9/solutions/instance_n=20_73_c04/run_info.json
results_doe_otto_l9,instance_n=20_73,5,c05,instance_n=20_73_c05,Otto,20,1000.0,OK,3,2,0.666667,2,3,,,,650.38,22.2839,66.8516,2026-04-26T22:16:11.317967,mid,mid,high,low,fixed,fixed,1.2972,0.6475,1.0861,1.0772,0.0,0.0,0.0,0.0,0.05,5.0,instance,5042,19642.71,0.440141,88.0,731.61,27.0,0.0,80.0,665.1,72.457459,0.186094,667.208371,53.0,665.1,3,/Users/admin/Desktop/AMine/published_results/archive_v1_newformat_2026-05-13/results_doe_otto_l9,/Users/admin/Desktop/AMine/published_results/archive_v1_newformat_2026-05-13/results_doe_otto_l9/solutions/instance_n=20_73_c05/run_info.json
results_doe_otto_l9,instance_n=20_73,6,c06,instance_n=20_73_c06,Otto,20,1000.0,OK,3,2,0.666667,2,3,,,,2047.64,20.3377,61.0132,2026-04-26T22:50:18.960718,mid,high,low,mid,fixed,fixed,1.2683,0.933,0.9073,1.188,0.0,0.0,0.0,0.0,0.05,5.0,instance,6042,18629.49,0.420727,88.0,725.89,27.0,0.0,80.0,659.9,33.717256,0.086544,662.024932,53.0,659.9,3,/Users/admin/Desktop/AMine/published_results/archive_v1_newformat_2026-05-13/results_doe_otto_l9,/Users/admin/Desktop/AMine/published_results/archive_v1_newformat_2026-05-13/results_doe_otto_l9/solutions/instance_n=20_73_c06/run_info.json
results_doe_otto_l9,instance_n=20_73,7,c07,instance_n=20_73_c07,Otto,20,1000.0,OK,3,3,1.0,1,4,,,,4.37,0.0,0.0,2026-04-26T22:50:23.329136,high,low,high,mid,fixed,fixed,2.0414,0.4438,1.0683,1.2229,0.0,0.0,0.0,0.0,0.05,5.0,instance,7042,44466.74,0.756069,88.0,1131.02,36.0,0.0,80.0,1028.2,410.611511,0.710091,1029.14102,44.0,1028.2,3,/Users/admin/Desktop/AMine/published_results/archive_v1_newformat_2026-05-13/results_doe_otto_l9,/Users/admin/Desktop/AMine/published_results/archive_v1_newformat_2026-05-13/results_doe_otto_l9/solutions/instance_n=20_73_c07/run_info.json
results_doe_otto_l9,instance_n=20_73,8,c08,instance_n=20_73_c08,Otto,20,1000.0,OK,3,3,1.0,2,5,,,,23.73,0.0,0.0,2026-04-26T22:50:47.062634,high,mid,low,high,fixed,fixed,2.3614,0.5973,0.9424,1.2626,0.0,0.0,0.0,0.0,0.05,5.0,instance,8042,36232.605,0.653403,88.0,1289.585,45.0,0.0,80.0,1172.35,282.064474,0.430017,1172.872339,35.0,1172.35,3,/Users/admin/Desktop/AMine/published_results/archive_v1_newformat_2026-05-13/results_doe_otto_l9,/Users/admin/Desktop/AMine/published_results/archive_v1_newformat_2026-05-13/results_doe_otto_l9/solutions/instance_n=20_73_c08/run_info.json
results_doe_otto_l9,instance_n=20_73,9,c09,instance_n=20_73_c09,Otto,20,1000.0,OK,4,1,0.25,2,5,,,,2525.51,45.7309,77.6987,2026-04-26T23:32:52.571216,high,high,mid,low,fixed,fixed,2.0961,0.8926,0.9936,1.0926,0.0,0.0,0.0,0.0,0.05,5.0,instance,9042,27448.405,0.519126,88.0,1229.635,45.0,0.0,80.0,1117.85,320.083786,0.640521,1118.397793,35.0,1117.85,4,/Users/admin/Desktop/AMine/published_results/archive_v1_newformat_2026-05-13/results_doe_otto_l9,/Users/admin/Desktop/AMine/published_results/archive_v1_newformat_2026-05-13/results_doe_otto_l9/solutions/instance_n=20_73_c09/run_info.json
results_doe_otto_l9,instance_n=20_74,1,c01,instance_n=20_74_c01,Otto,20,1000.0,OK,4,3,0.75,2,3,,,,1023.33,25.0,100.0,2026-04-26T13:23:41.788454,low,low,low,low,fixed,fixed,0.9394,0.3558,0.9076,1.0747,0.0,0.0,0.0,0.0,0.05,5.0,instance,1042,49374.5,0.628285,132.0,748.44,27.0,0.0,120.0,680.4,178.834288,0.682702,686.726408,93.0,680.4,4,/Users/admin/Desktop/AMine/published_results/archive_v1_newformat_2026-05-13/results_doe_otto_l9,/Users/admin/Desktop/AMine/published_results/archive_v1_newformat_2026-05-13/results_doe_otto_l9/solutions/instance_n=20_74_c01/run_info.json
results_doe_otto_l9,instance_n=20_74,2,c02,instance_n=20_74_c02,Otto,20,1000.0,OK,4,2,0.5,2,3,,,,2196.13,14.4657,43.8856,2026-04-26T14:00:17.925160,low,mid,mid,mid,fixed,fixed,0.9834,0.594,1.0293,1.1083,0.0,0.0,0.0,0.0,0.05,5.0,instance,2042,48881.675,0.5718,132.0,814.165,27.0,0.0,120.0,740.15,103.905606,0.306404,745.969854,93.0,740.15,4,/Users/admin/Desktop/AMine/published_results/archive_v1_newformat_2026-05-13/results_doe_otto_l9,/Users/admin/Desktop/AMine/published_results/archive_v1_newformat_2026-05-13/results_doe_otto_l9/solutions/instance_n=20_74_c02/run_info.json
results_doe_otto_l9,instance_n=20_74,3,c03,instance_n=20_74_c03,Otto,20,1000.0,OK,4,4,1.0,3,3,,,,159.45,0.0,0.0,2026-04-26T14:02:57.375746,low,high,high,high,fixed,fixed,0.8528,0.9373,1.0988,1.4043,0.0,0.0,0.0,0.0,0.05,5.0,instance,3042,36933.575,0.487122,132.0,722.095,27.0,0.0,120.0,656.45,28.379394,0.090921,663.004979,93.0,656.45,4,/Users/admin/Desktop/AMine/published_results/archive_v1_newformat_2026-05-13/results_doe_otto_l9,/Users/admin/Desktop/AMine/published_results/archive_v1_newformat_2026-05-13/results_doe_otto_l9/solutions/instance_n=20_74_c03/run_info.json
results_doe_otto_l9,instance_n=20_74,4,c04,instance_n=20_74_c04,Otto,20,1000.0,OK,4,4,1.0,2,4,,,,8.12,0.0,0.0,2026-04-26T14:03:05.493618,mid,low,mid,high,fixed,fixed,1.239,0.3718,0.9695,1.3848,0.0,0.0,0.0,0.0,0.05,5.0,instance,4042,68619.63,0.707427,132.0,1010.405,36.0,0.0,120.0,918.55,269.817133,0.789648,922.382839,84.0,918.55,4,/Users/admin/Desktop/AMine/published_results/archive_v1_newformat_2026-05-13/results_doe_otto_l9,/Users/admin/Desktop/AMine/published_results/archive_v1_newformat_2026-05-13/results_doe_otto_l9/solutions/instance_n=20_74_c04/run_info.json
results_doe_otto_l9,instance_n=20_74,5,c05,instance_n=20_74_c05,Otto,20,1000.0,OK,4,2,0.5,2,4,,,,2228.85,19.0622,43.4201,2026-04-26T14:40:14.344092,mid,mid,high,low,fixed,fixed,1.2972,0.6475,1.0861,1.0772,0.0,0.0,0.0,0.0,0.05,5.0,instance,5042,55245.96,0.54124,132.0,1063.26,36.0,0.0,120.0,966.6,104.46759,0.232775,970.243042,84.0,966.6,4,/Users/admin/Desktop/AMine/published_results/archive_v1_newformat_2026-05-13/results_doe_otto_l9,/Users/admin/Desktop/AMine/published_results/archive_v1_newformat_2026-05-13/results_doe_otto_l9/solutions/instance_n=20_74_c05/run_info.json
results_doe_otto_l9,instance_n=20_74,6,c06,instance_n=20_74_c06,Otto,20,1000.0,OK,4,2,0.5,2,4,,,,1438.1,14.0269,34.2864,2026-04-26T15:04:12.450763,mid,high,low,mid,fixed,fixed,1.2683,0.933,0.9073,1.188,0.0,0.0,0.0,0.0,0.05,5.0,instance,6042,50041.17,0.514271,132.0,1013.595,36.0,0.0,120.0,921.45,56.670885,0.135276,925.270827,84.0,921.45,4,/Users/admin/Desktop/AMine/published_results/archive_v1_newformat_2026-05-13/results_doe_otto_l9,/Users/admin/Desktop/AMine/published_results/archive_v1_newformat_2026-05-13/results_doe_otto_l9/solutions/instance_n=20_74_c06/run_info.json
results_doe_otto_l9,instance_n=20_74,7,c07,instance_n=20_74_c07,Otto,20,1000.0,OK,4,4,1.0,2,6,,,,9.83,0.0,0.0,2026-04-26T15:04:22.280229,high,low,high,mid,fixed,fixed,2.0414,0.4438,1.0683,1.2229,0.0,0.0,0.0,0.0,0.05,5.0,instance,7042,100748.86,0.778305,132.0,1659.57,54.0,0.0,120.0,1508.7,414.205633,0.695733,1510.142937,66.0,1508.7,4,/Users/admin/Desktop/AMine/published_results/archive_v1_newformat_2026-05-13/results_doe_otto_l9,/Users/admin/Desktop/AMine/published_results/archive_v1_newformat_2026-05-13/results_doe_otto_l9/solutions/instance_n=20_74_c07/run_info.json
results_doe_otto_l9,instance_n=20_74,8,c08,instance_n=20_74_c08,Otto,20,1000.0,OK,5,5,1.0,2,7,,,,112.66,0.0,0.0,2026-04-26T15:06:14.940546,high,mid,low,high,fixed,fixed,2.3614,0.5973,0.9424,1.2626,0.0,0.0,0.0,0.0,0.05,5.0,instance,8042,90857.31,0.704198,132.0,1869.89,63.0,0.0,120.0,1699.9,370.113818,0.67114,1700.855376,57.0,1699.9,5,/Users/admin/Desktop/AMine/published_results/archive_v1_newformat_2026-05-13/results_doe_otto_l9,/Users/admin/Desktop/AMine/published_results/archive_v1_newformat_2026-05-13/results_doe_otto_l9/solutions/instance_n=20_74_c08/run_info.json
results_doe_otto_l9,instance_n=20_74,9,c09,instance_n=20_74_c09,Otto,20,1000.0,OK,4,2,0.5,3,7,,,,4893.61,8.4056,20.2523,2026-04-26T16:27:48.557363,high,high,mid,low,fixed,fixed,2.0961,0.8926,0.9936,1.0926,0.0,0.0,0.0,0.0,0.05,5.0,instance,9042,73283.92,0.602028,132.0,1764.18,63.0,0.0,120.0,1603.8,127.133934,0.190885,1604.812587,57.0,1603.8,4,/Users/admin/Desktop/AMine/published_results/archive_v1_newformat_2026-05-13/results_doe_otto_l9,/Users/admin/Desktop/AMine/published_results/archive_v1_newformat_2026-05-13/results_doe_otto_l9/solutions/instance_n=20_74_c09/run_info.json
results_doe_otto_l9,instance_n=20_77,1,c01,instance_n=20_77_c01,Otto,20,1000.0,OK,4,3,0.75,2,3,,,,1053.18,12.5604,50.2417,2026-04-24T20:05:36.708267,low,low,low,low,fixed,fixed,0.9394,0.3558,0.9076,1.0747,0.0,0.0,0.0,0.0,0.05,5.0,instance,1042,53699.75,0.629649,132.0,812.24,27.0,0.0,120.0,738.4,191.001071,0.679175,744.233539,93.0,738.4,4,/Users/admin/Desktop/AMine/published_results/archive_v1_newformat_2026-05-13/results_doe_otto_l9,/Users/admin/Desktop/AMine/published_results/archive_v1_newformat_2026-05-13/results_doe_otto_l9/solutions/instance_n=20_77_c01/run_info.json
results_doe_otto_l9,instance_n=20_77,2,c02,instance_n=20_77_c02,Otto,20,1000.0,OK,6,1,0.166667,2,3,,,,4131.21,54.87,84.8141,2026-04-24T21:14:27.915593,low,mid,mid,mid,fixed,fixed,0.9834,0.594,1.0293,1.1083,0.0,0.0,0.0,0.0,0.05,5.0,instance,2042,44980.4,0.500566,132.0,855.8,27.0,0.0,120.0,778.0,122.259345,0.612506,783.538767,93.0,778.0,6,/Users/admin/Desktop/AMine/published_results/archive_v1_newformat_2026-05-13/results_doe_otto_l9,/Users/admin/Desktop/AMine/published_results/archive_v1_newformat_2026-05-13/results_doe_otto_l9/solutions/instance_n=20_77_c02/run_info.json
results_doe_otto_l9,instance_n=20_77,3,c03,instance_n=20_77_c03,Otto,20,1000.0,OK,4,2,0.5,3,3,,,,2192.74,13.738,37.5093,2026-04-24T21:51:00.652859,low,high,high,high,fixed,fixed,0.8528,0.9373,1.0988,1.4043,0.0,0.0,0.0,0.0,0.05,5.0,instance,3042,37681.95,0.476835,132.0,752.62,27.0,0.0,120.0,684.2,16.434136,0.057945,690.491593,93.0,684.2,4,/Users/admin/Desktop/AMine/published_results/archive_v1_newformat_2026-05-13/results_doe_otto_l9,/Users/admin/Desktop/AMine/published_results/archive_v1_newformat_2026-05-13/results_doe_otto_l9/solutions/instance_n=20_77_c03/run_info.json
results_doe_otto_l9,instance_n=20_77,4,c04,instance_n=20_77_c04,Otto,20,1000.0,OK,4,4,1.0,2,4,,,,25.44,0.0,0.0,2026-04-24T21:51:26.090653,mid,low,mid,high,fixed,fixed,1.239,0.3718,0.9695,1.3848,0.0,0.0,0.0,0.0,0.05,5.0,instance,4042,72801.94,0.702478,132.0,1079.54,36.0,0.0,120.0,981.4,275.601941,0.754163,984.988304,84.0,981.4,4,/Users/admin/Desktop/AMine/published_results/archive_v1_newformat_2026-05-13/results_doe_otto_l9,/Users/admin/Desktop/AMine/published_results/archive_v1_newformat_2026-05-13/results_doe_otto_l9/solutions/instance_n=20_77_c04/run_info.json
results_doe_otto_l9,instance_n=20_77,5,c05,instance_n=20_77_c05,Otto,20,1000.0,OK,4,2,0.5,2,4,,,,1416.94,38.8974,87.2598,2026-04-24T22:15:03.037132,mid,mid,high,low,fixed,fixed,1.2972,0.6475,1.0861,1.0772,0.0,0.0,0.0,0.0,0.05,5.0,instance,5042,55001.76,0.52566,132.0,1089.935,36.0,0.0,120.0,990.85,84.545721,0.193719,994.404205,84.0,990.85,4,/Users/admin/Desktop/AMine/published_results/archive_v1_newformat_2026-05-13/results_doe_otto_l9,/Users/admin/Desktop/AMine/published_results/archive_v1_newformat_2026-05-13/results_doe_otto_l9/solutions/instance_n=20_77_c05/run_info.json
results_doe_otto_l9,instance_n=20_77,6,c06,instance_n=20_77_c06,Otto,20,1000.0,OK,4,2,0.5,2,4,,,,2150.96,27.6011,56.6826,2026-04-24T22:50:53.996950,mid,high,low,mid,fixed,fixed,1.2683,0.933,0.9073,1.188,0.0,0.0,0.0,0.0,0.05,5.0,instance,6042,51980.76,0.50637,132.0,1069.31,36.0,0.0,120.0,972.1,46.33619,0.10663,975.722507,84.0,972.1,4,/Users/admin/Desktop/AMine/published_results/archive_v1_newformat_2026-05-13/results_doe_otto_l9,/Users/admin/Desktop/AMine/published_results/archive_v1_newformat_2026-05-13/results_doe_otto_l9/solutions/instance_n=20_77_c06/run_info.json
results_doe_otto_l9,instance_n=20_77,7,c07,instance_n=20_77_c07,Otto,20,1000.0,OK,3,3,1.0,2,3,,,,43.12,0.0,0.0,2026-04-24T22:51:37.122245,high,low,high,mid,fixed,fixed,2.0414,0.4438,1.0683,1.2229,0.0,0.0,0.0,0.0,0.05,5.0,instance,7042,23778.09,0.587661,132.0,586.41,63.0,0.0,120.0,533.1,136.774279,0.457743,536.138611,57.0,533.1,3,/Users/admin/Desktop/AMine/published_results/archive_v1_newformat_2026-05-13/results_doe_otto_l9,/Users/admin/Desktop/AMine/published_results/archive_v1_newformat_2026-05-13/results_doe_otto_l9/solutions/instance_n=20_77_c07/run_info.json
results_doe_otto_l9,instance_n=20_77,8,c08,instance_n=20_77_c08,Otto,20,1000.0,OK,4,2,0.5,2,8,,,,1494.86,4.3525,11.3466,2026-04-24T23:16:31.979682,high,mid,low,high,fixed,fixed,2.3614,0.5973,0.9424,1.2626,0.0,0.0,0.0,0.0,0.05,5.0,instance,8042,86585.55,0.722155,132.0,1998.315,72.0,0.0,120.0,1816.65,281.601237,0.352829,1817.284024,48.0,1816.65,4,/Users/admin/Desktop/AMine/published_results/archive_v1_newformat_2026-05-13/results_doe_otto_l9,/Users/admin/Desktop/AMine/published_results/archive_v1_newformat_2026-05-13/results_doe_otto_l9/solutions/instance_n=20_77_c08/run_info.json
results_doe_otto_l9,instance_n=20_77,9,c09,instance_n=20_77_c09,Otto,20,1000.0,OK,4,1,0.25,3,7,,,,3622.25,54.3335,91.9365,2026-04-25T00:16:54.228267,high,high,mid,low,fixed,fixed,2.0961,0.8926,0.9936,1.0926,0.0,0.0,0.0,0.0,0.05,5.0,instance,9042,67904.4,0.536204,132.0,1835.35,63.0,0.0,120.0,1668.5,82.330148,0.15112,1669.473345,57.0,1668.5,4,/Users/admin/Desktop/AMine/published_results/archive_v1_newformat_2026-05-13/results_doe_otto_l9,/Users/admin/Desktop/AMine/published_results/archive_v1_newformat_2026-05-13/results_doe_otto_l9/solutions/instance_n=20_77_c09/run_info.json
results_doe_otto_l9,instance_n=20_82,1,c01,instance_n=20_82_c01,Otto,20,1000.0,OK,5,2,0.4,2,4,,,,2713.24,19.1543,45.9209,2026-04-28T21:00:46.109353,low,low,low,low,fixed,fixed,0.9394,0.3558,0.9076,1.0747,0.0,0.0,0.0,0.0,0.05,5.0,instance,1042,101922.4,0.73952,176.0,984.445,36.0,0.0,160.0,894.95,207.239962,0.713946,903.499586,124.0,894.95,5,/Users/admin/Desktop/AMine/published_results/archive_v1_newformat_2026-05-13/results_doe_otto_l9,/Users/admin/Desktop/AMine/published_results/archive_v1_newformat_2026-05-13/results_doe_otto_l9/solutions/instance_n=20_82_c01/run_info.json
results_doe_otto_l9,instance_n=20_82,2,c02,instance_n=20_82_c02,Otto,20,1000.0,OK,5,2,0.4,2,4,,,,3686.02,36.4656,86.5231,2026-04-28T22:02:12.129299,low,mid,mid,mid,fixed,fixed,0.9834,0.594,1.0293,1.1083,0.0,0.0,0.0,0.0,0.05,5.0,instance,2042,91131.05,0.628095,176.0,1036.365,36.0,0.0,160.0,942.15,120.584761,0.458286,950.275025,124.0,942.15,5,/Users/admin/Desktop/AMine/published_results/archive_v1_newformat_2026-05-13/results_doe_otto_l9,/Users/admin/Desktop/AMine/published_results/archive_v1_newformat_2026-05-13/results_doe_otto_l9/solutions/instance_n=20_82_c02/run_info.json
results_doe_otto_l9,instance_n=20_82,3,c03,instance_n=20_82_c03,Otto,20,1000.0,OK,7,2,0.285714,3,4,,,,4601.86,32.9397,66.2549,2026-04-28T23:18:53.993110,low,high,high,high,fixed,fixed,0.8528,0.9373,1.0988,1.4043,0.0,0.0,0.0,0.0,0.05,5.0,instance,3042,71830.55,0.567332,176.0,904.365,36.0,0.0,160.0,822.15,124.229155,0.654532,831.448509,124.0,822.15,7,/Users/admin/Desktop/AMine/published_results/archive_v1_newformat_2026-05-13/results_doe_otto_l9,/Users/admin/Desktop/AMine/published_results/archive_v1_newformat_2026-05-13/results_doe_otto_l9/solutions/instance_n=20_82_c03/run_info.json
results_doe_otto_l9,instance_n=20_82,4,c04,instance_n=20_82_c04,Otto,20,1000.0,OK,5,5,1.0,2,5,,,,72.77,0.0,0.0,2026-04-28T23:20:06.768015,mid,low,mid,high,fixed,fixed,1.239,0.3718,0.9695,1.3848,0.0,0.0,0.0,0.0,0.05,5.0,instance,4042,125188.885,0.756532,176.0,1263.185,45.0,0.0,160.0,1148.35,270.653463,0.708022,1154.093897,115.0,1148.35,5,/Users/admin/Desktop/AMine/published_results/archive_v1_newformat_2026-05-13/results_doe_otto_l9,/Users/admin/Desktop/AMine/published_results/archive_v1_newformat_2026-05-13/results_doe_otto_l9/solutions/instance_n=20_82_c04/run_info.json
results_doe_otto_l9,instance_n=20_82,5,c05,instance_n=20_82_c05,Otto,20,1000.0,OK,6,1,0.166667,3,5,,,,4508.67,57.202,85.6124,2026-04-29T00:35:15.440535,mid,mid,high,low,fixed,fixed,1.2972,0.6475,1.0861,1.0772,0.0,0.0,0.0,0.0,0.05,5.0,instance,5042,103553.755,0.604877,176.0,1306.855,45.0,0.0,160.0,1188.05,139.659331,0.456712,1193.602866,115.0,1188.05,6,/Users/admin/Desktop/AMine/published_results/archive_v1_newformat_2026-05-13/results_doe_otto_l9,/Users/admin/Desktop/AMine/published_results/archive_v1_newformat_2026-05-13/results_doe_otto_l9/solutions/instance_n=20_82_c05/run_info.json
results_doe_otto_l9,instance_n=20_82,6,c06,instance_n=20_82_c06,Otto,20,1000.0,OK,6,2,0.333333,3,5,,,,4033.94,49.6037,84.7018,2026-04-29T01:42:29.384928,mid,high,low,mid,fixed,fixed,1.2683,0.933,0.9073,1.188,0.0,0.0,0.0,0.0,0.05,5.0,instance,6042,94345.775,0.568707,176.0,1266.375,45.0,0.0,160.0,1151.25,161.82381,0.476402,1156.9795,115.0,1151.25,6,/Users/admin/Desktop/AMine/published_results/archive_v1_newformat_2026-05-13/results_doe_otto_l9,/Users/admin/Desktop/AMine/published_results/archive_v1_newformat_2026-05-13/results_doe_otto_l9/solutions/instance_n=20_82_c06/run_info.json
results_doe_otto_l9,instance_n=20_82,7,c07,instance_n=20_82_c07,Otto,20,1000.0,OK,4,2,0.5,2,4,,,,1402.39,9.1886,20.7178,2026-04-29T02:05:51.777169,high,low,high,mid,fixed,fixed,2.0414,0.4438,1.0683,1.2229,0.0,0.0,0.0,0.0,0.05,5.0,instance,7042,64859.03,0.698687,176.0,892.595,72.0,0.0,160.0,811.45,202.105606,0.66821,816.207757,88.0,811.45,4,/Users/admin/Desktop/AMine/published_results/archive_v1_newformat_2026-05-13/results_doe_otto_l9,/Users/admin/Desktop/AMine/published_results/archive_v1_newformat_2026-05-13/results_doe_otto_l9/solutions/instance_n=20_82_c07/run_info.json
results_doe_otto_l9,instance_n=20_82,8,c08,instance_n=20_82_c08,Otto,20,1000.0,OK,4,3,0.75,2,8,,,,2072.95,7.9731,31.8925,2026-04-29T02:40:24.732919,high,mid,low,high,fixed,fixed,2.3614,0.5973,0.9424,1.2626,0.0,0.0,0.0,0.0,0.05,5.0,instance,8042,103266.2175,0.722734,132.0,2381.379,72.0,0.0,120.0,2164.89,339.509599,0.356945,2165.422063,48.0,2164.89,4,/Users/admin/Desktop/AMine/published_results/archive_v1_newformat_2026-05-13/results_doe_otto_l9,/Users/admin/Desktop/AMine/published_results/archive_v1_newformat_2026-05-13/results_doe_otto_l9/solutions/instance_n=20_82_c08/run_info.json
results_doe_otto_l9,instance_n=20_82,9,c09,instance_n=20_82_c09,Otto,20,1000.0,OK,5,1,0.2,3,8,,,,4839.57,54.3949,92.06,2026-04-29T04:01:04.305995,high,high,mid,low,fixed,fixed,2.0961,0.8926,0.9936,1.0926,0.0,0.0,0.0,0.0,0.05,5.0,instance,9042,141489.64,0.630665,176.0,2157.21,72.0,0.0,160.0,1961.1,186.250911,0.260672,1963.073409,88.0,1961.1,5,/Users/admin/Desktop/AMine/published_results/archive_v1_newformat_2026-05-13/results_doe_otto_l9,/Users/admin/Desktop/AMine/published_results/archive_v1_newformat_2026-05-13/results_doe_otto_l9/solutions/instance_n=20_82_c09/run_info.json
results_doe_otto_l9,instance_n=20_87,1,c01,instance_n=20_87_c01,Otto,20,1000.0,OK,4,3,0.75,2,3,,,,1275.11,9.3981,37.5925,2026-04-26T07:28:43.604892,low,low,low,low,fixed,fixed,0.9394,0.3558,0.9076,1.0747,0.0,0.0,0.0,0.0,0.05,5.0,instance,1042,51661.325,0.631,132.0,779.735,27.0,0.0,120.0,708.85,187.088203,0.689541,714.924697,93.0,708.85,4,/Users/admin/Desktop/AMine/published_results/archive_v1_newformat_2026-05-13/results_doe_otto_l9,/Users/admin/Desktop/AMine/published_results/archive_v1_newformat_2026-05-13/results_doe_otto_l9/solutions/instance_n=20_87_c01/run_info.json
results_doe_otto_l9,instance_n=20_87,2,c02,instance_n=20_87_c02,Otto,20,1000.0,OK,6,1,0.166667,2,3,,,,5273.35,56.6794,82.1887,2026-04-26T08:56:36.959267,low,mid,mid,mid,fixed,fixed,0.9834,0.594,1.0293,1.1083,0.0,0.0,0.0,0.0,0.05,5.0,instance,2042,44383.0,0.507151,132.0,833.47,27.0,0.0,120.0,757.7,117.00711,0.589987,763.386069,93.0,757.7,6,/Users/admin/Desktop/AMine/published_results/archive_v1_newformat_2026-05-13/results_doe_otto_l9,/Users/admin/Desktop/AMine/published_results/archive_v1_newformat_2026-05-13/results_doe_otto_l9/solutions/instance_n=20_87_c02/run_info.json
results_doe_otto_l9,instance_n=20_87,3,c03,instance_n=20_87_c03,Otto,20,1000.0,OK,4,1,0.25,3,3,,,,2547.96,32.4406,53.3019,2026-04-26T09:39:04.919654,low,high,high,high,fixed,fixed,0.8528,0.9373,1.0988,1.4043,0.0,0.0,0.0,0.0,0.05,5.0,instance,3042,36773.425,0.483757,132.0,723.965,27.0,0.0,120.0,658.15,25.505012,0.085089,664.688215,93.0,658.15,4,/Users/admin/Desktop/AMine/published_results/archive_v1_newformat_2026-05-13/results_doe_otto_l9,/Users/admin/Desktop/AMine/published_results/archive_v1_newformat_2026-05-13/results_doe_otto_l9/solutions/instance_n=20_87_c03/run_info.json
results_doe_otto_l9,instance_n=20_87,4,c04,instance_n=20_87_c04,Otto,20,1000.0,OK,4,4,1.0,2,4,,,,33.39,0.0,0.0,2026-04-26T09:39:38.307756,mid,low,mid,high,fixed,fixed,1.239,0.3718,0.9695,1.3848,0.0,0.0,0.0,0.0,0.05,5.0,instance,4042,70011.91,0.707871,132.0,1030.26,36.0,0.0,120.0,936.6,275.418622,0.790942,940.359272,84.0,936.6,4,/Users/admin/Desktop/AMine/published_results/archive_v1_newformat_2026-05-13/results_doe_otto_l9,/Users/admin/Desktop/AMine/published_results/archive_v1_newformat_2026-05-13/results_doe_otto_l9/solutions/instance_n=20_87_c04/run_info.json
results_doe_otto_l9,instance_n=20_87,5,c05,instance_n=20_87_c05,Otto,20,1000.0,OK,4,2,0.5,2,4,,,,1478.36,38.6426,84.4207,2026-04-26T10:04:16.674669,mid,mid,high,low,fixed,fixed,1.2972,0.6475,1.0861,1.0772,0.0,0.0,0.0,0.0,0.05,5.0,instance,5042,54288.87,0.531396,132.0,1064.195,36.0,0.0,120.0,967.45,93.679163,0.220366,971.089853,84.0,967.45,4,/Users/admin/Desktop/AMine/published_results/archive_v1_newformat_2026-05-13/results_doe_otto_l9,/Users/admin/Desktop/AMine/published_results/archive_v1_newformat_2026-05-13/results_doe_otto_l9/solutions/instance_n=20_87_c05/run_info.json
results_doe_otto_l9,instance_n=20_87,6,c06,instance_n=20_87_c06,Otto,20,1000.0,OK,4,2,0.5,2,4,,,,2219.21,34.5644,85.8613,2026-04-26T10:41:15.885838,mid,high,low,mid,fixed,fixed,1.2683,0.933,0.9073,1.188,0.0,0.0,0.0,0.0,0.05,5.0,instance,6042,51927.87,0.515209,132.0,1049.895,36.0,0.0,120.0,954.45,61.001148,0.142525,958.13924,84.0,954.45,4,/Users/admin/Desktop/AMine/published_results/archive_v1_newformat_2026-05-13/results_doe_otto_l9,/Users/admin/Desktop/AMine/published_results/archive_v1_newformat_2026-05-13/results_doe_otto_l9/solutions/instance_n=20_87_c06/run_info.json
results_doe_otto_l9,instance_n=20_87,7,c07,instance_n=20_87_c07,Otto,20,1000.0,OK,4,4,1.0,2,6,,,,29.17,0.0,0.0,2026-04-26T10:41:45.060800,high,low,high,mid,fixed,fixed,2.0414,0.4438,1.0683,1.2229,0.0,0.0,0.0,0.0,0.05,5.0,instance,7042,100740.55,0.776414,132.0,1663.475,54.0,0.0,120.0,1512.25,410.073905,0.684978,1513.689553,66.0,1512.25,4,/Users/admin/Desktop/AMine/published_results/archive_v1_newformat_2026-05-13/results_doe_otto_l9,/Users/admin/Desktop/AMine/published_results/archive_v1_newformat_2026-05-13/results_doe_otto_l9/solutions/instance_n=20_87_c07/run_info.json
results_doe_otto_l9,instance_n=20_87,8,c08,instance_n=20_87_c08,Otto,20,1000.0,OK,4,3,0.75,2,7,,,,1308.11,3.034,12.1359,2026-04-26T11:03:33.168639,high,mid,low,high,fixed,fixed,2.3614,0.5973,0.9424,1.2626,0.0,0.0,0.0,0.0,0.05,5.0,instance,8042,92360.835,0.701713,132.0,1907.565,63.0,0.0,120.0,1734.15,278.970926,0.351247,1735.086517,57.0,1734.15,4,/Users/admin/Desktop/AMine/published_results/archive_v1_newformat_2026-05-13/results_doe_otto_l9,/Users/admin/Desktop/AMine/published_results/archive_v1_newformat_2026-05-13/results_doe_otto_l9/solutions/instance_n=20_87_c08/run_info.json
results_doe_otto_l9,instance_n=20_87,9,c09,instance_n=20_87_c09,Otto,20,1000.0,OK,4,1,0.25,3,7,,,,3022.65,60.293,88.5529,2026-04-26T11:53:55.817409,high,high,mid,low,fixed,fixed,2.0961,0.8926,0.9936,1.0926,0.0,0.0,0.0,0.0,0.05,5.0,instance,9042,70531.75,0.566457,132.0,1804.55,63.0,0.0,120.0,1640.5,70.721677,0.09544,1641.489948,57.0,1640.5,4,/Users/admin/Desktop/AMine/published_results/archive_v1_newformat_2026-05-13/results_doe_otto_l9,/Users/admin/Desktop/AMine/published_results/archive_v1_newformat_2026-05-13/results_doe_otto_l9/solutions/instance_n=20_87_c09/run_info.json
results_doe_otto_l9,instance_n=20_88,1,c01,instance_n=20_88_c01,Otto,20,1000.0,OK,4,3,0.75,1,3,,,,588.74,11.4976,45.9903,2026-04-27T23:25:45.207022,low,low,low,low,fixed,fixed,0.9394,0.3558,0.9076,1.0747,0.0,0.0,0.0,0.0,0.05,5.0,instance,1042,55932.75,0.711738,132.0,748.44,27.0,0.0,120.0,680.4,220.345707,0.822424,686.726408,93.0,680.4,4,/Users/admin/Desktop/AMine/published_results/archive_v1_newformat_2026-05-13/results_doe_otto_l9,/Users/admin/Desktop/AMine/published_results/archive_v1_newformat_2026-05-13/results_doe_otto_l9/solutions/instance_n=20_88_c01/run_info.json
results_doe_otto_l9,instance_n=20_88,2,c02,instance_n=20_88_c02,Otto,20,1000.0,OK,4,2,0.5,2,3,,,,1828.51,21.5571,53.7301,2026-04-27T23:56:13.715015,low,mid,mid,mid,fixed,fixed,0.9834,0.594,1.0293,1.1083,0.0,0.0,0.0,0.0,0.05,5.0,instance,2042,49299.05,0.579698,132.0,809.93,27.0,0.0,120.0,736.3,111.992607,0.323851,742.150045,93.0,736.3,4,/Users/admin/Desktop/AMine/published_results/archive_v1_newformat_2026-05-13/results_doe_otto_l9,/Users/admin/Desktop/AMine/published_results/archive_v1_newformat_2026-05-13/results_doe_otto_l9/solutions/instance_n=20_88_c02/run_info.json
results_doe_otto_l9,instance_n=20_88,3,c03,instance_n=20_88_c03,Otto,20,1000.0,OK,4,2,0.5,3,3,,,,1827.93,31.6786,86.8048,2026-04-28T00:26:41.647283,low,high,high,high,fixed,fixed,0.8528,0.9373,1.0988,1.4043,0.0,0.0,0.0,0.0,0.05,5.0,instance,3042,36567.25,0.492226,132.0,707.52,27.0,0.0,120.0,643.2,40.154711,0.141978,649.888637,93.0,643.2,4,/Users/admin/Desktop/AMine/published_results/archive_v1_newformat_2026-05-13/results_doe_otto_l9,/Users/admin/Desktop/AMine/published_results/archive_v1_newformat_2026-05-13/results_doe_otto_l9/solutions/instance_n=20_88_c03/run_info.json
results_doe_otto_l9,instance_n=20_88,4,c04,instance_n=20_88_c04,Otto,20,1000.0,OK,4,4,1.0,2,4,,,,19.12,0.0,0.0,2026-04-28T00:27:00.766669,mid,low,mid,high,fixed,fixed,1.239,0.3718,0.9695,1.3848,0.0,0.0,0.0,0.0,0.05,5.0,instance,4042,68259.61,0.708304,132.0,1003.86,36.0,0.0,120.0,912.6,269.460734,0.793433,916.457724,84.0,912.6,4,/Users/admin/Desktop/AMine/published_results/archive_v1_newformat_2026-05-13/results_doe_otto_l9,/Users/admin/Desktop/AMine/published_results/archive_v1_newformat_2026-05-13/results_doe_otto_l9/solutions/instance_n=20_88_c04/run_info.json
results_doe_otto_l9,instance_n=20_88,5,c05,instance_n=20_88_c05,Otto,20,1000.0,OK,5,2,0.4,2,4,,,,3391.05,43.6504,82.5046,2026-04-28T01:23:31.817296,mid,mid,high,low,fixed,fixed,1.2972,0.6475,1.0861,1.0772,0.0,0.0,0.0,0.0,0.05,5.0,instance,5042,53313.79,0.535581,132.0,1036.915,36.0,0.0,120.0,942.65,187.557683,0.510504,946.38524,84.0,942.65,5,/Users/admin/Desktop/AMine/published_results/archive_v1_newformat_2026-05-13/results_doe_otto_l9,/Users/admin/Desktop/AMine/published_results/archive_v1_newformat_2026-05-13/results_doe_otto_l9/solutions/instance_n=20_88_c05/run_info.json
results_doe_otto_l9,instance_n=20_88,6,c06,instance_n=20_88_c06,Otto,20,1000.0,OK,4,2,0.5,3,4,,,,2327.2,31.9635,83.8748,2026-04-28T02:02:19.016803,mid,high,low,mid,fixed,fixed,1.2683,0.933,0.9073,1.188,0.0,0.0,0.0,0.0,0.05,5.0,instance,6042,50510.72,0.522498,132.0,1006.995,36.0,0.0,120.0,915.45,67.543819,0.171734,919.295764,84.0,915.45,4,/Users/admin/Desktop/AMine/published_results/archive_v1_newformat_2026-05-13/results_doe_otto_l9,/Users/admin/Desktop/AMine/published_results/archive_v1_newformat_2026-05-13/results_doe_otto_l9/solutions/instance_n=20_88_c06/run_info.json
results_doe_otto_l9,instance_n=20_88,7,c07,instance_n=20_88_c07,Otto,20,1000.0,OK,4,4,1.0,2,6,,,,13.42,0.0,0.0,2026-04-28T02:02:32.438917,high,low,high,mid,fixed,fixed,2.0414,0.4438,1.0683,1.2229,0.0,0.0,0.0,0.0,0.05,5.0,instance,7042,98588.87,0.781059,132.0,1618.265,54.0,0.0,120.0,1471.15,413.575215,0.722164,1472.62973,66.0,1471.15,4,/Users/admin/Desktop/AMine/published_results/archive_v1_newformat_2026-05-13/results_doe_otto_l9,/Users/admin/Desktop/AMine/published_results/archive_v1_newformat_2026-05-13/results_doe_otto_l9/solutions/instance_n=20_88_c07/run_info.json
results_doe_otto_l9,instance_n=20_88,8,c08,instance_n=20_88_c08,Otto,20,1000.0,OK,5,3,0.6,2,7,,,,2356.32,4.1163,10.3186,2026-04-28T02:41:48.756435,high,mid,low,high,fixed,fixed,2.3614,0.5973,0.9424,1.2626,0.0,0.0,0.0,0.0,0.05,5.0,instance,8042,90046.35,0.711047,132.0,1835.35,63.0,0.0,120.0,1668.5,364.401829,0.678615,1669.473345,57.0,1668.5,5,/Users/admin/Desktop/AMine/published_results/archive_v1_newformat_2026-05-13/results_doe_otto_l9,/Users/admin/Desktop/AMine/published_results/archive_v1_newformat_2026-05-13/results_doe_otto_l9/solutions/instance_n=20_88_c08/run_info.json
results_doe_otto_l9,instance_n=20_88,9,c09,instance_n=20_88_c09,Otto,20,1000.0,OK,4,2,0.5,3,6,,,,3366.77,27.7371,82.9655,2026-04-28T03:37:55.526453,high,high,mid,low,fixed,fixed,2.0961,0.8926,0.9936,1.0926,0.0,0.0,0.0,0.0,0.05,5.0,instance,9042,74630.47,0.570878,132.0,1676.015,54.0,0.0,120.0,1523.65,134.704965,0.194382,1525.078792,66.0,1523.65,4,/Users/admin/Desktop/AMine/published_results/archive_v1_newformat_2026-05-13/results_doe_otto_l9,/Users/admin/Desktop/AMine/published_results/archive_v1_newformat_2026-05-13/results_doe_otto_l9/solutions/instance_n=20_88_c09/run_info.json
results_doe_otto_l9,instance_n=20_91,1,c01,instance_n=20_91_c01,Otto,20,1000.0,OK,12,3,0.25,4,11,,,,12699.66,53.3054,98.0456,2026-04-28T07:09:35.186126,low,low,low,low,fixed,fixed,0.9394,0.3558,0.9076,1.0747,0.0,0.0,0.0,0.0,0.05,5.0,instance,1042,812231.13,0.799033,484.0,2579.995,90.0,0.0,440.0,2345.45,203.000526,0.772845,2371.420609,350.0,2345.45,12,/Users/admin/Desktop/AMine/published_results/archive_v1_newformat_2026-05-13/results_doe_otto_l9,/Users/admin/Desktop/AMine/published_results/archive_v1_newformat_2026-05-13/results_doe_otto_l9/solutions/instance_n=20_91_c01/run_info.json
results_doe_otto_l9,instance_n=20_91,2,c02,instance_n=20_91_c02,Otto,20,1000.0,OK,13,2,0.153846,7,11,,,,10454.7,64.8758,98.3139,2026-04-28T10:03:49.893530,low,mid,mid,mid,fixed,fixed,0.9834,0.594,1.0293,1.1083,0.0,0.0,0.0,0.0,0.05,5.0,instance,2042,705183.375,0.654649,484.0,2797.905,99.0,0.0,440.0,2543.55,131.818124,0.479129,2566.306218,341.0,2543.55,13,/Users/admin/Desktop/AMine/published_results/archive_v1_newformat_2026-05-13/results_doe_otto_l9,/Users/admin/Desktop/AMine/published_results/archive_v1_newformat_2026-05-13/results_doe_otto_l9/solutions/instance_n=20_91_c02/run_info.json
results_doe_otto_l9,instance_n=20_91,3,c03,instance_n=20_91_c03,Otto,20,1000.0,OK,11,4,0.363636,8,10,,,,5903.7,48.9329,89.0916,2026-04-28T11:42:13.595449,low,high,high,high,fixed,fixed,0.8528,0.9373,1.0988,1.4043,0.0,0.0,0.0,0.0,0.05,5.0,instance,3042,509535.522,0.59639,440.0,2321.649,72.0,0.0,400.0,2110.59,57.938118,0.160466,2135.924659,328.0,2110.59,11,/Users/admin/Desktop/AMine/published_results/archive_v1_newformat_2026-05-13/results_doe_otto_l9,/Users/admin/Desktop/AMine/published_results/archive_v1_newformat_2026-05-13/results_doe_otto_l9/solutions/instance_n=20_91_c03/run_info.json
results_doe_otto_l9,instance_n=20_91,4,c04,instance_n=20_91_c04,Otto,20,1000.0,OK,9,8,0.888889,3,10,,,,677.97,3.1569,28.412,2026-04-28T11:53:31.564589,mid,low,mid,high,fixed,fixed,1.239,0.3718,0.9695,1.3848,0.0,0.0,0.0,0.0,0.05,5.0,instance,4042,741646.91,0.826814,352.0,3423.64,90.0,0.0,320.0,3112.4,387.836239,0.871593,3120.886695,230.0,3112.4,9,/Users/admin/Desktop/AMine/published_results/archive_v1_newformat_2026-05-13/results_doe_otto_l9,/Users/admin/Desktop/AMine/published_results/archive_v1_newformat_2026-05-13/results_doe_otto_l9/solutions/instance_n=20_91_c04/run_info.json
results_doe_otto_l9,instance_n=20_91,5,c05,instance_n=20_91_c05,Otto,20,1000.0,OK,7,1,0.142857,7,10,,,,11724.97,73.5375,95.3687,2026-04-28T15:08:56.536345,mid,mid,high,low,fixed,fixed,1.2972,0.6475,1.0861,1.0772,0.0,0.0,0.0,0.0,0.05,5.0,instance,5042,252947.7425,0.586798,396.0,2177.0925,198.0,0.0,360.0,1979.175,48.483419,0.166298,1985.793967,162.0,1979.175,7,/Users/admin/Desktop/AMine/published_results/archive_v1_newformat_2026-05-13/results_doe_otto_l9,/Users/admin/Desktop/AMine/published_results/archive_v1_newformat_2026-05-13/results_doe_otto_l9/solutions/instance_n=20_91_c05/run_info.json
results_doe_otto_l9,instance_n=20_91,6,c06,instance_n=20_91_c06,Otto,20,1000.0,OK,10,1,0.1,9,12,,,,8006.01,75.777,94.9344,2026-04-28T17:22:22.546641,mid,high,low,mid,fixed,fixed,1.2683,0.933,0.9073,1.188,0.0,0.0,0.0,0.0,0.05,5.0,instance,6042,477273.341,0.602323,396.0,3083.223,139.0,0.0,360.0,2802.93,115.820015,0.234543,2811.628991,221.0,2802.93,10,/Users/admin/Desktop/AMine/published_results/archive_v1_newformat_2026-05-13/results_doe_otto_l9,/Users/admin/Desktop/AMine/published_results/archive_v1_newformat_2026-05-13/results_doe_otto_l9/solutions/instance_n=20_91_c06/run_info.json
results_doe_otto_l9,instance_n=20_91,7,c07,instance_n=20_91_c07,Otto,20,1000.0,OK,7,6,0.857143,3,7,,,,839.14,7.4179,51.9253,2026-04-28T17:36:21.686226,high,low,high,mid,fixed,fixed,2.0414,0.4438,1.0683,1.2229,0.0,0.0,0.0,0.0,0.05,5.0,instance,7042,459670.215,0.840566,264.0,3314.289,99.0,0.0,240.0,3012.99,668.744776,0.973743,3016.28741,141.0,3012.99,7,/Users/admin/Desktop/AMine/published_results/archive_v1_newformat_2026-05-13/results_doe_otto_l9,/Users/admin/Desktop/AMine/published_results/archive_v1_newformat_2026-05-13/results_doe_otto_l9/solutions/instance_n=20_91_c07/run_info.json
results_doe_otto_l9,instance_n=20_91,8,c08,instance_n=20_91_c08,Otto,20,1000.0,OK,4,2,0.5,3,5,,,,2975.86,16.9993,36.5578,2026-04-28T18:25:57.551892,high,mid,low,high,fixed,fixed,2.3614,0.5973,0.9424,1.2626,0.0,0.0,0.0,0.0,0.05,5.0,instance,8042,154702.16,0.677639,220.0,2038.355,108.0,0.0,200.0,1853.05,435.18556,0.614187,1855.332397,92.0,1853.05,4,/Users/admin/Desktop/AMine/published_results/archive_v1_newformat_2026-05-13/results_doe_otto_l9,/Users/admin/Desktop/AMine/published_results/archive_v1_newformat_2026-05-13/results_doe_otto_l9/solutions/instance_n=20_91_c08/run_info.json
results_doe_otto_l9,instance_n=20_91,9,c09,instance_n=20_91_c09,Otto,20,1000.0,OK,4,1,0.25,5,9,,,,6575.31,56.4369,88.4232,2026-04-28T20:15:32.862258,high,high,mid,low,fixed,fixed,2.0961,0.8926,0.9936,1.0926,0.0,0.0,0.0,0.0,0.05,5.0,instance,9042,159047.42125,0.705715,264.0,2651.4208,179.0,0.0,240.0,2410.3825,366.020839,0.352767,2411.154246,61.0,2410.3825,4,/Users/admin/Desktop/AMine/published_results/archive_v1_newformat_2026-05-13/results_doe_otto_l9,/Users/admin/Desktop/AMine/published_results/archive_v1_newformat_2026-05-13/results_doe_otto_l9/solutions/instance_n=20_91_c09/run_info.json
results_doe_otto_l9,instance_n=20_97,1,c01,instance_n=20_97_c01,Otto,20,1000.0,OK,16,1,0.0625,5,15,,,,21331.45,70.3539,100.0,2026-04-25T06:12:25.685485,low,low,low,low,fixed,fixed,0.9394,0.3558,0.9076,1.0747,0.0,0.0,0.0,0.0,0.05,5.0,instance,1042,1385253.19,0.85982,660.0,2967.03,117.0,0.0,600.0,2697.3,209.877469,0.886196,2740.203695,483.0,2697.3,16,/Users/admin/Desktop/AMine/published_results/archive_v1_newformat_2026-05-13/results_doe_otto_l9,/Users/admin/Desktop/AMine/published_results/archive_v1_newformat_2026-05-13/results_doe_otto_l9/solutions/instance_n=20_97_c01/run_info.json
results_doe_otto_l9,instance_n=20_97,2,c02,instance_n=20_97_c02,Otto,20,1000.0,OK,17,2,0.117647,8,15,,,,23300.06,79.8102,100.0,2026-04-25T12:40:45.752523,low,mid,mid,mid,fixed,fixed,0.9834,0.594,1.0293,1.1083,0.0,0.0,0.0,0.0,0.05,5.0,instance,2042,895949.665,0.720949,660.0,2541.385,171.0,0.0,600.0,2310.35,74.279211,0.539709,2349.842148,429.0,2310.35,17,/Users/admin/Desktop/AMine/published_results/archive_v1_newformat_2026-05-13/results_doe_otto_l9,/Users/admin/Desktop/AMine/published_results/archive_v1_newformat_2026-05-13/results_doe_otto_l9/solutions/instance_n=20_97_c02/run_info.json
results_doe_otto_l9,instance_n=20_97,3,c03,instance_n=20_97_c03,Otto,20,1000.0,OK,13,2,0.153846,9,11,,,,12263.51,66.4713,95.3491,2026-04-25T16:05:09.263063,low,high,high,high,fixed,fixed,0.8528,0.9373,1.0988,1.4043,0.0,0.0,0.0,0.0,0.05,5.0,instance,3042,617088.619,0.593534,484.0,2579.863,81.0,0.0,440.0,2345.33,92.523758,0.270849,2372.647005,359.0,2345.33,13,/Users/admin/Desktop/AMine/published_results/archive_v1_newformat_2026-05-13/results_doe_otto_l9,/Users/admin/Desktop/AMine/published_results/archive_v1_newformat_2026-05-13/results_doe_otto_l9/solutions/instance_n=20_97_c03/run_info.json
results_doe_otto_l9,instance_n=20_97,4,c04,instance_n=20_97_c04,Otto,20,1000.0,OK,9,4,0.444444,3,9,,,,7048.98,39.8267,95.6775,2026-04-25T18:02:38.248427,mid,low,mid,high,fixed,fixed,1.239,0.3718,0.9695,1.3848,0.0,0.0,0.0,0.0,0.05,5.0,instance,4042,641607.522,0.821666,396.0,2711.324,108.0,0.0,360.0,2464.84,376.725581,0.984831,2477.688484,252.0,2464.84,9,/Users/admin/Desktop/AMine/published_results/archive_v1_newformat_2026-05-13/results_doe_otto_l9,/Users/admin/Desktop/AMine/published_results/archive_v1_newformat_2026-05-13/results_doe_otto_l9/solutions/instance_n=20_97_c04/run_info.json
results_doe_otto_l9,instance_n=20_97,5,c05,instance_n=20_97_c05,Otto,20,1000.0,OK,10,2,0.2,8,14,,,,16525.75,74.9676,96.8412,2026-04-25T22:38:04.000226,mid,mid,high,low,fixed,fixed,1.2972,0.6475,1.0861,1.0772,0.0,0.0,0.0,0.0,0.05,5.0,instance,5042,499575.412,0.675714,484.0,2748.438,215.0,0.0,440.0,2498.58,148.21346,0.538084,2508.690299,225.0,2498.58,10,/Users/admin/Desktop/AMine/published_results/archive_v1_newformat_2026-05-13/results_doe_otto_l9,/Users/admin/Desktop/AMine/published_results/archive_v1_newformat_2026-05-13/results_doe_otto_l9/solutions/instance_n=20_97_c05/run_info.json
results_doe_otto_l9,instance_n=20_97,6,c06,instance_n=20_97_c06,Otto,20,1000.0,OK,11,1,0.090909,9,14,,,,18362.32,79.6516,97.4824,2026-04-26T03:44:06.322268,mid,high,low,mid,fixed,fixed,1.2683,0.933,0.9073,1.188,0.0,0.0,0.0,0.0,0.05,5.0,instance,6042,496259.766,0.654875,440.0,3067.988,193.0,0.0,400.0,2789.08,147.157349,0.43774,2796.751016,207.0,2789.08,11,/Users/admin/Desktop/AMine/published_results/archive_v1_newformat_2026-05-13/results_doe_otto_l9,/Users/admin/Desktop/AMine/published_results/archive_v1_newformat_2026-05-13/results_doe_otto_l9/solutions/instance_n=20_97_c06/run_info.json
results_doe_otto_l9,instance_n=20_97,7,c07,instance_n=20_97_c07,Otto,20,1000.0,OK,5,4,0.8,3,6,,,,1176.38,13.4397,67.1986,2026-04-26T04:03:42.704627,high,low,high,mid,fixed,fixed,2.0414,0.4438,1.0683,1.2229,0.0,0.0,0.0,0.0,0.05,5.0,instance,7042,185031.2715,0.693627,264.0,1709.994,108.0,0.0,240.0,1554.54,370.356915,0.755535,1560.134165,132.0,1554.54,5,/Users/admin/Desktop/AMine/published_results/archive_v1_newformat_2026-05-13/results_doe_otto_l9,/Users/admin/Desktop/AMine/published_results/archive_v1_newformat_2026-05-13/results_doe_otto_l9/solutions/instance_n=20_97_c07/run_info.json
results_doe_otto_l9,instance_n=20_97,8,c08,instance_n=20_97_c08,Otto,20,1000.0,OK,4,2,0.5,3,5,,,,3138.25,24.3063,55.8233,2026-04-26T04:56:00.960049,high,mid,low,high,fixed,fixed,2.3614,0.5973,0.9424,1.2626,0.0,0.0,0.0,0.0,0.05,5.0,instance,8042,185766.85,0.690504,220.0,2611.95,117.0,0.0,200.0,2374.5,500.766108,0.515855,2375.950178,83.0,2374.5,4,/Users/admin/Desktop/AMine/published_results/archive_v1_newformat_2026-05-13/results_doe_otto_l9,/Users/admin/Desktop/AMine/published_results/archive_v1_newformat_2026-05-13/results_doe_otto_l9/solutions/instance_n=20_97_c08/run_info.json
results_doe_otto_l9,instance_n=20_97,9,c09,instance_n=20_97_c09,Otto,20,1000.0,OK,7,2,0.285714,6,14,,,,7887.53,63.4139,95.2086,2026-04-26T07:07:28.494586,high,high,mid,low,fixed,fixed,2.0961,0.8926,0.9936,1.0926,0.0,0.0,0.0,0.0,0.05,5.0,instance,9042,565518.638,0.715087,308.0,5416.708,162.0,0.0,280.0,4924.28,706.52436,0.602461,4925.693608,118.0,4924.28,7,/Users/admin/Desktop/AMine/published_results/archive_v1_newformat_2026-05-13/results_doe_otto_l9,/Users/admin/Desktop/AMine/published_results/archive_v1_newformat_2026-05-13/results_doe_otto_l9/solutions/instance_n=20_97_c09/run_info.json
results_doe_otto_l9,instance_n=20_99,1,c01,instance_n=20_99_c01,Otto,20,1000.0,OK,13,3,0.230769,4,12,,,,17258.09,58.0395,99.8034,2026-04-27T04:20:30.665088,low,low,low,low,fixed,fixed,0.9394,0.3558,0.9076,1.0747,0.0,0.0,0.0,0.0,0.05,5.0,instance,1042,965488.245,0.811711,528.0,2772.605,99.0,0.0,480.0,2520.55,205.947761,0.817921,2549.18287,381.0,2520.55,13,/Users/admin/Desktop/AMine/published_results/archive_v1_newformat_2026-05-13/results_doe_otto_l9,/Users/admin/Desktop/AMine/published_results/archive_v1_newformat_2026-05-13/results_doe_otto_l9/solutions/instance_n=20_99_c01/run_info.json
results_doe_otto_l9,instance_n=20_99,2,c02,instance_n=20_99_c02,Otto,20,1000.0,OK,16,3,0.1875,8,12,,,,19361.12,67.42,96.2589,2026-04-27T09:43:11.789701,low,mid,mid,mid,fixed,fixed,0.9834,0.594,1.0293,1.1083,0.0,0.0,0.0,0.0,0.05,5.0,instance,2042,823523.795,0.64633,528.0,2970.055,99.0,0.0,480.0,2700.05,117.01798,0.489407,2726.798673,381.0,2700.05,16,/Users/admin/Desktop/AMine/published_results/archive_v1_newformat_2026-05-13/results_doe_otto_l9,/Users/admin/Desktop/AMine/published_results/archive_v1_newformat_2026-05-13/results_doe_otto_l9/solutions/instance_n=20_99_c02/run_info.json
results_doe_otto_l9,instance_n=20_99,3,c03,instance_n=20_99_c03,Otto,20,1000.0,OK,12,3,0.25,9,11,,,,8662.94,58.5123,98.8164,2026-04-27T12:07:34.737155,low,high,high,high,fixed,fixed,0.8528,0.9373,1.0988,1.4043,0.0,0.0,0.0,0.0,0.05,5.0,instance,3042,605393.6155,0.601719,484.0,2496.5435,81.0,0.0,440.0,2269.585,45.030279,0.165862,2297.802662,359.0,2269.585,12,/Users/admin/Desktop/AMine/published_results/archive_v1_newformat_2026-05-13/results_doe_otto_l9,/Users/admin/Desktop/AMine/published_results/archive_v1_newformat_2026-05-13/results_doe_otto_l9/solutions/instance_n=20_99_c03/run_info.json
results_doe_otto_l9,instance_n=20_99,4,c04,instance_n=20_99_c04,Otto,20,1000.0,OK,10,5,0.5,3,11,,,,6873.13,36.7051,99.7908,2026-04-27T14:02:07.867362,mid,low,mid,high,fixed,fixed,1.239,0.3718,0.9695,1.3848,0.0,0.0,0.0,0.0,0.05,5.0,instance,4042,937301.2595,0.849662,396.0,3714.2985,99.0,0.0,360.0,3376.635,409.247404,0.960192,3386.707091,261.0,3376.635,10,/Users/admin/Desktop/AMine/published_results/archive_v1_newformat_2026-05-13/results_doe_otto_l9,/Users/admin/Desktop/AMine/published_results/archive_v1_newformat_2026-05-13/results_doe_otto_l9/solutions/instance_n=20_99_c04/run_info.json
results_doe_otto_l9,instance_n=20_99,5,c05,instance_n=20_99_c05,Otto,20,1000.0,OK,11,2,0.181818,8,16,,,,8298.31,73.3032,99.2572,2026-04-27T16:20:26.180871,mid,mid,high,low,fixed,fixed,1.2972,0.6475,1.0861,1.0772,0.0,0.0,0.0,0.0,0.05,5.0,instance,5042,635316.4395,0.707888,484.0,3228.3515,206.0,0.0,440.0,2934.865,163.627768,0.453796,2944.17876,234.0,2934.865,11,/Users/admin/Desktop/AMine/published_results/archive_v1_newformat_2026-05-13/results_doe_otto_l9,/Users/admin/Desktop/AMine/published_results/archive_v1_newformat_2026-05-13/results_doe_otto_l9/solutions/instance_n=20_99_c05/run_info.json
results_doe_otto_l9,instance_n=20_99,6,c06,instance_n=20_99_c06,Otto,20,1000.0,OK,10,2,0.2,8,15,,,,10875.22,73.0888,100.0,2026-04-27T19:21:41.404139,mid,high,low,mid,fixed,fixed,1.2683,0.933,0.9073,1.188,0.0,0.0,0.0,0.0,0.05,5.0,instance,6042,520315.49975,0.679195,440.0,3152.5808,197.0,0.0,400.0,2865.9825,158.888382,0.353487,2873.162837,203.0,2865.9825,10,/Users/admin/Desktop/AMine/published_results/archive_v1_newformat_2026-05-13/results_doe_otto_l9,/Users/admin/Desktop/AMine/published_results/archive_v1_newformat_2026-05-13/results_doe_otto_l9/solutions/instance_n=20_99_c06/run_info.json
results_doe_otto_l9,instance_n=20_99,7,c07,instance_n=20_99_c07,Otto,20,1000.0,OK,5,3,0.6,3,6,,,,2140.77,24.5669,62.2253,2026-04-27T19:57:22.178066,high,low,high,mid,fixed,fixed,2.0414,0.4438,1.0683,1.2229,0.0,0.0,0.0,0.0,0.05,5.0,instance,7042,176331.394,0.68935,264.0,1639.704,108.0,0.0,240.0,1490.64,349.771073,0.734919,1496.473057,132.0,1490.64,5,/Users/admin/Desktop/AMine/published_results/archive_v1_newformat_2026-05-13/results_doe_otto_l9,/Users/admin/Desktop/AMine/published_results/archive_v1_newformat_2026-05-13/results_doe_otto_l9/solutions/instance_n=20_99_c07/run_info.json
results_doe_otto_l9,instance_n=20_99,8,c08,instance_n=20_99_c08,Otto,20,1000.0,OK,4,1,0.25,4,5,,,,5179.1,36.7891,58.8462,2026-04-27T21:23:41.282150,high,mid,low,high,fixed,fixed,2.3614,0.5973,0.9424,1.2626,0.0,0.0,0.0,0.0,0.05,5.0,instance,8042,171395.63375,0.662572,220.0,2511.4788,117.0,0.0,200.0,2283.1625,450.137369,0.453668,2284.670655,83.0,2283.1625,4,/Users/admin/Desktop/AMine/published_results/archive_v1_newformat_2026-05-13/results_doe_otto_l9,/Users/admin/Desktop/AMine/published_results/archive_v1_newformat_2026-05-13/results_doe_otto_l9/solutions/instance_n=20_99_c08/run_info.json
results_doe_otto_l9,instance_n=20_99,9,c09,instance_n=20_99_c09,Otto,20,1000.0,OK,5,1,0.2,5,10,,,,6735.18,69.9981,92.9122,2026-04-27T23:15:56.466440,high,high,mid,low,fixed,fixed,2.0961,0.8926,0.9936,1.0926,0.0,0.0,0.0,0.0,0.05,5.0,instance,9042,81049.9385,0.666323,264.0,2097.1995,206.0,0.0,240.0,1906.545,312.456749,0.825251,1906.848142,34.0,1906.545,5,/Users/admin/Desktop/AMine/published_results/archive_v1_newformat_2026-05-13/results_doe_otto_l9,/Users/admin/Desktop/AMine/published_results/archive_v1_newformat_2026-05-13/results_doe_otto_l9/solutions/instance_n=20_99_c09/run_info.json
results_doe_scholl_l36,Scholl_JAESCHKE,1,c01,Scholl_JAESCHKE_c01,Scholl,9,30.0,OK,4,4,1.0,1,2,,,,0.54,0.0,0.0,2026-04-22T18:33:55.866933,low,low,low,low,fixed,fixed,0.9394,0.3558,0.9076,1.0747,0.0,0.0,0.0,0.0,0.05,5.0,instance,1042,643.55,0.51751,88.0,17.765,18.0,0.0,80.0,16.15,14.302535,0.459003,64.068889,62.0,16.15,4,/Users/admin/Desktop/AMine/published_results/archive_v1_newformat_2026-05-13/results_doe_scholl_l36,/Users/admin/Desktop/AMine/published_results/archive_v1_newformat_2026-05-13/results_doe_scholl_l36/solutions/Scholl_JAESCHKE_c01/run_info.json
results_doe_scholl_l36,Scholl_JAESCHKE,2,c02,Scholl_JAESCHKE_c02,Scholl,9,30.0,OK,4,4,1.0,1,2,,,,0.51,0.0,0.0,2026-04-22T18:33:56.378236,low,low,mid,mid,fixed,fixed,0.9834,0.344,1.0293,1.1083,0.0,0.0,0.0,0.0,0.05,5.0,instance,2042,642.0,0.516264,88.0,17.765,18.0,0.0,80.0,16.15,14.346682,0.460126,64.068889,62.0,16.15,4,/Users/admin/Desktop/AMine/published_results/archive_v1_newformat_2026-05-13/results_doe_scholl_l36,/Users/admin/Desktop/AMine/published_results/archive_v1_newformat_2026-05-13/results_doe_scholl_l36/solutions/Scholl_JAESCHKE_c02/run_info.json
results_doe_scholl_l36,Scholl_JAESCHKE,3,c03,Scholl_JAESCHKE_c03,Scholl,9,30.0,OK,4,4,1.0,1,2,,,,0.53,0.0,0.0,2026-04-22T18:33:56.910129,low,low,high,high,fixed,fixed,0.8528,0.4373,1.0988,1.4043,0.0,0.0,0.0,0.0,0.05,5.0,instance,3042,644.15,0.517993,88.0,17.765,18.0,0.0,80.0,16.15,14.429852,0.462415,64.068889,62.0,16.15,4,/Users/admin/Desktop/AMine/published_results/archive_v1_newformat_2026-05-13/results_doe_scholl_l36,/Users/admin/Desktop/AMine/published_results/archive_v1_newformat_2026-05-13/results_doe_scholl_l36/solutions/Scholl_JAESCHKE_c03/run_info.json
results_doe_scholl_l36,Scholl_JAESCHKE,4,c04,Scholl_JAESCHKE_c04,Scholl,9,30.0,OK,4,4,1.0,1,2,,,,0.58,0.0,0.0,2026-04-22T18:33:57.493880,low,mid,low,low,fixed,fixed,0.8744,0.6218,0.8695,1.0674,0.0,0.0,0.0,0.0,0.05,5.0,instance,4042,694.0,0.525539,88.0,18.865,18.0,0.0,80.0,17.15,15.054422,0.472183,64.32824,62.0,17.15,4,/Users/admin/Desktop/AMine/published_results/archive_v1_newformat_2026-05-13/results_doe_scholl_l36,/Users/admin/Desktop/AMine/published_results/archive_v1_newformat_2026-05-13/results_doe_scholl_l36/solutions/Scholl_JAESCHKE_c04/run_info.json
results_doe_scholl_l36,Scholl_JAESCHKE,5,c05,Scholl_JAESCHKE_c05,Scholl,9,30.0,OK,4,4,1.0,1,2,,,,0.47,0.0,0.0,2026-04-22T18:33:57.968825,low,mid,mid,mid,fixed,fixed,0.9108,0.6475,1.0222,1.2157,0.0,0.0,0.0,0.0,0.05,5.0,instance,5042,644.0,0.517872,88.0,17.765,18.0,0.0,80.0,16.15,14.771954,0.471385,64.068889,62.0,16.15,4,/Users/admin/Desktop/AMine/published_results/archive_v1_newformat_2026-05-13/results_doe_scholl_l36,/Users/admin/Desktop/AMine/published_results/archive_v1_newformat_2026-05-13/results_doe_scholl_l36/solutions/Scholl_JAESCHKE_c05/run_info.json
results_doe_scholl_l36,Scholl_JAESCHKE,6,c06,Scholl_JAESCHKE_c06,Scholl,9,30.0,OK,4,4,1.0,1,2,,,,0.46,0.0,0.0,2026-04-22T18:33:58.428422,low,mid,high,high,fixed,fixed,0.8927,0.683,1.0787,1.3674,0.0,0.0,0.0,0.0,0.05,5.0,instance,6042,647.5,0.520687,88.0,17.765,18.0,0.0,80.0,16.15,14.76981,0.471422,64.068889,62.0,16.15,4,/Users/admin/Desktop/AMine/published_results/archive_v1_newformat_2026-05-13/results_doe_scholl_l36,/Users/admin/Desktop/AMine/published_results/archive_v1_newformat_2026-05-13/results_doe_scholl_l36/solutions/Scholl_JAESCHKE_c06/run_info.json
results_doe_scholl_l36,Scholl_JAESCHKE,7,c07,Scholl_JAESCHKE_c07,Scholl,9,30.0,OK,3,3,1.0,2,2,,,,0.39,0.0,0.0,2026-04-22T18:33:58.822852,low,high,low,mid,fixed,fixed,0.9362,0.9438,0.8866,1.2229,0.0,0.0,0.0,0.0,0.05,5.0,instance,7042,617.35,0.496442,88.0,17.765,18.0,0.0,80.0,16.15,4.64767,0.03121,64.068889,62.0,16.15,3,/Users/admin/Desktop/AMine/published_results/archive_v1_newformat_2026-05-13/results_doe_scholl_l36,/Users/admin/Desktop/AMine/published_results/archive_v1_newformat_2026-05-13/results_doe_scholl_l36/solutions/Scholl_JAESCHKE_c07/run_info.json
results_doe_scholl_l36,Scholl_JAESCHKE,8,c08,Scholl_JAESCHKE_c08,Scholl,9,30.0,OK,3,3,1.0,2,2,,,,0.5,0.0,0.0,2026-04-22T18:33:59.323877,low,high,mid,high,fixed,fixed,1.0505,0.8473,1.0424,1.2626,0.0,0.0,0.0,0.0,0.05,5.0,instance,8042,644.2,0.500972,88.0,18.37,18.0,0.0,80.0,16.7,5.022947,0.034646,64.209734,62.0,16.7,3,/Users/admin/Desktop/AMine/published_results/archive_v1_newformat_2026-05-13/results_doe_scholl_l36,/Users/admin/Desktop/AMine/published_results/archive_v1_newformat_2026-05-13/results_doe_scholl_l36/solutions/Scholl_JAESCHKE_c08/run_info.json
results_doe_scholl_l36,Scholl_JAESCHKE,9,c09,Scholl_JAESCHKE_c09,Scholl,9,30.0,OK,3,3,1.0,2,2,,,,0.39,0.0,0.0,2026-04-22T18:33:59.718642,low,high,high,low,fixed,fixed,0.9557,0.8926,1.0718,1.0926,0.0,0.0,0.0,0.0,0.05,5.0,instance,9042,615.8,0.495195,88.0,17.765,18.0,0.0,80.0,16.15,4.589935,0.030833,64.068889,62.0,16.15,3,/Users/admin/Desktop/AMine/published_results/archive_v1_newformat_2026-05-13/results_doe_scholl_l36,/Users/admin/Desktop/AMine/published_results/archive_v1_newformat_2026-05-13/results_doe_scholl_l36/solutions/Scholl_JAESCHKE_c09/run_info.json
results_doe_scholl_l36,Scholl_JAESCHKE,10,c10,Scholl_JAESCHKE_c10,Scholl,9,30.0,OK,4,4,1.0,1,2,,,,0.47,0.0,0.0,2026-04-22T18:34:00.193157,mid,low,low,high,fixed,fixed,1.4658,0.372,0.94,1.3116,0.0,0.0,0.0,0.0,0.05,5.0,instance,10042,863.15,0.531267,88.0,23.21,18.0,0.0,80.0,21.1,16.530597,0.483224,65.492061,62.0,21.1,4,/Users/admin/Desktop/AMine/published_results/archive_v1_newformat_2026-05-13/results_doe_scholl_l36,/Users/admin/Desktop/AMine/published_results/archive_v1_newformat_2026-05-13/results_doe_scholl_l36/solutions/Scholl_JAESCHKE_c10/run_info.json
results_doe_scholl_l36,Scholl_JAESCHKE,11,c11,Scholl_JAESCHKE_c11,Scholl,9,30.0,OK,4,4,1.0,1,2,,,,0.48,0.0,0.0,2026-04-22T18:34:00.674819,mid,low,mid,low,fixed,fixed,1.2026,0.3344,1.0209,1.0523,0.0,0.0,0.0,0.0,0.05,5.0,instance,11042,784.7,0.522611,88.0,21.45,18.0,0.0,80.0,19.5,15.997812,0.480532,64.994231,62.0,19.5,4,/Users/admin/Desktop/AMine/published_results/archive_v1_newformat_2026-05-13/results_doe_scholl_l36,/Users/admin/Desktop/AMine/published_results/archive_v1_newformat_2026-05-13/results_doe_scholl_l36/solutions/Scholl_JAESCHKE_c11/run_info.json
results_doe_scholl_l36,Scholl_JAESCHKE,12,c12,Scholl_JAESCHKE_c12,Scholl,9,30.0,OK,4,4,1.0,1,3,,,,0.49,0.0,0.0,2026-04-22T18:34:01.166748,mid,low,high,mid,fixed,fixed,1.5761,0.4488,1.0659,1.182,0.0,0.0,0.0,0.0,0.05,5.0,instance,12042,910.14,0.605533,88.0,24.64,27.0,0.0,80.0,22.4,14.503067,0.463429,57.539204,53.0,22.4,4,/Users/admin/Desktop/AMine/published_results/archive_v1_newformat_2026-05-13/results_doe_scholl_l36,/Users/admin/Desktop/AMine/published_results/archive_v1_newformat_2026-05-13/results_doe_scholl_l36/solutions/Scholl_JAESCHKE_c12/run_info.json
results_doe_scholl_l36,Scholl_JAESCHKE,13,c13,Scholl_JAESCHKE_c13,Scholl,9,30.0,OK,4,4,1.0,1,2,,,,0.47,0.0,0.0,2026-04-22T18:34:01.643416,mid,mid,low,mid,fixed,fixed,1.4311,0.6597,0.8632,1.243,0.0,0.0,0.0,0.0,0.05,5.0,instance,13042,765.15,0.520262,88.0,21.01,18.0,0.0,80.0,19.1,16.359063,0.491868,64.875342,62.0,19.1,4,/Users/admin/Desktop/AMine/published_results/archive_v1_newformat_2026-05-13/results_doe_scholl_l36,/Users/admin/Desktop/AMine/published_results/archive_v1_newformat_2026-05-13/results_doe_scholl_l36/solutions/Scholl_JAESCHKE_c13/run_info.json
results_doe_scholl_l36,Scholl_JAESCHKE,14,c14,Scholl_JAESCHKE_c14,Scholl,9,30.0,OK,4,4,1.0,1,2,,,,0.45,0.0,0.0,2026-04-22T18:34:02.099570,mid,mid,mid,high,fixed,fixed,1.2405,0.6548,0.9522,1.2525,0.0,0.0,0.0,0.0,0.05,5.0,instance,14042,736.7,0.517164,88.0,20.35,18.0,0.0,80.0,18.5,16.138231,0.490306,64.701236,62.0,18.5,4,/Users/admin/Desktop/AMine/published_results/archive_v1_newformat_2026-05-13/results_doe_scholl_l36,/Users/admin/Desktop/AMine/published_results/archive_v1_newformat_2026-05-13/results_doe_scholl_l36/solutions/Scholl_JAESCHKE_c14/run_info.json
results_doe_scholl_l36,Scholl_JAESCHKE,15,c15,Scholl_JAESCHKE_c15,Scholl,9,30.0,OK,4,4,1.0,1,3,,,,0.46,0.0,0.0,2026-04-22T18:34:02.563779,mid,mid,high,low,fixed,fixed,1.5531,0.6119,1.0949,1.0084,0.0,0.0,0.0,0.0,0.05,5.0,instance,15042,911.54,0.606464,88.0,24.64,27.0,0.0,80.0,22.4,14.784451,0.471923,57.539204,53.0,22.4,4,/Users/admin/Desktop/AMine/published_results/archive_v1_newformat_2026-05-13/results_doe_scholl_l36,/Users/admin/Desktop/AMine/published_results/archive_v1_newformat_2026-05-13/results_doe_scholl_l36/solutions/Scholl_JAESCHKE_c15/run_info.json
results_doe_scholl_l36,Scholl_JAESCHKE,16,c16,Scholl_JAESCHKE_c16,Scholl,9,30.0,OK,3,3,1.0,2,3,,,,0.38,0.0,0.0,2026-04-22T18:34:02.949905,mid,high,low,high,fixed,fixed,1.5188,0.8639,0.915,1.3413,0.0,0.0,0.0,0.0,0.05,5.0,instance,16042,813.24,0.566347,88.0,23.54,27.0,0.0,80.0,21.4,1.501111,0.065974,57.157327,53.0,21.4,3,/Users/admin/Desktop/AMine/published_results/archive_v1_newformat_2026-05-13/results_doe_scholl_l36,/Users/admin/Desktop/AMine/published_results/archive_v1_newformat_2026-05-13/results_doe_scholl_l36/solutions/Scholl_JAESCHKE_c16/run_info.json
results_doe_scholl_l36,Scholl_JAESCHKE,17,c17,Scholl_JAESCHKE_c17,Scholl,9,30.0,OK,3,3,1.0,2,3,,,,0.45,0.0,0.0,2026-04-22T18:34:03.402304,mid,high,mid,low,fixed,fixed,1.5513,0.9001,1.0333,1.0345,0.0,0.0,0.0,0.0,0.05,5.0,instance,17042,903.44,0.575388,88.0,25.74,27.0,0.0,80.0,23.4,2.655811,0.04391,57.935827,53.0,23.4,3,/Users/admin/Desktop/AMine/published_results/archive_v1_newformat_2026-05-13/results_doe_scholl_l36,/Users/admin/Desktop/AMine/published_results/archive_v1_newformat_2026-05-13/results_doe_scholl_l36/solutions/Scholl_JAESCHKE_c17/run_info.json
results_doe_scholl_l36,Scholl_JAESCHKE,18,c18,Scholl_JAESCHKE_c18,Scholl,9,30.0,OK,3,3,1.0,2,3,,,,0.41,0.0,0.0,2026-04-22T18:34:03.810501,mid,high,high,mid,fixed,fixed,1.5797,0.9217,1.0944,1.1767,0.0,0.0,0.0,0.0,0.05,5.0,instance,18042,858.34,0.571069,88.0,24.64,27.0,0.0,80.0,22.4,2.078461,0.05502,57.539204,53.0,22.4,3,/Users/admin/Desktop/AMine/published_results/archive_v1_newformat_2026-05-13/results_doe_scholl_l36,/Users/admin/Desktop/AMine/published_results/archive_v1_newformat_2026-05-13/results_doe_scholl_l36/solutions/Scholl_JAESCHKE_c18/run_info.json
results_doe_scholl_l36,Scholl_JAESCHKE,19,c19,Scholl_JAESCHKE_c19,Scholl,9,30.0,OK,4,4,1.0,1,4,,,,0.54,0.0,0.0,2026-04-22T18:34:04.356397,high,low,low,mid,fixed,fixed,2.3063,0.4474,0.9085,1.143,0.0,0.0,0.0,0.0,0.05,5.0,instance,19042,1229.25,0.704603,88.0,33.55,36.0,0.0,80.0,30.5,15.829666,0.500646,53.53737,44.0,30.5,4,/Users/admin/Desktop/AMine/published_results/archive_v1_newformat_2026-05-13/results_doe_scholl_l36,/Users/admin/Desktop/AMine/published_results/archive_v1_newformat_2026-05-13/results_doe_scholl_l36/solutions/Scholl_JAESCHKE_c19/run_info.json
results_doe_scholl_l36,Scholl_JAESCHKE,20,c20,Scholl_JAESCHKE_c20,Scholl,9,30.0,OK,4,4,1.0,1,4,,,,0.49,0.0,0.0,2026-04-22T18:34:04.845178,high,low,mid,high,fixed,fixed,2.3359,0.337,1.0061,1.4143,0.0,0.0,0.0,0.0,0.05,5.0,instance,20042,1222.28,0.702912,88.0,33.44,36.0,0.0,80.0,30.4,15.740712,0.498199,53.480464,44.0,30.4,4,/Users/admin/Desktop/AMine/published_results/archive_v1_newformat_2026-05-13/results_doe_scholl_l36,/Users/admin/Desktop/AMine/published_results/archive_v1_newformat_2026-05-13/results_doe_scholl_l36/solutions/Scholl_JAESCHKE_c20/run_info.json
results_doe_scholl_l36,Scholl_JAESCHKE,21,c21,Scholl_JAESCHKE_c21,Scholl,9,30.0,OK,4,4,1.0,1,3,,,,0.44,0.0,0.0,2026-04-22T18:34:05.286804,high,low,high,low,fixed,fixed,2.2489,0.3436,1.0891,1.048,0.0,0.0,0.0,0.0,0.05,5.0,instance,21042,1119.515,0.614522,88.0,29.865,27.0,0.0,80.0,27.15,16.258613,0.486116,59.549328,53.0,27.15,4,/Users/admin/Desktop/AMine/published_results/archive_v1_newformat_2026-05-13/results_doe_scholl_l36,/Users/admin/Desktop/AMine/published_results/archive_v1_newformat_2026-05-13/results_doe_scholl_l36/solutions/Scholl_JAESCHKE_c21/run_info.json
results_doe_scholl_l36,Scholl_JAESCHKE,22,c22,Scholl_JAESCHKE_c22,Scholl,9,30.0,OK,4,4,1.0,1,3,,,,0.46,0.0,0.0,2026-04-22T18:34:05.747590,high,mid,low,high,fixed,fixed,1.8325,0.6147,0.9043,1.387,0.0,0.0,0.0,0.0,0.05,5.0,instance,22042,961.035,0.600521,88.0,26.235,27.0,0.0,80.0,23.85,15.768025,0.489758,58.119037,53.0,23.85,4,/Users/admin/Desktop/AMine/published_results/archive_v1_newformat_2026-05-13/results_doe_scholl_l36,/Users/admin/Desktop/AMine/published_results/archive_v1_newformat_2026-05-13/results_doe_scholl_l36/solutions/Scholl_JAESCHKE_c22/run_info.json
results_doe_scholl_l36,Scholl_JAESCHKE,23,c23,Scholl_JAESCHKE_c23,Scholl,9,30.0,OK,4,4,1.0,1,4,,,,0.43,0.0,0.0,2026-04-22T18:34:06.178121,high,mid,mid,low,fixed,fixed,2.4884,0.5686,1.0255,1.0486,0.0,0.0,0.0,0.0,0.05,5.0,instance,23042,1264.65,0.707497,88.0,34.375,36.0,0.0,80.0,31.25,16.189529,0.507425,53.968162,44.0,31.25,4,/Users/admin/Desktop/AMine/published_results/archive_v1_newformat_2026-05-13/results_doe_scholl_l36,/Users/admin/Desktop/AMine/published_results/archive_v1_newformat_2026-05-13/results_doe_scholl_l36/solutions/Scholl_JAESCHKE_c23/run_info.json
results_doe_scholl_l36,Scholl_JAESCHKE,24,c24,Scholl_JAESCHKE_c24,Scholl,9,30.0,OK,4,4,1.0,1,4,,,,0.45,0.0,0.0,2026-04-22T18:34:06.626231,high,mid,high,mid,fixed,fixed,2.3128,0.5714,1.0978,1.1466,0.0,0.0,0.0,0.0,0.05,5.0,instance,24042,1209.75,0.716931,88.0,32.45,36.0,0.0,80.0,29.5,14.944369,0.484405,52.97405,44.0,29.5,4,/Users/admin/Desktop/AMine/published_results/archive_v1_newformat_2026-05-13/results_doe_scholl_l36,/Users/admin/Desktop/AMine/published_results/archive_v1_newformat_2026-05-13/results_doe_scholl_l36/solutions/Scholl_JAESCHKE_c24/run_info.json
results_doe_scholl_l36,Scholl_JAESCHKE,25,c25,Scholl_JAESCHKE_c25,Scholl,9,30.0,OK,3,3,1.0,2,4,,,,0.37,0.0,0.0,2026-04-22T18:34:07.000819,high,high,low,low,fixed,fixed,2.364,0.9198,0.8606,1.064,0.0,0.0,0.0,0.0,0.05,5.0,instance,25042,1125.88,0.669497,88.0,32.34,36.0,0.0,80.0,29.4,0.11547,0.074764,52.918428,44.0,29.4,3,/Users/admin/Desktop/AMine/published_results/archive_v1_newformat_2026-05-13/results_doe_scholl_l36,/Users/admin/Desktop/AMine/published_results/archive_v1_newformat_2026-05-13/results_doe_scholl_l36/solutions/Scholl_JAESCHKE_c25/run_info.json
results_doe_scholl_l36,Scholl_JAESCHKE,26,c26,Scholl_JAESCHKE_c26,Scholl,9,30.0,OK,3,3,1.0,2,3,,,,0.38,0.0,0.0,2026-04-22T18:34:07.380696,high,high,mid,mid,fixed,fixed,1.8737,0.9273,0.9795,1.1083,0.0,0.0,0.0,0.0,0.05,5.0,instance,26042,899.78,0.563426,88.0,26.18,27.0,0.0,80.0,23.8,2.078461,0.049111,58.098537,53.0,23.8,3,/Users/admin/Desktop/AMine/published_results/archive_v1_newformat_2026-05-13/results_doe_scholl_l36,/Users/admin/Desktop/AMine/published_results/archive_v1_newformat_2026-05-13/results_doe_scholl_l36/solutions/Scholl_JAESCHKE_c26/run_info.json
results_doe_scholl_l36,Scholl_JAESCHKE,27,c27,Scholl_JAESCHKE_c27,Scholl,9,30.0,OK,3,3,1.0,2,3,,,,0.4,0.0,0.0,2026-04-22T18:34:07.783500,high,high,high,high,fixed,fixed,2.0907,0.9336,1.057,1.2767,0.0,0.0,0.0,0.0,0.05,5.0,instance,27042,969.685,0.570073,88.0,27.885,27.0,0.0,80.0,25.35,2.973354,0.031723,58.750511,53.0,25.35,3,/Users/admin/Desktop/AMine/published_results/archive_v1_newformat_2026-05-13/results_doe_scholl_l36,/Users/admin/Desktop/AMine/published_results/archive_v1_newformat_2026-05-13/results_doe_scholl_l36/solutions/Scholl_JAESCHKE_c27/run_info.json
results_doe_scholl_l36,Scholl_JAESCHKE,28,c28,Scholl_JAESCHKE_c28,Scholl,9,30.0,OK,4,4,1.0,1,2,,,,0.47,0.0,0.0,2026-04-22T18:34:08.254492,low,low,low,high,fixed,fixed,1.04,0.4429,0.9269,1.2802,0.0,0.0,0.0,0.0,0.05,5.0,instance,28042,673.2,0.523524,88.0,18.37,18.0,0.0,80.0,16.7,14.538018,0.461726,64.209734,62.0,16.7,4,/Users/admin/Desktop/AMine/published_results/archive_v1_newformat_2026-05-13/results_doe_scholl_l36,/Users/admin/Desktop/AMine/published_results/archive_v1_newformat_2026-05-13/results_doe_scholl_l36/solutions/Scholl_JAESCHKE_c28/run_info.json
results_doe_scholl_l36,Scholl_JAESCHKE,29,c29,Scholl_JAESCHKE_c29,Scholl,9,30.0,OK,4,4,1.0,1,2,,,,0.46,0.0,0.0,2026-04-22T18:34:08.712033,low,mid,mid,low,fixed,fixed,0.8982,0.6384,0.9685,1.0482,0.0,0.0,0.0,0.0,0.05,5.0,instance,29042,694.0,0.525539,88.0,18.865,18.0,0.0,80.0,17.15,15.054422,0.472183,64.32824,62.0,17.15,4,/Users/admin/Desktop/AMine/published_results/archive_v1_newformat_2026-05-13/results_doe_scholl_l36,/Users/admin/Desktop/AMine/published_results/archive_v1_newformat_2026-05-13/results_doe_scholl_l36/solutions/Scholl_JAESCHKE_c29/run_info.json
results_doe_scholl_l36,Scholl_JAESCHKE,30,c30,Scholl_JAESCHKE_c30,Scholl,9,30.0,OK,3,3,1.0,2,2,,,,0.38,0.0,0.0,2026-04-22T18:34:09.090555,low,high,high,mid,fixed,fixed,0.9602,0.9094,1.0554,1.1192,0.0,0.0,0.0,0.0,0.05,5.0,instance,30042,615.8,0.495195,88.0,17.765,18.0,0.0,80.0,16.15,4.589935,0.030833,64.068889,62.0,16.15,3,/Users/admin/Desktop/AMine/published_results/archive_v1_newformat_2026-05-13/results_doe_scholl_l36,/Users/admin/Desktop/AMine/published_results/archive_v1_newformat_2026-05-13/results_doe_scholl_l36/solutions/Scholl_JAESCHKE_c30/run_info.json
results_doe_scholl_l36,Scholl_JAESCHKE,31,c31,Scholl_JAESCHKE_c31,Scholl,9,30.0,OK,4,4,1.0,1,2,,,,0.49,0.0,0.0,2026-04-22T18:34:09.582085,mid,low,high,low,fixed,fixed,1.3309,0.3207,1.0609,1.0614,0.0,0.0,0.0,0.0,0.05,5.0,instance,31042,706.25,0.52865,88.0,19.085,18.0,0.0,80.0,17.35,14.463143,0.455428,64.381849,62.0,17.35,4,/Users/admin/Desktop/AMine/published_results/archive_v1_newformat_2026-05-13/results_doe_scholl_l36,/Users/admin/Desktop/AMine/published_results/archive_v1_newformat_2026-05-13/results_doe_scholl_l36/solutions/Scholl_JAESCHKE_c31/run_info.json
results_doe_scholl_l36,Scholl_JAESCHKE,32,c32,Scholl_JAESCHKE_c32,Scholl,9,30.0,OK,4,4,1.0,1,2,,,,0.47,0.0,0.0,2026-04-22T18:34:10.050874,mid,mid,low,mid,fixed,fixed,1.3917,0.6921,0.8776,1.2018,0.0,0.0,0.0,0.0,0.05,5.0,instance,32042,776.15,0.52363,88.0,21.175,18.0,0.0,80.0,19.25,16.406706,0.492059,64.919662,62.0,19.25,4,/Users/admin/Desktop/AMine/published_results/archive_v1_newformat_2026-05-13/results_doe_scholl_l36,/Users/admin/Desktop/AMine/published_results/archive_v1_newformat_2026-05-13/results_doe_scholl_l36/solutions/Scholl_JAESCHKE_c32/run_info.json
results_doe_scholl_l36,Scholl_JAESCHKE,33,c33,Scholl_JAESCHKE_c33,Scholl,9,30.0,OK,3,3,1.0,2,2,,,,0.43,0.0,0.0,2026-04-22T18:34:10.486752,mid,high,mid,high,fixed,fixed,1.2846,0.8523,1.0496,1.4421,0.0,0.0,0.0,0.0,0.05,5.0,instance,33042,674.1,0.504585,88.0,19.085,18.0,0.0,80.0,17.35,5.398225,0.038385,64.381849,62.0,17.35,3,/Users/admin/Desktop/AMine/published_results/archive_v1_newformat_2026-05-13/results_doe_scholl_l36,/Users/admin/Desktop/AMine/published_results/archive_v1_newformat_2026-05-13/results_doe_scholl_l36/solutions/Scholl_JAESCHKE_c33/run_info.json
results_doe_scholl_l36,Scholl_JAESCHKE,34,c34,Scholl_JAESCHKE_c34,Scholl,9,30.0,OK,4,4,1.0,1,4,,,,0.52,0.0,0.0,2026-04-22T18:34:11.007367,high,low,mid,low,fixed,fixed,2.3713,0.414,0.9943,1.0725,0.0,0.0,0.0,0.0,0.05,5.0,instance,34042,1253.88,0.721085,88.0,33.44,36.0,0.0,80.0,30.4,14.928071,0.481158,53.480464,44.0,30.4,4,/Users/admin/Desktop/AMine/published_results/archive_v1_newformat_2026-05-13/results_doe_scholl_l36,/Users/admin/Desktop/AMine/published_results/archive_v1_newformat_2026-05-13/results_doe_scholl_l36/solutions/Scholl_JAESCHKE_c34/run_info.json
results_doe_scholl_l36,Scholl_JAESCHKE,35,c35,Scholl_JAESCHKE_c35,Scholl,9,30.0,OK,4,4,1.0,1,3,,,,0.46,0.0,0.0,2026-04-22T18:34:11.468976,high,mid,high,mid,fixed,fixed,1.9472,0.6155,1.0562,1.2066,0.0,0.0,0.0,0.0,0.05,5.0,instance,35042,1004.58,0.603685,88.0,27.28,27.0,0.0,80.0,24.8,16.096998,0.493563,58.515297,53.0,24.8,4,/Users/admin/Desktop/AMine/published_results/archive_v1_newformat_2026-05-13/results_doe_scholl_l36,/Users/admin/Desktop/AMine/published_results/archive_v1_newformat_2026-05-13/results_doe_scholl_l36/solutions/Scholl_JAESCHKE_c35/run_info.json
results_doe_scholl_l36,Scholl_JAESCHKE,36,c36,Scholl_JAESCHKE_c36,Scholl,9,30.0,OK,3,3,1.0,2,4,,,,0.38,0.0,0.0,2026-04-22T18:34:11.849479,high,high,low,high,fixed,fixed,2.3652,0.8329,0.9469,1.2972,0.0,0.0,0.0,0.0,0.05,5.0,instance,36042,1125.88,0.669497,88.0,32.34,36.0,0.0,80.0,29.4,0.11547,0.074764,52.918428,44.0,29.4,3,/Users/admin/Desktop/AMine/published_results/archive_v1_newformat_2026-05-13/results_doe_scholl_l36,/Users/admin/Desktop/AMine/published_results/archive_v1_newformat_2026-05-13/results_doe_scholl_l36/solutions/Scholl_JAESCHKE_c36/run_info.json
results_doe_scholl_l36,Scholl_MANSOOR,1,c01,Scholl_MANSOOR_c01,Scholl,11,600.0,OK,2,2,1.0,1,1,,,,0.21,0.0,0.0,2026-04-22T18:34:12.064017,low,low,low,low,fixed,fixed,0.9394,0.3558,0.9076,1.0747,0.0,0.0,0.0,0.0,0.05,5.0,instance,1042,525.375,0.194805,44.0,77.055,9.0,0.0,40.0,70.05,0.0,0.0,76.602888,31.0,70.05,2,/Users/admin/Desktop/AMine/published_results/archive_v1_newformat_2026-05-13/results_doe_scholl_l36,/Users/admin/Desktop/AMine/published_results/archive_v1_newformat_2026-05-13/results_doe_scholl_l36/solutions/Scholl_MANSOOR_c01/run_info.json
results_doe_scholl_l36,Scholl_MANSOOR,2,c02,Scholl_MANSOOR_c02,Scholl,11,600.0,OK,2,2,1.0,1,1,,,,0.23,0.0,0.0,2026-04-22T18:34:12.291976,low,low,mid,mid,fixed,fixed,0.9834,0.344,1.0293,1.1083,0.0,0.0,0.0,0.0,0.05,5.0,instance,2042,545.625,0.194805,44.0,80.025,9.0,0.0,40.0,72.75,0.0,0.0,79.07947,31.0,72.75,2,/Users/admin/Desktop/AMine/published_results/archive_v1_newformat_2026-05-13/results_doe_scholl_l36,/Users/admin/Desktop/AMine/published_results/archive_v1_newformat_2026-05-13/results_doe_scholl_l36/solutions/Scholl_MANSOOR_c02/run_info.json
results_doe_scholl_l36,Scholl_MANSOOR,3,c03,Scholl_MANSOOR_c03,Scholl,11,600.0,OK,2,2,1.0,1,1,,,,0.21,0.0,0.0,2026-04-22T18:34:12.504476,low,low,high,high,fixed,fixed,0.8528,0.4373,1.0988,1.4043,0.0,0.0,0.0,0.0,0.05,5.0,instance,3042,516.375,0.194805,44.0,75.735,9.0,0.0,40.0,68.85,0.0,0.0,75.507102,31.0,68.85,2,/Users/admin/Desktop/AMine/published_results/archive_v1_newformat_2026-05-13/results_doe_scholl_l36,/Users/admin/Desktop/AMine/published_results/archive_v1_newformat_2026-05-13/results_doe_scholl_l36/solutions/Scholl_MANSOOR_c03/run_info.json
results_doe_scholl_l36,Scholl_MANSOOR,4,c04,Scholl_MANSOOR_c04,Scholl,11,600.0,OK,2,2,1.0,1,1,,,,0.22,0.0,0.0,2026-04-22T18:34:12.721389,low,mid,low,low,fixed,fixed,0.8744,0.6218,0.8695,1.0674,0.0,0.0,0.0,0.0,0.05,5.0,instance,4042,522.75,0.194805,44.0,76.67,9.0,0.0,40.0,69.7,0.0,0.0,76.28296,31.0,69.7,2,/Users/admin/Desktop/AMine/published_results/archive_v1_newformat_2026-05-13/results_doe_scholl_l36,/Users/admin/Desktop/AMine/published_results/archive_v1_newformat_2026-05-13/results_doe_scholl_l36/solutions/Scholl_MANSOOR_c04/run_info.json
results_doe_scholl_l36,Scholl_MANSOOR,5,c05,Scholl_MANSOOR_c05,Scholl,11,600.0,OK,2,2,1.0,1,1,,,,0.21,0.0,0.0,2026-04-22T18:34:12.934438,low,mid,mid,mid,fixed,fixed,0.9108,0.6475,1.0222,1.2157,0.0,0.0,0.0,0.0,0.05,5.0,instance,5042,512.625,0.194805,44.0,75.185,9.0,0.0,40.0,68.35,0.0,0.0,75.051466,31.0,68.35,2,/Users/admin/Desktop/AMine/published_results/archive_v1_newformat_2026-05-13/results_doe_scholl_l36,/Users/admin/Desktop/AMine/published_results/archive_v1_newformat_2026-05-13/results_doe_scholl_l36/solutions/Scholl_MANSOOR_c05/run_info.json
results_doe_scholl_l36,Scholl_MANSOOR,6,c06,Scholl_MANSOOR_c06,Scholl,11,600.0,OK,2,2,1.0,1,1,,,,0.21,0.0,0.0,2026-04-22T18:34:13.147260,low,mid,high,high,fixed,fixed,0.8927,0.683,1.0787,1.3674,0.0,0.0,0.0,0.0,0.05,5.0,instance,6042,544.125,0.194805,44.0,79.805,9.0,0.0,40.0,72.55,0.0,0.0,78.895516,31.0,72.55,2,/Users/admin/Desktop/AMine/published_results/archive_v1_newformat_2026-05-13/results_doe_scholl_l36,/Users/admin/Desktop/AMine/published_results/archive_v1_newformat_2026-05-13/results_doe_scholl_l36/solutions/Scholl_MANSOOR_c06/run_info.json
results_doe_scholl_l36,Scholl_MANSOOR,7,c07,Scholl_MANSOOR_c07,Scholl,11,600.0,OK,2,2,1.0,1,1,,,,0.21,0.0,0.0,2026-04-22T18:34:13.363243,low,high,low,mid,fixed,fixed,0.9362,0.9438,0.8866,1.2229,0.0,0.0,0.0,0.0,0.05,5.0,instance,7042,517.875,0.194805,44.0,75.955,9.0,0.0,40.0,69.05,0.0,0.0,75.689514,31.0,69.05,2,/Users/admin/Desktop/AMine/published_results/archive_v1_newformat_2026-05-13/results_doe_scholl_l36,/Users/admin/Desktop/AMine/published_results/archive_v1_newformat_2026-05-13/results_doe_scholl_l36/solutions/Scholl_MANSOOR_c07/run_info.json
results_doe_scholl_l36,Scholl_MANSOOR,8,c08,Scholl_MANSOOR_c08,Scholl,11,600.0,OK,2,2,1.0,1,1,,,,0.21,0.0,0.0,2026-04-22T18:34:13.573944,low,high,mid,high,fixed,fixed,1.0505,0.8473,1.0424,1.2626,0.0,0.0,0.0,0.0,0.05,5.0,instance,8042,562.5,0.194805,44.0,82.5,9.0,0.0,40.0,75.0,0.0,0.0,81.154174,31.0,75.0,2,/Users/admin/Desktop/AMine/published_results/archive_v1_newformat_2026-05-13/results_doe_scholl_l36,/Users/admin/Desktop/AMine/published_results/archive_v1_newformat_2026-05-13/results_doe_scholl_l36/solutions/Scholl_MANSOOR_c08/run_info.json
results_doe_scholl_l36,Scholl_MANSOOR,9,c09,Scholl_MANSOOR_c09,Scholl,11,600.0,OK,2,2,1.0,1,1,,,,0.21,0.0,0.0,2026-04-22T18:34:13.786655,low,high,high,low,fixed,fixed,0.9557,0.8926,1.0718,1.0926,0.0,0.0,0.0,0.0,0.05,5.0,instance,9042,546.75,0.194805,44.0,80.19,9.0,0.0,40.0,72.9,0.0,0.0,79.217485,31.0,72.9,2,/Users/admin/Desktop/AMine/published_results/archive_v1_newformat_2026-05-13/results_doe_scholl_l36,/Users/admin/Desktop/AMine/published_results/archive_v1_newformat_2026-05-13/results_doe_scholl_l36/solutions/Scholl_MANSOOR_c09/run_info.json
results_doe_scholl_l36,Scholl_MANSOOR,10,c10,Scholl_MANSOOR_c10,Scholl,11,600.0,OK,2,2,1.0,1,1,,,,0.21,0.0,0.0,2026-04-22T18:34:14.002579,mid,low,low,high,fixed,fixed,1.4658,0.372,0.94,1.3116,0.0,0.0,0.0,0.0,0.05,5.0,instance,10042,699.75,0.194805,44.0,102.63,9.0,0.0,40.0,93.3,0.0,0.0,98.315258,31.0,93.3,2,/Users/admin/Desktop/AMine/published_results/archive_v1_newformat_2026-05-13/results_doe_scholl_l36,/Users/admin/Desktop/AMine/published_results/archive_v1_newformat_2026-05-13/results_doe_scholl_l36/solutions/Scholl_MANSOOR_c10/run_info.json
results_doe_scholl_l36,Scholl_MANSOOR,11,c11,Scholl_MANSOOR_c11,Scholl,11,600.0,OK,2,2,1.0,1,1,,,,0.21,0.0,0.0,2026-04-22T18:34:14.215887,mid,low,mid,low,fixed,fixed,1.2026,0.3344,1.0209,1.0523,0.0,0.0,0.0,0.0,0.05,5.0,instance,11042,611.625,0.194805,44.0,89.705,9.0,0.0,40.0,81.55,0.0,0.0,87.243352,31.0,81.55,2,/Users/admin/Desktop/AMine/published_results/archive_v1_newformat_2026-05-13/results_doe_scholl_l36,/Users/admin/Desktop/AMine/published_results/archive_v1_newformat_2026-05-13/results_doe_scholl_l36/solutions/Scholl_MANSOOR_c11/run_info.json
results_doe_scholl_l36,Scholl_MANSOOR,12,c12,Scholl_MANSOOR_c12,Scholl,11,600.0,OK,2,2,1.0,1,1,,,,0.21,0.0,0.0,2026-04-22T18:34:14.429597,mid,low,high,mid,fixed,fixed,1.5761,0.4488,1.0659,1.182,0.0,0.0,0.0,0.0,0.05,5.0,instance,12042,751.875,0.194805,44.0,110.275,9.0,0.0,40.0,100.25,0.0,0.0,104.93361,31.0,100.25,2,/Users/admin/Desktop/AMine/published_results/archive_v1_newformat_2026-05-13/results_doe_scholl_l36,/Users/admin/Desktop/AMine/published_results/archive_v1_newformat_2026-05-13/results_doe_scholl_l36/solutions/Scholl_MANSOOR_c12/run_info.json
results_doe_scholl_l36,Scholl_MANSOOR,13,c13,Scholl_MANSOOR_c13,Scholl,11,600.0,OK,2,2,1.0,1,1,,,,0.21,0.0,0.0,2026-04-22T18:34:14.645322,mid,mid,low,mid,fixed,fixed,1.4311,0.6597,0.8632,1.243,0.0,0.0,0.0,0.0,0.05,5.0,instance,13042,730.875,0.194805,44.0,107.195,9.0,0.0,40.0,97.45,0.0,0.0,102.261931,31.0,97.45,2,/Users/admin/Desktop/AMine/published_results/archive_v1_newformat_2026-05-13/results_doe_scholl_l36,/Users/admin/Desktop/AMine/published_results/archive_v1_newformat_2026-05-13/results_doe_scholl_l36/solutions/Scholl_MANSOOR_c13/run_info.json
results_doe_scholl_l36,Scholl_MANSOOR,14,c14,Scholl_MANSOOR_c14,Scholl,11,600.0,OK,2,2,1.0,1,1,,,,0.21,0.0,0.0,2026-04-22T18:34:14.856335,mid,mid,mid,high,fixed,fixed,1.2405,0.6548,0.9522,1.2525,0.0,0.0,0.0,0.0,0.05,5.0,instance,14042,632.25,0.194805,44.0,92.73,9.0,0.0,40.0,84.3,0.0,0.0,89.819207,31.0,84.3,2,/Users/admin/Desktop/AMine/published_results/archive_v1_newformat_2026-05-13/results_doe_scholl_l36,/Users/admin/Desktop/AMine/published_results/archive_v1_newformat_2026-05-13/results_doe_scholl_l36/solutions/Scholl_MANSOOR_c14/run_info.json
results_doe_scholl_l36,Scholl_MANSOOR,15,c15,Scholl_MANSOOR_c15,Scholl,11,600.0,OK,2,2,1.0,1,1,,,,0.21,0.0,0.0,2026-04-22T18:34:15.067061,mid,mid,high,low,fixed,fixed,1.5531,0.6119,1.0949,1.0084,0.0,0.0,0.0,0.0,0.05,5.0,instance,15042,730.125,0.194805,44.0,107.085,9.0,0.0,40.0,97.35,0.0,0.0,102.166641,31.0,97.35,2,/Users/admin/Desktop/AMine/published_results/archive_v1_newformat_2026-05-13/results_doe_scholl_l36,/Users/admin/Desktop/AMine/published_results/archive_v1_newformat_2026-05-13/results_doe_scholl_l36/solutions/Scholl_MANSOOR_c15/run_info.json
results_doe_scholl_l36,Scholl_MANSOOR,16,c16,Scholl_MANSOOR_c16,Scholl,11,600.0,OK,2,2,1.0,1,1,,,,0.21,0.0,0.0,2026-04-22T18:34:15.281313,mid,high,low,high,fixed,fixed,1.5188,0.8639,0.915,1.3413,0.0,0.0,0.0,0.0,0.05,5.0,instance,16042,716.625,0.194805,44.0,105.105,9.0,0.0,40.0,95.55,0.0,0.0,100.452987,31.0,95.55,2,/Users/admin/Desktop/AMine/published_results/archive_v1_newformat_2026-05-13/results_doe_scholl_l36,/Users/admin/Desktop/AMine/published_results/archive_v1_newformat_2026-05-13/results_doe_scholl_l36/solutions/Scholl_MANSOOR_c16/run_info.json
results_doe_scholl_l36,Scholl_MANSOOR,17,c17,Scholl_MANSOOR_c17,Scholl,11,600.0,OK,2,2,1.0,1,1,,,,0.21,0.0,0.0,2026-04-22T18:34:15.493999,mid,high,mid,low,fixed,fixed,1.5513,0.9001,1.0333,1.0345,0.0,0.0,0.0,0.0,0.05,5.0,instance,17042,745.5,0.194805,44.0,109.34,9.0,0.0,40.0,99.4,0.0,0.0,104.121852,31.0,99.4,2,/Users/admin/Desktop/AMine/published_results/archive_v1_newformat_2026-05-13/results_doe_scholl_l36,/Users/admin/Desktop/AMine/published_results/archive_v1_newformat_2026-05-13/results_doe_scholl_l36/solutions/Scholl_MANSOOR_c17/run_info.json
results_doe_scholl_l36,Scholl_MANSOOR,18,c18,Scholl_MANSOOR_c18,Scholl,11,600.0,OK,2,2,1.0,1,1,,,,0.22,0.0,0.0,2026-04-22T18:34:15.712173,mid,high,high,mid,fixed,fixed,1.5797,0.9217,1.0944,1.1767,0.0,0.0,0.0,0.0,0.05,5.0,instance,18042,766.125,0.194805,44.0,112.365,9.0,0.0,40.0,102.15,0.0,0.0,106.750281,31.0,102.15,2,/Users/admin/Desktop/AMine/published_results/archive_v1_newformat_2026-05-13/results_doe_scholl_l36,/Users/admin/Desktop/AMine/published_results/archive_v1_newformat_2026-05-13/results_doe_scholl_l36/solutions/Scholl_MANSOOR_c18/run_info.json
results_doe_scholl_l36,Scholl_MANSOOR,19,c19,Scholl_MANSOOR_c19,Scholl,11,600.0,OK,2,2,1.0,1,1,,,,0.21,0.0,0.0,2026-04-22T18:34:15.923424,high,low,low,mid,fixed,fixed,2.3063,0.4474,0.9085,1.143,0.0,0.0,0.0,0.0,0.05,5.0,instance,19042,940.125,0.194805,44.0,137.885,9.0,0.0,40.0,125.35,0.0,0.0,129.126382,31.0,125.35,2,/Users/admin/Desktop/AMine/published_results/archive_v1_newformat_2026-05-13/results_doe_scholl_l36,/Users/admin/Desktop/AMine/published_results/archive_v1_newformat_2026-05-13/results_doe_scholl_l36/solutions/Scholl_MANSOOR_c19/run_info.json
results_doe_scholl_l36,Scholl_MANSOOR,20,c20,Scholl_MANSOOR_c20,Scholl,11,600.0,OK,2,2,1.0,1,1,,,,0.21,0.0,0.0,2026-04-22T18:34:16.134749,high,low,mid,high,fixed,fixed,2.3359,0.337,1.0061,1.4143,0.0,0.0,0.0,0.0,0.05,5.0,instance,20042,922.875,0.194805,44.0,135.355,9.0,0.0,40.0,123.05,0.0,0.0,126.894848,31.0,123.05,2,/Users/admin/Desktop/AMine/published_results/archive_v1_newformat_2026-05-13/results_doe_scholl_l36,/Users/admin/Desktop/AMine/published_results/archive_v1_newformat_2026-05-13/results_doe_scholl_l36/solutions/Scholl_MANSOOR_c20/run_info.json
results_doe_scholl_l36,Scholl_MANSOOR,21,c21,Scholl_MANSOOR_c21,Scholl,11,600.0,OK,2,2,1.0,1,1,,,,0.25,0.0,0.0,2026-04-22T18:34:16.383639,high,low,high,low,fixed,fixed,2.2489,0.3436,1.0891,1.048,0.0,0.0,0.0,0.0,0.05,5.0,instance,21042,922.5,0.194805,44.0,135.3,9.0,0.0,40.0,123.0,0.0,0.0,126.846364,31.0,123.0,2,/Users/admin/Desktop/AMine/published_results/archive_v1_newformat_2026-05-13/results_doe_scholl_l36,/Users/admin/Desktop/AMine/published_results/archive_v1_newformat_2026-05-13/results_doe_scholl_l36/solutions/Scholl_MANSOOR_c21/run_info.json
results_doe_scholl_l36,Scholl_MANSOOR,22,c22,Scholl_MANSOOR_c22,Scholl,11,600.0,OK,2,2,1.0,1,1,,,,0.22,0.0,0.0,2026-04-22T18:34:16.609441,high,mid,low,high,fixed,fixed,1.8325,0.6147,0.9043,1.387,0.0,0.0,0.0,0.0,0.05,5.0,instance,22042,808.5,0.194805,44.0,118.58,9.0,0.0,40.0,107.8,0.0,0.0,112.168801,31.0,107.8,2,/Users/admin/Desktop/AMine/published_results/archive_v1_newformat_2026-05-13/results_doe_scholl_l36,/Users/admin/Desktop/AMine/published_results/archive_v1_newformat_2026-05-13/results_doe_scholl_l36/solutions/Scholl_MANSOOR_c22/run_info.json
results_doe_scholl_l36,Scholl_MANSOOR,23,c23,Scholl_MANSOOR_c23,Scholl,11,600.0,OK,2,2,1.0,1,1,,,,0.21,0.0,0.0,2026-04-22T18:34:16.821244,high,mid,mid,low,fixed,fixed,2.4884,0.5686,1.0255,1.0486,0.0,0.0,0.0,0.0,0.05,5.0,instance,23042,1056.75,0.194805,44.0,154.99,9.0,0.0,40.0,140.9,0.0,0.0,144.269921,31.0,140.9,2,/Users/admin/Desktop/AMine/published_results/archive_v1_newformat_2026-05-13/results_doe_scholl_l36,/Users/admin/Desktop/AMine/published_results/archive_v1_newformat_2026-05-13/results_doe_scholl_l36/solutions/Scholl_MANSOOR_c23/run_info.json
results_doe_scholl_l36,Scholl_MANSOOR,24,c24,Scholl_MANSOOR_c24,Scholl,11,600.0,OK,2,2,1.0,1,1,,,,0.22,0.0,0.0,2026-04-22T18:34:17.039471,high,mid,high,mid,fixed,fixed,2.3128,0.5714,1.0978,1.1466,0.0,0.0,0.0,0.0,0.05,5.0,instance,24042,1007.25,0.194805,44.0,147.73,9.0,0.0,40.0,134.3,0.0,0.0,137.831382,31.0,134.3,2,/Users/admin/Desktop/AMine/published_results/archive_v1_newformat_2026-05-13/results_doe_scholl_l36,/Users/admin/Desktop/AMine/published_results/archive_v1_newformat_2026-05-13/results_doe_scholl_l36/solutions/Scholl_MANSOOR_c24/run_info.json
results_doe_scholl_l36,Scholl_MANSOOR,25,c25,Scholl_MANSOOR_c25,Scholl,11,600.0,OK,2,2,1.0,1,1,,,,0.21,0.0,0.0,2026-04-22T18:34:17.251783,high,high,low,low,fixed,fixed,2.364,0.9198,0.8606,1.064,0.0,0.0,0.0,0.0,0.05,5.0,instance,25042,951.75,0.194805,44.0,139.59,9.0,0.0,40.0,126.9,0.0,0.0,130.631581,31.0,126.9,2,/Users/admin/Desktop/AMine/published_results/archive_v1_newformat_2026-05-13/results_doe_scholl_l36,/Users/admin/Desktop/AMine/published_results/archive_v1_newformat_2026-05-13/results_doe_scholl_l36/solutions/Scholl_MANSOOR_c25/run_info.json
results_doe_scholl_l36,Scholl_MANSOOR,26,c26,Scholl_MANSOOR_c26,Scholl,11,600.0,OK,2,2,1.0,1,1,,,,0.21,0.0,0.0,2026-04-22T18:34:17.467981,high,high,mid,mid,fixed,fixed,1.8737,0.9273,0.9795,1.1083,0.0,0.0,0.0,0.0,0.05,5.0,instance,26042,798.375,0.194805,44.0,117.095,9.0,0.0,40.0,106.45,0.0,0.0,110.87201,31.0,106.45,2,/Users/admin/Desktop/AMine/published_results/archive_v1_newformat_2026-05-13/results_doe_scholl_l36,/Users/admin/Desktop/AMine/published_results/archive_v1_newformat_2026-05-13/results_doe_scholl_l36/solutions/Scholl_MANSOOR_c26/run_info.json
results_doe_scholl_l36,Scholl_MANSOOR,27,c27,Scholl_MANSOOR_c27,Scholl,11,600.0,OK,2,2,1.0,1,1,,,,0.22,0.0,0.0,2026-04-22T18:34:17.688126,high,high,high,high,fixed,fixed,2.0907,0.9336,1.057,1.2767,0.0,0.0,0.0,0.0,0.05,5.0,instance,27042,917.625,0.194805,44.0,134.585,9.0,0.0,40.0,122.35,0.0,0.0,126.216174,31.0,122.35,2,/Users/admin/Desktop/AMine/published_results/archive_v1_newformat_2026-05-13/results_doe_scholl_l36,/Users/admin/Desktop/AMine/published_results/archive_v1_newformat_2026-05-13/results_doe_scholl_l36/solutions/Scholl_MANSOOR_c27/run_info.json
results_doe_scholl_l36,Scholl_MANSOOR,28,c28,Scholl_MANSOOR_c28,Scholl,11,600.0,OK,2,2,1.0,1,1,,,,0.22,0.0,0.0,2026-04-22T18:34:17.905369,low,low,low,high,fixed,fixed,1.04,0.4429,0.9269,1.2802,0.0,0.0,0.0,0.0,0.05,5.0,instance,28042,562.875,0.194805,44.0,82.555,9.0,0.0,40.0,75.05,0.0,0.0,81.200385,31.0,75.05,2,/Users/admin/Desktop/AMine/published_results/archive_v1_newformat_2026-05-13/results_doe_scholl_l36,/Users/admin/Desktop/AMine/published_results/archive_v1_newformat_2026-05-13/results_doe_scholl_l36/solutions/Scholl_MANSOOR_c28/run_info.json
results_doe_scholl_l36,Scholl_MANSOOR,29,c29,Scholl_MANSOOR_c29,Scholl,11,600.0,OK,2,2,1.0,1,1,,,,0.21,0.0,0.0,2026-04-22T18:34:18.117333,low,mid,mid,low,fixed,fixed,0.8982,0.6384,0.9685,1.0482,0.0,0.0,0.0,0.0,0.05,5.0,instance,29042,536.25,0.194805,44.0,78.65,9.0,0.0,40.0,71.5,0.0,0.0,77.931059,31.0,71.5,2,/Users/admin/Desktop/AMine/published_results/archive_v1_newformat_2026-05-13/results_doe_scholl_l36,/Users/admin/Desktop/AMine/published_results/archive_v1_newformat_2026-05-13/results_doe_scholl_l36/solutions/Scholl_MANSOOR_c29/run_info.json
results_doe_scholl_l36,Scholl_MANSOOR,30,c30,Scholl_MANSOOR_c30,Scholl,11,600.0,OK,2,2,1.0,1,1,,,,0.22,0.0,0.0,2026-04-22T18:34:18.335599,low,high,high,mid,fixed,fixed,0.9602,0.9094,1.0554,1.1192,0.0,0.0,0.0,0.0,0.05,5.0,instance,30042,546.75,0.194805,44.0,80.19,9.0,0.0,40.0,72.9,0.0,0.0,79.217485,31.0,72.9,2,/Users/admin/Desktop/AMine/published_results/archive_v1_newformat_2026-05-13/results_doe_scholl_l36,/Users/admin/Desktop/AMine/published_results/archive_v1_newformat_2026-05-13/results_doe_scholl_l36/solutions/Scholl_MANSOOR_c30/run_info.json
results_doe_scholl_l36,Scholl_MANSOOR,31,c31,Scholl_MANSOOR_c31,Scholl,11,600.0,OK,2,2,1.0,1,1,,,,0.22,0.0,0.0,2026-04-22T18:34:18.553112,mid,low,high,low,fixed,fixed,1.3309,0.3207,1.0609,1.0614,0.0,0.0,0.0,0.0,0.05,5.0,instance,31042,670.875,0.194805,44.0,98.395,9.0,0.0,40.0,89.45,0.0,0.0,94.669438,31.0,89.45,2,/Users/admin/Desktop/AMine/published_results/archive_v1_newformat_2026-05-13/results_doe_scholl_l36,/Users/admin/Desktop/AMine/published_results/archive_v1_newformat_2026-05-13/results_doe_scholl_l36/solutions/Scholl_MANSOOR_c31/run_info.json
results_doe_scholl_l36,Scholl_MANSOOR,32,c32,Scholl_MANSOOR_c32,Scholl,11,600.0,OK,2,2,1.0,1,1,,,,0.21,0.0,0.0,2026-04-22T18:34:18.768985,mid,mid,low,mid,fixed,fixed,1.3917,0.6921,0.8776,1.2018,0.0,0.0,0.0,0.0,0.05,5.0,instance,32042,697.125,0.194805,44.0,102.245,9.0,0.0,40.0,92.95,0.0,0.0,97.983175,31.0,92.95,2,/Users/admin/Desktop/AMine/published_results/archive_v1_newformat_2026-05-13/results_doe_scholl_l36,/Users/admin/Desktop/AMine/published_results/archive_v1_newformat_2026-05-13/results_doe_scholl_l36/solutions/Scholl_MANSOOR_c32/run_info.json
results_doe_scholl_l36,Scholl_MANSOOR,33,c33,Scholl_MANSOOR_c33,Scholl,11,600.0,OK,2,2,1.0,1,1,,,,0.21,0.0,0.0,2026-04-22T18:34:18.985364,mid,high,mid,high,fixed,fixed,1.2846,0.8523,1.0496,1.4421,0.0,0.0,0.0,0.0,0.05,5.0,instance,33042,644.25,0.194805,44.0,94.49,9.0,0.0,40.0,85.9,0.0,0.0,91.32256,31.0,85.9,2,/Users/admin/Desktop/AMine/published_results/archive_v1_newformat_2026-05-13/results_doe_scholl_l36,/Users/admin/Desktop/AMine/published_results/archive_v1_newformat_2026-05-13/results_doe_scholl_l36/solutions/Scholl_MANSOOR_c33/run_info.json
results_doe_scholl_l36,Scholl_MANSOOR,34,c34,Scholl_MANSOOR_c34,Scholl,11,600.0,OK,2,2,1.0,1,1,,,,0.21,0.0,0.0,2026-04-22T18:34:19.200237,high,low,mid,low,fixed,fixed,2.3713,0.414,0.9943,1.0725,0.0,0.0,0.0,0.0,0.05,5.0,instance,34042,988.875,0.194805,44.0,145.035,9.0,0.0,40.0,131.85,0.0,0.0,135.445275,31.0,131.85,2,/Users/admin/Desktop/AMine/published_results/archive_v1_newformat_2026-05-13/results_doe_scholl_l36,/Users/admin/Desktop/AMine/published_results/archive_v1_newformat_2026-05-13/results_doe_scholl_l36/solutions/Scholl_MANSOOR_c34/run_info.json
results_doe_scholl_l36,Scholl_MANSOOR,35,c35,Scholl_MANSOOR_c35,Scholl,11,600.0,OK,2,2,1.0,1,1,,,,0.21,0.0,0.0,2026-04-22T18:34:19.414372,high,mid,high,mid,fixed,fixed,1.9472,0.6155,1.0562,1.2066,0.0,0.0,0.0,0.0,0.05,5.0,instance,35042,838.125,0.194805,44.0,122.925,9.0,0.0,40.0,111.75,0.0,0.0,115.970093,31.0,111.75,2,/Users/admin/Desktop/AMine/published_results/archive_v1_newformat_2026-05-13/results_doe_scholl_l36,/Users/admin/Desktop/AMine/published_results/archive_v1_newformat_2026-05-13/results_doe_scholl_l36/solutions/Scholl_MANSOOR_c35/run_info.json
results_doe_scholl_l36,Scholl_MANSOOR,36,c36,Scholl_MANSOOR_c36,Scholl,11,600.0,OK,2,2,1.0,1,1,,,,0.22,0.0,0.0,2026-04-22T18:34:19.632610,high,high,low,high,fixed,fixed,2.3652,0.8329,0.9469,1.2972,0.0,0.0,0.0,0.0,0.05,5.0,instance,36042,989.25,0.194805,44.0,145.09,9.0,0.0,40.0,131.9,0.0,0.0,135.493948,31.0,131.9,2,/Users/admin/Desktop/AMine/published_results/archive_v1_newformat_2026-05-13/results_doe_scholl_l36,/Users/admin/Desktop/AMine/published_results/archive_v1_newformat_2026-05-13/results_doe_scholl_l36/solutions/Scholl_MANSOOR_c36/run_info.json
results_doe_scholl_l36,Scholl_MERTENS,1,c01,Scholl_MERTENS_c01,Scholl,7,60.0,OK,2,2,1.0,1,1,,,,0.08,0.0,0.0,2026-04-22T18:33:52.385874,low,low,low,low,fixed,fixed,0.9394,0.3558,0.9076,1.0747,0.0,0.0,0.0,0.0,0.05,5.0,instance,1042,94.125,0.194805,44.0,13.805,9.0,0.0,40.0,12.55,0.0,0.0,33.44402,31.0,12.55,2,/Users/admin/Desktop/AMine/published_results/archive_v1_newformat_2026-05-13/results_doe_scholl_l36,/Users/admin/Desktop/AMine/published_results/archive_v1_newformat_2026-05-13/results_doe_scholl_l36/solutions/Scholl_MERTENS_c01/run_info.json
results_doe_scholl_l36,Scholl_MERTENS,2,c02,Scholl_MERTENS_c02,Scholl,7,60.0,OK,2,2,1.0,1,1,,,,0.08,0.0,0.0,2026-04-22T18:33:52.467130,low,low,mid,mid,fixed,fixed,0.9834,0.344,1.0293,1.1083,0.0,0.0,0.0,0.0,0.05,5.0,instance,2042,101.625,0.194805,44.0,14.905,9.0,0.0,40.0,13.55,0.0,0.0,33.831975,31.0,13.55,2,/Users/admin/Desktop/AMine/published_results/archive_v1_newformat_2026-05-13/results_doe_scholl_l36,/Users/admin/Desktop/AMine/published_results/archive_v1_newformat_2026-05-13/results_doe_scholl_l36/solutions/Scholl_MERTENS_c02/run_info.json
results_doe_scholl_l36,Scholl_MERTENS,3,c03,Scholl_MERTENS_c03,Scholl,7,60.0,OK,2,2,1.0,1,1,,,,0.08,0.0,0.0,2026-04-22T18:33:52.548939,low,low,high,high,fixed,fixed,0.8528,0.4373,1.0988,1.4043,0.0,0.0,0.0,0.0,0.05,5.0,instance,3042,94.125,0.194805,44.0,13.805,9.0,0.0,40.0,12.55,0.0,0.0,33.44402,31.0,12.55,2,/Users/admin/Desktop/AMine/published_results/archive_v1_newformat_2026-05-13/results_doe_scholl_l36,/Users/admin/Desktop/AMine/published_results/archive_v1_newformat_2026-05-13/results_doe_scholl_l36/solutions/Scholl_MERTENS_c03/run_info.json
results_doe_scholl_l36,Scholl_MERTENS,4,c04,Scholl_MERTENS_c04,Scholl,7,60.0,OK,2,2,1.0,1,1,,,,0.08,0.0,0.0,2026-04-22T18:33:52.631450,low,mid,low,low,fixed,fixed,0.8744,0.6218,0.8695,1.0674,0.0,0.0,0.0,0.0,0.05,5.0,instance,4042,101.625,0.194805,44.0,14.905,9.0,0.0,40.0,13.55,0.0,0.0,33.831975,31.0,13.55,2,/Users/admin/Desktop/AMine/published_results/archive_v1_newformat_2026-05-13/results_doe_scholl_l36,/Users/admin/Desktop/AMine/published_results/archive_v1_newformat_2026-05-13/results_doe_scholl_l36/solutions/Scholl_MERTENS_c04/run_info.json
results_doe_scholl_l36,Scholl_MERTENS,5,c05,Scholl_MERTENS_c05,Scholl,7,60.0,OK,2,2,1.0,1,1,,,,0.08,0.0,0.0,2026-04-22T18:33:52.716381,low,mid,mid,mid,fixed,fixed,0.9108,0.6475,1.0222,1.2157,0.0,0.0,0.0,0.0,0.05,5.0,instance,5042,101.625,0.194805,44.0,14.905,9.0,0.0,40.0,13.55,0.0,0.0,33.831975,31.0,13.55,2,/Users/admin/Desktop/AMine/published_results/archive_v1_newformat_2026-05-13/results_doe_scholl_l36,/Users/admin/Desktop/AMine/published_results/archive_v1_newformat_2026-05-13/results_doe_scholl_l36/solutions/Scholl_MERTENS_c05/run_info.json
results_doe_scholl_l36,Scholl_MERTENS,6,c06,Scholl_MERTENS_c06,Scholl,7,60.0,OK,2,2,1.0,1,1,,,,0.08,0.0,0.0,2026-04-22T18:33:52.797924,low,mid,high,high,fixed,fixed,0.8927,0.683,1.0787,1.3674,0.0,0.0,0.0,0.0,0.05,5.0,instance,6042,101.625,0.194805,44.0,14.905,9.0,0.0,40.0,13.55,0.0,0.0,33.831975,31.0,13.55,2,/Users/admin/Desktop/AMine/published_results/archive_v1_newformat_2026-05-13/results_doe_scholl_l36,/Users/admin/Desktop/AMine/published_results/archive_v1_newformat_2026-05-13/results_doe_scholl_l36/solutions/Scholl_MERTENS_c06/run_info.json
results_doe_scholl_l36,Scholl_MERTENS,7,c07,Scholl_MERTENS_c07,Scholl,7,60.0,OK,2,2,1.0,1,1,,,,0.08,0.0,0.0,2026-04-22T18:33:52.880919,low,high,low,mid,fixed,fixed,0.9362,0.9438,0.8866,1.2229,0.0,0.0,0.0,0.0,0.05,5.0,instance,7042,94.125,0.194805,44.0,13.805,9.0,0.0,40.0,12.55,0.0,0.0,33.44402,31.0,12.55,2,/Users/admin/Desktop/AMine/published_results/archive_v1_newformat_2026-05-13/results_doe_scholl_l36,/Users/admin/Desktop/AMine/published_results/archive_v1_newformat_2026-05-13/results_doe_scholl_l36/solutions/Scholl_MERTENS_c07/run_info.json
results_doe_scholl_l36,Scholl_MERTENS,8,c08,Scholl_MERTENS_c08,Scholl,7,60.0,OK,2,2,1.0,1,1,,,,0.08,0.0,0.0,2026-04-22T18:33:52.962578,low,high,mid,high,fixed,fixed,1.0505,0.8473,1.0424,1.2626,0.0,0.0,0.0,0.0,0.05,5.0,instance,8042,99.0,0.194805,44.0,14.52,9.0,0.0,40.0,13.2,0.0,0.0,33.693323,31.0,13.2,2,/Users/admin/Desktop/AMine/published_results/archive_v1_newformat_2026-05-13/results_doe_scholl_l36,/Users/admin/Desktop/AMine/published_results/archive_v1_newformat_2026-05-13/results_doe_scholl_l36/solutions/Scholl_MERTENS_c08/run_info.json
results_doe_scholl_l36,Scholl_MERTENS,9,c09,Scholl_MERTENS_c09,Scholl,7,60.0,OK,2,2,1.0,1,1,,,,0.08,0.0,0.0,2026-04-22T18:33:53.044501,low,high,high,low,fixed,fixed,0.9557,0.8926,1.0718,1.0926,0.0,0.0,0.0,0.0,0.05,5.0,instance,9042,101.625,0.194805,44.0,14.905,9.0,0.0,40.0,13.55,0.0,0.0,33.831975,31.0,13.55,2,/Users/admin/Desktop/AMine/published_results/archive_v1_newformat_2026-05-13/results_doe_scholl_l36,/Users/admin/Desktop/AMine/published_results/archive_v1_newformat_2026-05-13/results_doe_scholl_l36/solutions/Scholl_MERTENS_c09/run_info.json
results_doe_scholl_l36,Scholl_MERTENS,10,c10,Scholl_MERTENS_c10,Scholl,7,60.0,OK,2,2,1.0,1,1,,,,0.08,0.0,0.0,2026-04-22T18:33:53.125680,mid,low,low,high,fixed,fixed,1.4658,0.372,0.94,1.3116,0.0,0.0,0.0,0.0,0.05,5.0,instance,10042,125.25,0.194805,44.0,18.37,9.0,0.0,40.0,16.7,0.0,0.0,35.212072,31.0,16.7,2,/Users/admin/Desktop/AMine/published_results/archive_v1_newformat_2026-05-13/results_doe_scholl_l36,/Users/admin/Desktop/AMine/published_results/archive_v1_newformat_2026-05-13/results_doe_scholl_l36/solutions/Scholl_MERTENS_c10/run_info.json
results_doe_scholl_l36,Scholl_MERTENS,11,c11,Scholl_MERTENS_c11,Scholl,7,60.0,OK,2,2,1.0,1,1,,,,0.08,0.0,0.0,2026-04-22T18:33:53.207741,mid,low,mid,low,fixed,fixed,1.2026,0.3344,1.0209,1.0523,0.0,0.0,0.0,0.0,0.05,5.0,instance,11042,112.5,0.194805,44.0,16.5,9.0,0.0,40.0,15.0,0.0,0.0,34.438351,31.0,15.0,2,/Users/admin/Desktop/AMine/published_results/archive_v1_newformat_2026-05-13/results_doe_scholl_l36,/Users/admin/Desktop/AMine/published_results/archive_v1_newformat_2026-05-13/results_doe_scholl_l36/solutions/Scholl_MERTENS_c11/run_info.json
results_doe_scholl_l36,Scholl_MERTENS,12,c12,Scholl_MERTENS_c12,Scholl,7,60.0,OK,2,2,1.0,1,1,,,,0.08,0.0,0.0,2026-04-22T18:33:53.289335,mid,low,high,mid,fixed,fixed,1.5761,0.4488,1.0659,1.182,0.0,0.0,0.0,0.0,0.05,5.0,instance,12042,139.5,0.194805,44.0,20.46,9.0,0.0,40.0,18.6,0.0,0.0,36.151902,31.0,18.6,2,/Users/admin/Desktop/AMine/published_results/archive_v1_newformat_2026-05-13/results_doe_scholl_l36,/Users/admin/Desktop/AMine/published_results/archive_v1_newformat_2026-05-13/results_doe_scholl_l36/solutions/Scholl_MERTENS_c12/run_info.json
results_doe_scholl_l36,Scholl_MERTENS,13,c13,Scholl_MERTENS_c13,Scholl,7,60.0,OK,2,2,1.0,1,1,,,,0.08,0.0,0.0,2026-04-22T18:33:53.374782,mid,mid,low,mid,fixed,fixed,1.4311,0.6597,0.8632,1.243,0.0,0.0,0.0,0.0,0.05,5.0,instance,13042,132.75,0.194805,44.0,19.47,9.0,0.0,40.0,17.7,0.0,0.0,35.697199,31.0,17.7,2,/Users/admin/Desktop/AMine/published_results/archive_v1_newformat_2026-05-13/results_doe_scholl_l36,/Users/admin/Desktop/AMine/published_results/archive_v1_newformat_2026-05-13/results_doe_scholl_l36/solutions/Scholl_MERTENS_c13/run_info.json
results_doe_scholl_l36,Scholl_MERTENS,14,c14,Scholl_MERTENS_c14,Scholl,7,60.0,OK,2,2,1.0,1,1,,,,0.08,0.0,0.0,2026-04-22T18:33:53.456210,mid,mid,mid,high,fixed,fixed,1.2405,0.6548,0.9522,1.2525,0.0,0.0,0.0,0.0,0.05,5.0,instance,14042,105.0,0.194805,44.0,15.4,9.0,0.0,40.0,14.0,0.0,0.0,34.014703,31.0,14.0,2,/Users/admin/Desktop/AMine/published_results/archive_v1_newformat_2026-05-13/results_doe_scholl_l36,/Users/admin/Desktop/AMine/published_results/archive_v1_newformat_2026-05-13/results_doe_scholl_l36/solutions/Scholl_MERTENS_c14/run_info.json
results_doe_scholl_l36,Scholl_MERTENS,15,c15,Scholl_MERTENS_c15,Scholl,7,60.0,OK,2,2,1.0,1,1,,,,0.08,0.0,0.0,2026-04-22T18:33:53.537655,mid,mid,high,low,fixed,fixed,1.5531,0.6119,1.0949,1.0084,0.0,0.0,0.0,0.0,0.05,5.0,instance,15042,124.5,0.194805,44.0,18.26,9.0,0.0,40.0,16.6,0.0,0.0,35.164755,31.0,16.6,2,/Users/admin/Desktop/AMine/published_results/archive_v1_newformat_2026-05-13/results_doe_scholl_l36,/Users/admin/Desktop/AMine/published_results/archive_v1_newformat_2026-05-13/results_doe_scholl_l36/solutions/Scholl_MERTENS_c15/run_info.json
results_doe_scholl_l36,Scholl_MERTENS,16,c16,Scholl_MERTENS_c16,Scholl,7,60.0,OK,2,2,1.0,1,1,,,,0.08,0.0,0.0,2026-04-22T18:33:53.619696,mid,high,low,high,fixed,fixed,1.5188,0.8639,0.915,1.3413,0.0,0.0,0.0,0.0,0.05,5.0,instance,16042,124.5,0.194805,44.0,18.26,9.0,0.0,40.0,16.6,0.0,0.0,35.164755,31.0,16.6,2,/Users/admin/Desktop/AMine/published_results/archive_v1_newformat_2026-05-13/results_doe_scholl_l36,/Users/admin/Desktop/AMine/published_results/archive_v1_newformat_2026-05-13/results_doe_scholl_l36/solutions/Scholl_MERTENS_c16/run_info.json
results_doe_scholl_l36,Scholl_MERTENS,17,c17,Scholl_MERTENS_c17,Scholl,7,60.0,OK,2,2,1.0,1,1,,,,0.08,0.0,0.0,2026-04-22T18:33:53.707414,mid,high,mid,low,fixed,fixed,1.5513,0.9001,1.0333,1.0345,0.0,0.0,0.0,0.0,0.05,5.0,instance,17042,132.0,0.194805,44.0,19.36,9.0,0.0,40.0,17.6,0.0,0.0,35.647721,31.0,17.6,2,/Users/admin/Desktop/AMine/published_results/archive_v1_newformat_2026-05-13/results_doe_scholl_l36,/Users/admin/Desktop/AMine/published_results/archive_v1_newformat_2026-05-13/results_doe_scholl_l36/solutions/Scholl_MERTENS_c17/run_info.json
results_doe_scholl_l36,Scholl_MERTENS,18,c18,Scholl_MERTENS_c18,Scholl,7,60.0,OK,2,2,1.0,1,1,,,,0.09,0.0,0.0,2026-04-22T18:33:53.801489,mid,high,high,mid,fixed,fixed,1.5797,0.9217,1.0944,1.1767,0.0,0.0,0.0,0.0,0.05,5.0,instance,18042,132.0,0.194805,44.0,19.36,9.0,0.0,40.0,17.6,0.0,0.0,35.647721,31.0,17.6,2,/Users/admin/Desktop/AMine/published_results/archive_v1_newformat_2026-05-13/results_doe_scholl_l36,/Users/admin/Desktop/AMine/published_results/archive_v1_newformat_2026-05-13/results_doe_scholl_l36/solutions/Scholl_MERTENS_c18/run_info.json
results_doe_scholl_l36,Scholl_MERTENS,19,c19,Scholl_MERTENS_c19,Scholl,7,60.0,OK,2,2,1.0,1,2,,,,0.08,0.0,0.0,2026-04-22T18:33:53.884361,high,low,low,mid,fixed,fixed,2.3063,0.4474,0.9085,1.143,0.0,0.0,0.0,0.0,0.05,5.0,instance,19042,161.7,0.230769,44.0,26.95,18.0,0.0,40.0,24.5,0.0,0.0,32.927952,22.0,24.5,2,/Users/admin/Desktop/AMine/published_results/archive_v1_newformat_2026-05-13/results_doe_scholl_l36,/Users/admin/Desktop/AMine/published_results/archive_v1_newformat_2026-05-13/results_doe_scholl_l36/solutions/Scholl_MERTENS_c19/run_info.json
results_doe_scholl_l36,Scholl_MERTENS,20,c20,Scholl_MERTENS_c20,Scholl,7,60.0,OK,2,2,1.0,1,2,,,,0.08,0.0,0.0,2026-04-22T18:33:53.967154,high,low,mid,high,fixed,fixed,2.3359,0.337,1.0061,1.4143,0.0,0.0,0.0,0.0,0.05,5.0,instance,20042,154.44,0.230769,44.0,25.74,18.0,0.0,40.0,23.4,0.0,0.0,32.117908,22.0,23.4,2,/Users/admin/Desktop/AMine/published_results/archive_v1_newformat_2026-05-13/results_doe_scholl_l36,/Users/admin/Desktop/AMine/published_results/archive_v1_newformat_2026-05-13/results_doe_scholl_l36/solutions/Scholl_MERTENS_c20/run_info.json
results_doe_scholl_l36,Scholl_MERTENS,21,c21,Scholl_MERTENS_c21,Scholl,7,60.0,OK,2,2,1.0,1,2,,,,0.09,0.0,0.0,2026-04-22T18:33:54.054225,high,low,high,low,fixed,fixed,2.2489,0.3436,1.0891,1.048,0.0,0.0,0.0,0.0,0.05,5.0,instance,21042,148.83,0.230769,44.0,24.805,18.0,0.0,40.0,22.55,0.0,0.0,31.504008,22.0,22.55,2,/Users/admin/Desktop/AMine/published_results/archive_v1_newformat_2026-05-13/results_doe_scholl_l36,/Users/admin/Desktop/AMine/published_results/archive_v1_newformat_2026-05-13/results_doe_scholl_l36/solutions/Scholl_MERTENS_c21/run_info.json
results_doe_scholl_l36,Scholl_MERTENS,22,c22,Scholl_MERTENS_c22,Scholl,7,60.0,OK,2,2,1.0,1,1,,,,0.08,0.0,0.0,2026-04-22T18:33:54.136736,high,mid,low,high,fixed,fixed,1.8325,0.6147,0.9043,1.387,0.0,0.0,0.0,0.0,0.05,5.0,instance,22042,136.125,0.194805,44.0,19.965,9.0,0.0,40.0,18.15,0.0,0.0,35.922451,31.0,18.15,2,/Users/admin/Desktop/AMine/published_results/archive_v1_newformat_2026-05-13/results_doe_scholl_l36,/Users/admin/Desktop/AMine/published_results/archive_v1_newformat_2026-05-13/results_doe_scholl_l36/solutions/Scholl_MERTENS_c22/run_info.json
results_doe_scholl_l36,Scholl_MERTENS,23,c23,Scholl_MERTENS_c23,Scholl,7,60.0,OK,2,2,1.0,1,2,,,,0.08,0.0,0.0,2026-04-22T18:33:54.220040,high,mid,mid,low,fixed,fixed,2.4884,0.5686,1.0255,1.0486,0.0,0.0,0.0,0.0,0.05,5.0,instance,23042,173.25,0.230769,44.0,28.875,18.0,0.0,40.0,26.25,0.0,0.0,34.25,22.0,26.25,2,/Users/admin/Desktop/AMine/published_results/archive_v1_newformat_2026-05-13/results_doe_scholl_l36,/Users/admin/Desktop/AMine/published_results/archive_v1_newformat_2026-05-13/results_doe_scholl_l36/solutions/Scholl_MERTENS_c23/run_info.json
results_doe_scholl_l36,Scholl_MERTENS,24,c24,Scholl_MERTENS_c24,Scholl,7,60.0,OK,2,2,1.0,1,2,,,,0.08,0.0,0.0,2026-04-22T18:33:54.303024,high,mid,high,mid,fixed,fixed,2.3128,0.5714,1.0978,1.1466,0.0,0.0,0.0,0.0,0.05,5.0,instance,24042,168.3,0.230769,44.0,28.05,18.0,0.0,40.0,25.5,0.0,0.0,33.678628,22.0,25.5,2,/Users/admin/Desktop/AMine/published_results/archive_v1_newformat_2026-05-13/results_doe_scholl_l36,/Users/admin/Desktop/AMine/published_results/archive_v1_newformat_2026-05-13/results_doe_scholl_l36/solutions/Scholl_MERTENS_c24/run_info.json
results_doe_scholl_l36,Scholl_MERTENS,25,c25,Scholl_MERTENS_c25,Scholl,7,60.0,OK,2,2,1.0,1,2,,,,0.1,0.0,0.0,2026-04-22T18:33:54.402883,high,high,low,low,fixed,fixed,2.364,0.9198,0.8606,1.064,0.0,0.0,0.0,0.0,0.05,5.0,instance,25042,154.44,0.230769,44.0,25.74,18.0,0.0,40.0,23.4,0.0,0.0,32.117908,22.0,23.4,2,/Users/admin/Desktop/AMine/published_results/archive_v1_newformat_2026-05-13/results_doe_scholl_l36,/Users/admin/Desktop/AMine/published_results/archive_v1_newformat_2026-05-13/results_doe_scholl_l36/solutions/Scholl_MERTENS_c25/run_info.json
results_doe_scholl_l36,Scholl_MERTENS,26,c26,Scholl_MERTENS_c26,Scholl,7,60.0,OK,2,2,1.0,1,1,,,,0.08,0.0,0.0,2026-04-22T18:33:54.485884,high,high,mid,mid,fixed,fixed,1.8737,0.9273,0.9795,1.1083,0.0,0.0,0.0,0.0,0.05,5.0,instance,26042,128.25,0.194805,44.0,18.81,9.0,0.0,40.0,17.1,0.0,0.0,35.403531,31.0,17.1,2,/Users/admin/Desktop/AMine/published_results/archive_v1_newformat_2026-05-13/results_doe_scholl_l36,/Users/admin/Desktop/AMine/published_results/archive_v1_newformat_2026-05-13/results_doe_scholl_l36/solutions/Scholl_MERTENS_c26/run_info.json
results_doe_scholl_l36,Scholl_MERTENS,27,c27,Scholl_MERTENS_c27,Scholl,7,60.0,OK,2,2,1.0,1,2,,,,0.08,0.0,0.0,2026-04-22T18:33:54.569652,high,high,high,high,fixed,fixed,2.0907,0.9336,1.057,1.2767,0.0,0.0,0.0,0.0,0.05,5.0,instance,27042,150.15,0.230769,44.0,25.025,18.0,0.0,40.0,22.75,0.0,0.0,31.647472,22.0,22.75,2,/Users/admin/Desktop/AMine/published_results/archive_v1_newformat_2026-05-13/results_doe_scholl_l36,/Users/admin/Desktop/AMine/published_results/archive_v1_newformat_2026-05-13/results_doe_scholl_l36/solutions/Scholl_MERTENS_c27/run_info.json
results_doe_scholl_l36,Scholl_MERTENS,28,c28,Scholl_MERTENS_c28,Scholl,7,60.0,OK,2,2,1.0,1,1,,,,0.08,0.0,0.0,2026-04-22T18:33:54.653153,low,low,low,high,fixed,fixed,1.04,0.4429,0.9269,1.2802,0.0,0.0,0.0,0.0,0.05,5.0,instance,28042,106.5,0.194805,44.0,15.62,9.0,0.0,40.0,14.2,0.0,0.0,34.097507,31.0,14.2,2,/Users/admin/Desktop/AMine/published_results/archive_v1_newformat_2026-05-13/results_doe_scholl_l36,/Users/admin/Desktop/AMine/published_results/archive_v1_newformat_2026-05-13/results_doe_scholl_l36/solutions/Scholl_MERTENS_c28/run_info.json
results_doe_scholl_l36,Scholl_MERTENS,29,c29,Scholl_MERTENS_c29,Scholl,7,60.0,OK,2,2,1.0,1,1,,,,0.08,0.0,0.0,2026-04-22T18:33:54.735444,low,mid,mid,low,fixed,fixed,0.8982,0.6384,0.9685,1.0482,0.0,0.0,0.0,0.0,0.05,5.0,instance,29042,101.625,0.194805,44.0,14.905,9.0,0.0,40.0,13.55,0.0,0.0,33.831975,31.0,13.55,2,/Users/admin/Desktop/AMine/published_results/archive_v1_newformat_2026-05-13/results_doe_scholl_l36,/Users/admin/Desktop/AMine/published_results/archive_v1_newformat_2026-05-13/results_doe_scholl_l36/solutions/Scholl_MERTENS_c29/run_info.json
results_doe_scholl_l36,Scholl_MERTENS,30,c30,Scholl_MERTENS_c30,Scholl,7,60.0,OK,2,2,1.0,1,1,,,,0.09,0.0,0.0,2026-04-22T18:33:54.822811,low,high,high,mid,fixed,fixed,0.9602,0.9094,1.0554,1.1192,0.0,0.0,0.0,0.0,0.05,5.0,instance,30042,101.625,0.194805,44.0,14.905,9.0,0.0,40.0,13.55,0.0,0.0,33.831975,31.0,13.55,2,/Users/admin/Desktop/AMine/published_results/archive_v1_newformat_2026-05-13/results_doe_scholl_l36,/Users/admin/Desktop/AMine/published_results/archive_v1_newformat_2026-05-13/results_doe_scholl_l36/solutions/Scholl_MERTENS_c30/run_info.json
results_doe_scholl_l36,Scholl_MERTENS,31,c31,Scholl_MERTENS_c31,Scholl,7,60.0,OK,2,2,1.0,1,1,,,,0.08,0.0,0.0,2026-04-22T18:33:54.906418,mid,low,high,low,fixed,fixed,1.3309,0.3207,1.0609,1.0614,0.0,0.0,0.0,0.0,0.05,5.0,instance,31042,119.625,0.194805,44.0,17.545,9.0,0.0,40.0,15.95,0.0,0.0,34.862623,31.0,15.95,2,/Users/admin/Desktop/AMine/published_results/archive_v1_newformat_2026-05-13/results_doe_scholl_l36,/Users/admin/Desktop/AMine/published_results/archive_v1_newformat_2026-05-13/results_doe_scholl_l36/solutions/Scholl_MERTENS_c31/run_info.json
results_doe_scholl_l36,Scholl_MERTENS,32,c32,Scholl_MERTENS_c32,Scholl,7,60.0,OK,2,2,1.0,1,1,,,,0.08,0.0,0.0,2026-04-22T18:33:54.988919,mid,mid,low,mid,fixed,fixed,1.3917,0.6921,0.8776,1.2018,0.0,0.0,0.0,0.0,0.05,5.0,instance,32042,111.375,0.194805,44.0,16.335,9.0,0.0,40.0,14.85,0.0,0.0,34.373282,31.0,14.85,2,/Users/admin/Desktop/AMine/published_results/archive_v1_newformat_2026-05-13/results_doe_scholl_l36,/Users/admin/Desktop/AMine/published_results/archive_v1_newformat_2026-05-13/results_doe_scholl_l36/solutions/Scholl_MERTENS_c32/run_info.json
results_doe_scholl_l36,Scholl_MERTENS,33,c33,Scholl_MERTENS_c33,Scholl,7,60.0,OK,2,2,1.0,1,1,,,,0.08,0.0,0.0,2026-04-22T18:33:55.071612,mid,high,mid,high,fixed,fixed,1.2846,0.8523,1.0496,1.4421,0.0,0.0,0.0,0.0,0.05,5.0,instance,33042,104.625,0.194805,44.0,15.345,9.0,0.0,40.0,13.95,0.0,0.0,33.994154,31.0,13.95,2,/Users/admin/Desktop/AMine/published_results/archive_v1_newformat_2026-05-13/results_doe_scholl_l36,/Users/admin/Desktop/AMine/published_results/archive_v1_newformat_2026-05-13/results_doe_scholl_l36/solutions/Scholl_MERTENS_c33/run_info.json
results_doe_scholl_l36,Scholl_MERTENS,34,c34,Scholl_MERTENS_c34,Scholl,7,60.0,OK,2,2,1.0,1,2,,,,0.08,0.0,0.0,2026-04-22T18:33:55.155202,high,low,mid,low,fixed,fixed,2.3713,0.414,0.9943,1.0725,0.0,0.0,0.0,0.0,0.05,5.0,instance,34042,167.64,0.230769,44.0,27.94,18.0,0.0,40.0,25.4,0.0,0.0,33.602976,22.0,25.4,2,/Users/admin/Desktop/AMine/published_results/archive_v1_newformat_2026-05-13/results_doe_scholl_l36,/Users/admin/Desktop/AMine/published_results/archive_v1_newformat_2026-05-13/results_doe_scholl_l36/solutions/Scholl_MERTENS_c34/run_info.json
results_doe_scholl_l36,Scholl_MERTENS,35,c35,Scholl_MERTENS_c35,Scholl,7,60.0,OK,2,2,1.0,1,1,,,,0.08,0.0,0.0,2026-04-22T18:33:55.237026,high,mid,high,mid,fixed,fixed,1.9472,0.6155,1.0562,1.2066,0.0,0.0,0.0,0.0,0.05,5.0,instance,35042,143.25,0.194805,44.0,21.01,9.0,0.0,40.0,19.1,0.0,0.0,36.411674,31.0,19.1,2,/Users/admin/Desktop/AMine/published_results/archive_v1_newformat_2026-05-13/results_doe_scholl_l36,/Users/admin/Desktop/AMine/published_results/archive_v1_newformat_2026-05-13/results_doe_scholl_l36/solutions/Scholl_MERTENS_c35/run_info.json
results_doe_scholl_l36,Scholl_MERTENS,36,c36,Scholl_MERTENS_c36,Scholl,7,60.0,OK,2,2,1.0,1,2,,,,0.08,0.0,0.0,2026-04-22T18:33:55.320908,high,high,low,high,fixed,fixed,2.3652,0.8329,0.9469,1.2972,0.0,0.0,0.0,0.0,0.05,5.0,instance,36042,154.44,0.230769,44.0,25.74,18.0,0.0,40.0,23.4,0.0,0.0,32.117908,22.0,23.4,2,/Users/admin/Desktop/AMine/published_results/archive_v1_newformat_2026-05-13/results_doe_scholl_l36,/Users/admin/Desktop/AMine/published_results/archive_v1_newformat_2026-05-13/results_doe_scholl_l36/solutions/Scholl_MERTENS_c36/run_info.json
results_doe_scholl_l36,Scholl_MITCHELL,1,c01,Scholl_MITCHELL_c01,Scholl,21,60.0,OK,4,4,1.0,1,2,,,,6.31,0.0,0.0,2026-04-22T18:34:25.946950,low,low,low,low,fixed,fixed,0.9394,0.3558,0.9076,1.0747,0.0,0.0,0.0,0.0,0.05,5.0,instance,1042,1394.05,0.467214,88.0,42.625,18.0,0.0,80.0,38.75,19.74109,0.454112,73.113354,62.0,38.75,4,/Users/admin/Desktop/AMine/published_results/archive_v1_newformat_2026-05-13/results_doe_scholl_l36,/Users/admin/Desktop/AMine/published_results/archive_v1_newformat_2026-05-13/results_doe_scholl_l36/solutions/Scholl_MITCHELL_c01/run_info.json
results_doe_scholl_l36,Scholl_MITCHELL,2,c02,Scholl_MITCHELL_c02,Scholl,21,60.0,OK,4,4,1.0,1,2,,,,6.33,0.0,0.0,2026-04-22T18:34:32.276875,low,low,mid,mid,fixed,fixed,0.9834,0.344,1.0293,1.1083,0.0,0.0,0.0,0.0,0.05,5.0,instance,2042,1413.05,0.461668,88.0,43.725,18.0,0.0,80.0,39.75,20.89523,0.477215,73.648235,62.0,39.75,4,/Users/admin/Desktop/AMine/published_results/archive_v1_newformat_2026-05-13/results_doe_scholl_l36,/Users/admin/Desktop/AMine/published_results/archive_v1_newformat_2026-05-13/results_doe_scholl_l36/solutions/Scholl_MITCHELL_c02/run_info.json
results_doe_scholl_l36,Scholl_MITCHELL,3,c03,Scholl_MITCHELL_c03,Scholl,21,60.0,OK,4,4,1.0,1,2,,,,5.41,0.0,0.0,2026-04-22T18:34:37.688100,low,low,high,high,fixed,fixed,0.8528,0.4373,1.0988,1.4043,0.0,0.0,0.0,0.0,0.05,5.0,instance,3042,1256.2,0.452546,88.0,39.655,18.0,0.0,80.0,36.05,19.5378,0.463507,71.718913,62.0,36.05,4,/Users/admin/Desktop/AMine/published_results/archive_v1_newformat_2026-05-13/results_doe_scholl_l36,/Users/admin/Desktop/AMine/published_results/archive_v1_newformat_2026-05-13/results_doe_scholl_l36/solutions/Scholl_MITCHELL_c03/run_info.json
results_doe_scholl_l36,Scholl_MITCHELL,4,c04,Scholl_MITCHELL_c04,Scholl,21,60.0,OK,3,3,1.0,2,2,,,,5.11,0.0,0.0,2026-04-22T18:34:42.804335,low,mid,low,low,fixed,fixed,0.8744,0.6218,0.8695,1.0674,0.0,0.0,0.0,0.0,0.05,5.0,instance,4042,1283.8,0.439334,88.0,41.745,18.0,0.0,80.0,37.95,4.705405,0.057999,72.69252,62.0,37.95,3,/Users/admin/Desktop/AMine/published_results/archive_v1_newformat_2026-05-13/results_doe_scholl_l36,/Users/admin/Desktop/AMine/published_results/archive_v1_newformat_2026-05-13/results_doe_scholl_l36/solutions/Scholl_MITCHELL_c04/run_info.json
results_doe_scholl_l36,Scholl_MITCHELL,5,c05,Scholl_MITCHELL_c05,Scholl,21,60.0,OK,3,3,1.0,2,2,,,,5.73,0.0,0.0,2026-04-22T18:34:48.532847,low,mid,mid,mid,fixed,fixed,0.9108,0.6475,1.0222,1.2157,0.0,0.0,0.0,0.0,0.05,5.0,instance,5042,1237.1,0.436582,88.0,40.48,18.0,0.0,80.0,36.8,4.272392,0.051981,72.098821,62.0,36.8,3,/Users/admin/Desktop/AMine/published_results/archive_v1_newformat_2026-05-13/results_doe_scholl_l36,/Users/admin/Desktop/AMine/published_results/archive_v1_newformat_2026-05-13/results_doe_scholl_l36/solutions/Scholl_MITCHELL_c05/run_info.json
results_doe_scholl_l36,Scholl_MITCHELL,6,c06,Scholl_MITCHELL_c06,Scholl,21,60.0,OK,3,3,1.0,2,2,,,,3.93,0.0,0.0,2026-04-22T18:34:52.465996,low,mid,high,high,fixed,fixed,0.8927,0.683,1.0787,1.3674,0.0,0.0,0.0,0.0,0.05,5.0,instance,6042,1252.1,0.430186,88.0,41.58,18.0,0.0,80.0,37.8,3.695042,0.045621,72.614324,62.0,37.8,3,/Users/admin/Desktop/AMine/published_results/archive_v1_newformat_2026-05-13/results_doe_scholl_l36,/Users/admin/Desktop/AMine/published_results/archive_v1_newformat_2026-05-13/results_doe_scholl_l36/solutions/Scholl_MITCHELL_c06/run_info.json
results_doe_scholl_l36,Scholl_MITCHELL,7,c07,Scholl_MITCHELL_c07,Scholl,21,60.0,OK,3,3,1.0,2,2,,,,5.05,0.0,0.0,2026-04-22T18:34:57.513229,low,high,low,mid,fixed,fixed,0.9362,0.9438,0.8866,1.2229,0.0,0.0,0.0,0.0,0.05,5.0,instance,7042,1249.8,0.429965,88.0,41.525,18.0,0.0,80.0,37.75,3.666174,0.045241,72.588308,62.0,37.75,3,/Users/admin/Desktop/AMine/published_results/archive_v1_newformat_2026-05-13/results_doe_scholl_l36,/Users/admin/Desktop/AMine/published_results/archive_v1_newformat_2026-05-13/results_doe_scholl_l36/solutions/Scholl_MITCHELL_c07/run_info.json
results_doe_scholl_l36,Scholl_MITCHELL,8,c08,Scholl_MITCHELL_c08,Scholl,21,60.0,OK,3,3,1.0,2,3,,,,4.82,0.0,0.0,2026-04-22T18:35:02.332417,low,high,mid,high,fixed,fixed,1.0505,0.8473,1.0424,1.2626,0.0,0.0,0.0,0.0,0.05,5.0,instance,8042,1521.67,0.496229,88.0,50.27,27.0,0.0,80.0,45.7,1.096966,0.004145,69.982069,53.0,45.7,3,/Users/admin/Desktop/AMine/published_results/archive_v1_newformat_2026-05-13/results_doe_scholl_l36,/Users/admin/Desktop/AMine/published_results/archive_v1_newformat_2026-05-13/results_doe_scholl_l36/solutions/Scholl_MITCHELL_c08/run_info.json
results_doe_scholl_l36,Scholl_MITCHELL,9,c09,Scholl_MITCHELL_c09,Scholl,21,60.0,OK,3,3,1.0,2,2,,,,4.59,0.0,0.0,2026-04-22T18:35:06.927349,low,high,high,low,fixed,fixed,0.9557,0.8926,1.0718,1.0926,0.0,0.0,0.0,0.0,0.05,5.0,instance,9042,1340.25,0.437883,88.0,43.725,18.0,0.0,80.0,39.75,4.76314,0.059925,73.648235,62.0,39.75,3,/Users/admin/Desktop/AMine/published_results/archive_v1_newformat_2026-05-13/results_doe_scholl_l36,/Users/admin/Desktop/AMine/published_results/archive_v1_newformat_2026-05-13/results_doe_scholl_l36/solutions/Scholl_MITCHELL_c09/run_info.json
results_doe_scholl_l36,Scholl_MITCHELL,10,c10,Scholl_MITCHELL_c10,Scholl,21,60.0,OK,3,3,1.0,1,3,,,,4.84,0.0,0.0,2026-04-22T18:35:11.772684,mid,low,low,high,fixed,fixed,1.4658,0.372,0.94,1.3116,0.0,0.0,0.0,0.0,0.05,5.0,instance,10042,2029.72,0.533495,88.0,62.37,27.0,0.0,80.0,56.7,1.962991,0.019996,77.613723,53.0,56.7,3,/Users/admin/Desktop/AMine/published_results/archive_v1_newformat_2026-05-13/results_doe_scholl_l36,/Users/admin/Desktop/AMine/published_results/archive_v1_newformat_2026-05-13/results_doe_scholl_l36/solutions/Scholl_MITCHELL_c10/run_info.json
results_doe_scholl_l36,Scholl_MITCHELL,11,c11,Scholl_MITCHELL_c11,Scholl,21,60.0,OK,4,4,1.0,1,3,,,,13.87,0.0,0.0,2026-04-22T18:35:25.646838,mid,low,mid,low,fixed,fixed,1.2026,0.3344,1.0209,1.0523,0.0,0.0,0.0,0.0,0.05,5.0,instance,11042,1714.41,0.531187,88.0,52.91,27.0,0.0,80.0,48.1,22.80893,0.522452,71.572411,53.0,48.1,4,/Users/admin/Desktop/AMine/published_results/archive_v1_newformat_2026-05-13/results_doe_scholl_l36,/Users/admin/Desktop/AMine/published_results/archive_v1_newformat_2026-05-13/results_doe_scholl_l36/solutions/Scholl_MITCHELL_c11/run_info.json
results_doe_scholl_l36,Scholl_MITCHELL,12,c12,Scholl_MITCHELL_c12,Scholl,21,60.0,OK,3,3,1.0,1,3,,,,4.28,0.0,0.0,2026-04-22T18:35:29.927167,mid,low,high,mid,fixed,fixed,1.5761,0.4488,1.0659,1.182,0.0,0.0,0.0,0.0,0.05,5.0,instance,12042,2174.175,0.546869,88.0,65.175,27.0,0.0,80.0,59.25,0.144338,0.017535,79.495676,53.0,59.25,3,/Users/admin/Desktop/AMine/published_results/archive_v1_newformat_2026-05-13/results_doe_scholl_l36,/Users/admin/Desktop/AMine/published_results/archive_v1_newformat_2026-05-13/results_doe_scholl_l36/solutions/Scholl_MITCHELL_c12/run_info.json
results_doe_scholl_l9,Scholl_ARC111,1,c01,Scholl_ARC111_c01,Scholl,111,6000.0,OK,1,1,1.0,24,24,,,,1679.96,0.0,0.0,2026-04-23T20:21:25.360612,low,low,low,low,fixed,fixed,0.9394,0.3558,0.9076,1.0747,0.0,0.0,0.0,0.0,0.05,5.0,instance,1042,921.6,1.0,1056.0,9.6,960.0,0.0,960.0,0.0,0.0,1.0,0.0,0.0,0.0,1,/Users/admin/Desktop/AMine/published_results/archive_v1_newformat_2026-05-13/results_doe_scholl_l9,/Users/admin/Desktop/AMine/published_results/archive_v1_newformat_2026-05-13/results_doe_scholl_l9/solutions/Scholl_ARC111_c01/run_info.json
results_doe_scholl_l9,Scholl_ARC111,2,c02,Scholl_ARC111_c02,Scholl,111,6000.0,OK,1,1,1.0,23,23,,,,2327.34,0.0,0.0,2026-04-23T21:00:12.707300,low,mid,mid,mid,fixed,fixed,0.9834,0.594,1.0293,1.1083,0.0,0.0,0.0,0.0,0.05,5.0,instance,2042,846.4,1.0,1012.0,9.2,920.0,0.0,920.0,0.0,0.0,1.0,0.0,0.0,0.0,1,/Users/admin/Desktop/AMine/published_results/archive_v1_newformat_2026-05-13/results_doe_scholl_l9,/Users/admin/Desktop/AMine/published_results/archive_v1_newformat_2026-05-13/results_doe_scholl_l9/solutions/Scholl_ARC111_c02/run_info.json
results_doe_scholl_l9,Scholl_ARC111,3,c03,Scholl_ARC111_c03,Scholl,111,6000.0,OK,1,1,1.0,18,18,,,,2266.25,0.0,0.0,2026-04-23T21:37:58.961914,low,high,high,high,fixed,fixed,0.8528,0.9373,1.0988,1.4043,0.0,0.0,0.0,0.0,0.05,5.0,instance,3042,518.4,1.0,792.0,7.2,720.0,0.0,720.0,0.0,0.0,1.0,0.0,0.0,0.0,1,/Users/admin/Desktop/AMine/published_results/archive_v1_newformat_2026-05-13/results_doe_scholl_l9,/Users/admin/Desktop/AMine/published_results/archive_v1_newformat_2026-05-13/results_doe_scholl_l9/solutions/Scholl_ARC111_c03/run_info.json
results_doe_scholl_l9,Scholl_ARC111,4,c04,Scholl_ARC111_c04,Scholl,111,6000.0,OK,1,1,1.0,15,15,,,,1422.38,0.0,0.0,2026-04-23T22:01:41.346271,mid,low,mid,high,fixed,fixed,1.239,0.3718,0.9695,1.3848,0.0,0.0,0.0,0.0,0.05,5.0,instance,4042,360.0,1.0,660.0,6.0,600.0,0.0,600.0,0.0,0.0,1.0,0.0,0.0,0.0,1,/Users/admin/Desktop/AMine/published_results/archive_v1_newformat_2026-05-13/results_doe_scholl_l9,/Users/admin/Desktop/AMine/published_results/archive_v1_newformat_2026-05-13/results_doe_scholl_l9/solutions/Scholl_ARC111_c04/run_info.json
results_doe_scholl_l9,Scholl_ARC111,5,c05,Scholl_ARC111_c05,Scholl,111,6000.0,OK,1,1,1.0,18,18,,,,2283.23,0.0,0.0,2026-04-23T22:39:44.581176,mid,mid,high,low,fixed,fixed,1.2972,0.6475,1.0861,1.0772,0.0,0.0,0.0,0.0,0.05,5.0,instance,5042,518.4,1.0,792.0,7.2,720.0,0.0,720.0,0.0,0.0,1.0,0.0,0.0,0.0,1,/Users/admin/Desktop/AMine/published_results/archive_v1_newformat_2026-05-13/results_doe_scholl_l9,/Users/admin/Desktop/AMine/published_results/archive_v1_newformat_2026-05-13/results_doe_scholl_l9/solutions/Scholl_ARC111_c05/run_info.json
results_doe_scholl_l9,Scholl_ARC111,6,c06,Scholl_ARC111_c06,Scholl,111,6000.0,OK,1,1,1.0,17,17,,,,1461.11,0.0,0.0,2026-04-23T23:04:05.703260,mid,high,low,mid,fixed,fixed,1.2683,0.933,0.9073,1.188,0.0,0.0,0.0,0.0,0.05,5.0,instance,6042,462.4,1.0,748.0,6.8,680.0,0.0,680.0,0.0,0.0,1.0,0.0,0.0,0.0,1,/Users/admin/Desktop/AMine/published_results/archive_v1_newformat_2026-05-13/results_doe_scholl_l9,/Users/admin/Desktop/AMine/published_results/archive_v1_newformat_2026-05-13/results_doe_scholl_l9/solutions/Scholl_ARC111_c06/run_info.json
results_doe_scholl_l9,Scholl_ARC111,7,c07,Scholl_ARC111_c07,Scholl,111,6000.0,OK,1,1,1.0,11,11,,,,1337.59,0.0,0.0,2026-04-23T23:26:23.295390,high,low,high,mid,fixed,fixed,2.0414,0.4438,1.0683,1.2229,0.0,0.0,0.0,0.0,0.05,5.0,instance,7042,193.6,1.0,484.0,4.4,440.0,0.0,440.0,0.0,0.0,1.0,0.0,0.0,0.0,1,/Users/admin/Desktop/AMine/published_results/archive_v1_newformat_2026-05-13/results_doe_scholl_l9,/Users/admin/Desktop/AMine/published_results/archive_v1_newformat_2026-05-13/results_doe_scholl_l9/solutions/Scholl_ARC111_c07/run_info.json
results_doe_scholl_l9,Scholl_ARC111,8,c08,Scholl_ARC111_c08,Scholl,111,6000.0,OK,1,1,1.0,9,9,,,,2433.5,0.0,0.0,2026-04-24T00:06:56.800354,high,mid,low,high,fixed,fixed,2.3614,0.5973,0.9424,1.2626,0.0,0.0,0.0,0.0,0.05,5.0,instance,8042,129.6,1.0,396.0,3.6,360.0,0.0,360.0,0.0,0.0,1.0,0.0,0.0,0.0,1,/Users/admin/Desktop/AMine/published_results/archive_v1_newformat_2026-05-13/results_doe_scholl_l9,/Users/admin/Desktop/AMine/published_results/archive_v1_newformat_2026-05-13/results_doe_scholl_l9/solutions/Scholl_ARC111_c08/run_info.json
results_doe_scholl_l9,Scholl_ARC111,9,c09,Scholl_ARC111_c09,Scholl,111,6000.0,OK,1,1,1.0,11,11,,,,1380.21,0.0,0.0,2026-04-24T00:29:57.011600,high,high,mid,low,fixed,fixed,2.0961,0.8926,0.9936,1.0926,0.0,0.0,0.0,0.0,0.05,5.0,instance,9042,193.6,1.0,484.0,4.4,440.0,0.0,440.0,0.0,0.0,1.0,0.0,0.0,0.0,1,/Users/admin/Desktop/AMine/published_results/archive_v1_newformat_2026-05-13/results_doe_scholl_l9,/Users/admin/Desktop/AMine/published_results/archive_v1_newformat_2026-05-13/results_doe_scholl_l9/solutions/Scholl_ARC111_c09/run_info.json
results_doe_scholl_l9,Scholl_ARC83,1,c01,Scholl_ARC83_c01,Scholl,83,6000.0,OK,1,1,1.0,13,13,,,,630.06,0.0,0.0,2026-04-23T15:09:09.005039,low,low,low,low,fixed,fixed,0.9394,0.3558,0.9076,1.0747,0.0,0.0,0.0,0.0,0.05,5.0,instance,1042,270.4,1.0,572.0,5.2,520.0,0.0,520.0,0.0,0.0,1.0,0.0,0.0,0.0,1,/Users/admin/Desktop/AMine/published_results/archive_v1_newformat_2026-05-13/results_doe_scholl_l9,/Users/admin/Desktop/AMine/published_results/archive_v1_newformat_2026-05-13/results_doe_scholl_l9/solutions/Scholl_ARC83_c01/run_info.json
results_doe_scholl_l9,Scholl_ARC83,2,c02,Scholl_ARC83_c02,Scholl,83,6000.0,OK,1,1,1.0,13,13,,,,629.28,0.0,0.0,2026-04-23T15:19:38.289402,low,mid,mid,mid,fixed,fixed,0.9834,0.594,1.0293,1.1083,0.0,0.0,0.0,0.0,0.05,5.0,instance,2042,270.4,1.0,572.0,5.2,520.0,0.0,520.0,0.0,0.0,1.0,0.0,0.0,0.0,1,/Users/admin/Desktop/AMine/published_results/archive_v1_newformat_2026-05-13/results_doe_scholl_l9,/Users/admin/Desktop/AMine/published_results/archive_v1_newformat_2026-05-13/results_doe_scholl_l9/solutions/Scholl_ARC83_c02/run_info.json
results_doe_scholl_l9,Scholl_ARC83,3,c03,Scholl_ARC83_c03,Scholl,83,6000.0,OK,1,1,1.0,13,13,,,,629.49,0.0,0.0,2026-04-23T15:30:07.787083,low,high,high,high,fixed,fixed,0.8528,0.9373,1.0988,1.4043,0.0,0.0,0.0,0.0,0.05,5.0,instance,3042,270.4,1.0,572.0,5.2,520.0,0.0,520.0,0.0,0.0,1.0,0.0,0.0,0.0,1,/Users/admin/Desktop/AMine/published_results/archive_v1_newformat_2026-05-13/results_doe_scholl_l9,/Users/admin/Desktop/AMine/published_results/archive_v1_newformat_2026-05-13/results_doe_scholl_l9/solutions/Scholl_ARC83_c03/run_info.json
results_doe_scholl_l9,Scholl_ARC83,4,c04,Scholl_ARC83_c04,Scholl,83,6000.0,OK,1,1,1.0,12,12,,,,631.12,0.0,0.0,2026-04-23T15:40:38.912622,mid,low,mid,high,fixed,fixed,1.239,0.3718,0.9695,1.3848,0.0,0.0,0.0,0.0,0.05,5.0,instance,4042,230.4,1.0,528.0,4.8,480.0,0.0,480.0,0.0,0.0,1.0,0.0,0.0,0.0,1,/Users/admin/Desktop/AMine/published_results/archive_v1_newformat_2026-05-13/results_doe_scholl_l9,/Users/admin/Desktop/AMine/published_results/archive_v1_newformat_2026-05-13/results_doe_scholl_l9/solutions/Scholl_ARC83_c04/run_info.json
results_doe_scholl_l9,Scholl_ARC83,5,c05,Scholl_ARC83_c05,Scholl,83,6000.0,OK,1,1,1.0,13,13,,,,629.16,0.0,0.0,2026-04-23T15:51:08.079429,mid,mid,high,low,fixed,fixed,1.2972,0.6475,1.0861,1.0772,0.0,0.0,0.0,0.0,0.05,5.0,instance,5042,270.4,1.0,572.0,5.2,520.0,0.0,520.0,0.0,0.0,1.0,0.0,0.0,0.0,1,/Users/admin/Desktop/AMine/published_results/archive_v1_newformat_2026-05-13/results_doe_scholl_l9,/Users/admin/Desktop/AMine/published_results/archive_v1_newformat_2026-05-13/results_doe_scholl_l9/solutions/Scholl_ARC83_c05/run_info.json
results_doe_scholl_l9,Scholl_ARC83,6,c06,Scholl_ARC83_c06,Scholl,83,6000.0,OK,1,1,1.0,13,13,,,,629.23,0.0,0.0,2026-04-23T16:01:37.308603,mid,high,low,mid,fixed,fixed,1.2683,0.933,0.9073,1.188,0.0,0.0,0.0,0.0,0.05,5.0,instance,6042,270.4,1.0,572.0,5.2,520.0,0.0,520.0,0.0,0.0,1.0,0.0,0.0,0.0,1,/Users/admin/Desktop/AMine/published_results/archive_v1_newformat_2026-05-13/results_doe_scholl_l9,/Users/admin/Desktop/AMine/published_results/archive_v1_newformat_2026-05-13/results_doe_scholl_l9/solutions/Scholl_ARC83_c06/run_info.json
results_doe_scholl_l9,Scholl_ARC83,7,c07,Scholl_ARC83_c07,Scholl,83,6000.0,OK,1,1,1.0,8,8,,,,628.03,0.0,0.0,2026-04-23T16:12:05.343836,high,low,high,mid,fixed,fixed,2.0414,0.4438,1.0683,1.2229,0.0,0.0,0.0,0.0,0.05,5.0,instance,7042,102.4,1.0,352.0,3.2,320.0,0.0,320.0,0.0,0.0,1.0,0.0,0.0,0.0,1,/Users/admin/Desktop/AMine/published_results/archive_v1_newformat_2026-05-13/results_doe_scholl_l9,/Users/admin/Desktop/AMine/published_results/archive_v1_newformat_2026-05-13/results_doe_scholl_l9/solutions/Scholl_ARC83_c07/run_info.json
results_doe_scholl_l9,Scholl_ARC83,8,c08,Scholl_ARC83_c08,Scholl,83,6000.0,OK,1,1,1.0,7,7,,,,773.21,0.0,0.0,2026-04-23T16:24:58.559152,high,mid,low,high,fixed,fixed,2.3614,0.5973,0.9424,1.2626,0.0,0.0,0.0,0.0,0.05,5.0,instance,8042,78.4,1.0,308.0,2.8,280.0,0.0,280.0,0.0,0.0,1.0,0.0,0.0,0.0,1,/Users/admin/Desktop/AMine/published_results/archive_v1_newformat_2026-05-13/results_doe_scholl_l9,/Users/admin/Desktop/AMine/published_results/archive_v1_newformat_2026-05-13/results_doe_scholl_l9/solutions/Scholl_ARC83_c08/run_info.json
results_doe_scholl_l9,Scholl_ARC83,9,c09,Scholl_ARC83_c09,Scholl,83,6000.0,OK,1,1,1.0,9,9,,,,722.34,0.0,0.0,2026-04-23T16:37:00.907491,high,high,mid,low,fixed,fixed,2.0961,0.8926,0.9936,1.0926,0.0,0.0,0.0,0.0,0.05,5.0,instance,9042,129.6,1.0,396.0,3.6,360.0,0.0,360.0,0.0,0.0,1.0,0.0,0.0,0.0,1,/Users/admin/Desktop/AMine/published_results/archive_v1_newformat_2026-05-13/results_doe_scholl_l9,/Users/admin/Desktop/AMine/published_results/archive_v1_newformat_2026-05-13/results_doe_scholl_l9/solutions/Scholl_ARC83_c09/run_info.json
results_doe_scholl_l9,Scholl_BUXEY,1,c01,Scholl_BUXEY_c01,Scholl,29,60.0,OK,7,2,0.285714,3,6,,,,1820.1,39.7009,82.6634,2026-04-22T19:09:26.229621,low,low,low,low,fixed,fixed,0.9394,0.3558,0.9076,1.0747,0.0,0.0,0.0,0.0,0.05,5.0,instance,1042,16059.25,0.716338,264.0,106.755,54.0,0.0,240.0,97.05,3.999628,0.056957,209.796812,186.0,97.05,7,/Users/admin/Desktop/AMine/published_results/archive_v1_newformat_2026-05-13/results_doe_scholl_l9,/Users/admin/Desktop/AMine/published_results/archive_v1_newformat_2026-05-13/results_doe_scholl_l9/solutions/Scholl_BUXEY_c01/run_info.json
results_doe_scholl_l9,Scholl_BUXEY,2,c02,Scholl_BUXEY_c02,Scholl,29,60.0,OK,7,2,0.285714,4,6,,,,2722.67,40.6919,85.3191,2026-04-22T19:54:48.900920,low,mid,mid,mid,fixed,fixed,0.9834,0.594,1.0293,1.1083,0.0,0.0,0.0,0.0,0.05,5.0,instance,2042,14252.05,0.612075,264.0,110.88,54.0,0.0,240.0,100.8,3.60494,0.02757,211.557652,186.0,100.8,7,/Users/admin/Desktop/AMine/published_results/archive_v1_newformat_2026-05-13/results_doe_scholl_l9,/Users/admin/Desktop/AMine/published_results/archive_v1_newformat_2026-05-13/results_doe_scholl_l9/solutions/Scholl_BUXEY_c02/run_info.json
results_doe_scholl_l9,Scholl_BUXEY,3,c03,Scholl_BUXEY_c03,Scholl,29,60.0,OK,11,2,0.181818,5,6,,,,2744.11,59.536,99.8793,2026-04-22T20:40:33.015657,low,high,high,high,fixed,fixed,0.8528,0.9373,1.0988,1.4043,0.0,0.0,0.0,0.0,0.05,5.0,instance,3042,12647.685,0.572851,264.0,100.815,45.0,0.0,240.0,91.65,19.054068,0.623808,215.46397,195.0,91.65,11,/Users/admin/Desktop/AMine/published_results/archive_v1_newformat_2026-05-13/results_doe_scholl_l9,/Users/admin/Desktop/AMine/published_results/archive_v1_newformat_2026-05-13/results_doe_scholl_l9/solutions/Scholl_BUXEY_c03/run_info.json
results_doe_scholl_l9,Scholl_BUXEY,4,c04,Scholl_BUXEY_c04,Scholl,29,60.0,OK,7,5,0.714286,3,7,,,,1673.05,23.0714,91.0292,2026-04-22T21:08:26.072736,mid,low,mid,high,fixed,fixed,1.239,0.3718,0.9695,1.3848,0.0,0.0,0.0,0.0,0.05,5.0,instance,4042,20971.87,0.757607,264.0,137.72,63.0,0.0,240.0,125.2,7.46014,0.091519,216.804151,177.0,125.2,7,/Users/admin/Desktop/AMine/published_results/archive_v1_newformat_2026-05-13/results_doe_scholl_l9,/Users/admin/Desktop/AMine/published_results/archive_v1_newformat_2026-05-13/results_doe_scholl_l9/solutions/Scholl_BUXEY_c04/run_info.json
results_doe_scholl_l9,Scholl_BUXEY,5,c05,Scholl_BUXEY_c05,Scholl,29,60.0,OK,8,1,0.125,5,8,,,,3621.25,54.9518,97.4282,2026-04-22T22:08:47.324088,mid,mid,high,low,fixed,fixed,1.2972,0.6475,1.0861,1.0772,0.0,0.0,0.0,0.0,0.05,5.0,instance,5042,16196.45,0.617205,264.0,136.675,72.0,0.0,240.0,124.25,18.003213,0.235859,208.95469,168.0,124.25,8,/Users/admin/Desktop/AMine/published_results/archive_v1_newformat_2026-05-13/results_doe_scholl_l9,/Users/admin/Desktop/AMine/published_results/archive_v1_newformat_2026-05-13/results_doe_scholl_l9/solutions/Scholl_BUXEY_c05/run_info.json
results_doe_scholl_l9,Scholl_BUXEY,6,c06,Scholl_BUXEY_c06,Scholl,29,60.0,OK,8,1,0.125,6,8,,,,3323.22,63.3606,99.9748,2026-04-22T23:04:10.544975,mid,high,low,mid,fixed,fixed,1.2683,0.933,0.9073,1.188,0.0,0.0,0.0,0.0,0.05,5.0,instance,6042,16455.25,0.600486,264.0,142.725,72.0,0.0,240.0,129.75,18.563843,0.240025,212.2712,168.0,129.75,8,/Users/admin/Desktop/AMine/published_results/archive_v1_newformat_2026-05-13/results_doe_scholl_l9,/Users/admin/Desktop/AMine/published_results/archive_v1_newformat_2026-05-13/results_doe_scholl_l9/solutions/Scholl_BUXEY_c06/run_info.json
results_doe_scholl_l9,Scholl_BUXEY,7,c07,Scholl_BUXEY_c07,Scholl,29,60.0,OK,5,2,0.4,3,7,,,,939.29,33.6925,77.2622,2026-04-22T23:19:49.841506,high,low,high,mid,fixed,fixed,2.0414,0.4438,1.0683,1.2229,0.0,0.0,0.0,0.0,0.05,5.0,instance,7042,12292.162,0.753163,220.0,134.882,99.0,0.0,200.0,122.62,8.543397,0.193841,158.860519,101.0,122.62,5,/Users/admin/Desktop/AMine/published_results/archive_v1_newformat_2026-05-13/results_doe_scholl_l9,/Users/admin/Desktop/AMine/published_results/archive_v1_newformat_2026-05-13/results_doe_scholl_l9/solutions/Scholl_BUXEY_c07/run_info.json
results_doe_scholl_l9,Scholl_BUXEY,8,c08,Scholl_BUXEY_c08,Scholl,29,60.0,OK,7,3,0.428571,3,11,,,,1455.47,26.4285,58.7724,2026-04-22T23:44:05.315266,high,mid,low,high,fixed,fixed,2.3614,0.5973,0.9424,1.2626,0.0,0.0,0.0,0.0,0.05,5.0,instance,8042,23238.864,0.801492,220.0,239.624,99.0,0.0,200.0,217.84,30.812484,0.426478,240.115109,101.0,217.84,7,/Users/admin/Desktop/AMine/published_results/archive_v1_newformat_2026-05-13/results_doe_scholl_l9,/Users/admin/Desktop/AMine/published_results/archive_v1_newformat_2026-05-13/results_doe_scholl_l9/solutions/Scholl_BUXEY_c08/run_info.json
results_doe_scholl_l9,Scholl_BUXEY,9,c09,Scholl_BUXEY_c09,Scholl,29,60.0,OK,9,1,0.111111,6,12,,,,4540.29,76.4215,93.1278,2026-04-23T00:59:45.607381,high,high,mid,low,fixed,fixed,2.0961,0.8926,0.9936,1.0926,0.0,0.0,0.0,0.0,0.05,5.0,instance,9042,20844.84,0.612265,264.0,218.24,108.0,0.0,240.0,198.4,23.709505,0.408611,238.299308,132.0,198.4,9,/Users/admin/Desktop/AMine/published_results/archive_v1_newformat_2026-05-13/results_doe_scholl_l9,/Users/admin/Desktop/AMine/published_results/archive_v1_newformat_2026-05-13/results_doe_scholl_l9/solutions/Scholl_BUXEY_c09/run_info.json
results_doe_scholl_l9,Scholl_GUNTHER,1,c01,Scholl_GUNTHER_c01,Scholl,35,60.0,OK,11,2,0.181818,4,9,,,,5788.21,77.9922,100.0,2026-04-23T03:35:31.321847,low,low,low,low,fixed,fixed,0.9394,0.3558,0.9076,1.0747,0.0,0.0,0.0,0.0,0.05,5.0,instance,1042,34421.86,0.691601,396.0,153.615,72.0,0.0,360.0,139.65,11.745005,0.171142,320.072058,288.0,139.65,11,/Users/admin/Desktop/AMine/published_results/archive_v1_newformat_2026-05-13/results_doe_scholl_l9,/Users/admin/Desktop/AMine/published_results/archive_v1_newformat_2026-05-13/results_doe_scholl_l9/solutions/Scholl_GUNTHER_c01/run_info.json
results_doe_scholl_l9,Scholl_GUNTHER,2,c02,Scholl_GUNTHER_c02,Scholl,35,60.0,OK,11,1,0.090909,8,9,,,,5761.55,85.1379,100.0,2026-04-23T05:11:32.877901,low,mid,mid,mid,fixed,fixed,0.9834,0.594,1.0293,1.1083,0.0,0.0,0.0,0.0,0.05,5.0,instance,2042,30951.475,0.596103,396.0,164.835,81.0,0.0,360.0,149.85,14.947309,0.20227,316.695473,279.0,149.85,11,/Users/admin/Desktop/AMine/published_results/archive_v1_newformat_2026-05-13/results_doe_scholl_l9,/Users/admin/Desktop/AMine/published_results/archive_v1_newformat_2026-05-13/results_doe_scholl_l9/solutions/Scholl_GUNTHER_c02/run_info.json
results_doe_scholl_l9,Scholl_GUNTHER,3,c03,Scholl_GUNTHER_c03,Scholl,35,60.0,OK,11,2,0.181818,7,9,,,,5516.01,73.8216,100.0,2026-04-23T06:43:28.887981,low,high,high,high,fixed,fixed,0.8528,0.9373,1.0988,1.4043,0.0,0.0,0.0,0.0,0.05,5.0,instance,3042,28458.32,0.60241,396.0,145.805,72.0,0.0,360.0,132.55,13.807282,0.166142,317.038645,288.0,132.55,11,/Users/admin/Desktop/AMine/published_results/archive_v1_newformat_2026-05-13/results_doe_scholl_l9,/Users/admin/Desktop/AMine/published_results/archive_v1_newformat_2026-05-13/results_doe_scholl_l9/solutions/Scholl_GUNTHER_c03/run_info.json
results_doe_scholl_l9,Scholl_GUNTHER,4,c04,Scholl_GUNTHER_c04,Scholl,35,60.0,OK,8,2,0.25,3,9,,,,3386.81,65.3304,100.0,2026-04-23T07:39:55.703517,mid,low,mid,high,fixed,fixed,1.239,0.3718,0.9695,1.3848,0.0,0.0,0.0,0.0,0.05,5.0,instance,4042,31892.3975,0.737536,308.0,190.4925,81.0,0.0,280.0,173.175,7.994892,0.105275,263.800267,199.0,173.175,8,/Users/admin/Desktop/AMine/published_results/archive_v1_newformat_2026-05-13/results_doe_scholl_l9,/Users/admin/Desktop/AMine/published_results/archive_v1_newformat_2026-05-13/results_doe_scholl_l9/solutions/Scholl_GUNTHER_c04/run_info.json
results_doe_scholl_l9,Scholl_GUNTHER,5,c05,Scholl_GUNTHER_c05,Scholl,35,60.0,OK,5,1,0.2,8,9,,,,2719.48,79.9996,100.0,2026-04-23T08:25:15.188810,mid,mid,high,low,fixed,fixed,1.2972,0.6475,1.0861,1.0772,0.0,0.0,0.0,0.0,0.05,5.0,instance,5042,6673.475,0.627756,396.0,68.585,241.0,0.0,360.0,62.35,1.198228,0.05063,134.34479,119.0,62.35,5,/Users/admin/Desktop/AMine/published_results/archive_v1_newformat_2026-05-13/results_doe_scholl_l9,/Users/admin/Desktop/AMine/published_results/archive_v1_newformat_2026-05-13/results_doe_scholl_l9/solutions/Scholl_GUNTHER_c05/run_info.json
results_doe_scholl_l9,Scholl_GUNTHER,6,c06,Scholl_GUNTHER_c06,Scholl,35,60.0,OK,8,1,0.125,8,10,,,,3930.3,86.093,100.0,2026-04-23T09:30:45.494947,mid,high,low,mid,fixed,fixed,1.2683,0.933,0.9073,1.188,0.0,0.0,0.0,0.0,0.05,5.0,instance,6042,16271.62,0.575713,352.0,141.317,152.0,0.0,320.0,128.47,16.973721,0.201653,211.491231,168.0,128.47,8,/Users/admin/Desktop/AMine/published_results/archive_v1_newformat_2026-05-13/results_doe_scholl_l9,/Users/admin/Desktop/AMine/published_results/archive_v1_newformat_2026-05-13/results_doe_scholl_l9/solutions/Scholl_GUNTHER_c06/run_info.json
results_doe_scholl_l9,Scholl_GUNTHER,7,c07,Scholl_GUNTHER_c07,Scholl,35,60.0,OK,5,2,0.4,3,10,,,,941.73,51.321,100.0,2026-04-23T09:46:27.232601,high,low,high,mid,fixed,fixed,2.0414,0.4438,1.0683,1.2229,0.0,0.0,0.0,0.0,0.05,5.0,instance,7042,33038.205,0.826237,220.0,307.5875,90.0,0.0,200.0,279.625,71.058504,0.744787,300.483179,110.0,279.625,5,/Users/admin/Desktop/AMine/published_results/archive_v1_newformat_2026-05-13/results_doe_scholl_l9,/Users/admin/Desktop/AMine/published_results/archive_v1_newformat_2026-05-13/results_doe_scholl_l9/solutions/Scholl_GUNTHER_c07/run_info.json
results_doe_scholl_l9,Scholl_GUNTHER,8,c08,Scholl_GUNTHER_c08,Scholl,35,60.0,OK,5,2,0.4,3,10,,,,1567.52,44.8979,85.129,2026-04-23T10:12:34.754059,high,mid,low,high,fixed,fixed,2.3614,0.5973,0.9424,1.2626,0.0,0.0,0.0,0.0,0.05,5.0,instance,8042,21398.78,0.715153,176.0,347.93,90.0,0.0,160.0,316.3,18.924244,0.269052,323.953222,70.0,316.3,5,/Users/admin/Desktop/AMine/published_results/archive_v1_newformat_2026-05-13/results_doe_scholl_l9,/Users/admin/Desktop/AMine/published_results/archive_v1_newformat_2026-05-13/results_doe_scholl_l9/solutions/Scholl_GUNTHER_c08/run_info.json
results_doe_scholl_l9,Scholl_GUNTHER,9,c09,Scholl_GUNTHER_c09,Scholl,35,60.0,OK,9,1,0.111111,5,12,,,,3674.12,77.0018,99.9909,2026-04-23T11:13:48.873522,high,high,mid,low,fixed,fixed,2.0961,0.8926,0.9936,1.0926,0.0,0.0,0.0,0.0,0.05,5.0,instance,9042,34927.826,0.682089,264.0,328.251,108.0,0.0,240.0,298.41,34.42901,0.510359,326.301284,132.0,298.41,9,/Users/admin/Desktop/AMine/published_results/archive_v1_newformat_2026-05-13/results_doe_scholl_l9,/Users/admin/Desktop/AMine/published_results/archive_v1_newformat_2026-05-13/results_doe_scholl_l9/solutions/Scholl_GUNTHER_c09/run_info.json
results_doe_scholl_l9,Scholl_HAHN,1,c01,Scholl_HAHN_c01,Scholl,53,10000.0,OK,3,3,1.0,1,2,,,,182.76,0.0,0.0,2026-04-23T11:18:15.594558,low,low,low,low,fixed,fixed,0.9394,0.3558,0.9076,1.0747,0.0,0.0,0.0,0.0,0.05,5.0,instance,1042,153012.25,0.524645,88.0,4166.415,18.0,0.0,80.0,3787.65,982.27488,0.451089,3788.157405,62.0,3787.65,3,/Users/admin/Desktop/AMine/published_results/archive_v1_newformat_2026-05-13/results_doe_scholl_l9,/Users/admin/Desktop/AMine/published_results/archive_v1_newformat_2026-05-13/results_doe_scholl_l9/solutions/Scholl_HAHN_c01/run_info.json
results_doe_scholl_l9,Scholl_HAHN,2,c02,Scholl_HAHN_c02,Scholl,53,10000.0,OK,3,2,0.666667,1,2,,,,324.54,0.2941,0.8823,2026-04-23T11:23:40.139731,low,mid,mid,mid,fixed,fixed,0.9834,0.594,1.0293,1.1083,0.0,0.0,0.0,0.0,0.05,5.0,instance,2042,152097.25,0.495165,88.0,4388.065,18.0,0.0,80.0,3989.15,736.034991,0.321458,3989.631778,62.0,3989.15,3,/Users/admin/Desktop/AMine/published_results/archive_v1_newformat_2026-05-13/results_doe_scholl_l9,/Users/admin/Desktop/AMine/published_results/archive_v1_newformat_2026-05-13/results_doe_scholl_l9/solutions/Scholl_HAHN_c02/run_info.json
results_doe_scholl_l9,Scholl_HAHN,3,c03,Scholl_HAHN_c03,Scholl,53,10000.0,OK,3,3,1.0,2,2,,,,47.76,0.0,0.0,2026-04-23T11:24:27.903374,low,high,high,high,fixed,fixed,0.8528,0.9373,1.0988,1.4043,0.0,0.0,0.0,0.0,0.05,5.0,instance,3042,124862.85,0.460341,88.0,3874.86,18.0,0.0,80.0,3522.6,648.999438,0.319001,3523.145577,62.0,3522.6,3,/Users/admin/Desktop/AMine/published_results/archive_v1_newformat_2026-05-13/results_doe_scholl_l9,/Users/admin/Desktop/AMine/published_results/archive_v1_newformat_2026-05-13/results_doe_scholl_l9/solutions/Scholl_HAHN_c03/run_info.json
results_doe_scholl_l9,Scholl_HAHN,4,c04,Scholl_HAHN_c04,Scholl,53,10000.0,OK,3,3,1.0,1,2,,,,120.53,0.0,0.0,2026-04-23T11:26:28.440091,mid,low,mid,high,fixed,fixed,1.239,0.3718,0.9695,1.3848,0.0,0.0,0.0,0.0,0.05,5.0,instance,4042,200155.25,0.548065,88.0,5217.19,18.0,0.0,80.0,4742.9,1513.350526,0.554164,4743.30522,62.0,4742.9,3,/Users/admin/Desktop/AMine/published_results/archive_v1_newformat_2026-05-13/results_doe_scholl_l9,/Users/admin/Desktop/AMine/published_results/archive_v1_newformat_2026-05-13/results_doe_scholl_l9/solutions/Scholl_HAHN_c04/run_info.json
results_doe_scholl_l9,Scholl_HAHN,5,c05,Scholl_HAHN_c05,Scholl,53,10000.0,OK,3,2,0.666667,1,2,,,,326.31,3.4815,10.4444,2026-04-23T11:31:54.750858,mid,mid,high,low,fixed,fixed,1.2972,0.6475,1.0861,1.0772,0.0,0.0,0.0,0.0,0.05,5.0,instance,5042,192783.75,0.514421,88.0,5353.7,18.0,0.0,80.0,4867.0,1137.091355,0.406198,4867.394888,62.0,4867.0,3,/Users/admin/Desktop/AMine/published_results/archive_v1_newformat_2026-05-13/results_doe_scholl_l9,/Users/admin/Desktop/AMine/published_results/archive_v1_newformat_2026-05-13/results_doe_scholl_l9/solutions/Scholl_HAHN_c05/run_info.json
results_doe_scholl_l9,Scholl_HAHN,6,c06,Scholl_HAHN_c06,Scholl,53,10000.0,OK,3,2,0.666667,2,2,,,,325.42,9.6276,28.8827,2026-04-23T11:37:20.169126,mid,high,low,mid,fixed,fixed,1.2683,0.933,0.9073,1.188,0.0,0.0,0.0,0.0,0.05,5.0,instance,6042,162286.3,0.463711,88.0,4999.61,18.0,0.0,80.0,4545.1,881.325186,0.335786,4545.522853,62.0,4545.1,3,/Users/admin/Desktop/AMine/published_results/archive_v1_newformat_2026-05-13/results_doe_scholl_l9,/Users/admin/Desktop/AMine/published_results/archive_v1_newformat_2026-05-13/results_doe_scholl_l9/solutions/Scholl_HAHN_c06/run_info.json
results_doe_scholl_l9,Scholl_HAHN,7,c07,Scholl_HAHN_c07,Scholl,53,10000.0,OK,3,3,1.0,1,3,,,,42.66,0.0,0.0,2026-04-23T11:38:02.836653,high,low,high,mid,fixed,fixed,2.0414,0.4438,1.0683,1.2229,0.0,0.0,0.0,0.0,0.05,5.0,instance,7042,340686.975,0.654523,88.0,8532.975,27.0,0.0,80.0,7757.25,3142.777323,0.7038,7757.431054,53.0,7757.25,3,/Users/admin/Desktop/AMine/published_results/archive_v1_newformat_2026-05-13/results_doe_scholl_l9,/Users/admin/Desktop/AMine/published_results/archive_v1_newformat_2026-05-13/results_doe_scholl_l9/solutions/Scholl_HAHN_c07/run_info.json
results_doe_scholl_l9,Scholl_HAHN,8,c08,Scholl_HAHN_c08,Scholl,53,10000.0,OK,3,3,1.0,1,4,,,,41.25,0.0,0.0,2026-04-23T11:38:44.090068,high,mid,low,high,fixed,fixed,2.3614,0.5973,0.9424,1.2626,0.0,0.0,0.0,0.0,0.05,5.0,instance,8042,384532.01,0.749406,88.0,9867.605,36.0,0.0,80.0,8970.55,3585.547244,0.695118,8970.657908,44.0,8970.55,3,/Users/admin/Desktop/AMine/published_results/archive_v1_newformat_2026-05-13/results_doe_scholl_l9,/Users/admin/Desktop/AMine/published_results/archive_v1_newformat_2026-05-13/results_doe_scholl_l9/solutions/Scholl_HAHN_c08/run_info.json
results_doe_scholl_l9,Scholl_HAHN,9,c09,Scholl_HAHN_c09,Scholl,53,10000.0,OK,3,2,0.666667,2,4,,,,325.47,13.0399,39.1198,2026-04-23T11:44:09.567846,high,high,mid,low,fixed,fixed,2.0961,0.8926,0.9936,1.0926,0.0,0.0,0.0,0.0,0.05,5.0,instance,9042,286691.32,0.615142,88.0,8962.635,36.0,0.0,80.0,8147.85,1958.112305,0.418426,8147.968803,44.0,8147.85,3,/Users/admin/Desktop/AMine/published_results/archive_v1_newformat_2026-05-13/results_doe_scholl_l9,/Users/admin/Desktop/AMine/published_results/archive_v1_newformat_2026-05-13/results_doe_scholl_l9/solutions/Scholl_HAHN_c09/run_info.json
results_doe_scholl_l9,Scholl_JAESCHKE,1,c01,Scholl_JAESCHKE_c01,Scholl,9,30.0,OK,4,4,1.0,1,2,,,,0.5,0.0,0.0,2026-04-22T18:35:55.099197,low,low,low,low,fixed,fixed,0.9394,0.3558,0.9076,1.0747,0.0,0.0,0.0,0.0,0.05,5.0,instance,1042,643.55,0.51751,88.0,17.765,18.0,0.0,80.0,16.15,14.302535,0.459003,64.068889,62.0,16.15,4,/Users/admin/Desktop/AMine/published_results/archive_v1_newformat_2026-05-13/results_doe_scholl_l9,/Users/admin/Desktop/AMine/published_results/archive_v1_newformat_2026-05-13/results_doe_scholl_l9/solutions/Scholl_JAESCHKE_c01/run_info.json
results_doe_scholl_l9,Scholl_JAESCHKE,2,c02,Scholl_JAESCHKE_c02,Scholl,9,30.0,OK,4,4,1.0,1,2,,,,0.47,0.0,0.0,2026-04-22T18:35:55.568295,low,mid,mid,mid,fixed,fixed,0.9834,0.594,1.0293,1.1083,0.0,0.0,0.0,0.0,0.05,5.0,instance,2042,643.4,0.51739,88.0,17.765,18.0,0.0,80.0,16.15,14.644026,0.468035,64.068889,62.0,16.15,4,/Users/admin/Desktop/AMine/published_results/archive_v1_newformat_2026-05-13/results_doe_scholl_l9,/Users/admin/Desktop/AMine/published_results/archive_v1_newformat_2026-05-13/results_doe_scholl_l9/solutions/Scholl_JAESCHKE_c02/run_info.json
results_doe_scholl_l9,Scholl_JAESCHKE,3,c03,Scholl_JAESCHKE_c03,Scholl,9,30.0,OK,3,3,1.0,2,2,,,,0.38,0.0,0.0,2026-04-22T18:35:55.944951,low,high,high,high,fixed,fixed,0.8528,0.9373,1.0988,1.4043,0.0,0.0,0.0,0.0,0.05,5.0,instance,3042,617.35,0.496442,88.0,17.765,18.0,0.0,80.0,16.15,4.64767,0.03121,64.068889,62.0,16.15,3,/Users/admin/Desktop/AMine/published_results/archive_v1_newformat_2026-05-13/results_doe_scholl_l9,/Users/admin/Desktop/AMine/published_results/archive_v1_newformat_2026-05-13/results_doe_scholl_l9/solutions/Scholl_JAESCHKE_c03/run_info.json
results_doe_scholl_l9,Scholl_JAESCHKE,4,c04,Scholl_JAESCHKE_c04,Scholl,9,30.0,OK,4,4,1.0,1,2,,,,0.46,0.0,0.0,2026-04-22T18:35:56.404250,mid,low,mid,high,fixed,fixed,1.239,0.3718,0.9695,1.3848,0.0,0.0,0.0,0.0,0.05,5.0,instance,4042,664.15,0.522747,88.0,18.15,18.0,0.0,80.0,16.5,14.310275,0.457021,64.158008,62.0,16.5,4,/Users/admin/Desktop/AMine/published_results/archive_v1_newformat_2026-05-13/results_doe_scholl_l9,/Users/admin/Desktop/AMine/published_results/archive_v1_newformat_2026-05-13/results_doe_scholl_l9/solutions/Scholl_JAESCHKE_c04/run_info.json
results_doe_scholl_l9,Scholl_JAESCHKE,5,c05,Scholl_JAESCHKE_c05,Scholl,9,30.0,OK,4,4,1.0,1,2,,,,0.47,0.0,0.0,2026-04-22T18:35:56.879373,mid,mid,high,low,fixed,fixed,1.2972,0.6475,1.0861,1.0772,0.0,0.0,0.0,0.0,0.05,5.0,instance,5042,730.75,0.51718,88.0,20.185,18.0,0.0,80.0,18.35,16.051168,0.489147,64.658507,62.0,18.35,4,/Users/admin/Desktop/AMine/published_results/archive_v1_newformat_2026-05-13/results_doe_scholl_l9,/Users/admin/Desktop/AMine/published_results/archive_v1_newformat_2026-05-13/results_doe_scholl_l9/solutions/Scholl_JAESCHKE_c05/run_info.json
results_doe_scholl_l9,Scholl_JAESCHKE,6,c06,Scholl_JAESCHKE_c06,Scholl,9,30.0,OK,3,3,1.0,2,2,,,,0.38,0.0,0.0,2026-04-22T18:35:57.257492,mid,high,low,mid,fixed,fixed,1.2683,0.933,0.9073,1.188,0.0,0.0,0.0,0.0,0.05,5.0,instance,6042,675.65,0.505745,88.0,19.085,18.0,0.0,80.0,17.35,5.45596,0.038779,64.381849,62.0,17.35,3,/Users/admin/Desktop/AMine/published_results/archive_v1_newformat_2026-05-13/results_doe_scholl_l9,/Users/admin/Desktop/AMine/published_results/archive_v1_newformat_2026-05-13/results_doe_scholl_l9/solutions/Scholl_JAESCHKE_c06/run_info.json
results_doe_scholl_l9,Scholl_JAESCHKE,7,c07,Scholl_JAESCHKE_c07,Scholl,9,30.0,OK,4,4,1.0,1,3,,,,0.44,0.0,0.0,2026-04-22T18:35:57.698748,high,low,high,mid,fixed,fixed,2.0414,0.4438,1.0683,1.2229,0.0,0.0,0.0,0.0,0.05,5.0,instance,7042,1082.385,0.612179,88.0,28.985,27.0,0.0,80.0,26.35,16.123017,0.486833,59.188871,53.0,26.35,4,/Users/admin/Desktop/AMine/published_results/archive_v1_newformat_2026-05-13/results_doe_scholl_l9,/Users/admin/Desktop/AMine/published_results/archive_v1_newformat_2026-05-13/results_doe_scholl_l9/solutions/Scholl_JAESCHKE_c07/run_info.json
results_doe_scholl_l9,Scholl_JAESCHKE,8,c08,Scholl_JAESCHKE_c08,Scholl,9,30.0,OK,4,4,1.0,1,4,,,,0.44,0.0,0.0,2026-04-22T18:35:58.135299,high,mid,low,high,fixed,fixed,2.3614,0.5973,0.9424,1.2626,0.0,0.0,0.0,0.0,0.05,5.0,instance,8042,1110.08,0.708284,88.0,30.14,36.0,0.0,80.0,27.4,14.50864,0.47725,51.833966,44.0,27.4,4,/Users/admin/Desktop/AMine/published_results/archive_v1_newformat_2026-05-13/results_doe_scholl_l9,/Users/admin/Desktop/AMine/published_results/archive_v1_newformat_2026-05-13/results_doe_scholl_l9/solutions/Scholl_JAESCHKE_c08/run_info.json
results_doe_scholl_l9,Scholl_JAESCHKE,9,c09,Scholl_JAESCHKE_c09,Scholl,9,30.0,OK,3,3,1.0,2,3,,,,0.37,0.0,0.0,2026-04-22T18:35:58.509172,high,high,mid,low,fixed,fixed,2.0961,0.8926,0.9936,1.0926,0.0,0.0,0.0,0.0,0.05,5.0,instance,9042,969.685,0.570073,88.0,27.885,27.0,0.0,80.0,25.35,2.973354,0.031723,58.750511,53.0,25.35,3,/Users/admin/Desktop/AMine/published_results/archive_v1_newformat_2026-05-13/results_doe_scholl_l9,/Users/admin/Desktop/AMine/published_results/archive_v1_newformat_2026-05-13/results_doe_scholl_l9/solutions/Scholl_JAESCHKE_c09/run_info.json
results_doe_scholl_l9,Scholl_KILBRID,1,c01,Scholl_KILBRID_c01,Scholl,45,600.0,OK,2,2,1.0,1,1,,,,9.26,0.0,0.0,2026-04-23T11:13:58.140488,low,low,low,low,fixed,fixed,0.9394,0.3558,0.9076,1.0747,0.0,0.0,0.0,0.0,0.05,5.0,instance,1042,1223.25,0.194805,44.0,179.41,9.0,0.0,40.0,163.1,0.0,0.0,166.019908,31.0,163.1,2,/Users/admin/Desktop/AMine/published_results/archive_v1_newformat_2026-05-13/results_doe_scholl_l9,/Users/admin/Desktop/AMine/published_results/archive_v1_newformat_2026-05-13/results_doe_scholl_l9/solutions/Scholl_KILBRID_c01/run_info.json
results_doe_scholl_l9,Scholl_KILBRID,2,c02,Scholl_KILBRID_c02,Scholl,45,600.0,OK,2,2,1.0,1,1,,,,9.39,0.0,0.0,2026-04-23T11:14:07.532711,low,mid,mid,mid,fixed,fixed,0.9834,0.594,1.0293,1.1083,0.0,0.0,0.0,0.0,0.05,5.0,instance,2042,1263.0,0.194805,44.0,185.24,9.0,0.0,40.0,168.4,0.0,0.0,171.229554,31.0,168.4,2,/Users/admin/Desktop/AMine/published_results/archive_v1_newformat_2026-05-13/results_doe_scholl_l9,/Users/admin/Desktop/AMine/published_results/archive_v1_newformat_2026-05-13/results_doe_scholl_l9/solutions/Scholl_KILBRID_c02/run_info.json
results_doe_scholl_l9,Scholl_KILBRID,3,c03,Scholl_KILBRID_c03,Scholl,45,600.0,OK,2,2,1.0,1,1,,,,9.3,0.0,0.0,2026-04-23T11:14:16.832987,low,high,high,high,fixed,fixed,0.8528,0.9373,1.0988,1.4043,0.0,0.0,0.0,0.0,0.05,5.0,instance,3042,1171.875,0.194805,44.0,171.875,9.0,0.0,40.0,156.25,0.0,0.0,159.295519,31.0,156.25,2,/Users/admin/Desktop/AMine/published_results/archive_v1_newformat_2026-05-13/results_doe_scholl_l9,/Users/admin/Desktop/AMine/published_results/archive_v1_newformat_2026-05-13/results_doe_scholl_l9/solutions/Scholl_KILBRID_c03/run_info.json
results_doe_scholl_l9,Scholl_KILBRID,4,c04,Scholl_KILBRID_c04,Scholl,45,600.0,OK,2,2,1.0,1,2,,,,9.31,0.0,0.0,2026-04-23T11:14:26.142453,mid,low,mid,high,fixed,fixed,1.239,0.3718,0.9695,1.3848,0.0,0.0,0.0,0.0,0.05,5.0,instance,4042,1515.69,0.230769,44.0,252.615,18.0,0.0,40.0,229.65,0.0,0.0,230.701371,22.0,229.65,2,/Users/admin/Desktop/AMine/published_results/archive_v1_newformat_2026-05-13/results_doe_scholl_l9,/Users/admin/Desktop/AMine/published_results/archive_v1_newformat_2026-05-13/results_doe_scholl_l9/solutions/Scholl_KILBRID_c04/run_info.json
results_doe_scholl_l9,Scholl_KILBRID,5,c05,Scholl_KILBRID_c05,Scholl,45,600.0,OK,2,2,1.0,1,2,,,,9.29,0.0,0.0,2026-04-23T11:14:35.436189,mid,mid,high,low,fixed,fixed,1.2972,0.6475,1.0861,1.0772,0.0,0.0,0.0,0.0,0.05,5.0,instance,5042,1511.73,0.230769,44.0,251.955,18.0,0.0,40.0,229.05,0.0,0.0,230.104112,22.0,229.05,2,/Users/admin/Desktop/AMine/published_results/archive_v1_newformat_2026-05-13/results_doe_scholl_l9,/Users/admin/Desktop/AMine/published_results/archive_v1_newformat_2026-05-13/results_doe_scholl_l9/solutions/Scholl_KILBRID_c05/run_info.json
results_doe_scholl_l9,Scholl_KILBRID,6,c06,Scholl_KILBRID_c06,Scholl,45,600.0,OK,2,2,1.0,1,2,,,,9.4,0.0,0.0,2026-04-23T11:14:44.836750,mid,high,low,mid,fixed,fixed,1.2683,0.933,0.9073,1.188,0.0,0.0,0.0,0.0,0.05,5.0,instance,6042,1523.94,0.230769,44.0,253.99,18.0,0.0,40.0,230.9,0.0,0.0,231.945705,22.0,230.9,2,/Users/admin/Desktop/AMine/published_results/archive_v1_newformat_2026-05-13/results_doe_scholl_l9,/Users/admin/Desktop/AMine/published_results/archive_v1_newformat_2026-05-13/results_doe_scholl_l9/solutions/Scholl_KILBRID_c06/run_info.json
results_doe_scholl_l9,Scholl_KILBRID,7,c07,Scholl_KILBRID_c07,Scholl,45,600.0,OK,2,2,1.0,1,2,,,,9.29,0.0,0.0,2026-04-23T11:14:54.126556,high,low,high,mid,fixed,fixed,2.0414,0.4438,1.0683,1.2229,0.0,0.0,0.0,0.0,0.05,5.0,instance,7042,2146.98,0.230769,44.0,357.83,18.0,0.0,40.0,325.3,0.0,0.0,326.04308,22.0,325.3,2,/Users/admin/Desktop/AMine/published_results/archive_v1_newformat_2026-05-13/results_doe_scholl_l9,/Users/admin/Desktop/AMine/published_results/archive_v1_newformat_2026-05-13/results_doe_scholl_l9/solutions/Scholl_KILBRID_c07/run_info.json
results_doe_scholl_l9,Scholl_KILBRID,8,c08,Scholl_KILBRID_c08,Scholl,45,600.0,OK,2,2,1.0,1,3,,,,9.41,0.0,0.0,2026-04-23T11:15:03.534841,high,mid,low,high,fixed,fixed,2.3614,0.5973,0.9424,1.2626,0.0,0.0,0.0,0.0,0.05,5.0,instance,8042,2221.29,0.304813,44.0,428.67,27.0,0.0,40.0,389.7,0.0,0.0,389.916773,13.0,389.7,2,/Users/admin/Desktop/AMine/published_results/archive_v1_newformat_2026-05-13/results_doe_scholl_l9,/Users/admin/Desktop/AMine/published_results/archive_v1_newformat_2026-05-13/results_doe_scholl_l9/solutions/Scholl_KILBRID_c08/run_info.json
results_doe_scholl_l9,Scholl_KILBRID,9,c09,Scholl_KILBRID_c09,Scholl,45,600.0,OK,2,2,1.0,1,2,,,,9.29,0.0,0.0,2026-04-23T11:15:12.827873,high,high,mid,low,fixed,fixed,2.0961,0.8926,0.9936,1.0926,0.0,0.0,0.0,0.0,0.05,5.0,instance,9042,2204.73,0.230769,44.0,367.455,18.0,0.0,40.0,334.05,0.0,0.0,334.773659,22.0,334.05,2,/Users/admin/Desktop/AMine/published_results/archive_v1_newformat_2026-05-13/results_doe_scholl_l9,/Users/admin/Desktop/AMine/published_results/archive_v1_newformat_2026-05-13/results_doe_scholl_l9/solutions/Scholl_KILBRID_c09/run_info.json
results_doe_scholl_l9,Scholl_LUTZ2,1,c01,Scholl_LUTZ2_c01,Scholl,89,600.0,OK,2,2,1.0,1,1,,,,67.83,0.0,0.0,2026-04-23T16:38:08.742657,low,low,low,low,fixed,fixed,0.9394,0.3558,0.9076,1.0747,0.0,0.0,0.0,0.0,0.05,5.0,instance,1042,1318.125,0.194805,44.0,193.325,9.0,0.0,40.0,175.75,0.0,0.0,178.463056,31.0,175.75,2,/Users/admin/Desktop/AMine/published_results/archive_v1_newformat_2026-05-13/results_doe_scholl_l9,/Users/admin/Desktop/AMine/published_results/archive_v1_newformat_2026-05-13/results_doe_scholl_l9/solutions/Scholl_LUTZ2_c01/run_info.json
results_doe_scholl_l9,Scholl_LUTZ2,2,c02,Scholl_LUTZ2_c02,Scholl,89,600.0,OK,2,2,1.0,1,1,,,,66.76,0.0,0.0,2026-04-23T16:39:15.509750,low,mid,mid,mid,fixed,fixed,0.9834,0.594,1.0293,1.1083,0.0,0.0,0.0,0.0,0.05,5.0,instance,2042,1340.625,0.194805,44.0,196.625,9.0,0.0,40.0,178.75,0.0,0.0,181.418198,31.0,178.75,2,/Users/admin/Desktop/AMine/published_results/archive_v1_newformat_2026-05-13/results_doe_scholl_l9,/Users/admin/Desktop/AMine/published_results/archive_v1_newformat_2026-05-13/results_doe_scholl_l9/solutions/Scholl_LUTZ2_c02/run_info.json
results_doe_scholl_l9,Scholl_LUTZ2,3,c03,Scholl_LUTZ2_c03,Scholl,89,600.0,OK,2,2,1.0,1,1,,,,67.79,0.0,0.0,2026-04-23T16:40:23.300014,low,high,high,high,fixed,fixed,0.8528,0.9373,1.0988,1.4043,0.0,0.0,0.0,0.0,0.05,5.0,instance,3042,1271.25,0.194805,44.0,186.45,9.0,0.0,40.0,169.5,0.0,0.0,172.311491,31.0,169.5,2,/Users/admin/Desktop/AMine/published_results/archive_v1_newformat_2026-05-13/results_doe_scholl_l9,/Users/admin/Desktop/AMine/published_results/archive_v1_newformat_2026-05-13/results_doe_scholl_l9/solutions/Scholl_LUTZ2_c03/run_info.json
results_doe_scholl_l9,Scholl_LUTZ2,4,c04,Scholl_LUTZ2_c04,Scholl,89,600.0,OK,2,2,1.0,1,2,,,,66.96,0.0,0.0,2026-04-23T16:41:30.262259,mid,low,mid,high,fixed,fixed,1.239,0.3718,0.9695,1.3848,0.0,0.0,0.0,0.0,0.05,5.0,instance,4042,1556.28,0.230769,44.0,259.38,18.0,0.0,40.0,235.8,0.0,0.0,236.82407,22.0,235.8,2,/Users/admin/Desktop/AMine/published_results/archive_v1_newformat_2026-05-13/results_doe_scholl_l9,/Users/admin/Desktop/AMine/published_results/archive_v1_newformat_2026-05-13/results_doe_scholl_l9/solutions/Scholl_LUTZ2_c04/run_info.json
results_doe_scholl_l9,Scholl_LUTZ2,5,c05,Scholl_LUTZ2_c05,Scholl,89,600.0,OK,2,2,1.0,1,2,,,,67.55,0.0,0.0,2026-04-23T16:42:37.811089,mid,mid,high,low,fixed,fixed,1.2972,0.6475,1.0861,1.0772,0.0,0.0,0.0,0.0,0.05,5.0,instance,5042,1573.77,0.230769,44.0,262.295,18.0,0.0,40.0,238.45,0.0,0.0,239.462737,22.0,238.45,2,/Users/admin/Desktop/AMine/published_results/archive_v1_newformat_2026-05-13/results_doe_scholl_l9,/Users/admin/Desktop/AMine/published_results/archive_v1_newformat_2026-05-13/results_doe_scholl_l9/solutions/Scholl_LUTZ2_c05/run_info.json
results_doe_scholl_l9,Scholl_LUTZ2,6,c06,Scholl_LUTZ2_c06,Scholl,89,600.0,OK,2,2,1.0,1,2,,,,68.42,0.0,0.0,2026-04-23T16:43:46.229840,mid,high,low,mid,fixed,fixed,1.2683,0.933,0.9073,1.188,0.0,0.0,0.0,0.0,0.05,5.0,instance,6042,1596.54,0.230769,44.0,266.09,18.0,0.0,40.0,241.9,0.0,0.0,242.898353,22.0,241.9,2,/Users/admin/Desktop/AMine/published_results/archive_v1_newformat_2026-05-13/results_doe_scholl_l9,/Users/admin/Desktop/AMine/published_results/archive_v1_newformat_2026-05-13/results_doe_scholl_l9/solutions/Scholl_LUTZ2_c06/run_info.json
results_doe_scholl_l9,Scholl_LUTZ2,7,c07,Scholl_LUTZ2_c07,Scholl,89,600.0,OK,2,2,1.0,1,2,,,,67.88,0.0,0.0,2026-04-23T16:44:54.109356,high,low,high,mid,fixed,fixed,2.0414,0.4438,1.0683,1.2229,0.0,0.0,0.0,0.0,0.05,5.0,instance,7042,2184.93,0.230769,44.0,364.155,18.0,0.0,40.0,331.05,0.0,0.0,331.780202,22.0,331.05,2,/Users/admin/Desktop/AMine/published_results/archive_v1_newformat_2026-05-13/results_doe_scholl_l9,/Users/admin/Desktop/AMine/published_results/archive_v1_newformat_2026-05-13/results_doe_scholl_l9/solutions/Scholl_LUTZ2_c07/run_info.json
results_doe_scholl_l9,Scholl_LUTZ2,8,c08,Scholl_LUTZ2_c08,Scholl,89,600.0,OK,2,2,1.0,1,2,,,,67.87,0.0,0.0,2026-04-23T16:46:01.986480,high,mid,low,high,fixed,fixed,2.3614,0.5973,0.9424,1.2626,0.0,0.0,0.0,0.0,0.05,5.0,instance,8042,2306.37,0.230769,44.0,384.395,18.0,0.0,40.0,349.45,0.0,0.0,350.141832,22.0,349.45,2,/Users/admin/Desktop/AMine/published_results/archive_v1_newformat_2026-05-13/results_doe_scholl_l9,/Users/admin/Desktop/AMine/published_results/archive_v1_newformat_2026-05-13/results_doe_scholl_l9/solutions/Scholl_LUTZ2_c08/run_info.json
results_doe_scholl_l9,Scholl_LUTZ2,9,c09,Scholl_LUTZ2_c09,Scholl,89,600.0,OK,2,2,1.0,1,2,,,,66.56,0.0,0.0,2026-04-23T16:47:08.551338,high,high,mid,low,fixed,fixed,2.0961,0.8926,0.9936,1.0926,0.0,0.0,0.0,0.0,0.05,5.0,instance,9042,2158.53,0.230769,44.0,359.755,18.0,0.0,40.0,327.05,0.0,0.0,327.789113,22.0,327.05,2,/Users/admin/Desktop/AMine/published_results/archive_v1_newformat_2026-05-13/results_doe_scholl_l9,/Users/admin/Desktop/AMine/published_results/archive_v1_newformat_2026-05-13/results_doe_scholl_l9/solutions/Scholl_LUTZ2_c09/run_info.json
results_doe_scholl_l9,Scholl_MANSOOR,1,c01,Scholl_MANSOOR_c01,Scholl,11,600.0,OK,2,2,1.0,1,1,,,,0.21,0.0,0.0,2026-04-22T18:35:58.719353,low,low,low,low,fixed,fixed,0.9394,0.3558,0.9076,1.0747,0.0,0.0,0.0,0.0,0.05,5.0,instance,1042,525.375,0.194805,44.0,77.055,9.0,0.0,40.0,70.05,0.0,0.0,76.602888,31.0,70.05,2,/Users/admin/Desktop/AMine/published_results/archive_v1_newformat_2026-05-13/results_doe_scholl_l9,/Users/admin/Desktop/AMine/published_results/archive_v1_newformat_2026-05-13/results_doe_scholl_l9/solutions/Scholl_MANSOOR_c01/run_info.json
results_doe_scholl_l9,Scholl_MANSOOR,2,c02,Scholl_MANSOOR_c02,Scholl,11,600.0,OK,2,2,1.0,1,1,,,,0.21,0.0,0.0,2026-04-22T18:35:58.929369,low,mid,mid,mid,fixed,fixed,0.9834,0.594,1.0293,1.1083,0.0,0.0,0.0,0.0,0.05,5.0,instance,2042,545.625,0.194805,44.0,80.025,9.0,0.0,40.0,72.75,0.0,0.0,79.07947,31.0,72.75,2,/Users/admin/Desktop/AMine/published_results/archive_v1_newformat_2026-05-13/results_doe_scholl_l9,/Users/admin/Desktop/AMine/published_results/archive_v1_newformat_2026-05-13/results_doe_scholl_l9/solutions/Scholl_MANSOOR_c02/run_info.json
results_doe_scholl_l9,Scholl_MANSOOR,3,c03,Scholl_MANSOOR_c03,Scholl,11,600.0,OK,2,2,1.0,1,1,,,,0.21,0.0,0.0,2026-04-22T18:35:59.142994,low,high,high,high,fixed,fixed,0.8528,0.9373,1.0988,1.4043,0.0,0.0,0.0,0.0,0.05,5.0,instance,3042,516.375,0.194805,44.0,75.735,9.0,0.0,40.0,68.85,0.0,0.0,75.507102,31.0,68.85,2,/Users/admin/Desktop/AMine/published_results/archive_v1_newformat_2026-05-13/results_doe_scholl_l9,/Users/admin/Desktop/AMine/published_results/archive_v1_newformat_2026-05-13/results_doe_scholl_l9/solutions/Scholl_MANSOOR_c03/run_info.json
results_doe_scholl_l9,Scholl_MANSOOR,4,c04,Scholl_MANSOOR_c04,Scholl,11,600.0,OK,2,2,1.0,1,1,,,,0.21,0.0,0.0,2026-04-22T18:35:59.352454,mid,low,mid,high,fixed,fixed,1.239,0.3718,0.9695,1.3848,0.0,0.0,0.0,0.0,0.05,5.0,instance,4042,647.25,0.194805,44.0,94.93,9.0,0.0,40.0,86.3,0.0,0.0,91.698909,31.0,86.3,2,/Users/admin/Desktop/AMine/published_results/archive_v1_newformat_2026-05-13/results_doe_scholl_l9,/Users/admin/Desktop/AMine/published_results/archive_v1_newformat_2026-05-13/results_doe_scholl_l9/solutions/Scholl_MANSOOR_c04/run_info.json
results_doe_scholl_l9,Scholl_MANSOOR,5,c05,Scholl_MANSOOR_c05,Scholl,11,600.0,OK,2,2,1.0,1,1,,,,0.25,0.0,0.0,2026-04-22T18:35:59.604050,mid,mid,high,low,fixed,fixed,1.2972,0.6475,1.0861,1.0772,0.0,0.0,0.0,0.0,0.05,5.0,instance,5042,628.125,0.194805,44.0,92.125,9.0,0.0,40.0,83.75,0.0,0.0,89.303205,31.0,83.75,2,/Users/admin/Desktop/AMine/published_results/archive_v1_newformat_2026-05-13/results_doe_scholl_l9,/Users/admin/Desktop/AMine/published_results/archive_v1_newformat_2026-05-13/results_doe_scholl_l9/solutions/Scholl_MANSOOR_c05/run_info.json
results_doe_scholl_l9,Scholl_MANSOOR,6,c06,Scholl_MANSOOR_c06,Scholl,11,600.0,OK,2,2,1.0,1,1,,,,0.24,0.0,0.0,2026-04-22T18:35:59.842752,mid,high,low,mid,fixed,fixed,1.2683,0.933,0.9073,1.188,0.0,0.0,0.0,0.0,0.05,5.0,instance,6042,666.75,0.194805,44.0,97.79,9.0,0.0,40.0,88.9,0.0,0.0,94.149934,31.0,88.9,2,/Users/admin/Desktop/AMine/published_results/archive_v1_newformat_2026-05-13/results_doe_scholl_l9,/Users/admin/Desktop/AMine/published_results/archive_v1_newformat_2026-05-13/results_doe_scholl_l9/solutions/Scholl_MANSOOR_c06/run_info.json
results_doe_scholl_l9,Scholl_MANSOOR,7,c07,Scholl_MANSOOR_c07,Scholl,11,600.0,OK,2,2,1.0,1,1,,,,0.21,0.0,0.0,2026-04-22T18:36:00.055500,high,low,high,mid,fixed,fixed,2.0414,0.4438,1.0683,1.2229,0.0,0.0,0.0,0.0,0.05,5.0,instance,7042,831.0,0.194805,44.0,121.88,9.0,0.0,40.0,110.8,0.0,0.0,115.054943,31.0,110.8,2,/Users/admin/Desktop/AMine/published_results/archive_v1_newformat_2026-05-13/results_doe_scholl_l9,/Users/admin/Desktop/AMine/published_results/archive_v1_newformat_2026-05-13/results_doe_scholl_l9/solutions/Scholl_MANSOOR_c07/run_info.json
results_doe_scholl_l9,Scholl_MANSOOR,8,c08,Scholl_MANSOOR_c08,Scholl,11,600.0,OK,2,2,1.0,1,1,,,,0.22,0.0,0.0,2026-04-22T18:36:00.280503,high,mid,low,high,fixed,fixed,2.3614,0.5973,0.9424,1.2626,0.0,0.0,0.0,0.0,0.05,5.0,instance,8042,914.25,0.194805,44.0,134.09,9.0,0.0,40.0,121.9,0.0,0.0,125.780006,31.0,121.9,2,/Users/admin/Desktop/AMine/published_results/archive_v1_newformat_2026-05-13/results_doe_scholl_l9,/Users/admin/Desktop/AMine/published_results/archive_v1_newformat_2026-05-13/results_doe_scholl_l9/solutions/Scholl_MANSOOR_c08/run_info.json
results_doe_scholl_l9,Scholl_MANSOOR,9,c09,Scholl_MANSOOR_c09,Scholl,11,600.0,OK,2,2,1.0,1,1,,,,0.21,0.0,0.0,2026-04-22T18:36:00.493394,high,high,mid,low,fixed,fixed,2.0961,0.8926,0.9936,1.0926,0.0,0.0,0.0,0.0,0.05,5.0,instance,9042,872.625,0.194805,44.0,127.985,9.0,0.0,40.0,116.35,0.0,0.0,120.40898,31.0,116.35,2,/Users/admin/Desktop/AMine/published_results/archive_v1_newformat_2026-05-13/results_doe_scholl_l9,/Users/admin/Desktop/AMine/published_results/archive_v1_newformat_2026-05-13/results_doe_scholl_l9/solutions/Scholl_MANSOOR_c09/run_info.json
results_doe_scholl_l9,Scholl_MERTENS,1,c01,Scholl_MERTENS_c01,Scholl,7,60.0,OK,2,2,1.0,1,1,,,,0.08,0.0,0.0,2026-04-22T18:35:53.936617,low,low,low,low,fixed,fixed,0.9394,0.3558,0.9076,1.0747,0.0,0.0,0.0,0.0,0.05,5.0,instance,1042,94.125,0.194805,44.0,13.805,9.0,0.0,40.0,12.55,0.0,0.0,33.44402,31.0,12.55,2,/Users/admin/Desktop/AMine/published_results/archive_v1_newformat_2026-05-13/results_doe_scholl_l9,/Users/admin/Desktop/AMine/published_results/archive_v1_newformat_2026-05-13/results_doe_scholl_l9/solutions/Scholl_MERTENS_c01/run_info.json
results_doe_scholl_l9,Scholl_MERTENS,2,c02,Scholl_MERTENS_c02,Scholl,7,60.0,OK,2,2,1.0,1,1,,,,0.08,0.0,0.0,2026-04-22T18:35:54.017904,low,mid,mid,mid,fixed,fixed,0.9834,0.594,1.0293,1.1083,0.0,0.0,0.0,0.0,0.05,5.0,instance,2042,101.625,0.194805,44.0,14.905,9.0,0.0,40.0,13.55,0.0,0.0,33.831975,31.0,13.55,2,/Users/admin/Desktop/AMine/published_results/archive_v1_newformat_2026-05-13/results_doe_scholl_l9,/Users/admin/Desktop/AMine/published_results/archive_v1_newformat_2026-05-13/results_doe_scholl_l9/solutions/Scholl_MERTENS_c02/run_info.json
results_doe_scholl_l9,Scholl_MERTENS,3,c03,Scholl_MERTENS_c03,Scholl,7,60.0,OK,2,2,1.0,1,1,,,,0.08,0.0,0.0,2026-04-22T18:35:54.099706,low,high,high,high,fixed,fixed,0.8528,0.9373,1.0988,1.4043,0.0,0.0,0.0,0.0,0.05,5.0,instance,3042,94.125,0.194805,44.0,13.805,9.0,0.0,40.0,12.55,0.0,0.0,33.44402,31.0,12.55,2,/Users/admin/Desktop/AMine/published_results/archive_v1_newformat_2026-05-13/results_doe_scholl_l9,/Users/admin/Desktop/AMine/published_results/archive_v1_newformat_2026-05-13/results_doe_scholl_l9/solutions/Scholl_MERTENS_c03/run_info.json
results_doe_scholl_l9,Scholl_MERTENS,4,c04,Scholl_MERTENS_c04,Scholl,7,60.0,OK,2,2,1.0,1,1,,,,0.08,0.0,0.0,2026-04-22T18:35:54.181997,mid,low,mid,high,fixed,fixed,1.239,0.3718,0.9695,1.3848,0.0,0.0,0.0,0.0,0.05,5.0,instance,4042,105.0,0.194805,44.0,15.4,9.0,0.0,40.0,14.0,0.0,0.0,34.014703,31.0,14.0,2,/Users/admin/Desktop/AMine/published_results/archive_v1_newformat_2026-05-13/results_doe_scholl_l9,/Users/admin/Desktop/AMine/published_results/archive_v1_newformat_2026-05-13/results_doe_scholl_l9/solutions/Scholl_MERTENS_c04/run_info.json
results_doe_scholl_l9,Scholl_MERTENS,5,c05,Scholl_MERTENS_c05,Scholl,7,60.0,OK,2,2,1.0,1,1,,,,0.08,0.0,0.0,2026-04-22T18:35:54.267365,mid,mid,high,low,fixed,fixed,1.2972,0.6475,1.0861,1.0772,0.0,0.0,0.0,0.0,0.05,5.0,instance,5042,97.125,0.194805,44.0,14.245,9.0,0.0,40.0,12.95,0.0,0.0,33.596168,31.0,12.95,2,/Users/admin/Desktop/AMine/published_results/archive_v1_newformat_2026-05-13/results_doe_scholl_l9,/Users/admin/Desktop/AMine/published_results/archive_v1_newformat_2026-05-13/results_doe_scholl_l9/solutions/Scholl_MERTENS_c05/run_info.json
results_doe_scholl_l9,Scholl_MERTENS,6,c06,Scholl_MERTENS_c06,Scholl,7,60.0,OK,2,2,1.0,1,1,,,,0.08,0.0,0.0,2026-04-22T18:35:54.348836,mid,high,low,mid,fixed,fixed,1.2683,0.933,0.9073,1.188,0.0,0.0,0.0,0.0,0.05,5.0,instance,6042,104.625,0.194805,44.0,15.345,9.0,0.0,40.0,13.95,0.0,0.0,33.994154,31.0,13.95,2,/Users/admin/Desktop/AMine/published_results/archive_v1_newformat_2026-05-13/results_doe_scholl_l9,/Users/admin/Desktop/AMine/published_results/archive_v1_newformat_2026-05-13/results_doe_scholl_l9/solutions/Scholl_MERTENS_c06/run_info.json
results_doe_scholl_l9,Scholl_MERTENS,7,c07,Scholl_MERTENS_c07,Scholl,7,60.0,OK,2,2,1.0,1,2,,,,0.08,0.0,0.0,2026-04-22T18:35:54.432005,high,low,high,mid,fixed,fixed,2.0414,0.4438,1.0683,1.2229,0.0,0.0,0.0,0.0,0.05,5.0,instance,7042,143.55,0.230769,44.0,23.925,18.0,0.0,40.0,21.75,0.0,0.0,30.936427,22.0,21.75,2,/Users/admin/Desktop/AMine/published_results/archive_v1_newformat_2026-05-13/results_doe_scholl_l9,/Users/admin/Desktop/AMine/published_results/archive_v1_newformat_2026-05-13/results_doe_scholl_l9/solutions/Scholl_MERTENS_c07/run_info.json
results_doe_scholl_l9,Scholl_MERTENS,8,c08,Scholl_MERTENS_c08,Scholl,7,60.0,OK,2,2,1.0,1,2,,,,0.08,0.0,0.0,2026-04-22T18:35:54.514975,high,mid,low,high,fixed,fixed,2.3614,0.5973,0.9424,1.2626,0.0,0.0,0.0,0.0,0.05,5.0,instance,8042,147.84,0.230769,44.0,24.64,18.0,0.0,40.0,22.4,0.0,0.0,31.396815,22.0,22.4,2,/Users/admin/Desktop/AMine/published_results/archive_v1_newformat_2026-05-13/results_doe_scholl_l9,/Users/admin/Desktop/AMine/published_results/archive_v1_newformat_2026-05-13/results_doe_scholl_l9/solutions/Scholl_MERTENS_c08/run_info.json
results_doe_scholl_l9,Scholl_MERTENS,9,c09,Scholl_MERTENS_c09,Scholl,7,60.0,OK,2,2,1.0,1,2,,,,0.08,0.0,0.0,2026-04-22T18:35:54.597424,high,high,mid,low,fixed,fixed,2.0961,0.8926,0.9936,1.0926,0.0,0.0,0.0,0.0,0.05,5.0,instance,9042,143.55,0.230769,44.0,23.925,18.0,0.0,40.0,21.75,0.0,0.0,30.936427,22.0,21.75,2,/Users/admin/Desktop/AMine/published_results/archive_v1_newformat_2026-05-13/results_doe_scholl_l9,/Users/admin/Desktop/AMine/published_results/archive_v1_newformat_2026-05-13/results_doe_scholl_l9/solutions/Scholl_MERTENS_c09/run_info.json
results_doe_scholl_l9,Scholl_MITCHELL,1,c01,Scholl_MITCHELL_c01,Scholl,21,60.0,OK,4,4,1.0,1,2,,,,6.19,0.0,0.0,2026-04-22T18:36:06.683055,low,low,low,low,fixed,fixed,0.9394,0.3558,0.9076,1.0747,0.0,0.0,0.0,0.0,0.05,5.0,instance,1042,1394.05,0.467214,88.0,42.625,18.0,0.0,80.0,38.75,19.74109,0.454112,73.113354,62.0,38.75,4,/Users/admin/Desktop/AMine/published_results/archive_v1_newformat_2026-05-13/results_doe_scholl_l9,/Users/admin/Desktop/AMine/published_results/archive_v1_newformat_2026-05-13/results_doe_scholl_l9/solutions/Scholl_MITCHELL_c01/run_info.json
results_doe_scholl_l9,Scholl_MITCHELL,2,c02,Scholl_MITCHELL_c02,Scholl,21,60.0,OK,3,3,1.0,2,2,,,,5.07,0.0,0.0,2026-04-22T18:36:11.751835,low,mid,mid,mid,fixed,fixed,0.9834,0.594,1.0293,1.1083,0.0,0.0,0.0,0.0,0.05,5.0,instance,2042,1340.25,0.437883,88.0,43.725,18.0,0.0,80.0,39.75,4.76314,0.059925,73.648235,62.0,39.75,3,/Users/admin/Desktop/AMine/published_results/archive_v1_newformat_2026-05-13/results_doe_scholl_l9,/Users/admin/Desktop/AMine/published_results/archive_v1_newformat_2026-05-13/results_doe_scholl_l9/solutions/Scholl_MITCHELL_c02/run_info.json
results_doe_scholl_l9,Scholl_MITCHELL,3,c03,Scholl_MITCHELL_c03,Scholl,21,60.0,OK,3,3,1.0,2,2,,,,5.71,0.0,0.0,2026-04-22T18:36:17.465229,low,high,high,high,fixed,fixed,0.8528,0.9373,1.0988,1.4043,0.0,0.0,0.0,0.0,0.05,5.0,instance,3042,1196.4,0.431003,88.0,39.655,18.0,0.0,80.0,36.05,3.608439,0.043557,71.718913,62.0,36.05,3,/Users/admin/Desktop/AMine/published_results/archive_v1_newformat_2026-05-13/results_doe_scholl_l9,/Users/admin/Desktop/AMine/published_results/archive_v1_newformat_2026-05-13/results_doe_scholl_l9/solutions/Scholl_MITCHELL_c03/run_info.json
results_doe_scholl_l9,Scholl_MITCHELL,4,c04,Scholl_MITCHELL_c04,Scholl,21,60.0,OK,4,4,1.0,1,3,,,,5.67,0.0,0.0,2026-04-22T18:36:23.134608,mid,low,mid,high,fixed,fixed,1.239,0.3718,0.9695,1.3848,0.0,0.0,0.0,0.0,0.05,5.0,instance,4042,1726.695,0.525703,88.0,53.845,27.0,0.0,80.0,48.95,23.87685,0.538984,72.146396,53.0,48.95,4,/Users/admin/Desktop/AMine/published_results/archive_v1_newformat_2026-05-13/results_doe_scholl_l9,/Users/admin/Desktop/AMine/published_results/archive_v1_newformat_2026-05-13/results_doe_scholl_l9/solutions/Scholl_MITCHELL_c04/run_info.json
results_doe_scholl_l9,Scholl_MITCHELL,5,c05,Scholl_MITCHELL_c05,Scholl,21,60.0,OK,3,3,1.0,2,3,,,,81.86,0.0,0.0,2026-04-22T18:37:44.996451,mid,mid,high,low,fixed,fixed,1.2972,0.6475,1.0861,1.0772,0.0,0.0,0.0,0.0,0.05,5.0,instance,5042,1413.37,0.432518,88.0,53.57,27.0,0.0,80.0,48.7,4.734272,0.07759,71.97701,53.0,48.7,3,/Users/admin/Desktop/AMine/published_results/archive_v1_newformat_2026-05-13/results_doe_scholl_l9,/Users/admin/Desktop/AMine/published_results/archive_v1_newformat_2026-05-13/results_doe_scholl_l9/solutions/Scholl_MITCHELL_c05/run_info.json
results_doe_scholl_l9,Scholl_MITCHELL,6,c06,Scholl_MITCHELL_c06,Scholl,21,60.0,OK,4,4,1.0,2,3,,,,43.83,0.0,0.0,2026-04-22T18:38:28.831378,mid,high,low,mid,fixed,fixed,1.2683,0.933,0.9073,1.188,0.0,0.0,0.0,0.0,0.05,5.0,instance,6042,1358.48,0.423548,88.0,52.58,27.0,0.0,80.0,47.8,22.895524,0.519596,71.371143,53.0,47.8,4,/Users/admin/Desktop/AMine/published_results/archive_v1_newformat_2026-05-13/results_doe_scholl_l9,/Users/admin/Desktop/AMine/published_results/archive_v1_newformat_2026-05-13/results_doe_scholl_l9/solutions/Scholl_MITCHELL_c06/run_info.json
results_doe_scholl_l9,Scholl_MITCHELL,7,c07,Scholl_MITCHELL_c07,Scholl,21,60.0,OK,3,3,1.0,1,4,,,,5.92,0.0,0.0,2026-04-22T18:38:34.754321,high,low,high,mid,fixed,fixed,2.0414,0.4438,1.0683,1.2229,0.0,0.0,0.0,0.0,0.05,5.0,instance,7042,2705.39,0.66196,88.0,78.595,36.0,0.0,80.0,71.45,1.876388,0.111718,83.911278,44.0,71.45,3,/Users/admin/Desktop/AMine/published_results/archive_v1_newformat_2026-05-13/results_doe_scholl_l9,/Users/admin/Desktop/AMine/published_results/archive_v1_newformat_2026-05-13/results_doe_scholl_l9/solutions/Scholl_MITCHELL_c07/run_info.json
results_doe_scholl_l9,Scholl_MITCHELL,8,c08,Scholl_MITCHELL_c08,Scholl,21,60.0,OK,4,4,1.0,2,5,,,,5.95,0.0,0.0,2026-04-22T18:38:40.701569,high,mid,low,high,fixed,fixed,2.3614,0.5973,0.9424,1.2626,0.0,0.0,0.0,0.0,0.05,5.0,instance,8042,2155.815,0.591531,88.0,84.755,45.0,0.0,80.0,77.05,28.423963,0.575437,84.626843,35.0,77.05,4,/Users/admin/Desktop/AMine/published_results/archive_v1_newformat_2026-05-13/results_doe_scholl_l9,/Users/admin/Desktop/AMine/published_results/archive_v1_newformat_2026-05-13/results_doe_scholl_l9/solutions/Scholl_MITCHELL_c08/run_info.json
results_doe_scholl_l9,Scholl_MITCHELL,9,c09,Scholl_MITCHELL_c09,Scholl,21,60.0,OK,3,3,1.0,2,4,,,,25.42,0.0,0.0,2026-04-22T18:39:06.123864,high,high,mid,low,fixed,fixed,2.0961,0.8926,0.9936,1.0926,0.0,0.0,0.0,0.0,0.05,5.0,instance,9042,1875.28,0.459168,88.0,78.54,36.0,0.0,80.0,71.4,7.736494,0.135053,83.868707,44.0,71.4,3,/Users/admin/Desktop/AMine/published_results/archive_v1_newformat_2026-05-13/results_doe_scholl_l9,/Users/admin/Desktop/AMine/published_results/archive_v1_newformat_2026-05-13/results_doe_scholl_l9/solutions/Scholl_MITCHELL_c09/run_info.json
results_doe_scholl_l9,Scholl_MUKHERJE,1,c01,Scholl_MUKHERJE_c01,Scholl,94,600.0,OK,1,1,1.0,8,8,,,,636.66,0.0,0.0,2026-04-23T16:57:45.210808,low,low,low,low,fixed,fixed,0.9394,0.3558,0.9076,1.0747,0.0,0.0,0.0,0.0,0.05,5.0,instance,1042,102.4,1.0,352.0,3.2,320.0,0.0,320.0,0.0,0.0,1.0,0.0,0.0,0.0,1,/Users/admin/Desktop/AMine/published_results/archive_v1_newformat_2026-05-13/results_doe_scholl_l9,/Users/admin/Desktop/AMine/published_results/archive_v1_newformat_2026-05-13/results_doe_scholl_l9/solutions/Scholl_MUKHERJE_c01/run_info.json
results_doe_scholl_l9,Scholl_MUKHERJE,2,c02,Scholl_MUKHERJE_c02,Scholl,94,600.0,OK,1,1,1.0,8,8,,,,973.45,0.0,0.0,2026-04-23T17:13:58.668244,low,mid,mid,mid,fixed,fixed,0.9834,0.594,1.0293,1.1083,0.0,0.0,0.0,0.0,0.05,5.0,instance,2042,102.4,1.0,352.0,3.2,320.0,0.0,320.0,0.0,0.0,1.0,0.0,0.0,0.0,1,/Users/admin/Desktop/AMine/published_results/archive_v1_newformat_2026-05-13/results_doe_scholl_l9,/Users/admin/Desktop/AMine/published_results/archive_v1_newformat_2026-05-13/results_doe_scholl_l9/solutions/Scholl_MUKHERJE_c02/run_info.json
results_doe_scholl_l9,Scholl_MUKHERJE,3,c03,Scholl_MUKHERJE_c03,Scholl,94,600.0,OK,1,1,1.0,8,8,,,,789.48,0.0,0.0,2026-04-23T17:27:08.147715,low,high,high,high,fixed,fixed,0.8528,0.9373,1.0988,1.4043,0.0,0.0,0.0,0.0,0.05,5.0,instance,3042,102.4,1.0,352.0,3.2,320.0,0.0,320.0,0.0,0.0,1.0,0.0,0.0,0.0,1,/Users/admin/Desktop/AMine/published_results/archive_v1_newformat_2026-05-13/results_doe_scholl_l9,/Users/admin/Desktop/AMine/published_results/archive_v1_newformat_2026-05-13/results_doe_scholl_l9/solutions/Scholl_MUKHERJE_c03/run_info.json
results_doe_scholl_l9,Scholl_MUKHERJE,4,c04,Scholl_MUKHERJE_c04,Scholl,94,600.0,OK,1,1,1.0,8,8,,,,1647.63,0.0,0.0,2026-04-23T17:54:35.779278,mid,low,mid,high,fixed,fixed,1.239,0.3718,0.9695,1.3848,0.0,0.0,0.0,0.0,0.05,5.0,instance,4042,102.4,1.0,352.0,3.2,320.0,0.0,320.0,0.0,0.0,1.0,0.0,0.0,0.0,1,/Users/admin/Desktop/AMine/published_results/archive_v1_newformat_2026-05-13/results_doe_scholl_l9,/Users/admin/Desktop/AMine/published_results/archive_v1_newformat_2026-05-13/results_doe_scholl_l9/solutions/Scholl_MUKHERJE_c04/run_info.json
results_doe_scholl_l9,Scholl_MUKHERJE,5,c05,Scholl_MUKHERJE_c05,Scholl,94,600.0,OK,1,1,1.0,8,8,,,,1534.03,0.0,0.0,2026-04-23T18:20:09.810086,mid,mid,high,low,fixed,fixed,1.2972,0.6475,1.0861,1.0772,0.0,0.0,0.0,0.0,0.05,5.0,instance,5042,102.4,1.0,352.0,3.2,320.0,0.0,320.0,0.0,0.0,1.0,0.0,0.0,0.0,1,/Users/admin/Desktop/AMine/published_results/archive_v1_newformat_2026-05-13/results_doe_scholl_l9,/Users/admin/Desktop/AMine/published_results/archive_v1_newformat_2026-05-13/results_doe_scholl_l9/solutions/Scholl_MUKHERJE_c05/run_info.json
results_doe_scholl_l9,Scholl_MUKHERJE,6,c06,Scholl_MUKHERJE_c06,Scholl,94,600.0,OK,1,1,1.0,8,8,,,,1966.4,0.0,0.0,2026-04-23T18:52:56.213970,mid,high,low,mid,fixed,fixed,1.2683,0.933,0.9073,1.188,0.0,0.0,0.0,0.0,0.05,5.0,instance,6042,102.4,1.0,352.0,3.2,320.0,0.0,320.0,0.0,0.0,1.0,0.0,0.0,0.0,1,/Users/admin/Desktop/AMine/published_results/archive_v1_newformat_2026-05-13/results_doe_scholl_l9,/Users/admin/Desktop/AMine/published_results/archive_v1_newformat_2026-05-13/results_doe_scholl_l9/solutions/Scholl_MUKHERJE_c06/run_info.json
results_doe_scholl_l9,Scholl_MUKHERJE,7,c07,Scholl_MUKHERJE_c07,Scholl,94,600.0,OK,1,1,1.0,8,8,,,,788.98,0.0,0.0,2026-04-23T19:06:05.194499,high,low,high,mid,fixed,fixed,2.0414,0.4438,1.0683,1.2229,0.0,0.0,0.0,0.0,0.05,5.0,instance,7042,102.4,1.0,352.0,3.2,320.0,0.0,320.0,0.0,0.0,1.0,0.0,0.0,0.0,1,/Users/admin/Desktop/AMine/published_results/archive_v1_newformat_2026-05-13/results_doe_scholl_l9,/Users/admin/Desktop/AMine/published_results/archive_v1_newformat_2026-05-13/results_doe_scholl_l9/solutions/Scholl_MUKHERJE_c07/run_info.json
results_doe_scholl_l9,Scholl_MUKHERJE,8,c08,Scholl_MUKHERJE_c08,Scholl,94,600.0,OK,1,1,1.0,8,8,,,,790.14,0.0,0.0,2026-04-23T19:19:15.337064,high,mid,low,high,fixed,fixed,2.3614,0.5973,0.9424,1.2626,0.0,0.0,0.0,0.0,0.05,5.0,instance,8042,102.4,1.0,352.0,3.2,320.0,0.0,320.0,0.0,0.0,1.0,0.0,0.0,0.0,1,/Users/admin/Desktop/AMine/published_results/archive_v1_newformat_2026-05-13/results_doe_scholl_l9,/Users/admin/Desktop/AMine/published_results/archive_v1_newformat_2026-05-13/results_doe_scholl_l9/solutions/Scholl_MUKHERJE_c08/run_info.json
results_doe_scholl_l9,Scholl_MUKHERJE,9,c09,Scholl_MUKHERJE_c09,Scholl,94,600.0,OK,1,1,1.0,8,8,,,,2050.06,0.0,0.0,2026-04-23T19:53:25.400421,high,high,mid,low,fixed,fixed,2.0961,0.8926,0.9936,1.0926,0.0,0.0,0.0,0.0,0.05,5.0,instance,9042,102.4,1.0,352.0,3.2,320.0,0.0,320.0,0.0,0.0,1.0,0.0,0.0,0.0,1,/Users/admin/Desktop/AMine/published_results/archive_v1_newformat_2026-05-13/results_doe_scholl_l9,/Users/admin/Desktop/AMine/published_results/archive_v1_newformat_2026-05-13/results_doe_scholl_l9/solutions/Scholl_MUKHERJE_c09/run_info.json
results_doe_scholl_l9,Scholl_SAWYER30,1,c01,Scholl_SAWYER30_c01,Scholl,30,200.0,OK,3,2,0.666667,1,2,,,,305.8,20.4044,61.2133,2026-04-23T01:04:51.409912,low,low,low,low,fixed,fixed,0.9394,0.3558,0.9076,1.0747,0.0,0.0,0.0,0.0,0.05,5.0,instance,1042,3931.25,0.520706,88.0,107.855,18.0,0.0,80.0,98.05,19.947452,0.255396,116.007769,62.0,98.05,3,/Users/admin/Desktop/AMine/published_results/archive_v1_newformat_2026-05-13/results_doe_scholl_l9,/Users/admin/Desktop/AMine/published_results/archive_v1_newformat_2026-05-13/results_doe_scholl_l9/solutions/Scholl_SAWYER30_c01/run_info.json
results_doe_scholl_l9,Scholl_SAWYER30,2,c02,Scholl_SAWYER30_c02,Scholl,30,200.0,OK,3,2,0.666667,1,2,,,,304.72,20.7206,62.1619,2026-04-23T01:09:56.128506,low,mid,mid,mid,fixed,fixed,0.9834,0.594,1.0293,1.1083,0.0,0.0,0.0,0.0,0.05,5.0,instance,2042,4214.5,0.522269,88.0,115.28,18.0,0.0,80.0,104.8,22.05478,0.274481,121.766334,62.0,104.8,3,/Users/admin/Desktop/AMine/published_results/archive_v1_newformat_2026-05-13/results_doe_scholl_l9,/Users/admin/Desktop/AMine/published_results/archive_v1_newformat_2026-05-13/results_doe_scholl_l9/solutions/Scholl_SAWYER30_c02/run_info.json
results_doe_scholl_l9,Scholl_SAWYER30,3,c03,Scholl_SAWYER30_c03,Scholl,30,200.0,OK,3,2,0.666667,2,2,,,,369.15,12.723,38.169,2026-04-23T01:16:05.283408,low,high,high,high,fixed,fixed,0.8528,0.9373,1.0988,1.4043,0.0,0.0,0.0,0.0,0.05,5.0,instance,3042,3161.4,0.443142,88.0,101.915,18.0,0.0,80.0,92.65,12.499633,0.15949,111.481041,62.0,92.65,3,/Users/admin/Desktop/AMine/published_results/archive_v1_newformat_2026-05-13/results_doe_scholl_l9,/Users/admin/Desktop/AMine/published_results/archive_v1_newformat_2026-05-13/results_doe_scholl_l9/solutions/Scholl_SAWYER30_c03/run_info.json
results_doe_scholl_l9,Scholl_SAWYER30,4,c04,Scholl_SAWYER30_c04,Scholl,30,200.0,OK,3,3,1.0,1,3,,,,31.49,0.0,0.0,2026-04-23T01:16:36.770931,mid,low,mid,high,fixed,fixed,1.239,0.3718,0.9695,1.3848,0.0,0.0,0.0,0.0,0.05,5.0,instance,4042,5148.065,0.58057,88.0,145.365,27.0,0.0,80.0,132.15,22.256853,0.296229,142.38196,53.0,132.15,3,/Users/admin/Desktop/AMine/published_results/archive_v1_newformat_2026-05-13/results_doe_scholl_l9,/Users/admin/Desktop/AMine/published_results/archive_v1_newformat_2026-05-13/results_doe_scholl_l9/solutions/Scholl_SAWYER30_c04/run_info.json
results_doe_scholl_l9,Scholl_SAWYER30,5,c05,Scholl_SAWYER30_c05,Scholl,30,200.0,OK,4,1,0.25,2,3,,,,907.34,57.4111,87.4301,2026-04-23T01:31:44.110367,mid,mid,high,low,fixed,fixed,1.2972,0.6475,1.0861,1.0772,0.0,0.0,0.0,0.0,0.05,5.0,instance,5042,4636.82,0.514926,88.0,147.62,27.0,0.0,80.0,134.2,48.999481,0.58337,144.286659,53.0,134.2,4,/Users/admin/Desktop/AMine/published_results/archive_v1_newformat_2026-05-13/results_doe_scholl_l9,/Users/admin/Desktop/AMine/published_results/archive_v1_newformat_2026-05-13/results_doe_scholl_l9/solutions/Scholl_SAWYER30_c05/run_info.json
results_doe_scholl_l9,Scholl_SAWYER30,6,c06,Scholl_SAWYER30_c06,Scholl,30,200.0,OK,3,2,0.666667,2,3,,,,407.42,21.6807,65.042,2026-04-23T01:38:31.527959,mid,high,low,mid,fixed,fixed,1.2683,0.933,0.9073,1.188,0.0,0.0,0.0,0.0,0.05,5.0,instance,6042,4491.125,0.508021,88.0,144.925,27.0,0.0,80.0,131.75,16.82976,0.21973,142.010783,53.0,131.75,3,/Users/admin/Desktop/AMine/published_results/archive_v1_newformat_2026-05-13/results_doe_scholl_l9,/Users/admin/Desktop/AMine/published_results/archive_v1_newformat_2026-05-13/results_doe_scholl_l9/solutions/Scholl_SAWYER30_c06/run_info.json
results_doe_scholl_l9,Scholl_SAWYER30,7,c07,Scholl_SAWYER30_c07,Scholl,30,200.0,OK,3,3,1.0,1,4,,,,300.5,0.0,0.0,2026-04-23T01:43:32.030467,high,low,high,mid,fixed,fixed,2.0414,0.4438,1.0683,1.2229,0.0,0.0,0.0,0.0,0.05,5.0,instance,7042,8137.41,0.711134,88.0,220.055,36.0,0.0,80.0,200.05,50.835691,0.478794,204.831644,44.0,200.05,3,/Users/admin/Desktop/AMine/published_results/archive_v1_newformat_2026-05-13/results_doe_scholl_l9,/Users/admin/Desktop/AMine/published_results/archive_v1_newformat_2026-05-13/results_doe_scholl_l9/solutions/Scholl_SAWYER30_c07/run_info.json
results_doe_scholl_l9,Scholl_SAWYER30,8,c08,Scholl_SAWYER30_c08,Scholl,30,200.0,OK,3,2,0.666667,2,4,,,,305.65,9.0175,27.0526,2026-04-23T01:48:37.679416,high,mid,low,high,fixed,fixed,2.3614,0.5973,0.9424,1.2626,0.0,0.0,0.0,0.0,0.05,5.0,instance,8042,7044.74,0.565083,88.0,239.745,36.0,0.0,80.0,217.95,54.646203,0.436722,222.347032,44.0,217.95,3,/Users/admin/Desktop/AMine/published_results/archive_v1_newformat_2026-05-13/results_doe_scholl_l9,/Users/admin/Desktop/AMine/published_results/archive_v1_newformat_2026-05-13/results_doe_scholl_l9/solutions/Scholl_SAWYER30_c08/run_info.json
results_doe_scholl_l9,Scholl_SAWYER30,9,c09,Scholl_SAWYER30_c09,Scholl,30,200.0,OK,3,2,0.666667,2,4,,,,625.43,19.6937,59.0812,2026-04-23T01:59:03.111502,high,high,mid,low,fixed,fixed,2.0961,0.8926,0.9936,1.0926,0.0,0.0,0.0,0.0,0.05,5.0,instance,9042,6224.52,0.529926,88.0,225.885,36.0,0.0,80.0,205.35,32.880098,0.291109,210.011006,44.0,205.35,3,/Users/admin/Desktop/AMine/published_results/archive_v1_newformat_2026-05-13/results_doe_scholl_l9,/Users/admin/Desktop/AMine/published_results/archive_v1_newformat_2026-05-13/results_doe_scholl_l9/solutions/Scholl_SAWYER30_c09/run_info.json
results_doe_scholl_l9,Scholl_WEE-MAG,1,c01,Scholl_WEE-MAG_c01,Scholl,75,600.0,OK,4,2,0.5,1,3,,,,689.51,44.3967,100.0,2026-04-23T11:55:39.078559,low,low,low,low,fixed,fixed,0.9394,0.3558,0.9076,1.0747,0.0,0.0,0.0,0.0,0.05,5.0,instance,1042,32200.625,0.665298,132.0,460.955,27.0,0.0,120.0,419.05,102.35788,0.615764,429.245737,93.0,419.05,4,/Users/admin/Desktop/AMine/published_results/archive_v1_newformat_2026-05-13/results_doe_scholl_l9,/Users/admin/Desktop/AMine/published_results/archive_v1_newformat_2026-05-13/results_doe_scholl_l9/solutions/Scholl_WEE-MAG_c01/run_info.json
results_doe_scholl_l9,Scholl_WEE-MAG,2,c02,Scholl_WEE-MAG_c02,Scholl,75,600.0,OK,5,1,0.2,2,3,,,,1626.45,75.2184,99.3957,2026-04-23T12:22:45.533639,low,mid,mid,mid,fixed,fixed,0.9834,0.594,1.0293,1.1083,0.0,0.0,0.0,0.0,0.05,5.0,instance,2042,28312.275,0.559589,132.0,481.855,27.0,0.0,120.0,438.05,89.715839,0.484915,447.813357,93.0,438.05,5,/Users/admin/Desktop/AMine/published_results/archive_v1_newformat_2026-05-13/results_doe_scholl_l9,/Users/admin/Desktop/AMine/published_results/archive_v1_newformat_2026-05-13/results_doe_scholl_l9/solutions/Scholl_WEE-MAG_c02/run_info.json
results_doe_scholl_l9,Scholl_WEE-MAG,3,c03,Scholl_WEE-MAG_c03,Scholl,75,600.0,OK,4,1,0.25,3,3,,,,983.07,72.652,99.9519,2026-04-23T12:39:08.604749,low,high,high,high,fixed,fixed,0.8528,0.9373,1.0988,1.4043,0.0,0.0,0.0,0.0,0.05,5.0,instance,3042,24136.675,0.520682,132.0,441.485,27.0,0.0,120.0,401.35,44.825502,0.238476,411.984008,93.0,401.35,4,/Users/admin/Desktop/AMine/published_results/archive_v1_newformat_2026-05-13/results_doe_scholl_l9,/Users/admin/Desktop/AMine/published_results/archive_v1_newformat_2026-05-13/results_doe_scholl_l9/solutions/Scholl_WEE-MAG_c03/run_info.json
results_doe_scholl_l9,Scholl_WEE-MAG,4,c04,Scholl_WEE-MAG_c04,Scholl,75,600.0,OK,4,2,0.5,1,4,,,,689.77,35.8917,77.3215,2026-04-23T12:50:38.382551,mid,low,mid,high,fixed,fixed,1.239,0.3718,0.9695,1.3848,0.0,0.0,0.0,0.0,0.05,5.0,instance,4042,44963.48,0.768506,132.0,609.455,36.0,0.0,120.0,554.05,165.814607,0.788456,560.381479,84.0,554.05,4,/Users/admin/Desktop/AMine/published_results/archive_v1_newformat_2026-05-13/results_doe_scholl_l9,/Users/admin/Desktop/AMine/published_results/archive_v1_newformat_2026-05-13/results_doe_scholl_l9/solutions/Scholl_WEE-MAG_c04/run_info.json
results_doe_scholl_l9,Scholl_WEE-MAG,5,c05,Scholl_WEE-MAG_c05,Scholl,75,600.0,OK,5,1,0.2,2,4,,,,1304.83,76.6768,100.0,2026-04-23T13:12:23.219863,mid,mid,high,low,fixed,fixed,1.2972,0.6475,1.0861,1.0772,0.0,0.0,0.0,0.0,0.05,5.0,instance,5042,35615.64,0.58768,132.0,631.29,36.0,0.0,120.0,573.9,122.927247,0.586166,580.014836,84.0,573.9,5,/Users/admin/Desktop/AMine/published_results/archive_v1_newformat_2026-05-13/results_doe_scholl_l9,/Users/admin/Desktop/AMine/published_results/archive_v1_newformat_2026-05-13/results_doe_scholl_l9/solutions/Scholl_WEE-MAG_c05/run_info.json
results_doe_scholl_l9,Scholl_WEE-MAG,6,c06,Scholl_WEE-MAG_c06,Scholl,75,600.0,OK,4,1,0.25,3,4,,,,983.64,73.3241,99.8384,2026-04-23T13:28:46.868807,mid,high,low,mid,fixed,fixed,1.2683,0.933,0.9073,1.188,0.0,0.0,0.0,0.0,0.05,5.0,instance,6042,34086.38,0.57075,132.0,622.105,36.0,0.0,120.0,565.55,65.092761,0.255873,571.754145,84.0,565.55,4,/Users/admin/Desktop/AMine/published_results/archive_v1_newformat_2026-05-13/results_doe_scholl_l9,/Users/admin/Desktop/AMine/published_results/archive_v1_newformat_2026-05-13/results_doe_scholl_l9/solutions/Scholl_WEE-MAG_c06/run_info.json
results_doe_scholl_l9,Scholl_WEE-MAG,7,c07,Scholl_WEE-MAG_c07,Scholl,75,600.0,OK,3,1,0.333333,2,3,,,,1261.38,58.4448,88.4467,2026-04-23T13:49:48.252044,high,low,high,mid,fixed,fixed,2.0414,0.4438,1.0683,1.2229,0.0,0.0,0.0,0.0,0.05,5.0,instance,7042,9799.5,0.488613,132.0,257.125,54.0,0.0,120.0,233.75,33.341978,0.238367,242.888992,66.0,233.75,3,/Users/admin/Desktop/AMine/published_results/archive_v1_newformat_2026-05-13/results_doe_scholl_l9,/Users/admin/Desktop/AMine/published_results/archive_v1_newformat_2026-05-13/results_doe_scholl_l9/solutions/Scholl_WEE-MAG_c07/run_info.json
results_doe_scholl_l9,Scholl_WEE-MAG,8,c08,Scholl_WEE-MAG_c08,Scholl,75,600.0,OK,4,1,0.25,2,7,,,,1582.99,72.5844,99.987,2026-04-23T14:16:11.245842,high,mid,low,high,fixed,fixed,2.3614,0.5973,0.9424,1.2626,0.0,0.0,0.0,0.0,0.05,5.0,instance,8042,56712.76,0.750657,132.0,1094.94,63.0,0.0,120.0,995.4,191.690219,0.437977,997.030672,57.0,995.4,4,/Users/admin/Desktop/AMine/published_results/archive_v1_newformat_2026-05-13/results_doe_scholl_l9,/Users/admin/Desktop/AMine/published_results/archive_v1_newformat_2026-05-13/results_doe_scholl_l9/solutions/Scholl_WEE-MAG_c08/run_info.json
results_doe_scholl_l9,Scholl_WEE-MAG,9,c09,Scholl_WEE-MAG_c09,Scholl,75,600.0,OK,6,1,0.166667,3,6,,,,2547.69,79.0171,99.9716,2026-04-23T14:58:38.938940,high,high,mid,low,fixed,fixed,2.0961,0.8926,0.9936,1.0926,0.0,0.0,0.0,0.0,0.05,5.0,instance,9042,43656.36,0.574803,132.0,973.72,54.0,0.0,120.0,885.2,116.404616,0.553822,887.657051,66.0,885.2,6,/Users/admin/Desktop/AMine/published_results/archive_v1_newformat_2026-05-13/results_doe_scholl_l9,/Users/admin/Desktop/AMine/published_results/archive_v1_newformat_2026-05-13/results_doe_scholl_l9/solutions/Scholl_WEE-MAG_c09/run_info.json
