global_point_id,run_name,base_instance,source,n_tasks,T,status,n_pareto,n_certified,total_cpu_s,gap_mean_pct,gap_max_pct,timestamp,config_name,config_id,alpha_level,beta_level,gamma_level,sigma_level,R_e_level,C_c_level,alpha_ci,beta_su,gamma_setup,sigma_si,alpha_ci_std,beta_su_std,gamma_setup_std,sigma_si_std,R_e,C_c,factor_granularity,seed,HV_abs,HV_norm,ref_cost,ref_energy,ideal_cost,ideal_energy,nadir_cost,nadir_energy,spacing,spread_delta,max_spread,cost_range,energy_range,point_idx,cost,energy,stations,workers,cobots,certified,lb,ub,mip_gap_pct,n_nodes,cpu_s,energy_tasks,energy_idle,cobot_util,HI,CI,SEH,SEC,SU,SIH,SIC,solver_iterations
1,Scholl_ARC111_c01,Scholl_ARC111,Scholl,111,6777.75,OK,1,1,1567.06,0.0,0.0,2026-05-10T12:13:10.441086,c01,1,low,low,low,low,fixed,fixed,0.9748,0.3714,0.901,1.0501,0.071,0.0411,0.0291,0.0285,0.05,5.0,task,1042,846.4,1.0,1012.0,9.2,920.0,0.0,920.0,0.0,0.0,1.0,0.0,0.0,0.0,0,920.0,0.0,23,23,0,True,920.0,920.0,0.0,22,9.0,0.0,0.0,,111,0,0,0,0,0,0,
2,Scholl_ARC111_c02,Scholl_ARC111,Scholl,111,7640.85,OK,1,1,2174.48,0.0,0.0,2026-05-10T12:49:24.929767,c02,2,low,mid,mid,mid,fixed,fixed,0.9876,0.6245,1.0036,1.1677,0.0741,0.0448,0.0297,0.0433,0.05,5.0,task,2042,640.0,1.0,880.0,8.0,800.0,0.0,800.0,0.0,0.0,1.0,0.0,0.0,0.0,0,800.0,0.0,20,20,0,True,800.0,800.0,0.0,0,6.98,0.0,0.0,,111,0,0,0,0,0,0,
3,Scholl_ARC111_c03,Scholl_ARC111,Scholl,111,8585.85,OK,1,1,3168.93,0.0,0.0,2026-05-10T13:42:13.871365,c03,3,low,high,high,high,fixed,fixed,0.97,0.8786,1.0747,1.3443,0.0683,0.0437,0.0147,0.0613,0.05,5.0,task,3042,518.4,1.0,792.0,7.2,720.0,0.0,720.0,0.0,0.0,1.0,0.0,0.0,0.0,0,720.0,0.0,18,18,0,True,720.0,720.0,0.0,0,11.31,0.0,0.0,,111,0,0,0,0,0,0,
4,Scholl_ARC111_c04,Scholl_ARC111,Scholl,111,11363.1,OK,1,1,1382.99,0.0,0.0,2026-05-10T14:05:16.876995,c04,4,mid,low,mid,high,fixed,fixed,1.4086,0.3768,1.0005,1.3443,0.1055,0.0417,0.0286,0.0552,0.05,5.0,task,4042,313.6,1.0,616.0,5.6,560.0,0.0,560.0,0.0,0.0,1.0,0.0,0.0,0.0,0,560.0,0.0,14,14,0,True,560.0,560.0,0.0,0,3.99,0.0,0.0,,111,0,0,0,0,0,0,
5,Scholl_ARC111_c05,Scholl_ARC111,Scholl,111,9762.9,OK,1,1,3192.59,0.0,0.0,2026-05-10T14:58:29.475079,c05,5,mid,mid,high,low,fixed,fixed,1.3932,0.6263,1.0773,1.0499,0.1129,0.043,0.0141,0.0298,0.05,5.0,task,5042,409.6,1.0,704.0,6.4,640.0,0.0,640.0,0.0,0.0,1.0,0.0,0.0,0.0,0,640.0,0.0,16,16,0,True,640.0,640.0,0.0,0,6.63,0.0,0.0,,111,0,0,0,0,0,0,
6,Scholl_ARC111_c06,Scholl_ARC111,Scholl,111,9822.75,OK,1,1,1418.08,0.0,0.0,2026-05-10T15:22:07.564306,c06,6,mid,high,low,mid,fixed,fixed,1.4017,0.8762,0.9038,1.1804,0.123,0.0477,0.0293,0.0419,0.05,5.0,task,6042,409.6,1.0,704.0,6.4,640.0,0.0,640.0,0.0,0.0,1.0,0.0,0.0,0.0,0,640.0,0.0,16,16,0,True,640.0,640.0,0.0,0,5.75,0.0,0.0,,111,0,0,0,0,0,0,
7,Scholl_ARC111_c07,Scholl_ARC111,Scholl,111,15507.45,OK,1,1,1449.18,0.0,0.0,2026-05-10T15:46:16.753028,c07,7,high,low,high,mid,fixed,fixed,2.1796,0.3801,1.0716,1.1726,0.1949,0.0435,0.0141,0.0453,0.05,5.0,task,7042,160.0,1.0,440.0,4.0,400.0,0.0,400.0,0.0,0.0,1.0,0.0,0.0,0.0,0,400.0,0.0,10,10,0,True,400.0,400.0,0.0,0,5.45,0.0,0.0,,111,0,0,0,0,0,0,
8,Scholl_ARC111_c08,Scholl_ARC111,Scholl,111,16399.95,OK,1,1,1309.37,0.0,0.0,2026-05-10T16:08:06.130502,c08,8,high,mid,low,high,fixed,fixed,2.1673,0.6246,0.9016,1.3476,0.214,0.0449,0.0299,0.0566,0.05,5.0,task,8042,160.0,1.0,440.0,4.0,400.0,0.0,400.0,0.0,0.0,1.0,0.0,0.0,0.0,0,400.0,0.0,10,10,0,True,400.0,400.0,0.0,0,3.81,0.0,0.0,,111,0,0,0,0,0,0,
9,Scholl_ARC111_c09,Scholl_ARC111,Scholl,111,14950.95,OK,1,1,1300.85,0.0,0.0,2026-05-10T16:29:46.990462,c09,9,high,high,mid,low,fixed,fixed,2.1404,0.8791,1.0015,1.0516,0.2033,0.0395,0.029,0.0266,0.05,5.0,task,9042,193.6,1.0,484.0,4.4,440.0,0.0,440.0,0.0,0.0,1.0,0.0,0.0,0.0,0,440.0,0.0,11,11,0,True,440.0,440.0,0.0,0,5.53,0.0,0.0,,111,0,0,0,0,0,0,
10,Scholl_ARC83_c01,Scholl_ARC83,Scholl,83,6000.0,OK,1,1,1295.36,0.0,0.0,2026-05-10T04:16:29.811393,c01,1,low,low,low,low,fixed,fixed,0.97,0.3777,0.8981,1.0497,0.0703,0.0402,0.0281,0.0301,0.05,5.0,task,1042,270.4,1.0,572.0,5.2,520.0,0.0,520.0,0.0,0.0,1.0,0.0,0.0,0.0,0,520.0,0.0,13,13,0,True,520.0,520.0,0.0,0,5.29,0.0,0.0,,83,0,0,0,0,0,0,
11,Scholl_ARC83_c02,Scholl_ARC83,Scholl,83,6000.0,OK,1,1,1985.92,0.0,0.0,2026-05-10T04:49:35.735719,c02,2,low,mid,mid,mid,fixed,fixed,0.9833,0.6273,1.004,1.1792,0.0775,0.0411,0.0307,0.0448,0.05,5.0,task,2042,270.4,1.0,572.0,5.2,520.0,0.0,520.0,0.0,0.0,1.0,0.0,0.0,0.0,0,520.0,0.0,13,13,0,True,520.0,520.0,0.0,0,5.32,0.0,0.0,,83,0,0,0,0,0,0,
12,Scholl_ARC83_c03,Scholl_ARC83,Scholl,83,6000.0,OK,1,1,1561.83,0.0,0.0,2026-05-10T05:15:37.571322,c03,3,low,high,high,high,fixed,fixed,0.9701,0.8739,1.0756,1.3538,0.0645,0.0461,0.0148,0.0562,0.05,5.0,task,3042,270.4,1.0,572.0,5.2,520.0,0.0,520.0,0.0,0.0,1.0,0.0,0.0,0.0,0,520.0,0.0,13,13,0,True,520.0,520.0,0.0,0,5.32,0.0,0.0,,83,0,0,0,0,0,0,
13,Scholl_ARC83_c04,Scholl_ARC83,Scholl,83,7136.85,OK,1,1,629.22,0.0,0.0,2026-05-10T05:26:06.792675,c04,4,mid,low,mid,high,fixed,fixed,1.4166,0.3693,1.005,1.3492,0.0996,0.0413,0.028,0.0583,0.05,5.0,task,4042,193.6,1.0,484.0,4.4,440.0,0.0,440.0,0.0,0.0,1.0,0.0,0.0,0.0,0,440.0,0.0,11,11,0,True,440.0,440.0,0.0,0,6.17,0.0,0.0,,83,0,0,0,0,0,0,
14,Scholl_ARC83_c05,Scholl_ARC83,Scholl,83,6586.650000000001,OK,1,1,2321.01,0.0,0.0,2026-05-10T06:04:47.811916,c05,5,mid,mid,high,low,fixed,fixed,1.4075,0.6176,1.0769,1.0548,0.1076,0.0426,0.0144,0.0288,0.05,5.0,task,5042,230.4,1.0,528.0,4.8,480.0,0.0,480.0,0.0,0.0,1.0,0.0,0.0,0.0,0,480.0,0.0,12,12,0,True,480.0,480.0,0.0,0,1022.88,0.0,0.0,,83,0,0,0,0,0,0,
15,Scholl_ARC83_c06,Scholl_ARC83,Scholl,83,6000.0,OK,1,1,1378.83,0.0,0.0,2026-05-10T06:27:46.647914,c06,6,mid,high,low,mid,fixed,fixed,1.3896,0.8821,0.8996,1.1817,0.1215,0.0463,0.0318,0.0433,0.05,5.0,task,6042,270.4,1.0,572.0,5.2,520.0,0.0,520.0,0.0,0.0,1.0,0.0,0.0,0.0,0,520.0,0.0,13,13,0,True,520.0,520.0,0.0,0,5.3,0.0,0.0,,83,0,0,0,0,0,0,
16,Scholl_ARC83_c07,Scholl_ARC83,Scholl,83,10559.85,OK,1,1,2135.22,0.0,0.0,2026-05-10T07:03:21.878155,c07,7,high,low,high,mid,fixed,fixed,2.1818,0.3789,1.076,1.1628,0.1858,0.0435,0.0147,0.0429,0.05,5.0,task,7042,102.4,1.0,352.0,3.2,320.0,0.0,320.0,0.0,0.0,1.0,0.0,0.0,0.0,0,320.0,0.0,8,8,0,True,320.0,320.0,0.0,0,2.2,0.0,0.0,,83,0,0,0,0,0,0,
17,Scholl_ARC83_c08,Scholl_ARC83,Scholl,83,11267.550000000001,OK,1,1,1370.62,0.0,0.0,2026-05-10T07:26:12.501162,c08,8,high,mid,low,high,fixed,fixed,2.1795,0.6215,0.9035,1.3492,0.207,0.0453,0.029,0.0629,0.05,5.0,task,8042,78.4,1.0,308.0,2.8,280.0,0.0,280.0,0.0,0.0,1.0,0.0,0.0,0.0,0,280.0,0.0,7,7,0,True,280.0,280.0,0.0,0,2.63,0.0,0.0,,83,0,0,0,0,0,0,
18,Scholl_ARC83_c09,Scholl_ARC83,Scholl,83,9799.65,OK,1,1,1439.72,0.0,0.0,2026-05-10T07:50:12.227051,c09,9,high,high,mid,low,fixed,fixed,2.1551,0.8765,1.0023,1.0501,0.196,0.0415,0.028,0.0291,0.05,5.0,task,9042,102.4,1.0,352.0,3.2,320.0,0.0,320.0,0.0,0.0,1.0,0.0,0.0,0.0,0,320.0,0.0,8,8,0,True,320.0,320.0,0.0,0,2.19,0.0,0.0,,83,0,0,0,0,0,0,
19,Scholl_BUXEY_c01,Scholl_BUXEY,Scholl,29,60.0,OK,7,2,5840.67,52.3641,86.0687,2026-05-07T20:38:59.149341,c01,1,low,low,low,low,fixed,fixed,0.9776,0.3802,0.8933,1.0544,0.0714,0.0403,0.0289,0.027,0.05,5.0,task,1042,15665.25,0.682243,264.0,109.34,54.0,0.0,240.0,99.4,4.830496,0.062755,210.894191,186.0,99.4,0,240.0,0.0,6,6,0,True,240.0,240.0,0.0,0,0.1,0.0,0.0,,29,0,0,0,0,0,0,
20,Scholl_BUXEY_c01,Scholl_BUXEY,Scholl,29,60.0,OK,7,2,5840.67,52.3641,86.0687,2026-05-07T20:38:59.149341,c01,1,low,low,low,low,fixed,fixed,0.9776,0.3802,0.8933,1.0544,0.0714,0.0403,0.0289,0.027,0.05,5.0,task,1042,15665.25,0.682243,264.0,109.34,54.0,0.0,240.0,99.4,4.830496,0.062755,210.894191,186.0,99.4,1,205.0,7.0,5,5,1,False,3.65,7.0,47.8571,15866,300.77,6.0,1.0,0.6667,22,0,0,0,0,4,3,
21,Scholl_BUXEY_c01,Scholl_BUXEY,Scholl,29,60.0,OK,7,2,5840.67,52.3641,86.0687,2026-05-07T20:38:59.149341,c01,1,low,low,low,low,fixed,fixed,0.9776,0.3802,0.8933,1.0544,0.0714,0.0403,0.0289,0.027,0.05,5.0,task,1042,15665.25,0.682243,264.0,109.34,54.0,0.0,240.0,99.4,4.830496,0.062755,210.894191,186.0,99.4,2,170.0,17.25,4,4,2,False,3.75,17.25,78.2609,15978,300.78,15.0,2.25,0.625,14,0,0,0,9,5,1,
22,Scholl_BUXEY_c01,Scholl_BUXEY,Scholl,29,60.0,OK,7,2,5840.67,52.3641,86.0687,2026-05-07T20:38:59.149341,c01,1,low,low,low,low,fixed,fixed,0.9776,0.3802,0.8933,1.0544,0.0714,0.0403,0.0289,0.027,0.05,5.0,task,1042,15665.25,0.682243,264.0,109.34,54.0,0.0,240.0,99.4,4.830496,0.062755,210.894191,186.0,99.4,3,130.0,26.2,3,3,2,False,3.65,26.2,86.0687,2543,1046.49,26.0,0.2,0.9667,8,0,0,0,21,0,0,
23,Scholl_BUXEY_c01,Scholl_BUXEY,Scholl,29,60.0,OK,7,2,5840.67,52.3641,86.0687,2026-05-07T20:38:59.149341,c01,1,low,low,low,low,fixed,fixed,0.9776,0.3802,0.8933,1.0544,0.0714,0.0403,0.0289,0.027,0.05,5.0,task,1042,15665.25,0.682243,264.0,109.34,54.0,0.0,240.0,99.4,4.830496,0.062755,210.894191,186.0,99.4,4,99.0,46.199999999999996,3,2,3,False,9.0250000002,46.2,80.4654,5050,1064.2,46.0,0.2,0.9778,0,5,0,0,24,0,0,
24,Scholl_BUXEY_c01,Scholl_BUXEY,Scholl,29,60.0,OK,7,2,5840.67,52.3641,86.0687,2026-05-07T20:38:59.149341,c01,1,low,low,low,low,fixed,fixed,0.9776,0.3802,0.8933,1.0544,0.0714,0.0403,0.0289,0.027,0.05,5.0,task,1042,15665.25,0.682243,264.0,109.34,54.0,0.0,240.0,99.4,4.830496,0.062755,210.894191,186.0,99.4,5,81.0,71.29999999999998,5,1,5,False,18.611920352,71.3,73.8963,6558,1067.25,69.0,2.3,0.8467,0,18,0,0,11,0,0,
25,Scholl_BUXEY_c01,Scholl_BUXEY,Scholl,29,60.0,OK,7,2,5840.67,52.3641,86.0687,2026-05-07T20:38:59.149341,c01,1,low,low,low,low,fixed,fixed,0.9776,0.3802,0.8933,1.0544,0.0714,0.0403,0.0289,0.027,0.05,5.0,task,1042,15665.25,0.682243,264.0,109.34,54.0,0.0,240.0,99.4,4.830496,0.062755,210.894191,186.0,99.4,6,54.0,99.39999999999998,6,0,6,True,99.4,99.4,0.0,768,7.9,98.0,1.4,0.9222,0,29,0,0,0,0,0,
26,Scholl_BUXEY_c02,Scholl_BUXEY,Scholl,29,60.0,OK,9,2,11355.77,70.9311,100.0,2026-05-07T23:48:14.923649,c02,2,low,mid,mid,mid,fixed,fixed,0.9736,0.6357,1.0001,1.191,0.0681,0.049,0.0318,0.0376,0.05,5.0,task,2042,14002.25,0.586226,264.0,113.74,54.0,0.0,240.0,103.4,20.961266,0.412781,212.80874,186.0,103.4,0,240.0,0.0,6,6,0,True,240.0,240.0,0.0,0,0.09,0.0,0.0,,29,0,0,0,0,0,0,
27,Scholl_BUXEY_c02,Scholl_BUXEY,Scholl,29,60.0,OK,9,2,11355.77,70.9311,100.0,2026-05-07T23:48:14.923649,c02,2,low,mid,mid,mid,fixed,fixed,0.9736,0.6357,1.0001,1.191,0.0681,0.049,0.0318,0.0376,0.05,5.0,task,2042,14002.25,0.586226,264.0,113.74,54.0,0.0,240.0,103.4,20.961266,0.412781,212.80874,186.0,103.4,1,205.0,8.25,5,5,1,False,0.0,8.25,100.0,6003,762.08,8.0,0.25,0.9167,20,0,0,0,0,6,3,
28,Scholl_BUXEY_c02,Scholl_BUXEY,Scholl,29,60.0,OK,9,2,11355.77,70.9311,100.0,2026-05-07T23:48:14.923649,c02,2,low,mid,mid,mid,fixed,fixed,0.9736,0.6357,1.0001,1.191,0.0681,0.049,0.0318,0.0376,0.05,5.0,task,2042,14002.25,0.586226,264.0,113.74,54.0,0.0,240.0,103.4,20.961266,0.412781,212.80874,186.0,103.4,2,178.0,28.450000000000003,6,4,2,False,0.91343893211,28.45,96.7893,2506,960.37,27.0,1.45,0.7583,23,6,0,0,0,0,0,
29,Scholl_BUXEY_c02,Scholl_BUXEY,Scholl,29,60.0,OK,9,2,11355.77,70.9311,100.0,2026-05-07T23:48:14.923649,c02,2,low,mid,mid,mid,fixed,fixed,0.9736,0.6357,1.0001,1.191,0.0681,0.049,0.0318,0.0376,0.05,5.0,task,2042,14002.25,0.586226,264.0,113.74,54.0,0.0,240.0,103.4,20.961266,0.412781,212.80874,186.0,103.4,3,147.0,44.5,6,3,3,False,0.70185185185,44.5,98.4228,3496,674.49,43.0,1.5,0.8333,19,10,0,0,0,0,0,
30,Scholl_BUXEY_c02,Scholl_BUXEY,Scholl,29,60.0,OK,9,2,11355.77,70.9311,100.0,2026-05-07T23:48:14.923649,c02,2,low,mid,mid,mid,fixed,fixed,0.9736,0.6357,1.0001,1.191,0.0681,0.049,0.0318,0.0376,0.05,5.0,task,2042,14002.25,0.586226,264.0,113.74,54.0,0.0,240.0,103.4,20.961266,0.412781,212.80874,186.0,103.4,4,143.0,45.449999999999996,5,3,3,False,3.0442130728,45.45,93.3021,3322,1031.26,45.0,0.45,0.95,10,10,0,0,0,5,4,
31,Scholl_BUXEY_c02,Scholl_BUXEY,Scholl,29,60.0,OK,9,2,11355.77,70.9311,100.0,2026-05-07T23:48:14.923649,c02,2,low,mid,mid,mid,fixed,fixed,0.9736,0.6357,1.0001,1.191,0.0681,0.049,0.0318,0.0376,0.05,5.0,task,2042,14002.25,0.586226,264.0,113.74,54.0,0.0,240.0,103.4,20.961266,0.412781,212.80874,186.0,103.4,5,116.0,62.55,6,2,4,False,3.4588672204,62.55,94.4702,3345,981.74,61.0,1.55,0.8708,14,15,0,0,0,0,0,
32,Scholl_BUXEY_c02,Scholl_BUXEY,Scholl,29,60.0,OK,9,2,11355.77,70.9311,100.0,2026-05-07T23:48:14.923649,c02,2,low,mid,mid,mid,fixed,fixed,0.9736,0.6357,1.0001,1.191,0.0681,0.049,0.0318,0.0376,0.05,5.0,task,2042,14002.25,0.586226,264.0,113.74,54.0,0.0,240.0,103.4,20.961266,0.412781,212.80874,186.0,103.4,6,112.0,66.0,5,2,4,False,13.093655226,66.0,80.1611,5224,536.61,66.0,0.0,1.0,5,16,0,0,8,0,0,
33,Scholl_BUXEY_c02,Scholl_BUXEY,Scholl,29,60.0,OK,9,2,11355.77,70.9311,100.0,2026-05-07T23:48:14.923649,c02,2,low,mid,mid,mid,fixed,fixed,0.9736,0.6357,1.0001,1.191,0.0681,0.049,0.0318,0.0376,0.05,5.0,task,2042,14002.25,0.586226,264.0,113.74,54.0,0.0,240.0,103.4,20.961266,0.412781,212.80874,186.0,103.4,7,81.0,81.3,5,1,5,False,20.134134268,81.3,75.2348,3934,1090.07,81.0,0.3,0.98,0,18,0,0,0,6,5,
34,Scholl_BUXEY_c02,Scholl_BUXEY,Scholl,29,60.0,OK,9,2,11355.77,70.9311,100.0,2026-05-07T23:48:14.923649,c02,2,low,mid,mid,mid,fixed,fixed,0.9736,0.6357,1.0001,1.191,0.0681,0.049,0.0318,0.0376,0.05,5.0,task,2042,14002.25,0.586226,264.0,113.74,54.0,0.0,240.0,103.4,20.961266,0.412781,212.80874,186.0,103.4,8,54.0,103.39999999999999,6,0,6,True,103.4,103.4,0.0,216,7.94,102.0,1.4,0.9222,0,29,0,0,0,0,0,
35,Scholl_BUXEY_c03,Scholl_BUXEY,Scholl,29,60.0,OK,7,2,9231.19,51.0771,99.4754,2026-05-08T02:22:06.120442,c03,3,low,high,high,high,fixed,fixed,0.9672,0.8716,1.0743,1.3482,0.0701,0.0347,0.0142,0.0592,0.05,5.0,task,3042,13470.65,0.578517,264.0,110.88,54.0,0.0,240.0,100.8,4.050412,0.045668,211.557652,186.0,100.8,0,240.0,0.0,6,6,0,True,240.0,240.0,0.0,0,0.09,0.0,0.0,,29,0,0,0,0,0,0,
36,Scholl_BUXEY_c03,Scholl_BUXEY,Scholl,29,60.0,OK,7,2,9231.19,51.0771,99.4754,2026-05-08T02:22:06.120442,c03,3,low,high,high,high,fixed,fixed,0.9672,0.8716,1.0743,1.3482,0.0701,0.0347,0.0142,0.0592,0.05,5.0,task,3042,13470.65,0.578517,264.0,110.88,54.0,0.0,240.0,100.8,4.050412,0.045668,211.557652,186.0,100.8,1,209.0,8.8,6,5,1,False,3.0898395722,8.8,64.8882,5287,442.46,7.0,1.8,0.4,27,2,0,0,0,0,0,
37,Scholl_BUXEY_c03,Scholl_BUXEY,Scholl,29,60.0,OK,7,2,9231.19,51.0771,99.4754,2026-05-08T02:22:06.120442,c03,3,low,high,high,high,fixed,fixed,0.9672,0.8716,1.0743,1.3482,0.0701,0.0347,0.0142,0.0592,0.05,5.0,task,3042,13470.65,0.578517,264.0,110.88,54.0,0.0,240.0,100.8,4.050412,0.045668,211.557652,186.0,100.8,2,178.0,25.7,6,4,2,False,0.13482032218,25.7,99.4754,3526,1002.08,24.0,1.7,0.7167,23,6,0,0,0,0,0,
38,Scholl_BUXEY_c03,Scholl_BUXEY,Scholl,29,60.0,OK,7,2,9231.19,51.0771,99.4754,2026-05-08T02:22:06.120442,c03,3,low,high,high,high,fixed,fixed,0.9672,0.8716,1.0743,1.3482,0.0701,0.0347,0.0142,0.0592,0.05,5.0,task,3042,13470.65,0.578517,264.0,110.88,54.0,0.0,240.0,100.8,4.050412,0.045668,211.557652,186.0,100.8,3,147.0,43.0,6,3,3,False,3.729543581,43.0,91.3266,3232,681.01,41.0,2.0,0.7778,19,10,0,0,0,0,0,
39,Scholl_BUXEY_c03,Scholl_BUXEY,Scholl,29,60.0,OK,7,2,9231.19,51.0771,99.4754,2026-05-08T02:22:06.120442,c03,3,low,high,high,high,fixed,fixed,0.9672,0.8716,1.0743,1.3482,0.0701,0.0347,0.0142,0.0592,0.05,5.0,task,3042,13470.65,0.578517,264.0,110.88,54.0,0.0,240.0,100.8,4.050412,0.045668,211.557652,186.0,100.8,4,116.0,60.80000000000001,6,2,4,False,9.4130568892,60.8,84.518,3402,960.52,59.0,1.8,0.85,15,14,0,0,0,0,0,
40,Scholl_BUXEY_c03,Scholl_BUXEY,Scholl,29,60.0,OK,7,2,9231.19,51.0771,99.4754,2026-05-08T02:22:06.120442,c03,3,low,high,high,high,fixed,fixed,0.9672,0.8716,1.0743,1.3482,0.0701,0.0347,0.0142,0.0592,0.05,5.0,task,3042,13470.65,0.578517,264.0,110.88,54.0,0.0,240.0,100.8,4.050412,0.045668,211.557652,186.0,100.8,5,81.0,80.14999999999999,5,1,5,False,66.259036251,80.15,17.3312,43720,1094.43,80.0,0.15,0.99,0,19,0,0,0,6,4,
41,Scholl_BUXEY_c03,Scholl_BUXEY,Scholl,29,60.0,OK,7,2,9231.19,51.0771,99.4754,2026-05-08T02:22:06.120442,c03,3,low,high,high,high,fixed,fixed,0.9672,0.8716,1.0743,1.3482,0.0701,0.0347,0.0142,0.0592,0.05,5.0,task,3042,13470.65,0.578517,264.0,110.88,54.0,0.0,240.0,100.8,4.050412,0.045668,211.557652,186.0,100.8,6,54.0,100.8,6,0,6,True,100.8,100.8,0.0,178,5.08,99.0,1.8,0.9,0,29,0,0,0,0,0,
42,Scholl_BUXEY_c04,Scholl_BUXEY,Scholl,29,60.0,OK,7,3,4988.25,52.1936,100.0,2026-05-08T03:45:14.377538,c04,4,mid,low,mid,high,fixed,fixed,1.4332,0.374,1.0046,1.3424,0.1111,0.0333,0.024,0.0611,0.05,5.0,task,4042,22581.59,0.811126,264.0,152.13,81.0,0.0,240.0,138.3,7.308255,0.122682,210.731796,159.0,138.3,0,240.0,0.0,6,6,0,True,240.0,240.0,0.0,0,0.1,0.0,0.0,,29,0,0,0,0,0,0,
43,Scholl_BUXEY_c04,Scholl_BUXEY,Scholl,29,60.0,OK,7,3,4988.25,52.1936,100.0,2026-05-08T03:45:14.377538,c04,4,mid,low,mid,high,fixed,fixed,1.4332,0.374,1.0046,1.3424,0.1111,0.0333,0.024,0.0611,0.05,5.0,task,4042,22581.59,0.811126,264.0,152.13,81.0,0.0,240.0,138.3,7.308255,0.122682,210.731796,159.0,138.3,1,205.0,11.75,5,5,1,False,0.0,11.75,100.0,3235,885.95,11.0,0.75,0.75,20,0,0,0,9,0,0,
44,Scholl_BUXEY_c04,Scholl_BUXEY,Scholl,29,60.0,OK,7,3,4988.25,52.1936,100.0,2026-05-08T03:45:14.377538,c04,4,mid,low,mid,high,fixed,fixed,1.4332,0.374,1.0046,1.3424,0.1111,0.0333,0.024,0.0611,0.05,5.0,task,4042,22581.59,0.811126,264.0,152.13,81.0,0.0,240.0,138.3,7.308255,0.122682,210.731796,159.0,138.3,2,165.0,16.0,4,4,1,False,3.0277777778,16.0,81.0764,2937,1046.27,16.0,0.0,1.0,14,0,0,0,15,0,0,
45,Scholl_BUXEY_c04,Scholl_BUXEY,Scholl,29,60.0,OK,7,3,4988.25,52.1936,100.0,2026-05-08T03:45:14.377538,c04,4,mid,low,mid,high,fixed,fixed,1.4332,0.374,1.0046,1.3424,0.1111,0.0333,0.024,0.0611,0.05,5.0,task,4042,22581.59,0.811126,264.0,152.13,81.0,0.0,240.0,138.3,7.308255,0.122682,210.731796,159.0,138.3,3,130.0,24.599999999999998,3,3,2,False,0.1168149428,24.6,99.5251,1588,985.29,24.0,0.6,0.9,8,0,0,0,21,0,0,
46,Scholl_BUXEY_c04,Scholl_BUXEY,Scholl,29,60.0,OK,7,3,4988.25,52.1936,100.0,2026-05-08T03:45:14.377538,c04,4,mid,low,mid,high,fixed,fixed,1.4332,0.374,1.0046,1.3424,0.1111,0.0333,0.024,0.0611,0.05,5.0,task,4042,22581.59,0.811126,264.0,152.13,81.0,0.0,240.0,138.3,7.308255,0.122682,210.731796,159.0,138.3,4,99.0,43.699999999999996,3,2,3,False,6.6627495557,43.7,84.7534,2592,955.44,43.0,0.7,0.9222,0,3,0,0,26,0,0,
47,Scholl_BUXEY_c04,Scholl_BUXEY,Scholl,29,60.0,OK,7,3,4988.25,52.1936,100.0,2026-05-08T03:45:14.377538,c04,4,mid,low,mid,high,fixed,fixed,1.4332,0.374,1.0046,1.3424,0.1111,0.0333,0.024,0.0611,0.05,5.0,task,4042,22581.59,0.811126,264.0,152.13,81.0,0.0,240.0,138.3,7.308255,0.122682,210.731796,159.0,138.3,5,90.0,82.94999999999999,6,1,6,True,82.95,82.95,0.0,4081,13.7,80.0,2.95,0.8361,0,17,0,0,12,0,0,
48,Scholl_BUXEY_c04,Scholl_BUXEY,Scholl,29,60.0,OK,7,3,4988.25,52.1936,100.0,2026-05-08T03:45:14.377538,c04,4,mid,low,mid,high,fixed,fixed,1.4332,0.374,1.0046,1.3424,0.1111,0.0333,0.024,0.0611,0.05,5.0,task,4042,22581.59,0.811126,264.0,152.13,81.0,0.0,240.0,138.3,7.308255,0.122682,210.731796,159.0,138.3,6,81.0,138.3,9,0,9,True,138.3,138.3,0.0,3015,16.76,135.0,3.3,0.8778,0,29,0,0,0,0,0,
49,Scholl_BUXEY_c05,Scholl_BUXEY,Scholl,29,60.0,OK,8,2,11275.12,69.1665,100.0,2026-05-08T06:53:09.504135,c05,5,mid,mid,high,low,fixed,fixed,1.4053,0.6254,1.0761,1.038,0.0999,0.0411,0.0139,0.029,0.05,5.0,task,5042,16465.53,0.593317,264.0,144.54,72.0,0.0,240.0,131.4,20.34516,0.251678,213.283755,168.0,131.4,0,240.0,0.0,6,6,0,True,240.0,240.0,0.0,0,0.1,0.0,0.0,,29,0,0,0,0,0,0,
50,Scholl_BUXEY_c05,Scholl_BUXEY,Scholl,29,60.0,OK,8,2,11275.12,69.1665,100.0,2026-05-08T06:53:09.504135,c05,5,mid,mid,high,low,fixed,fixed,1.4053,0.6254,1.0761,1.038,0.0999,0.0411,0.0139,0.029,0.05,5.0,task,5042,16465.53,0.593317,264.0,144.54,72.0,0.0,240.0,131.4,20.34516,0.251678,213.283755,168.0,131.4,1,205.0,11.05,5,5,1,False,0.0,11.05,100.0,49,978.8,11.0,0.05,0.9833,23,0,0,0,6,0,0,
51,Scholl_BUXEY_c05,Scholl_BUXEY,Scholl,29,60.0,OK,8,2,11275.12,69.1665,100.0,2026-05-08T06:53:09.504135,c05,5,mid,mid,high,low,fixed,fixed,1.4053,0.6254,1.0761,1.038,0.0999,0.0411,0.0139,0.029,0.05,5.0,task,5042,16465.53,0.593317,264.0,144.54,72.0,0.0,240.0,131.4,20.34516,0.251678,213.283755,168.0,131.4,2,179.0,34.0,5,4,3,False,0.75697788833,34.0,97.7736,3445,1076.82,33.0,1.0,0.8889,13,3,0,0,5,6,2,
52,Scholl_BUXEY_c05,Scholl_BUXEY,Scholl,29,60.0,OK,8,2,11275.12,69.1665,100.0,2026-05-08T06:53:09.504135,c05,5,mid,mid,high,low,fixed,fixed,1.4053,0.6254,1.0761,1.038,0.0999,0.0411,0.0139,0.029,0.05,5.0,task,5042,16465.53,0.593317,264.0,144.54,72.0,0.0,240.0,131.4,20.34516,0.251678,213.283755,168.0,131.4,3,152.0,56.99999999999999,6,3,4,False,4.2337147301,57.0,92.5724,3352,980.04,56.0,1.0,0.9167,11,12,0,0,6,0,0,
53,Scholl_BUXEY_c05,Scholl_BUXEY,Scholl,29,60.0,OK,8,2,11275.12,69.1665,100.0,2026-05-08T06:53:09.504135,c05,5,mid,mid,high,low,fixed,fixed,1.4053,0.6254,1.0761,1.038,0.0999,0.0411,0.0139,0.029,0.05,5.0,task,5042,16465.53,0.593317,264.0,144.54,72.0,0.0,240.0,131.4,20.34516,0.251678,213.283755,168.0,131.4,4,126.0,78.65,6,2,6,False,6.6847826087,78.65,91.5006,3336,1026.0,77.0,1.65,0.9083,0,12,0,0,0,8,9,
54,Scholl_BUXEY_c05,Scholl_BUXEY,Scholl,29,60.0,OK,8,2,11275.12,69.1665,100.0,2026-05-08T06:53:09.504135,c05,5,mid,mid,high,low,fixed,fixed,1.4053,0.6254,1.0761,1.038,0.0999,0.0411,0.0139,0.029,0.05,5.0,task,5042,16465.53,0.593317,264.0,144.54,72.0,0.0,240.0,131.4,20.34516,0.251678,213.283755,168.0,131.4,5,125.0,82.2,7,2,5,False,13.769333806,82.2,83.249,5289,1081.59,82.0,0.2,0.9867,13,16,0,0,0,0,0,
55,Scholl_BUXEY_c05,Scholl_BUXEY,Scholl,29,60.0,OK,8,2,11275.12,69.1665,100.0,2026-05-08T06:53:09.504135,c05,5,mid,mid,high,low,fixed,fixed,1.4053,0.6254,1.0761,1.038,0.0999,0.0411,0.0139,0.029,0.05,5.0,task,5042,16465.53,0.593317,264.0,144.54,72.0,0.0,240.0,131.4,20.34516,0.251678,213.283755,168.0,131.4,6,99.0,107.75,7,1,7,False,12.675,107.75,88.2367,3313,1023.97,107.0,0.75,0.9643,0,22,0,0,7,0,0,
56,Scholl_BUXEY_c05,Scholl_BUXEY,Scholl,29,60.0,OK,8,2,11275.12,69.1665,100.0,2026-05-08T06:53:09.504135,c05,5,mid,mid,high,low,fixed,fixed,1.4053,0.6254,1.0761,1.038,0.0999,0.0411,0.0139,0.029,0.05,5.0,task,5042,16465.53,0.593317,264.0,144.54,72.0,0.0,240.0,131.4,20.34516,0.251678,213.283755,168.0,131.4,7,72.0,131.4,8,0,8,True,131.4,131.4,0.0,411,7.05,131.0,0.4,0.9833,0,29,0,0,0,0,0,
57,Scholl_BUXEY_c06,Scholl_BUXEY,Scholl,29,60.0,OK,7,2,8958.02,63.1899,100.0,2026-05-08T09:22:27.524714,c06,6,mid,high,low,mid,fixed,fixed,1.3743,0.8826,0.8912,1.1936,0.1193,0.041,0.0319,0.044,0.05,5.0,task,6042,16707.02,0.585531,264.0,148.61,72.0,0.0,240.0,135.1,4.05194,0.078201,215.582954,168.0,135.1,0,240.0,0.0,6,6,0,True,240.0,240.0,0.0,0,0.09,0.0,0.0,,29,0,0,0,0,0,0,
58,Scholl_BUXEY_c06,Scholl_BUXEY,Scholl,29,60.0,OK,7,2,8958.02,63.1899,100.0,2026-05-08T09:22:27.524714,c06,6,mid,high,low,mid,fixed,fixed,1.3743,0.8826,0.8912,1.1936,0.1193,0.041,0.0319,0.044,0.05,5.0,task,6042,16707.02,0.585531,264.0,148.61,72.0,0.0,240.0,135.1,4.05194,0.078201,215.582954,168.0,135.1,1,209.0,12.0,6,5,1,False,0.0,12.0,100.0,4049,1164.58,11.0,1.0,0.6667,27,2,0,0,0,0,0,
59,Scholl_BUXEY_c06,Scholl_BUXEY,Scholl,29,60.0,OK,7,2,8958.02,63.1899,100.0,2026-05-08T09:22:27.524714,c06,6,mid,high,low,mid,fixed,fixed,1.3743,0.8826,0.8912,1.1936,0.1193,0.041,0.0319,0.044,0.05,5.0,task,6042,16707.02,0.585531,264.0,148.61,72.0,0.0,240.0,135.1,4.05194,0.078201,215.582954,168.0,135.1,2,178.0,35.1,6,4,2,False,3.8,35.1,89.1738,7998,619.2,35.0,0.1,0.9833,22,7,0,0,0,0,0,
60,Scholl_BUXEY_c06,Scholl_BUXEY,Scholl,29,60.0,OK,7,2,8958.02,63.1899,100.0,2026-05-08T09:22:27.524714,c06,6,mid,high,low,mid,fixed,fixed,1.3743,0.8826,0.8912,1.1936,0.1193,0.041,0.0319,0.044,0.05,5.0,task,6042,16707.02,0.585531,264.0,148.61,72.0,0.0,240.0,135.1,4.05194,0.078201,215.582954,168.0,135.1,3,156.0,58.65,7,3,4,False,0.70466762268,58.65,98.7985,3347,1059.21,57.0,1.65,0.8625,18,11,0,0,0,0,0,
61,Scholl_BUXEY_c06,Scholl_BUXEY,Scholl,29,60.0,OK,7,2,8958.02,63.1899,100.0,2026-05-08T09:22:27.524714,c06,6,mid,high,low,mid,fixed,fixed,1.3743,0.8826,0.8912,1.1936,0.1193,0.041,0.0319,0.044,0.05,5.0,task,6042,16707.02,0.585531,264.0,148.61,72.0,0.0,240.0,135.1,4.05194,0.078201,215.582954,168.0,135.1,4,125.0,84.6,7,2,5,False,12.75358817,84.6,84.9248,4494,1067.37,84.0,0.6,0.96,12,17,0,0,0,0,0,
62,Scholl_BUXEY_c06,Scholl_BUXEY,Scholl,29,60.0,OK,7,2,8958.02,63.1899,100.0,2026-05-08T09:22:27.524714,c06,6,mid,high,low,mid,fixed,fixed,1.3743,0.8826,0.8912,1.1936,0.1193,0.041,0.0319,0.044,0.05,5.0,task,6042,16707.02,0.585531,264.0,148.61,72.0,0.0,240.0,135.1,4.05194,0.078201,215.582954,168.0,135.1,5,99.0,107.89999999999999,7,1,7,False,32.982870435,107.9,69.432,3948,983.3,107.0,0.9,0.9571,0,22,0,0,0,5,2,
63,Scholl_BUXEY_c06,Scholl_BUXEY,Scholl,29,60.0,OK,7,2,8958.02,63.1899,100.0,2026-05-08T09:22:27.524714,c06,6,mid,high,low,mid,fixed,fixed,1.3743,0.8826,0.8912,1.1936,0.1193,0.041,0.0319,0.044,0.05,5.0,task,6042,16707.02,0.585531,264.0,148.61,72.0,0.0,240.0,135.1,4.05194,0.078201,215.582954,168.0,135.1,6,72.0,135.1,8,0,8,True,135.1,135.1,0.0,86965,179.06,134.0,1.1,0.9542,0,29,0,0,0,0,0,
64,Scholl_BUXEY_c07,Scholl_BUXEY,Scholl,29,80.85000000000001,OK,6,2,4644.89,43.2227,99.9593,2026-05-08T10:39:52.419994,c07,7,high,low,high,mid,fixed,fixed,2.1726,0.3767,1.0811,1.1753,0.2,0.0358,0.0127,0.0463,0.05,5.0,task,7042,12297.62125,0.798998,220.0,110.7288,81.0,0.0,200.0,100.6625,27.786017,0.405375,155.865131,119.0,100.6625,0,200.0,0.0,5,5,0,True,200.0,200.0,0.0,0,0.06,0.0,0.0,,29,0,0,0,0,0,0,
65,Scholl_BUXEY_c07,Scholl_BUXEY,Scholl,29,80.85000000000001,OK,6,2,4644.89,43.2227,99.9593,2026-05-08T10:39:52.419994,c07,7,high,low,high,mid,fixed,fixed,2.1726,0.3767,1.0811,1.1753,0.2,0.0358,0.0127,0.0463,0.05,5.0,task,7042,12297.62125,0.798998,220.0,110.7288,81.0,0.0,200.0,100.6625,27.786017,0.405375,155.865131,119.0,100.6625,1,169.0,7.342499999999999,5,4,1,False,0.0029879276321,7.3425,99.9593,3625,1996.92,4.0,3.34,0.1732,28,1,0,0,0,0,0,
66,Scholl_BUXEY_c07,Scholl_BUXEY,Scholl,29,80.85000000000001,OK,6,2,4644.89,43.2227,99.9593,2026-05-08T10:39:52.419994,c07,7,high,low,high,mid,fixed,fixed,2.1726,0.3767,1.0811,1.1753,0.2,0.0358,0.0127,0.0463,0.05,5.0,task,7042,12297.62125,0.798998,220.0,110.7288,81.0,0.0,200.0,100.6625,27.786017,0.405375,155.865131,119.0,100.6625,2,165.0,8.0425,4,4,1,False,4.7925,8.0425,40.4103,59396,491.47,6.0,2.04,0.4947,23,0,0,0,0,5,1,
67,Scholl_BUXEY_c07,Scholl_BUXEY,Scholl,29,80.85000000000001,OK,6,2,4644.89,43.2227,99.9593,2026-05-08T10:39:52.419994,c07,7,high,low,high,mid,fixed,fixed,2.1726,0.3767,1.0811,1.1753,0.2,0.0358,0.0127,0.0463,0.05,5.0,task,7042,12297.62125,0.798998,220.0,110.7288,81.0,0.0,200.0,100.6625,27.786017,0.405375,155.865131,119.0,100.6625,3,125.0,16.4925,3,3,1,False,4.7925,16.4925,70.9413,5148,1057.28,16.0,0.49,0.8782,16,0,0,0,13,0,0,
68,Scholl_BUXEY_c07,Scholl_BUXEY,Scholl,29,80.85000000000001,OK,6,2,4644.89,43.2227,99.9593,2026-05-08T10:39:52.419994,c07,7,high,low,high,mid,fixed,fixed,2.1726,0.3767,1.0811,1.1753,0.2,0.0358,0.0127,0.0463,0.05,5.0,task,7042,12297.62125,0.798998,220.0,110.7288,81.0,0.0,200.0,100.6625,27.786017,0.405375,155.865131,119.0,100.6625,4,90.0,36.235,2,2,2,False,18.832980821,36.235,48.0254,5453,1084.47,35.0,1.23,0.8472,0,0,0,0,29,0,0,
69,Scholl_BUXEY_c07,Scholl_BUXEY,Scholl,29,80.85000000000001,OK,6,2,4644.89,43.2227,99.9593,2026-05-08T10:39:52.419994,c07,7,high,low,high,mid,fixed,fixed,2.1726,0.3767,1.0811,1.1753,0.2,0.0358,0.0127,0.0463,0.05,5.0,task,7042,12297.62125,0.798998,220.0,110.7288,81.0,0.0,200.0,100.6625,27.786017,0.405375,155.865131,119.0,100.6625,5,81.0,100.66250000000001,5,1,5,True,100.6625,100.6625,0.0,504,6.43,99.0,1.66,0.9177,0,14,0,0,15,0,0,
70,Scholl_BUXEY_c08,Scholl_BUXEY,Scholl,29,81.9,OK,7,3,6138.43,45.6331,83.7363,2026-05-08T12:22:10.851683,c08,8,high,mid,low,high,fixed,fixed,2.1468,0.6344,0.9068,1.3524,0.2176,0.0417,0.0297,0.0642,0.05,5.0,task,8042,21106.7195,0.696816,220.0,217.9155,81.0,0.0,200.0,198.105,27.074695,0.34268,231.098661,119.0,198.105,0,200.0,0.0,5,5,0,True,200.0,200.0,0.0,0,0.14,0.0,0.0,,29,0,0,0,0,0,0,
71,Scholl_BUXEY_c08,Scholl_BUXEY,Scholl,29,81.9,OK,7,3,6138.43,45.6331,83.7363,2026-05-08T12:22:10.851683,c08,8,high,mid,low,high,fixed,fixed,2.1468,0.6344,0.9068,1.3524,0.2176,0.0417,0.0297,0.0642,0.05,5.0,task,8042,21106.7195,0.696816,220.0,217.9155,81.0,0.0,200.0,198.105,27.074695,0.34268,231.098661,119.0,198.105,1,165.0,4.845000000000001,4,4,1,True,4.845,4.845,0.0,5885,99.76,1.0,3.85,0.0611,22,0,6,1,0,0,0,
72,Scholl_BUXEY_c08,Scholl_BUXEY,Scholl,29,81.9,OK,7,3,6138.43,45.6331,83.7363,2026-05-08T12:22:10.851683,c08,8,high,mid,low,high,fixed,fixed,2.1468,0.6344,0.9068,1.3524,0.2176,0.0417,0.0297,0.0642,0.05,5.0,task,8042,21106.7195,0.696816,220.0,217.9155,81.0,0.0,200.0,198.105,27.074695,0.34268,231.098661,119.0,198.105,2,139.0,42.335,4,3,3,False,8.9405286702,42.335,78.8815,4962,903.02,39.0,3.34,0.7285,6,1,0,0,22,0,0,
73,Scholl_BUXEY_c08,Scholl_BUXEY,Scholl,29,81.9,OK,7,3,6138.43,45.6331,83.7363,2026-05-08T12:22:10.851683,c08,8,high,mid,low,high,fixed,fixed,2.1468,0.6344,0.9068,1.3524,0.2176,0.0417,0.0297,0.0642,0.05,5.0,task,8042,21106.7195,0.696816,220.0,217.9155,81.0,0.0,200.0,198.105,27.074695,0.34268,231.098661,119.0,198.105,3,135.0,45.135000000000005,3,3,3,False,10.44,45.135,76.8694,7610,1139.56,45.0,0.14,0.989,0,0,0,0,19,6,4,
74,Scholl_BUXEY_c08,Scholl_BUXEY,Scholl,29,81.9,OK,7,3,6138.43,45.6331,83.7363,2026-05-08T12:22:10.851683,c08,8,high,mid,low,high,fixed,fixed,2.1468,0.6344,0.9068,1.3524,0.2176,0.0417,0.0297,0.0642,0.05,5.0,task,8042,21106.7195,0.696816,220.0,217.9155,81.0,0.0,200.0,198.105,27.074695,0.34268,231.098661,119.0,198.105,4,117.0,85.925,5,2,5,False,17.232834438,85.925,79.9443,8165,375.35,83.0,2.93,0.8571,0,9,0,0,20,0,0,
75,Scholl_BUXEY_c08,Scholl_BUXEY,Scholl,29,81.9,OK,7,3,6138.43,45.6331,83.7363,2026-05-08T12:22:10.851683,c08,8,high,mid,low,high,fixed,fixed,2.1468,0.6344,0.9068,1.3524,0.2176,0.0417,0.0297,0.0642,0.05,5.0,task,8042,21106.7195,0.696816,220.0,217.9155,81.0,0.0,200.0,198.105,27.074695,0.34268,231.098661,119.0,198.105,5,99.0,145.56499999999997,7,1,7,False,23.674277287,145.565,83.7363,4908,952.5,144.0,1.57,0.9454,0,18,0,0,11,0,0,
76,Scholl_BUXEY_c08,Scholl_BUXEY,Scholl,29,81.9,OK,7,3,6138.43,45.6331,83.7363,2026-05-08T12:22:10.851683,c08,8,high,mid,low,high,fixed,fixed,2.1468,0.6344,0.9068,1.3524,0.2176,0.0417,0.0297,0.0642,0.05,5.0,task,8042,21106.7195,0.696816,220.0,217.9155,81.0,0.0,200.0,198.105,27.074695,0.34268,231.098661,119.0,198.105,6,81.0,198.10499999999993,9,0,9,True,198.105,198.105,0.0,5220,16.83,197.0,1.11,0.97,0,29,0,0,0,0,0,
77,Scholl_BUXEY_c09,Scholl_BUXEY,Scholl,29,69.3,OK,8,1,9354.91,81.3055,98.5114,2026-05-08T14:58:05.770428,c09,9,high,high,mid,low,fixed,fixed,2.1558,0.8847,0.9948,1.0454,0.2067,0.0389,0.0298,0.0292,0.05,5.0,task,9042,11523.4015,0.634828,220.0,183.3535,121.0,0.0,200.0,166.685,25.548004,0.695343,184.458367,79.0,166.685,0,200.0,0.0,5,5,0,True,200.0,200.0,0.0,0,0.07,0.0,0.0,,29,0,0,0,0,0,0,
78,Scholl_BUXEY_c09,Scholl_BUXEY,Scholl,29,69.3,OK,8,1,9354.91,81.3055,98.5114,2026-05-08T14:58:05.770428,c09,9,high,high,mid,low,fixed,fixed,2.1558,0.8847,0.9948,1.0454,0.2067,0.0389,0.0298,0.0292,0.05,5.0,task,9042,11523.4015,0.634828,220.0,183.3535,121.0,0.0,200.0,166.685,25.548004,0.695343,184.458367,79.0,166.685,1,174.0,26.23,5,4,2,False,4.165,26.23,84.1212,5104,1117.71,25.0,1.23,0.8225,18,2,0,0,0,6,3,
79,Scholl_BUXEY_c09,Scholl_BUXEY,Scholl,29,69.3,OK,8,1,9354.91,81.3055,98.5114,2026-05-08T14:58:05.770428,c09,9,high,high,mid,low,fixed,fixed,2.1558,0.8847,0.9948,1.0454,0.2067,0.0389,0.0298,0.0292,0.05,5.0,task,9042,11523.4015,0.634828,220.0,183.3535,121.0,0.0,200.0,166.685,25.548004,0.695343,184.458367,79.0,166.685,2,161.0,67.175,7,3,5,False,1.0,67.175,98.5114,5033,1114.49,63.0,4.17,0.759,15,8,0,0,0,4,2,
80,Scholl_BUXEY_c09,Scholl_BUXEY,Scholl,29,69.3,OK,8,1,9354.91,81.3055,98.5114,2026-05-08T14:58:05.770428,c09,9,high,high,mid,low,fixed,fixed,2.1558,0.8847,0.9948,1.0454,0.2067,0.0389,0.0298,0.0292,0.05,5.0,task,9042,11523.4015,0.634828,220.0,183.3535,121.0,0.0,200.0,166.685,25.548004,0.695343,184.458367,79.0,166.685,3,156.0,70.56,7,3,4,False,4.165,70.56,94.0972,4439,449.09,69.0,1.56,0.8874,19,10,0,0,0,0,0,
81,Scholl_BUXEY_c09,Scholl_BUXEY,Scholl,29,69.3,OK,8,1,9354.91,81.3055,98.5114,2026-05-08T14:58:05.770428,c09,9,high,high,mid,low,fixed,fixed,2.1558,0.8847,0.9948,1.0454,0.2067,0.0389,0.0298,0.0292,0.05,5.0,task,9042,11523.4015,0.634828,220.0,183.3535,121.0,0.0,200.0,166.685,25.548004,0.695343,184.458367,79.0,166.685,4,143.0,115.155,9,2,7,False,4.3667274958,115.155,96.208,3450,1095.62,111.0,4.15,0.8287,14,15,0,0,0,0,0,
82,Scholl_BUXEY_c09,Scholl_BUXEY,Scholl,29,69.3,OK,8,1,9354.91,81.3055,98.5114,2026-05-08T14:58:05.770428,c09,9,high,high,mid,low,fixed,fixed,2.1558,0.8847,0.9948,1.0454,0.2067,0.0389,0.0298,0.0292,0.05,5.0,task,9042,11523.4015,0.634828,220.0,183.3535,121.0,0.0,200.0,166.685,25.548004,0.695343,184.458367,79.0,166.685,5,139.0,117.355,8,2,7,False,9.0,117.355,92.331,4554,958.31,114.0,3.35,0.8617,7,13,0,0,0,6,3,
83,Scholl_BUXEY_c09,Scholl_BUXEY,Scholl,29,69.3,OK,8,1,9354.91,81.3055,98.5114,2026-05-08T14:58:05.770428,c09,9,high,high,mid,low,fixed,fixed,2.1558,0.8847,0.9948,1.0454,0.2067,0.0389,0.0298,0.0292,0.05,5.0,task,9042,11523.4015,0.634828,220.0,183.3535,121.0,0.0,200.0,166.685,25.548004,0.695343,184.458367,79.0,166.685,6,134.0,117.44,8,2,6,False,11.997875527,117.44,89.7838,9707,588.28,117.0,0.44,0.9788,13,16,0,0,0,0,0,
84,Scholl_BUXEY_c09,Scholl_BUXEY,Scholl,29,69.3,OK,8,1,9354.91,81.3055,98.5114,2026-05-08T14:58:05.770428,c09,9,high,high,mid,low,fixed,fixed,2.1558,0.8847,0.9948,1.0454,0.2067,0.0389,0.0298,0.0292,0.05,5.0,task,9042,11523.4015,0.634828,220.0,183.3535,121.0,0.0,200.0,166.685,25.548004,0.695343,184.458367,79.0,166.685,7,121.0,166.68499999999997,10,1,9,False,7.6817259259,166.685,95.3915,3090,1042.28,164.0,2.68,0.9139,6,23,0,0,0,0,0,
85,Scholl_GUNTHER_c01,Scholl_GUNTHER,Scholl,35,60.0,OK,11,2,14528.4,76.1206,100.0,2026-05-08T22:05:27.400183,c01,1,low,low,low,low,fixed,fixed,0.9812,0.3711,0.9,1.0484,0.068,0.0425,0.0308,0.0229,0.05,5.0,task,1042,35949.6,0.717998,396.0,158.95,81.0,0.0,360.0,144.5,14.46842,0.177831,314.199379,279.0,144.5,0,360.0,0.0,9,9,0,True,360.0,360.0,0.0,0,0.15,0.0,0.0,,35,0,0,0,0,0,0,
86,Scholl_GUNTHER_c01,Scholl_GUNTHER,Scholl,35,60.0,OK,11,2,14528.4,76.1206,100.0,2026-05-08T22:05:27.400183,c01,1,low,low,low,low,fixed,fixed,0.9812,0.3711,0.9,1.0484,0.068,0.0425,0.0308,0.0229,0.05,5.0,task,1042,35949.6,0.717998,396.0,158.95,81.0,0.0,360.0,144.5,14.46842,0.177831,314.199379,279.0,144.5,1,325.0,9.85,8,8,1,False,0.0,9.85,100.0,3771,301.26,9.0,0.85,0.7167,30,0,0,0,5,0,0,
87,Scholl_GUNTHER_c01,Scholl_GUNTHER,Scholl,35,60.0,OK,11,2,14528.4,76.1206,100.0,2026-05-08T22:05:27.400183,c01,1,low,low,low,low,fixed,fixed,0.9812,0.3711,0.9,1.0484,0.068,0.0425,0.0308,0.0229,0.05,5.0,task,1042,35949.6,0.717998,396.0,158.95,81.0,0.0,360.0,144.5,14.46842,0.177831,314.199379,279.0,144.5,2,290.0,18.25,7,7,2,False,0.0,18.25,100.0,3715,304.19,17.0,1.25,0.7917,26,0,0,0,5,2,2,
88,Scholl_GUNTHER_c01,Scholl_GUNTHER,Scholl,35,60.0,OK,11,2,14528.4,76.1206,100.0,2026-05-08T22:05:27.400183,c01,1,low,low,low,low,fixed,fixed,0.9812,0.3711,0.9,1.0484,0.068,0.0425,0.0308,0.0229,0.05,5.0,task,1042,35949.6,0.717998,396.0,158.95,81.0,0.0,360.0,144.5,14.46842,0.177831,314.199379,279.0,144.5,3,250.0,21.8,6,6,2,False,0.0,21.8,100.0,3427,2213.04,21.0,0.8,0.8667,24,0,0,0,11,0,0,
89,Scholl_GUNTHER_c01,Scholl_GUNTHER,Scholl,35,60.0,OK,11,2,14528.4,76.1206,100.0,2026-05-08T22:05:27.400183,c01,1,low,low,low,low,fixed,fixed,0.9812,0.3711,0.9,1.0484,0.068,0.0425,0.0308,0.0229,0.05,5.0,task,1042,35949.6,0.717998,396.0,158.95,81.0,0.0,360.0,144.5,14.46842,0.177831,314.199379,279.0,144.5,4,219.0,34.0,6,5,3,False,0.0,34.0,100.0,1956,750.09,31.0,3.0,0.6667,15,1,0,0,19,0,0,
90,Scholl_GUNTHER_c01,Scholl_GUNTHER,Scholl,35,60.0,OK,11,2,14528.4,76.1206,100.0,2026-05-08T22:05:27.400183,c01,1,low,low,low,low,fixed,fixed,0.9812,0.3711,0.9,1.0484,0.068,0.0425,0.0308,0.0229,0.05,5.0,task,1042,35949.6,0.717998,396.0,158.95,81.0,0.0,360.0,144.5,14.46842,0.177831,314.199379,279.0,144.5,5,215.0,40.4,5,5,3,False,0.007759826994,40.4,99.9808,1154,594.7,39.0,1.4,0.8444,10,0,0,0,25,0,0,
91,Scholl_GUNTHER_c01,Scholl_GUNTHER,Scholl,35,60.0,OK,11,2,14528.4,76.1206,100.0,2026-05-08T22:05:27.400183,c01,1,low,low,low,low,fixed,fixed,0.9812,0.3711,0.9,1.0484,0.068,0.0425,0.0308,0.0229,0.05,5.0,task,1042,35949.6,0.717998,396.0,158.95,81.0,0.0,360.0,144.5,14.46842,0.177831,314.199379,279.0,144.5,6,184.0,50.099999999999994,5,4,4,False,0.0,50.1,100.0,1962,1122.11,48.0,2.1,0.825,10,4,0,0,21,0,0,
92,Scholl_GUNTHER_c01,Scholl_GUNTHER,Scholl,35,60.0,OK,11,2,14528.4,76.1206,100.0,2026-05-08T22:05:27.400183,c01,1,low,low,low,low,fixed,fixed,0.9812,0.3711,0.9,1.0484,0.068,0.0425,0.0308,0.0229,0.05,5.0,task,1042,35949.6,0.717998,396.0,158.95,81.0,0.0,360.0,144.5,14.46842,0.177831,314.199379,279.0,144.5,7,144.0,59.85,4,3,4,False,0.0,59.85,100.0,143,954.25,59.0,0.85,0.9292,0,4,0,0,31,0,0,
93,Scholl_GUNTHER_c01,Scholl_GUNTHER,Scholl,35,60.0,OK,11,2,14528.4,76.1206,100.0,2026-05-08T22:05:27.400183,c01,1,low,low,low,low,fixed,fixed,0.9812,0.3711,0.9,1.0484,0.068,0.0425,0.0308,0.0229,0.05,5.0,task,1042,35949.6,0.717998,396.0,158.95,81.0,0.0,360.0,144.5,14.46842,0.177831,314.199379,279.0,144.5,8,126.0,84.35,6,2,6,False,21.0,84.35,75.1037,5012,2211.23,81.0,3.35,0.8139,0,15,0,0,20,0,0,
94,Scholl_GUNTHER_c01,Scholl_GUNTHER,Scholl,35,60.0,OK,11,2,14528.4,76.1206,100.0,2026-05-08T22:05:27.400183,c01,1,low,low,low,low,fixed,fixed,0.9812,0.3711,0.9,1.0484,0.068,0.0425,0.0308,0.0229,0.05,5.0,task,1042,35949.6,0.717998,396.0,158.95,81.0,0.0,360.0,144.5,14.46842,0.177831,314.199379,279.0,144.5,9,99.0,110.44999999999999,7,1,7,False,41.703126697,110.45,62.2425,5513,1107.72,109.0,1.45,0.931,0,23,0,0,12,0,0,
95,Scholl_GUNTHER_c01,Scholl_GUNTHER,Scholl,35,60.0,OK,11,2,14528.4,76.1206,100.0,2026-05-08T22:05:27.400183,c01,1,low,low,low,low,fixed,fixed,0.9812,0.3711,0.9,1.0484,0.068,0.0425,0.0308,0.0229,0.05,5.0,task,1042,35949.6,0.717998,396.0,158.95,81.0,0.0,360.0,144.5,14.46842,0.177831,314.199379,279.0,144.5,10,81.0,144.5,9,0,9,True,144.5,144.5,0.0,4669,36.11,142.0,2.5,0.9074,0,35,0,0,0,0,0,
96,Scholl_GUNTHER_c02,Scholl_GUNTHER,Scholl,35,60.0,OK,6,1,7149.71,83.3333,100.0,2026-05-09T00:04:37.118650,c02,2,low,mid,mid,mid,fixed,fixed,0.9815,0.6325,1.0059,1.1742,0.069,0.0514,0.0276,0.0417,0.05,5.0,task,2042,5390.65,0.818812,396.0,78.375,312.0,0.0,360.0,71.25,15.602011,0.542986,85.9102,48.0,71.25,0,360.0,0.0,9,9,0,True,360.0,360.0,0.0,0,0.15,0.0,0.0,,35,0,0,0,0,0,0,
97,Scholl_GUNTHER_c02,Scholl_GUNTHER,Scholl,35,60.0,OK,6,1,7149.71,83.3333,100.0,2026-05-09T00:04:37.118650,c02,2,low,mid,mid,mid,fixed,fixed,0.9815,0.6325,1.0059,1.1742,0.069,0.0514,0.0276,0.0417,0.05,5.0,task,2042,5390.65,0.818812,396.0,78.375,312.0,0.0,360.0,71.25,15.602011,0.542986,85.9102,48.0,71.25,1,338.0,15.850000000000001,10,8,2,False,2.1169506825e-15,15.85,100.0,3926,616.62,12.0,3.85,0.3583,32,3,0,0,0,0,0,
98,Scholl_GUNTHER_c02,Scholl_GUNTHER,Scholl,35,60.0,OK,6,1,7149.71,83.3333,100.0,2026-05-09T00:04:37.118650,c02,2,low,mid,mid,mid,fixed,fixed,0.9815,0.6325,1.0059,1.1742,0.069,0.0514,0.0276,0.0417,0.05,5.0,task,2042,5390.65,0.818812,396.0,78.375,312.0,0.0,360.0,71.25,15.602011,0.542986,85.9102,48.0,71.25,2,329.0,16.3,9,8,1,False,0.0,16.3,100.0,1099,1068.93,16.0,0.3,0.9,32,3,0,0,0,0,0,
99,Scholl_GUNTHER_c02,Scholl_GUNTHER,Scholl,35,60.0,OK,6,1,7149.71,83.3333,100.0,2026-05-09T00:04:37.118650,c02,2,low,mid,mid,mid,fixed,fixed,0.9815,0.6325,1.0059,1.1742,0.069,0.0514,0.0276,0.0417,0.05,5.0,task,2042,5390.65,0.818812,396.0,78.375,312.0,0.0,360.0,71.25,15.602011,0.542986,85.9102,48.0,71.25,3,321.0,30.149999999999995,11,7,5,False,5.6525805263e-14,30.15,100.0,3590,1185.81,20.0,10.15,0.3233,26,4,0,0,0,3,2,
100,Scholl_GUNTHER_c02,Scholl_GUNTHER,Scholl,35,60.0,OK,6,1,7149.71,83.3333,100.0,2026-05-09T00:04:37.118650,c02,2,low,mid,mid,mid,fixed,fixed,0.9815,0.6325,1.0059,1.1742,0.069,0.0514,0.0276,0.0417,0.05,5.0,task,2042,5390.65,0.818812,396.0,78.375,312.0,0.0,360.0,71.25,15.602011,0.542986,85.9102,48.0,71.25,4,316.0,34.24999999999999,11,7,4,False,0.0,34.25,100.0,5354,1400.81,27.0,7.25,0.3958,30,5,0,0,0,0,0,
101,Scholl_GUNTHER_c02,Scholl_GUNTHER,Scholl,35,60.0,OK,6,1,7149.71,83.3333,100.0,2026-05-09T00:04:37.118650,c02,2,low,mid,mid,mid,fixed,fixed,0.9815,0.6325,1.0059,1.1742,0.069,0.0514,0.0276,0.0417,0.05,5.0,task,2042,5390.65,0.818812,396.0,78.375,312.0,0.0,360.0,71.25,15.602011,0.542986,85.9102,48.0,71.25,5,312.0,71.25,14,6,8,False,0.0,71.25,100.0,361,969.4,57.0,14.25,0.4062,24,11,0,0,0,0,0,
102,Scholl_GUNTHER_c03,Scholl_GUNTHER,Scholl,35,60.0,OK,6,1,10216.36,83.2737,100.0,2026-05-09T02:54:53.485352,c03,3,low,high,high,high,fixed,fixed,0.9661,0.8733,1.0743,1.3451,0.0668,0.0356,0.0154,0.062,0.05,5.0,task,3042,5068.85,0.561957,396.0,56.375,236.0,0.0,360.0,51.25,11.496728,0.214369,134.173628,124.0,51.25,0,360.0,0.0,9,9,0,True,360.0,360.0,0.0,0,0.14,0.0,0.0,,35,0,0,0,0,0,0,
103,Scholl_GUNTHER_c03,Scholl_GUNTHER,Scholl,35,60.0,OK,6,1,10216.36,83.2737,100.0,2026-05-09T02:54:53.485352,c03,3,low,high,high,high,fixed,fixed,0.9661,0.8733,1.0743,1.3451,0.0668,0.0356,0.0154,0.062,0.05,5.0,task,3042,5068.85,0.561957,396.0,56.375,236.0,0.0,360.0,51.25,11.496728,0.214369,134.173628,124.0,51.25,1,329.0,10.25,9,8,1,False,0.0,10.25,100.0,3950,1199.07,9.0,1.25,0.5833,34,1,0,0,0,0,0,
104,Scholl_GUNTHER_c03,Scholl_GUNTHER,Scholl,35,60.0,OK,6,1,10216.36,83.2737,100.0,2026-05-09T02:54:53.485352,c03,3,low,high,high,high,fixed,fixed,0.9661,0.8733,1.0743,1.3451,0.0668,0.0356,0.0154,0.062,0.05,5.0,task,3042,5068.85,0.561957,396.0,56.375,236.0,0.0,360.0,51.25,11.496728,0.214369,134.173628,124.0,51.25,2,316.0,29.050000000000004,11,7,4,False,0.0,29.05,100.0,4438,485.05,21.0,8.05,0.3292,30,5,0,0,0,0,0,
105,Scholl_GUNTHER_c03,Scholl_GUNTHER,Scholl,35,60.0,OK,6,1,10216.36,83.2737,100.0,2026-05-09T02:54:53.485352,c03,3,low,high,high,high,fixed,fixed,0.9661,0.8733,1.0743,1.3451,0.0668,0.0356,0.0154,0.062,0.05,5.0,task,3042,5068.85,0.561957,396.0,56.375,236.0,0.0,360.0,51.25,11.496728,0.214369,134.173628,124.0,51.25,3,298.0,29.75,9,7,2,False,0.0,29.75,100.0,1550,984.91,29.0,0.75,0.875,31,4,0,0,0,0,0,
106,Scholl_GUNTHER_c03,Scholl_GUNTHER,Scholl,35,60.0,OK,6,1,10216.36,83.2737,100.0,2026-05-09T02:54:53.485352,c03,3,low,high,high,high,fixed,fixed,0.9661,0.8733,1.0743,1.3451,0.0668,0.0356,0.0154,0.062,0.05,5.0,task,3042,5068.85,0.561957,396.0,56.375,236.0,0.0,360.0,51.25,11.496728,0.214369,134.173628,124.0,51.25,4,267.0,36.5,9,6,3,False,0.0,36.5,100.0,4080,1191.45,34.0,2.5,0.7222,29,6,0,0,0,0,0,
107,Scholl_GUNTHER_c03,Scholl_GUNTHER,Scholl,35,60.0,OK,6,1,10216.36,83.2737,100.0,2026-05-09T02:54:53.485352,c03,3,low,high,high,high,fixed,fixed,0.9661,0.8733,1.0743,1.3451,0.0668,0.0356,0.0154,0.062,0.05,5.0,task,3042,5068.85,0.561957,396.0,56.375,236.0,0.0,360.0,51.25,11.496728,0.214369,134.173628,124.0,51.25,5,236.0,51.25,9,5,4,False,0.1835125448,51.25,99.6419,3369,301.24,48.0,3.25,0.7292,27,8,0,0,0,0,0,
108,Scholl_GUNTHER_c04,Scholl_GUNTHER,Scholl,35,85.05,OK,7,2,6843.45,53.4037,100.0,2026-05-09T04:48:56.937635,c04,4,mid,low,mid,high,fixed,fixed,1.4215,0.3797,0.9984,1.3446,0.1123,0.033,0.0284,0.0552,0.05,5.0,task,4042,31297.22425,0.775352,264.0,220.5748,81.0,0.0,240.0,200.5225,12.946311,0.245926,255.910674,159.0,200.5225,0,240.0,0.0,6,6,0,True,240.0,240.0,0.0,0,0.13,0.0,0.0,,35,0,0,0,0,0,0,
109,Scholl_GUNTHER_c04,Scholl_GUNTHER,Scholl,35,85.05,OK,7,2,6843.45,53.4037,100.0,2026-05-09T04:48:56.937635,c04,4,mid,low,mid,high,fixed,fixed,1.4215,0.3797,0.9984,1.3446,0.1123,0.033,0.0284,0.0552,0.05,5.0,task,4042,31297.22425,0.775352,264.0,220.5748,81.0,0.0,240.0,200.5225,12.946311,0.245926,255.910674,159.0,200.5225,1,205.0,15.0525,5,5,1,False,1.2280555556,15.0525,91.8415,5073,301.3,14.0,1.05,0.7525,26,0,0,0,9,0,0,
110,Scholl_GUNTHER_c04,Scholl_GUNTHER,Scholl,35,85.05,OK,7,2,6843.45,53.4037,100.0,2026-05-09T04:48:56.937635,c04,4,mid,low,mid,high,fixed,fixed,1.4215,0.3797,0.9984,1.3446,0.1123,0.033,0.0284,0.0552,0.05,5.0,task,4042,31297.22425,0.775352,264.0,220.5748,81.0,0.0,240.0,200.5225,12.946311,0.245926,255.910674,159.0,200.5225,2,170.0,31.354999999999997,4,4,2,False,0.0,31.355,100.0,4746,2083.68,31.0,0.35,0.9583,15,0,0,0,13,3,4,
111,Scholl_GUNTHER_c04,Scholl_GUNTHER,Scholl,35,85.05,OK,7,2,6843.45,53.4037,100.0,2026-05-09T04:48:56.937635,c04,4,mid,low,mid,high,fixed,fixed,1.4215,0.3797,0.9984,1.3446,0.1123,0.033,0.0284,0.0552,0.05,5.0,task,4042,31297.22425,0.775352,264.0,220.5748,81.0,0.0,240.0,200.5225,12.946311,0.245926,255.910674,159.0,200.5225,3,130.0,42.205000000000005,3,3,2,False,0.59474849753,42.205,98.5908,1037,1004.97,42.0,0.2,0.9759,7,0,0,0,28,0,0,
112,Scholl_GUNTHER_c04,Scholl_GUNTHER,Scholl,35,85.05,OK,7,2,6843.45,53.4037,100.0,2026-05-09T04:48:56.937635,c04,4,mid,low,mid,high,fixed,fixed,1.4215,0.3797,0.9984,1.3446,0.1123,0.033,0.0284,0.0552,0.05,5.0,task,4042,31297.22425,0.775352,264.0,220.5748,81.0,0.0,240.0,200.5225,12.946311,0.245926,255.910674,159.0,200.5225,4,108.0,72.96,4,2,4,False,24.96003473,72.96,65.7894,5071,1248.0,69.0,3.96,0.7672,0,8,0,0,27,0,0,
113,Scholl_GUNTHER_c04,Scholl_GUNTHER,Scholl,35,85.05,OK,7,2,6843.45,53.4037,100.0,2026-05-09T04:48:56.937635,c04,4,mid,low,mid,high,fixed,fixed,1.4215,0.3797,0.9984,1.3446,0.1123,0.033,0.0284,0.0552,0.05,5.0,task,4042,31297.22425,0.775352,264.0,220.5748,81.0,0.0,240.0,200.5225,12.946311,0.245926,255.910674,159.0,200.5225,5,90.0,130.315,6,1,6,False,107.37392848,130.315,17.6043,8695,1112.54,129.0,1.31,0.9485,0,22,0,0,13,0,0,
114,Scholl_GUNTHER_c04,Scholl_GUNTHER,Scholl,35,85.05,OK,7,2,6843.45,53.4037,100.0,2026-05-09T04:48:56.937635,c04,4,mid,low,mid,high,fixed,fixed,1.4215,0.3797,0.9984,1.3446,0.1123,0.033,0.0284,0.0552,0.05,5.0,task,4042,31297.22425,0.775352,264.0,220.5748,81.0,0.0,240.0,200.5225,12.946311,0.245926,255.910674,159.0,200.5225,6,81.0,200.5225,9,0,9,True,200.5225,200.5225,0.0,368,10.98,198.0,2.52,0.9341,0,35,0,0,0,0,0,
115,Scholl_GUNTHER_c05,Scholl_GUNTHER,Scholl,35,70.35000000000001,OK,8,1,22322.11,85.4085,100.0,2026-05-09T11:00:59.055846,c05,5,mid,mid,high,low,fixed,fixed,1.4015,0.6274,1.0726,1.0464,0.094,0.0424,0.0161,0.0265,0.05,5.0,task,5042,18954.961,0.639969,352.0,145.189,148.0,0.0,320.0,131.99,20.203033,0.249552,216.807196,172.0,131.99,0,320.0,0.0,8,8,0,True,320.0,320.0,0.0,0,0.23,0.0,0.0,,35,0,0,0,0,0,0,
116,Scholl_GUNTHER_c05,Scholl_GUNTHER,Scholl,35,70.35000000000001,OK,8,1,22322.11,85.4085,100.0,2026-05-09T11:00:59.055846,c05,5,mid,mid,high,low,fixed,fixed,1.4015,0.6274,1.0726,1.0464,0.094,0.0424,0.0161,0.0265,0.05,5.0,task,5042,18954.961,0.639969,352.0,145.189,148.0,0.0,320.0,131.99,20.203033,0.249552,216.807196,172.0,131.99,1,285.0,6.5175,7,7,1,False,0.0,6.5175,100.0,4180,1174.79,5.0,1.52,0.5686,30,0,0,0,0,4,1,
117,Scholl_GUNTHER_c05,Scholl_GUNTHER,Scholl,35,70.35000000000001,OK,8,1,22322.11,85.4085,100.0,2026-05-09T11:00:59.055846,c05,5,mid,mid,high,low,fixed,fixed,1.4015,0.6274,1.0726,1.0464,0.094,0.0424,0.0161,0.0265,0.05,5.0,task,5042,18954.961,0.639969,352.0,145.189,148.0,0.0,320.0,131.99,20.203033,0.249552,216.807196,172.0,131.99,2,258.0,26.185,8,6,2,False,0.0,26.185,100.0,3764,1222.66,24.0,2.18,0.6894,32,3,0,0,0,0,0,
118,Scholl_GUNTHER_c05,Scholl_GUNTHER,Scholl,35,70.35000000000001,OK,8,1,22322.11,85.4085,100.0,2026-05-09T11:00:59.055846,c05,5,mid,mid,high,low,fixed,fixed,1.4015,0.6274,1.0726,1.0464,0.094,0.0424,0.0161,0.0265,0.05,5.0,task,5042,18954.961,0.639969,352.0,145.189,148.0,0.0,320.0,131.99,20.203033,0.249552,216.807196,172.0,131.99,3,232.0,47.62,8,5,4,False,0.0,47.62,100.0,3556,1267.44,44.0,3.62,0.7427,23,6,0,0,0,4,2,
119,Scholl_GUNTHER_c05,Scholl_GUNTHER,Scholl,35,70.35000000000001,OK,8,1,22322.11,85.4085,100.0,2026-05-09T11:00:59.055846,c05,5,mid,mid,high,low,fixed,fixed,1.4015,0.6274,1.0726,1.0464,0.094,0.0424,0.0161,0.0265,0.05,5.0,task,5042,18954.961,0.639969,352.0,145.189,148.0,0.0,320.0,131.99,20.203033,0.249552,216.807196,172.0,131.99,4,205.0,77.28750000000002,9,4,5,False,0.0066210779745,77.2875,99.9914,4618,2236.06,75.0,2.29,0.8699,24,11,0,0,0,0,0,
120,Scholl_GUNTHER_c05,Scholl_GUNTHER,Scholl,35,70.35000000000001,OK,8,1,22322.11,85.4085,100.0,2026-05-09T11:00:59.055846,c05,5,mid,mid,high,low,fixed,fixed,1.4015,0.6274,1.0726,1.0464,0.094,0.0424,0.0161,0.0265,0.05,5.0,task,5042,18954.961,0.639969,352.0,145.189,148.0,0.0,320.0,131.99,20.203033,0.249552,216.807196,172.0,131.99,5,170.0,100.35499999999999,8,3,6,False,4.1175,100.355,95.8971,4901,1310.29,100.0,0.35,0.9832,16,13,0,0,6,0,0,
121,Scholl_GUNTHER_c05,Scholl_GUNTHER,Scholl,35,70.35000000000001,OK,8,1,22322.11,85.4085,100.0,2026-05-09T11:00:59.055846,c05,5,mid,mid,high,low,fixed,fixed,1.4015,0.6274,1.0726,1.0464,0.094,0.0424,0.0161,0.0265,0.05,5.0,task,5042,18954.961,0.639969,352.0,145.189,148.0,0.0,320.0,131.99,20.203033,0.249552,216.807196,172.0,131.99,6,152.0,131.29,10,2,8,False,8.3854775344,131.29,93.613,3332,1177.92,128.0,3.29,0.8831,14,21,0,0,0,0,0,
122,Scholl_GUNTHER_c05,Scholl_GUNTHER,Scholl,35,70.35000000000001,OK,8,1,22322.11,85.4085,100.0,2026-05-09T11:00:59.055846,c05,5,mid,mid,high,low,fixed,fixed,1.4015,0.6274,1.0726,1.0464,0.094,0.0424,0.0161,0.0265,0.05,5.0,task,5042,18954.961,0.639969,352.0,145.189,148.0,0.0,320.0,131.99,20.203033,0.249552,216.807196,172.0,131.99,7,148.0,131.99000000000004,9,2,8,False,8.2271705915,131.99,93.7668,2891,1123.06,130.0,1.99,0.9293,9,18,0,0,8,0,0,
123,Scholl_GUNTHER_c06,Scholl_GUNTHER,Scholl,35,70.35000000000001,OK,2,1,2661.13,50.0,100.0,2026-05-09T11:45:20.188109,c06,6,mid,high,low,mid,fixed,fixed,1.3777,0.8766,0.9048,1.1852,0.121,0.0439,0.0325,0.045,0.05,5.0,task,6042,605.81025,0.55267,352.0,17.3992,289.0,0.0,320.0,15.8175,0.0,0.0,34.802203,31.0,15.8175,0,320.0,0.0,8,8,0,True,320.0,320.0,0.0,0,0.24,0.0,0.0,,35,0,0,0,0,0,0,
124,Scholl_GUNTHER_c06,Scholl_GUNTHER,Scholl,35,70.35000000000001,OK,2,1,2661.13,50.0,100.0,2026-05-09T11:45:20.188109,c06,6,mid,high,low,mid,fixed,fixed,1.3777,0.8766,0.9048,1.1852,0.121,0.0439,0.0325,0.045,0.05,5.0,task,6042,605.81025,0.55267,352.0,17.3992,289.0,0.0,320.0,15.8175,0.0,0.0,34.802203,31.0,15.8175,1,289.0,15.817499999999999,8,7,1,False,0.0,15.8175,100.0,4033,1212.36,15.0,0.82,0.7676,33,2,0,0,0,0,0,
125,Scholl_GUNTHER_c07,Scholl_GUNTHER,Scholl,35,122.85000000000001,OK,4,2,4249.92,36.2101,73.0092,2026-05-09T12:56:10.113765,c07,7,high,low,high,mid,fixed,fixed,2.1627,0.3747,1.0806,1.1817,0.194,0.0372,0.0143,0.042,0.05,5.0,task,7042,10242.93125,0.723851,176.0,148.9538,81.0,0.0,160.0,135.4125,15.696811,0.3072,156.772272,79.0,135.4125,0,160.0,0.0,4,4,0,True,160.0,160.0,0.0,0,0.16,0.0,0.0,,35,0,0,0,0,0,0,
126,Scholl_GUNTHER_c07,Scholl_GUNTHER,Scholl,35,122.85000000000001,OK,4,2,4249.92,36.2101,73.0092,2026-05-09T12:56:10.113765,c07,7,high,low,high,mid,fixed,fixed,2.1627,0.3747,1.0806,1.1817,0.194,0.0372,0.0143,0.042,0.05,5.0,task,7042,10242.93125,0.723851,176.0,148.9538,81.0,0.0,160.0,135.4125,15.696811,0.3072,156.772272,79.0,135.4125,1,125.0,24.1425,3,3,1,False,6.8006452762,24.1425,71.8312,5354,1192.98,23.0,1.14,0.814,19,0,0,0,16,0,0,
127,Scholl_GUNTHER_c07,Scholl_GUNTHER,Scholl,35,122.85000000000001,OK,4,2,4249.92,36.2101,73.0092,2026-05-09T12:56:10.113765,c07,7,high,low,high,mid,fixed,fixed,2.1627,0.3747,1.0806,1.1817,0.194,0.0372,0.0143,0.042,0.05,5.0,task,7042,10242.93125,0.723851,176.0,148.9538,81.0,0.0,160.0,135.4125,15.696811,0.3072,156.772272,79.0,135.4125,2,90.0,52.685,2,2,2,False,14.220079122,52.685,73.0092,5443,1118.45,50.0,2.68,0.7814,0,0,0,0,35,0,0,
128,Scholl_GUNTHER_c07,Scholl_GUNTHER,Scholl,35,122.85000000000001,OK,4,2,4249.92,36.2101,73.0092,2026-05-09T12:56:10.113765,c07,7,high,low,high,mid,fixed,fixed,2.1627,0.3747,1.0806,1.1817,0.194,0.0372,0.0143,0.042,0.05,5.0,task,7042,10242.93125,0.723851,176.0,148.9538,81.0,0.0,160.0,135.4125,15.696811,0.3072,156.772272,79.0,135.4125,3,81.0,135.4125,5,1,5,True,135.4125,135.4125,0.0,4530,56.86,129.0,6.41,0.7912,0,13,0,0,22,0,0,
129,Scholl_GUNTHER_c08,Scholl_GUNTHER,Scholl,35,128.1,OK,5,2,5061.77,44.5742,85.6833,2026-05-09T14:20:31.887007,c08,8,high,mid,low,high,fixed,fixed,2.1507,0.637,0.9011,1.3533,0.2067,0.0434,0.0311,0.0572,0.05,5.0,task,8042,20363.0175,0.67369,176.0,318.1695,81.0,0.0,160.0,289.245,13.708758,0.210437,299.839407,79.0,289.245,0,160.0,0.0,4,4,0,True,160.0,160.0,0.0,0,0.11,0.0,0.0,,35,0,0,0,0,0,0,
130,Scholl_GUNTHER_c08,Scholl_GUNTHER,Scholl,35,128.1,OK,5,2,5061.77,44.5742,85.6833,2026-05-09T14:20:31.887007,c08,8,high,mid,low,high,fixed,fixed,2.1507,0.637,0.9011,1.3533,0.2067,0.0434,0.0311,0.0572,0.05,5.0,task,8042,20363.0175,0.67369,176.0,318.1695,81.0,0.0,160.0,289.245,13.708758,0.210437,299.839407,79.0,289.245,1,130.0,46.06,3,3,2,False,6.5942649911,46.06,85.6833,3523,365.57,45.0,1.06,0.9173,13,0,0,0,22,0,0,
131,Scholl_GUNTHER_c08,Scholl_GUNTHER,Scholl,35,128.1,OK,5,2,5061.77,44.5742,85.6833,2026-05-09T14:20:31.887007,c08,8,high,mid,low,high,fixed,fixed,2.1507,0.637,0.9011,1.3533,0.2067,0.0434,0.0311,0.0572,0.05,5.0,task,8042,20363.0175,0.67369,176.0,318.1695,81.0,0.0,160.0,289.245,13.708758,0.210437,299.839407,79.0,289.245,2,108.0,107.37,4,2,4,False,33.563553439,107.37,68.7403,9151,1175.11,104.0,3.37,0.8685,0,8,0,0,27,0,0,
132,Scholl_GUNTHER_c08,Scholl_GUNTHER,Scholl,35,128.1,OK,5,2,5061.77,44.5742,85.6833,2026-05-09T14:20:31.887007,c08,8,high,mid,low,high,fixed,fixed,2.1507,0.637,0.9011,1.3533,0.2067,0.0434,0.0311,0.0572,0.05,5.0,task,8042,20363.0175,0.67369,176.0,318.1695,81.0,0.0,160.0,289.245,13.708758,0.210437,299.839407,79.0,289.245,3,90.0,195.32999999999998,6,1,6,False,61.631751996,195.33,68.4474,14445,301.23,194.0,1.33,0.9654,0,25,0,0,10,0,0,
133,Scholl_GUNTHER_c08,Scholl_GUNTHER,Scholl,35,128.1,OK,5,2,5061.77,44.5742,85.6833,2026-05-09T14:20:31.887007,c08,8,high,mid,low,high,fixed,fixed,2.1507,0.637,0.9011,1.3533,0.2067,0.0434,0.0311,0.0572,0.05,5.0,task,8042,20363.0175,0.67369,176.0,318.1695,81.0,0.0,160.0,289.245,13.708758,0.210437,299.839407,79.0,289.245,4,81.0,289.24499999999995,9,0,9,True,289.24499999999995,289.24499999999995,0.0,1891,985.07,284.0,5.24,0.909,0,35,0,0,0,0,0,
134,Scholl_GUNTHER_c09,Scholl_GUNTHER,Scholl,35,96.60000000000001,OK,5,1,6278.25,79.0544,100.0,2026-05-09T16:05:10.143856,c09,9,high,high,mid,low,fixed,fixed,2.1599,0.88,0.9932,1.0543,0.2007,0.0387,0.0311,0.0266,0.05,5.0,task,9042,8803.285,0.691221,264.0,128.645,165.0,0.0,240.0,116.95,21.440458,0.437125,138.932727,75.0,116.95,0,240.0,0.0,6,6,0,True,240.0,240.0,0.0,0,0.11,0.0,0.0,,35,0,0,0,0,0,0,
135,Scholl_GUNTHER_c09,Scholl_GUNTHER,Scholl,35,96.60000000000001,OK,5,1,6278.25,79.0544,100.0,2026-05-09T16:05:10.143856,c09,9,high,high,mid,low,fixed,fixed,2.1599,0.88,0.9932,1.0543,0.2007,0.0387,0.0311,0.0266,0.05,5.0,task,9042,8803.285,0.691221,264.0,128.645,165.0,0.0,240.0,116.95,21.440458,0.437125,138.932727,75.0,116.95,1,209.0,7.2299999999999995,6,5,1,False,0.0,7.23,100.0,3656,1214.82,3.0,4.23,0.1242,34,1,0,0,0,0,0,
136,Scholl_GUNTHER_c09,Scholl_GUNTHER,Scholl,35,96.60000000000001,OK,5,1,6278.25,79.0544,100.0,2026-05-09T16:05:10.143856,c09,9,high,high,mid,low,fixed,fixed,2.1599,0.88,0.9932,1.0543,0.2007,0.0387,0.0311,0.0266,0.05,5.0,task,9042,8803.285,0.691221,264.0,128.645,165.0,0.0,240.0,116.95,21.440458,0.437125,138.932727,75.0,116.95,2,187.0,60.18999999999999,7,4,3,False,0.26777470841,60.19,99.5551,3586,301.27,56.0,4.19,0.7108,31,4,0,0,0,0,0,
137,Scholl_GUNTHER_c09,Scholl_GUNTHER,Scholl,35,96.60000000000001,OK,5,1,6278.25,79.0544,100.0,2026-05-09T16:05:10.143856,c09,9,high,high,mid,low,fixed,fixed,2.1599,0.88,0.9932,1.0543,0.2007,0.0387,0.0311,0.0266,0.05,5.0,task,9042,8803.285,0.691221,264.0,128.645,165.0,0.0,240.0,116.95,21.440458,0.437125,138.932727,75.0,116.95,3,183.0,69.79,6,4,3,False,0.0,69.79,100.0,1393,1087.57,69.0,0.79,0.9455,22,8,0,0,5,0,0,
138,Scholl_GUNTHER_c09,Scholl_GUNTHER,Scholl,35,96.60000000000001,OK,5,1,6278.25,79.0544,100.0,2026-05-09T16:05:10.143856,c09,9,high,high,mid,low,fixed,fixed,2.1599,0.88,0.9932,1.0543,0.2007,0.0387,0.0311,0.0266,0.05,5.0,task,9042,8803.285,0.691221,264.0,128.645,165.0,0.0,240.0,116.95,21.440458,0.437125,138.932727,75.0,116.95,4,165.0,116.95,8,3,5,False,5.0092479109,116.95,95.7168,3369,1197.44,114.0,2.95,0.8778,24,11,0,0,0,0,0,
139,Scholl_HAHN_c01,Scholl_HAHN,Scholl,53,10000.0,OK,3,3,44.32,0.0,0.0,2026-05-09T16:22:37.104569,c01,1,low,low,low,low,fixed,fixed,0.988,0.366,0.9013,1.0452,0.0674,0.0448,0.0238,0.0294,0.05,5.0,task,1042,161102.75,0.529267,88.0,4348.41,18.0,0.0,80.0,3953.1,1071.79304,0.471428,3953.586171,62.0,3953.1,0,80.0,0.0,2,2,0,True,80.0,80.0,0.0,0,0.13,0.0,0.0,,53,0,0,0,0,0,0,
140,Scholl_HAHN_c01,Scholl_HAHN,Scholl,53,10000.0,OK,3,3,44.32,0.0,0.0,2026-05-09T16:22:37.104569,c01,1,low,low,low,low,fixed,fixed,0.988,0.366,0.9013,1.0452,0.0674,0.0448,0.0238,0.0294,0.05,5.0,task,1042,161102.75,0.529267,88.0,4348.41,18.0,0.0,80.0,3953.1,1071.79304,0.471428,3953.586171,62.0,3953.1,1,45.0,1044.35,1,1,1,True,1044.35,1044.35,0.0,479,24.01,798.0,246.35,0.5073,0,0,0,0,53,0,0,
141,Scholl_HAHN_c01,Scholl_HAHN,Scholl,53,10000.0,OK,3,3,44.32,0.0,0.0,2026-05-09T16:22:37.104569,c01,1,low,low,low,low,fixed,fixed,0.988,0.366,0.9013,1.0452,0.0674,0.0448,0.0238,0.0294,0.05,5.0,task,1042,161102.75,0.529267,88.0,4348.41,18.0,0.0,80.0,3953.1,1071.79304,0.471428,3953.586171,62.0,3953.1,2,18.0,3953.1,2,0,2,True,3953.1,3953.1,0.0,0,6.07,3654.0,299.1,0.7009,0,53,0,0,0,0,0,
142,Scholl_HAHN_c02,Scholl_HAHN,Scholl,53,10000.0,OK,4,3,1106.89,16.0625,64.2499,2026-05-09T16:41:03.998186,c02,2,low,mid,mid,mid,fixed,fixed,0.9833,0.6335,0.9964,1.1799,0.0744,0.0449,0.0271,0.0471,0.05,5.0,task,2042,151675.6,0.489839,88.0,4423.485,18.0,0.0,80.0,4021.35,1260.461762,0.659856,4021.827921,62.0,4021.35,0,80.0,0.0,2,2,0,True,80.0,80.0,0.0,0,0.13,0.0,0.0,,53,0,0,0,0,0,0,
143,Scholl_HAHN_c02,Scholl_HAHN,Scholl,53,10000.0,OK,4,3,1106.89,16.0625,64.2499,2026-05-09T16:41:03.998186,c02,2,low,mid,mid,mid,fixed,fixed,0.9833,0.6335,0.9964,1.1799,0.0744,0.0449,0.0271,0.0471,0.05,5.0,task,2042,151675.6,0.489839,88.0,4423.485,18.0,0.0,80.0,4021.35,1260.461762,0.659856,4021.827921,62.0,4021.35,1,49.0,1409.7,2,1,1,False,503.96952724,1409.7,64.2499,1460,1076.33,1110.0,299.7,0.4006,38,15,0,0,0,0,0,
144,Scholl_HAHN_c02,Scholl_HAHN,Scholl,53,10000.0,OK,4,3,1106.89,16.0625,64.2499,2026-05-09T16:41:03.998186,c02,2,low,mid,mid,mid,fixed,fixed,0.9833,0.6335,0.9964,1.1799,0.0744,0.0449,0.0271,0.0471,0.05,5.0,task,2042,151675.6,0.489839,88.0,4423.485,18.0,0.0,80.0,4021.35,1260.461762,0.659856,4021.827921,62.0,4021.35,2,45.0,1422.8,1,1,1,True,1422.8,1422.8,0.0,0,6.65,1373.0,49.8,0.9004,0,0,0,0,53,0,0,
145,Scholl_HAHN_c02,Scholl_HAHN,Scholl,53,10000.0,OK,4,3,1106.89,16.0625,64.2499,2026-05-09T16:41:03.998186,c02,2,low,mid,mid,mid,fixed,fixed,0.9833,0.6335,0.9964,1.1799,0.0744,0.0449,0.0271,0.0471,0.05,5.0,task,2042,151675.6,0.489839,88.0,4423.485,18.0,0.0,80.0,4021.35,1260.461762,0.659856,4021.827921,62.0,4021.35,3,18.0,4021.35,2,0,2,True,4021.35,4021.35,0.0,0,6.02,3721.0,300.35,0.6996,0,53,0,0,0,0,0,
146,Scholl_HAHN_c03,Scholl_HAHN,Scholl,53,10000.0,OK,3,2,978.65,33.3289,99.9868,2026-05-09T16:57:22.652918,c03,3,low,high,high,high,fixed,fixed,0.9702,0.8705,1.0756,1.3552,0.0646,0.0435,0.0153,0.054,0.05,5.0,task,3042,135773.65,0.449081,88.0,4319.095,18.0,0.0,80.0,3926.45,596.604901,0.263106,3926.93947,62.0,3926.45,0,80.0,0.0,2,2,0,True,80.0,80.0,0.0,0,0.13,0.0,0.0,,53,0,0,0,0,0,0,
147,Scholl_HAHN_c03,Scholl_HAHN,Scholl,53,10000.0,OK,3,2,978.65,33.3289,99.9868,2026-05-09T16:57:22.652918,c03,3,low,high,high,high,fixed,fixed,0.9702,0.8705,1.0756,1.3552,0.0646,0.0435,0.0153,0.054,0.05,5.0,task,3042,135773.65,0.449081,88.0,4319.095,18.0,0.0,80.0,3926.45,596.604901,0.263106,3926.93947,62.0,3926.45,1,49.0,1446.55,2,1,1,False,0.1903125,1446.55,99.9868,8,958.13,1175.0,271.55,0.4569,42,11,0,0,0,0,0,
148,Scholl_HAHN_c03,Scholl_HAHN,Scholl,53,10000.0,OK,3,2,978.65,33.3289,99.9868,2026-05-09T16:57:22.652918,c03,3,low,high,high,high,fixed,fixed,0.9702,0.8705,1.0756,1.3552,0.0646,0.0435,0.0153,0.054,0.05,5.0,task,3042,135773.65,0.449081,88.0,4319.095,18.0,0.0,80.0,3926.45,596.604901,0.263106,3926.93947,62.0,3926.45,2,18.0,3926.45,2,0,2,True,3926.45,3926.45,0.0,0,6.61,3624.0,302.45,0.6976,0,53,0,0,0,0,0,
149,Scholl_HAHN_c04,Scholl_HAHN,Scholl,53,10000.0,OK,3,3,42.89,0.0,0.0,2026-05-09T16:58:05.542739,c04,4,mid,low,mid,high,fixed,fixed,1.4114,0.3766,0.9972,1.3545,0.1042,0.0406,0.0273,0.0555,0.05,5.0,task,4042,250958.505,0.63709,88.0,6457.605,27.0,0.0,80.0,5870.55,2149.446185,0.636912,5870.78924,53.0,5870.55,0,80.0,0.0,2,2,0,True,80.0,80.0,0.0,0,0.14,0.0,0.0,,53,0,0,0,0,0,0,
150,Scholl_HAHN_c04,Scholl_HAHN,Scholl,53,10000.0,OK,3,3,42.89,0.0,0.0,2026-05-09T16:58:05.542739,c04,4,mid,low,mid,high,fixed,fixed,1.4114,0.3766,0.9972,1.3545,0.1042,0.0406,0.0273,0.0555,0.05,5.0,task,4042,250958.505,0.63709,88.0,6457.605,27.0,0.0,80.0,5870.55,2149.446185,0.636912,5870.78924,53.0,5870.55,1,45.0,1065.3,1,1,1,True,1065.3,1065.3,0.0,65,22.97,831.0,234.3,0.5314,0,0,0,0,53,0,0,
151,Scholl_HAHN_c04,Scholl_HAHN,Scholl,53,10000.0,OK,3,3,42.89,0.0,0.0,2026-05-09T16:58:05.542739,c04,4,mid,low,mid,high,fixed,fixed,1.4114,0.3766,0.9972,1.3545,0.1042,0.0406,0.0273,0.0555,0.05,5.0,task,4042,250958.505,0.63709,88.0,6457.605,27.0,0.0,80.0,5870.55,2149.446185,0.636912,5870.78924,53.0,5870.55,2,27.0,5870.55,3,0,3,True,5870.55,5870.55,0.0,0,5.99,5386.0,484.55,0.677,0,53,0,0,0,0,0,
152,Scholl_HAHN_c05,Scholl_HAHN,Scholl,53,10000.0,OK,3,2,499.1,2.0464,6.1391,2026-05-09T17:06:24.648723,c05,5,mid,mid,high,low,fixed,fixed,1.4059,0.6203,1.0734,1.0541,0.1027,0.0455,0.0131,0.0304,0.05,5.0,task,5042,204653.75,0.523027,88.0,5589.815,18.0,0.0,80.0,5081.65,1298.547358,0.444064,5082.02821,62.0,5081.65,0,80.0,0.0,2,2,0,True,80.0,80.0,0.0,0,0.13,0.0,0.0,,53,0,0,0,0,0,0,
153,Scholl_HAHN_c05,Scholl_HAHN,Scholl,53,10000.0,OK,3,2,499.1,2.0464,6.1391,2026-05-09T17:06:24.648723,c05,5,mid,mid,high,low,fixed,fixed,1.4059,0.6203,1.0734,1.0541,0.1027,0.0455,0.0131,0.0304,0.05,5.0,task,5042,204653.75,0.523027,88.0,5589.815,18.0,0.0,80.0,5081.65,1298.547358,0.444064,5082.02821,62.0,5081.65,1,45.0,1412.25,1,1,1,False,1325.55,1412.25,6.1391,8837,478.89,1352.0,60.25,0.8795,0,0,0,0,53,0,0,
154,Scholl_HAHN_c05,Scholl_HAHN,Scholl,53,10000.0,OK,3,2,499.1,2.0464,6.1391,2026-05-09T17:06:24.648723,c05,5,mid,mid,high,low,fixed,fixed,1.4059,0.6203,1.0734,1.0541,0.1027,0.0455,0.0131,0.0304,0.05,5.0,task,5042,204653.75,0.523027,88.0,5589.815,18.0,0.0,80.0,5081.65,1298.547358,0.444064,5082.02821,62.0,5081.65,2,18.0,5081.650000000001,2,0,2,True,5081.65,5081.65,0.0,0,6.04,5045.0,36.65,0.9633,0,53,0,0,0,0,0,
155,Scholl_HAHN_c06,Scholl_HAHN,Scholl,53,10000.0,OK,3,2,978.44,16.3356,49.0069,2026-05-09T17:22:43.090785,c06,6,mid,high,low,mid,fixed,fixed,1.3977,0.8759,0.9049,1.1706,0.1172,0.0485,0.0307,0.0471,0.05,5.0,task,6042,176474.8,0.462857,88.0,5446.76,18.0,0.0,80.0,4951.6,948.009142,0.331552,4951.988142,62.0,4951.6,0,80.0,0.0,2,2,0,True,80.0,80.0,0.0,0,0.14,0.0,0.0,,53,0,0,0,0,0,0,
156,Scholl_HAHN_c06,Scholl_HAHN,Scholl,53,10000.0,OK,3,2,978.44,16.3356,49.0069,2026-05-09T17:22:43.090785,c06,6,mid,high,low,mid,fixed,fixed,1.3977,0.8759,0.9049,1.1706,0.1172,0.0485,0.0307,0.0471,0.05,5.0,task,6042,176474.8,0.462857,88.0,5446.76,18.0,0.0,80.0,4951.6,948.009142,0.331552,4951.988142,62.0,4951.6,1,49.0,1654.8,2,1,1,False,843.83334928,1654.8,49.0069,639,957.78,1449.0,205.8,0.5884,38,15,0,0,0,0,0,
157,Scholl_HAHN_c06,Scholl_HAHN,Scholl,53,10000.0,OK,3,2,978.44,16.3356,49.0069,2026-05-09T17:22:43.090785,c06,6,mid,high,low,mid,fixed,fixed,1.3977,0.8759,0.9049,1.1706,0.1172,0.0485,0.0307,0.0471,0.05,5.0,task,6042,176474.8,0.462857,88.0,5446.76,18.0,0.0,80.0,4951.6,948.009142,0.331552,4951.988142,62.0,4951.6,2,18.0,4951.599999999999,2,0,2,True,4951.6,4951.6,0.0,0,6.65,4949.0,2.6,0.9974,0,53,0,0,0,0,0,
158,Scholl_HAHN_c07,Scholl_HAHN,Scholl,53,10000.0,OK,3,3,81.85,0.0,0.0,2026-05-09T17:24:04.941078,c07,7,high,low,high,mid,fixed,fixed,2.1591,0.3854,1.076,1.1833,0.1864,0.0421,0.0144,0.0444,0.05,5.0,task,7042,378862.19,0.768901,88.0,9475.62,36.0,0.0,80.0,8614.2,3759.416278,0.758801,8614.312372,44.0,8614.2,0,80.0,0.0,2,2,0,True,80.0,80.0,0.0,0,0.13,0.0,0.0,,53,0,0,0,0,0,0,
159,Scholl_HAHN_c07,Scholl_HAHN,Scholl,53,10000.0,OK,3,3,81.85,0.0,0.0,2026-05-09T17:24:04.941078,c07,7,high,low,high,mid,fixed,fixed,2.1591,0.3854,1.076,1.1833,0.1864,0.0421,0.0144,0.0444,0.05,5.0,task,7042,378862.19,0.768901,88.0,9475.62,36.0,0.0,80.0,8614.2,3759.416278,0.758801,8614.312372,44.0,8614.2,1,45.0,1038.35,1,1,1,True,1038.35,1038.35,0.0,530,61.59,797.0,241.35,0.5173,0,0,0,0,53,0,0,
160,Scholl_HAHN_c07,Scholl_HAHN,Scholl,53,10000.0,OK,3,3,81.85,0.0,0.0,2026-05-09T17:24:04.941078,c07,7,high,low,high,mid,fixed,fixed,2.1591,0.3854,1.076,1.1833,0.1864,0.0421,0.0144,0.0444,0.05,5.0,task,7042,378862.19,0.768901,88.0,9475.62,36.0,0.0,80.0,8614.2,3759.416278,0.758801,8614.312372,44.0,8614.2,2,36.0,8614.199999999999,4,0,4,True,8614.2,8614.2,0.0,0,6.11,8130.0,484.2,0.7579,0,53,0,0,0,0,0,
161,Scholl_HAHN_c08,Scholl_HAHN,Scholl,53,10000.0,OK,3,3,44.33,0.0,0.0,2026-05-09T17:24:49.279359,c08,8,high,mid,low,high,fixed,fixed,2.1787,0.627,0.8959,1.3607,0.2056,0.0462,0.0294,0.0625,0.05,5.0,task,8042,352921.25,0.738806,88.0,9186.375,36.0,0.0,80.0,8351.25,3169.912785,0.660468,8351.36591,44.0,8351.25,0,80.0,0.0,2,2,0,True,80.0,80.0,0.0,0,0.13,0.0,0.0,,53,0,0,0,0,0,0,
162,Scholl_HAHN_c08,Scholl_HAHN,Scholl,53,10000.0,OK,3,3,44.33,0.0,0.0,2026-05-09T17:24:49.279359,c08,8,high,mid,low,high,fixed,fixed,2.1787,0.627,0.8959,1.3607,0.2056,0.0462,0.0294,0.0625,0.05,5.0,task,8042,352921.25,0.738806,88.0,9186.375,36.0,0.0,80.0,8351.25,3169.912785,0.660468,8351.36591,44.0,8351.25,1,45.0,1417.4,1,1,1,True,1417.4,1417.4,0.0,255,23.88,1361.0,56.4,0.8872,0,0,0,0,53,0,0,
163,Scholl_HAHN_c08,Scholl_HAHN,Scholl,53,10000.0,OK,3,3,44.33,0.0,0.0,2026-05-09T17:24:49.279359,c08,8,high,mid,low,high,fixed,fixed,2.1787,0.627,0.8959,1.3607,0.2056,0.0462,0.0294,0.0625,0.05,5.0,task,8042,352921.25,0.738806,88.0,9186.375,36.0,0.0,80.0,8351.25,3169.912785,0.660468,8351.36591,44.0,8351.25,2,36.0,8351.25,4,0,4,True,8351.25,8351.25,0.0,0,6.18,7866.0,485.25,0.7574,0,53,0,0,0,0,0,
164,Scholl_HAHN_c09,Scholl_HAHN,Scholl,53,10000.0,OK,3,2,1097.08,12.9243,38.7729,2026-05-09T17:43:06.361026,c09,9,high,high,mid,low,fixed,fixed,2.1711,0.8683,1.0037,1.0499,0.1928,0.0443,0.0263,0.0271,0.05,5.0,task,9042,297738.45,0.620981,88.0,9220.475,36.0,0.0,80.0,8382.25,2119.019825,0.439973,8382.365481,44.0,8382.25,0,80.0,0.0,2,2,0,True,80.0,80.0,0.0,0,0.14,0.0,0.0,,53,0,0,0,0,0,0,
165,Scholl_HAHN_c09,Scholl_HAHN,Scholl,53,10000.0,OK,3,2,1097.08,12.9243,38.7729,2026-05-09T17:43:06.361026,c09,9,high,high,mid,low,fixed,fixed,2.1711,0.8683,1.0037,1.0499,0.1928,0.0443,0.0263,0.0271,0.05,5.0,task,9042,297738.45,0.620981,88.0,9220.475,36.0,0.0,80.0,8382.25,2119.019825,0.439973,8382.365481,44.0,8382.25,1,49.0,2347.0,2,1,1,False,1437.0,2347.0,38.7729,3579,1076.24,2264.0,83.0,0.834,38,15,0,0,0,0,0,
166,Scholl_HAHN_c09,Scholl_HAHN,Scholl,53,10000.0,OK,3,2,1097.08,12.9243,38.7729,2026-05-09T17:43:06.361026,c09,9,high,high,mid,low,fixed,fixed,2.1711,0.8683,1.0037,1.0499,0.1928,0.0443,0.0263,0.0271,0.05,5.0,task,9042,297738.45,0.620981,88.0,9220.475,36.0,0.0,80.0,8382.25,2119.019825,0.439973,8382.365481,44.0,8382.25,2,36.0,8382.25,4,0,4,True,8382.25,8382.25,0.0,0,6.75,7916.0,466.25,0.7669,0,53,0,0,0,0,0,
167,Scholl_JAESCHKE_c01,Scholl_JAESCHKE,Scholl,9,30.0,OK,4,4,0.47,0.0,0.0,2026-05-07T18:58:28.098466,c01,1,low,low,low,low,fixed,fixed,1.0033,0.3658,0.8959,1.061,0.0691,0.0414,0.0297,0.0153,0.05,5.0,task,1042,682.6,0.524552,88.0,18.59,18.0,0.0,80.0,16.9,14.465447,0.458467,64.262042,62.0,16.9,0,80.0,0.0,2,2,0,True,80.0,80.0,0.0,0,0.01,0.0,0.0,,9,0,0,0,0,0,0,
168,Scholl_JAESCHKE_c01,Scholl_JAESCHKE,Scholl,9,30.0,OK,4,4,0.47,0.0,0.0,2026-05-07T18:58:28.098466,c01,1,low,low,low,low,fixed,fixed,1.0033,0.3658,0.8959,1.061,0.0691,0.0414,0.0297,0.0153,0.05,5.0,task,1042,682.6,0.524552,88.0,18.59,18.0,0.0,80.0,16.9,14.465447,0.458467,64.262042,62.0,16.9,1,49.0,4.0,2,1,1,True,4.0,4.0,0.0,0,0.18,3.0,1.0,0.3333,7,2,0,0,0,0,0,
169,Scholl_JAESCHKE_c01,Scholl_JAESCHKE,Scholl,9,30.0,OK,4,4,0.47,0.0,0.0,2026-05-07T18:58:28.098466,c01,1,low,low,low,low,fixed,fixed,1.0033,0.3658,0.8959,1.061,0.0691,0.0414,0.0297,0.0153,0.05,5.0,task,1042,682.6,0.524552,88.0,18.59,18.0,0.0,80.0,16.9,14.465447,0.458467,64.262042,62.0,16.9,2,45.0,9.6,1,1,1,True,9.6,9.6,0.0,0,0.08,9.0,0.6,0.6,0,0,0,0,9,0,0,
170,Scholl_JAESCHKE_c01,Scholl_JAESCHKE,Scholl,9,30.0,OK,4,4,0.47,0.0,0.0,2026-05-07T18:58:28.098466,c01,1,low,low,low,low,fixed,fixed,1.0033,0.3658,0.8959,1.061,0.0691,0.0414,0.0297,0.0153,0.05,5.0,task,1042,682.6,0.524552,88.0,18.59,18.0,0.0,80.0,16.9,14.465447,0.458467,64.262042,62.0,16.9,3,18.0,16.9,2,0,2,True,16.9,16.9,0.0,0,0.06,16.0,0.9,0.7,0,9,0,0,0,0,0,
171,Scholl_JAESCHKE_c02,Scholl_JAESCHKE,Scholl,9,30.0,OK,4,4,0.44,0.0,0.0,2026-05-07T18:58:28.543136,c02,2,low,mid,mid,mid,fixed,fixed,0.9595,0.6388,0.9947,1.1876,0.0776,0.0402,0.0233,0.0394,0.05,5.0,task,2042,637.3,0.518911,88.0,17.545,18.0,0.0,80.0,15.95,14.671571,0.470158,64.018767,62.0,15.95,0,80.0,0.0,2,2,0,True,80.0,80.0,0.0,0,0.01,0.0,0.0,,9,0,0,0,0,0,0,
172,Scholl_JAESCHKE_c02,Scholl_JAESCHKE,Scholl,9,30.0,OK,4,4,0.44,0.0,0.0,2026-05-07T18:58:28.543136,c02,2,low,mid,mid,mid,fixed,fixed,0.9595,0.6388,0.9947,1.1876,0.0776,0.0402,0.0233,0.0394,0.05,5.0,task,2042,637.3,0.518911,88.0,17.545,18.0,0.0,80.0,15.95,14.671571,0.470158,64.018767,62.0,15.95,1,49.0,4.0,2,1,1,True,4.0,4.0,0.0,0,0.16,3.0,1.0,0.3333,7,2,0,0,0,0,0,
173,Scholl_JAESCHKE_c02,Scholl_JAESCHKE,Scholl,9,30.0,OK,4,4,0.44,0.0,0.0,2026-05-07T18:58:28.543136,c02,2,low,mid,mid,mid,fixed,fixed,0.9595,0.6388,0.9947,1.1876,0.0776,0.0402,0.0233,0.0394,0.05,5.0,task,2042,637.3,0.518911,88.0,17.545,18.0,0.0,80.0,15.95,14.671571,0.470158,64.018767,62.0,15.95,2,45.0,9.05,1,1,1,True,9.05,9.05,0.0,0,0.09,9.0,0.05,0.9667,0,0,0,0,9,0,0,
174,Scholl_JAESCHKE_c02,Scholl_JAESCHKE,Scholl,9,30.0,OK,4,4,0.44,0.0,0.0,2026-05-07T18:58:28.543136,c02,2,low,mid,mid,mid,fixed,fixed,0.9595,0.6388,0.9947,1.1876,0.0776,0.0402,0.0233,0.0394,0.05,5.0,task,2042,637.3,0.518911,88.0,17.545,18.0,0.0,80.0,15.95,14.671571,0.470158,64.018767,62.0,15.95,3,18.0,15.95,2,0,2,True,15.95,15.95,0.0,0,0.05,15.0,0.95,0.6833,0,9,0,0,0,0,0,
175,Scholl_JAESCHKE_c03,Scholl_JAESCHKE,Scholl,9,30.0,OK,3,3,0.39,0.0,0.0,2026-05-07T18:58:28.931422,c03,3,low,high,high,high,fixed,fixed,0.9932,0.8653,1.0743,1.3234,0.0534,0.0384,0.0154,0.0447,0.05,5.0,task,3042,652.6,0.500019,88.0,18.645,18.0,0.0,80.0,16.95,5.051815,0.03529,64.275209,62.0,16.95,0,80.0,0.0,2,2,0,True,80.0,80.0,0.0,0,0.01,0.0,0.0,,9,0,0,0,0,0,0,
176,Scholl_JAESCHKE_c03,Scholl_JAESCHKE,Scholl,9,30.0,OK,3,3,0.39,0.0,0.0,2026-05-07T18:58:28.931422,c03,3,low,high,high,high,fixed,fixed,0.9932,0.8653,1.0743,1.3234,0.0534,0.0384,0.0154,0.0447,0.05,5.0,task,3042,652.6,0.500019,88.0,18.645,18.0,0.0,80.0,16.95,5.051815,0.03529,64.275209,62.0,16.95,1,49.0,4.1,2,1,1,True,4.1,4.1,0.0,0,0.18,3.0,1.1,0.2667,7,2,0,0,0,0,0,
177,Scholl_JAESCHKE_c03,Scholl_JAESCHKE,Scholl,9,30.0,OK,3,3,0.39,0.0,0.0,2026-05-07T18:58:28.931422,c03,3,low,high,high,high,fixed,fixed,0.9932,0.8653,1.0743,1.3234,0.0534,0.0384,0.0154,0.0447,0.05,5.0,task,3042,652.6,0.500019,88.0,18.645,18.0,0.0,80.0,16.95,5.051815,0.03529,64.275209,62.0,16.95,2,18.0,16.95,2,0,2,True,16.95,16.95,0.0,0,0.09,16.0,0.95,0.6833,0,9,0,0,0,0,0,
178,Scholl_JAESCHKE_c04,Scholl_JAESCHKE,Scholl,9,30.0,OK,4,4,0.47,0.0,0.0,2026-05-07T18:58:29.401889,c04,4,mid,low,mid,high,fixed,fixed,1.3983,0.4014,1.0012,1.3497,0.1172,0.0298,0.0289,0.0579,0.05,5.0,task,4042,748.6,0.535652,88.0,19.965,18.0,0.0,80.0,18.15,14.82663,0.459625,64.602032,62.0,18.15,0,80.0,0.0,2,2,0,True,80.0,80.0,0.0,0,0.01,0.0,0.0,,9,0,0,0,0,0,0,
179,Scholl_JAESCHKE_c04,Scholl_JAESCHKE,Scholl,9,30.0,OK,4,4,0.47,0.0,0.0,2026-05-07T18:58:29.401889,c04,4,mid,low,mid,high,fixed,fixed,1.3983,0.4014,1.0012,1.3497,0.1172,0.0298,0.0289,0.0579,0.05,5.0,task,4042,748.6,0.535652,88.0,19.965,18.0,0.0,80.0,18.15,14.82663,0.459625,64.602032,62.0,18.15,1,49.0,3.9,2,1,1,True,3.9,3.9,0.0,0,0.16,3.0,0.9,0.4,7,2,0,0,0,0,0,
180,Scholl_JAESCHKE_c04,Scholl_JAESCHKE,Scholl,9,30.0,OK,4,4,0.47,0.0,0.0,2026-05-07T18:58:29.401889,c04,4,mid,low,mid,high,fixed,fixed,1.3983,0.4014,1.0012,1.3497,0.1172,0.0298,0.0289,0.0579,0.05,5.0,task,4042,748.6,0.535652,88.0,19.965,18.0,0.0,80.0,18.15,14.82663,0.459625,64.602032,62.0,18.15,2,45.0,9.5,1,1,1,True,9.5,9.5,0.0,0,0.11,9.0,0.5,0.6667,0,0,0,0,9,0,0,
181,Scholl_JAESCHKE_c04,Scholl_JAESCHKE,Scholl,9,30.0,OK,4,4,0.47,0.0,0.0,2026-05-07T18:58:29.401889,c04,4,mid,low,mid,high,fixed,fixed,1.3983,0.4014,1.0012,1.3497,0.1172,0.0298,0.0289,0.0579,0.05,5.0,task,4042,748.6,0.535652,88.0,19.965,18.0,0.0,80.0,18.15,14.82663,0.459625,64.602032,62.0,18.15,3,18.0,18.150000000000002,2,0,2,True,18.15,18.15,0.0,0,0.06,18.0,0.15,0.95,0,9,0,0,0,0,0,
182,Scholl_JAESCHKE_c05,Scholl_JAESCHKE,Scholl,9,30.0,OK,4,4,0.47,0.0,0.0,2026-05-07T18:58:29.872501,c05,5,mid,mid,high,low,fixed,fixed,1.4247,0.6279,1.0725,1.0513,0.1013,0.035,0.0104,0.0232,0.05,5.0,task,5042,721.7,0.514985,88.0,20.02,18.0,0.0,80.0,18.2,16.050545,0.490045,64.616097,62.0,18.2,0,80.0,0.0,2,2,0,True,80.0,80.0,0.0,0,0.01,0.0,0.0,,9,0,0,0,0,0,0,
183,Scholl_JAESCHKE_c05,Scholl_JAESCHKE,Scholl,9,30.0,OK,4,4,0.47,0.0,0.0,2026-05-07T18:58:29.872501,c05,5,mid,mid,high,low,fixed,fixed,1.4247,0.6279,1.0725,1.0513,0.1013,0.035,0.0104,0.0232,0.05,5.0,task,5042,721.7,0.514985,88.0,20.02,18.0,0.0,80.0,18.2,16.050545,0.490045,64.616097,62.0,18.2,1,49.0,4.9,2,1,1,True,4.9,4.9,0.0,0,0.18,4.0,0.9,0.4,7,2,0,0,0,0,0,
184,Scholl_JAESCHKE_c05,Scholl_JAESCHKE,Scholl,9,30.0,OK,4,4,0.47,0.0,0.0,2026-05-07T18:58:29.872501,c05,5,mid,mid,high,low,fixed,fixed,1.4247,0.6279,1.0725,1.0513,0.1013,0.035,0.0104,0.0232,0.05,5.0,task,5042,721.7,0.514985,88.0,20.02,18.0,0.0,80.0,18.2,16.050545,0.490045,64.616097,62.0,18.2,2,45.0,9.1,1,1,1,True,9.1,9.1,0.0,0,0.09,9.0,0.1,0.9333,0,0,0,0,9,0,0,
185,Scholl_JAESCHKE_c05,Scholl_JAESCHKE,Scholl,9,30.0,OK,4,4,0.47,0.0,0.0,2026-05-07T18:58:29.872501,c05,5,mid,mid,high,low,fixed,fixed,1.4247,0.6279,1.0725,1.0513,0.1013,0.035,0.0104,0.0232,0.05,5.0,task,5042,721.7,0.514985,88.0,20.02,18.0,0.0,80.0,18.2,16.050545,0.490045,64.616097,62.0,18.2,3,18.0,18.2,2,0,2,True,18.2,18.2,0.0,0,0.05,18.0,0.2,0.9333,0,9,0,0,0,0,0,
186,Scholl_JAESCHKE_c06,Scholl_JAESCHKE,Scholl,9,30.0,OK,3,3,0.35,0.0,0.0,2026-05-07T18:58:30.225647,c06,6,mid,high,low,mid,fixed,fixed,1.3619,0.8906,0.8799,1.1659,0.1141,0.0425,0.025,0.0454,0.05,5.0,task,6042,736.7,0.497015,88.0,21.175,18.0,0.0,80.0,19.25,5.57143,0.043204,64.919662,62.0,19.25,0,80.0,0.0,2,2,0,True,80.0,80.0,0.0,0,0.01,0.0,0.0,,9,0,0,0,0,0,0,
187,Scholl_JAESCHKE_c06,Scholl_JAESCHKE,Scholl,9,30.0,OK,3,3,0.35,0.0,0.0,2026-05-07T18:58:30.225647,c06,6,mid,high,low,mid,fixed,fixed,1.3619,0.8906,0.8799,1.1659,0.1141,0.0425,0.025,0.0454,0.05,5.0,task,6042,736.7,0.497015,88.0,21.175,18.0,0.0,80.0,19.25,5.57143,0.043204,64.919662,62.0,19.25,1,49.0,4.8,2,1,1,True,4.8,4.8,0.0,0,0.15,4.0,0.8,0.4667,7,2,0,0,0,0,0,
188,Scholl_JAESCHKE_c06,Scholl_JAESCHKE,Scholl,9,30.0,OK,3,3,0.35,0.0,0.0,2026-05-07T18:58:30.225647,c06,6,mid,high,low,mid,fixed,fixed,1.3619,0.8906,0.8799,1.1659,0.1141,0.0425,0.025,0.0454,0.05,5.0,task,6042,736.7,0.497015,88.0,21.175,18.0,0.0,80.0,19.25,5.57143,0.043204,64.919662,62.0,19.25,2,18.0,19.25,2,0,2,True,19.25,19.25,0.0,0,0.08,19.0,0.25,0.9167,0,9,0,0,0,0,0,
189,Scholl_JAESCHKE_c07,Scholl_JAESCHKE,Scholl,9,30.0,OK,4,4,0.46,0.0,0.0,2026-05-07T18:58:30.690246,c07,7,high,low,high,mid,fixed,fixed,2.2227,0.3607,1.0774,1.1784,0.2017,0.034,0.0147,0.0356,0.05,5.0,task,7042,1119.87,0.709353,88.0,30.36,36.0,0.0,80.0,27.6,14.241686,0.468016,51.939965,44.0,27.6,0,80.0,0.0,2,2,0,True,80.0,80.0,0.0,0,0.01,0.0,0.0,,9,0,0,0,0,0,0,
190,Scholl_JAESCHKE_c07,Scholl_JAESCHKE,Scholl,9,30.0,OK,4,4,0.46,0.0,0.0,2026-05-07T18:58:30.690246,c07,7,high,low,high,mid,fixed,fixed,2.2227,0.3607,1.0774,1.1784,0.2017,0.034,0.0147,0.0356,0.05,5.0,task,7042,1119.87,0.709353,88.0,30.36,36.0,0.0,80.0,27.6,14.241686,0.468016,51.939965,44.0,27.6,1,49.0,5.55,2,1,1,True,5.55,5.55,0.0,0,0.2,5.0,0.55,0.6333,7,2,0,0,0,0,0,
191,Scholl_JAESCHKE_c07,Scholl_JAESCHKE,Scholl,9,30.0,OK,4,4,0.46,0.0,0.0,2026-05-07T18:58:30.690246,c07,7,high,low,high,mid,fixed,fixed,2.2227,0.3607,1.0774,1.1784,0.2017,0.034,0.0147,0.0356,0.05,5.0,task,7042,1119.87,0.709353,88.0,30.36,36.0,0.0,80.0,27.6,14.241686,0.468016,51.939965,44.0,27.6,2,45.0,9.6,1,1,1,True,9.6,9.6,0.0,0,0.06,9.0,0.6,0.6,0,0,0,0,9,0,0,
192,Scholl_JAESCHKE_c07,Scholl_JAESCHKE,Scholl,9,30.0,OK,4,4,0.46,0.0,0.0,2026-05-07T18:58:30.690246,c07,7,high,low,high,mid,fixed,fixed,2.2227,0.3607,1.0774,1.1784,0.2017,0.034,0.0147,0.0356,0.05,5.0,task,7042,1119.87,0.709353,88.0,30.36,36.0,0.0,80.0,27.6,14.241686,0.468016,51.939965,44.0,27.6,3,36.0,27.599999999999998,4,0,4,True,27.6,27.6,0.0,0,0.05,26.0,1.6,0.7333,0,9,0,0,0,0,0,
193,Scholl_JAESCHKE_c08,Scholl_JAESCHKE,Scholl,9,30.0,OK,4,4,0.48,0.0,0.0,2026-05-07T18:58:31.173052,c08,8,high,mid,low,high,fixed,fixed,2.181,0.6097,0.9036,1.3532,0.2092,0.0499,0.0313,0.0337,0.05,5.0,task,8042,1057.3,0.717836,88.0,28.325,36.0,0.0,80.0,25.75,13.511561,0.455016,50.981001,44.0,25.75,0,80.0,0.0,2,2,0,True,80.0,80.0,0.0,0,0.01,0.0,0.0,,9,0,0,0,0,0,0,
194,Scholl_JAESCHKE_c08,Scholl_JAESCHKE,Scholl,9,30.0,OK,4,4,0.48,0.0,0.0,2026-05-07T18:58:31.173052,c08,8,high,mid,low,high,fixed,fixed,2.181,0.6097,0.9036,1.3532,0.2092,0.0499,0.0313,0.0337,0.05,5.0,task,8042,1057.3,0.717836,88.0,28.325,36.0,0.0,80.0,25.75,13.511561,0.455016,50.981001,44.0,25.75,1,49.0,4.75,2,1,1,True,4.75,4.75,0.0,0,0.17,4.0,0.75,0.5,7,2,0,0,0,0,0,
195,Scholl_JAESCHKE_c08,Scholl_JAESCHKE,Scholl,9,30.0,OK,4,4,0.48,0.0,0.0,2026-05-07T18:58:31.173052,c08,8,high,mid,low,high,fixed,fixed,2.181,0.6097,0.9036,1.3532,0.2092,0.0499,0.0313,0.0337,0.05,5.0,task,8042,1057.3,0.717836,88.0,28.325,36.0,0.0,80.0,25.75,13.511561,0.455016,50.981001,44.0,25.75,2,45.0,9.15,1,1,1,True,9.15,9.15,0.0,0,0.07,9.0,0.15,0.9,0,0,0,0,9,0,0,
196,Scholl_JAESCHKE_c08,Scholl_JAESCHKE,Scholl,9,30.0,OK,4,4,0.48,0.0,0.0,2026-05-07T18:58:31.173052,c08,8,high,mid,low,high,fixed,fixed,2.181,0.6097,0.9036,1.3532,0.2092,0.0499,0.0313,0.0337,0.05,5.0,task,8042,1057.3,0.717836,88.0,28.325,36.0,0.0,80.0,25.75,13.511561,0.455016,50.981001,44.0,25.75,3,36.0,25.75,4,0,4,True,25.75,25.75,0.0,0,0.07,24.0,1.75,0.7083,0,9,0,0,0,0,0,
197,Scholl_JAESCHKE_c09,Scholl_JAESCHKE,Scholl,9,30.0,OK,3,3,0.44,0.0,0.0,2026-05-07T18:58:31.617136,c09,9,high,high,mid,low,fixed,fixed,2.0585,0.8875,1.0158,1.0482,0.1138,0.0482,0.0261,0.0293,0.05,5.0,task,9042,971.095,0.568658,88.0,27.995,27.0,0.0,80.0,25.45,2.915619,0.032007,58.793728,53.0,25.45,0,80.0,0.0,2,2,0,True,80.0,80.0,0.0,0,0.01,0.0,0.0,,9,0,0,0,0,0,0,
198,Scholl_JAESCHKE_c09,Scholl_JAESCHKE,Scholl,9,30.0,OK,3,3,0.44,0.0,0.0,2026-05-07T18:58:31.617136,c09,9,high,high,mid,low,fixed,fixed,2.0585,0.8875,1.0158,1.0482,0.1138,0.0482,0.0261,0.0293,0.05,5.0,task,9042,971.095,0.568658,88.0,27.995,27.0,0.0,80.0,25.45,2.915619,0.032007,58.793728,53.0,25.45,1,49.0,5.7,2,1,1,True,5.7,5.7,0.0,0,0.22,5.0,0.7,0.5333,7,2,0,0,0,0,0,
199,Scholl_JAESCHKE_c09,Scholl_JAESCHKE,Scholl,9,30.0,OK,3,3,0.44,0.0,0.0,2026-05-07T18:58:31.617136,c09,9,high,high,mid,low,fixed,fixed,2.0585,0.8875,1.0158,1.0482,0.1138,0.0482,0.0261,0.0293,0.05,5.0,task,9042,971.095,0.568658,88.0,27.995,27.0,0.0,80.0,25.45,2.915619,0.032007,58.793728,53.0,25.45,2,27.0,25.45,3,0,3,True,25.45,25.45,0.0,0,0.09,25.0,0.45,0.9,0,9,0,0,0,0,0,
200,Scholl_KILBRID_c01,Scholl_KILBRID,Scholl,45,600.0,OK,2,2,9.2,0.0,0.0,2026-05-09T16:05:19.349962,c01,1,low,low,low,low,fixed,fixed,0.9798,0.3735,0.8983,1.0462,0.068,0.0451,0.0248,0.0281,0.05,5.0,task,1042,1260.75,0.194805,44.0,184.91,9.0,0.0,40.0,168.1,0.0,0.0,170.93452,31.0,168.1,0,40.0,0.0,1,1,0,True,40.0,40.0,0.0,0,0.08,0.0,0.0,,45,0,0,0,0,0,0,
201,Scholl_KILBRID_c01,Scholl_KILBRID,Scholl,45,600.0,OK,2,2,9.2,0.0,0.0,2026-05-09T16:05:19.349962,c01,1,low,low,low,low,fixed,fixed,0.9798,0.3735,0.8983,1.0462,0.068,0.0451,0.0248,0.0281,0.05,5.0,task,1042,1260.75,0.194805,44.0,184.91,9.0,0.0,40.0,168.1,0.0,0.0,170.93452,31.0,168.1,1,9.0,168.1,1,0,1,True,168.1,168.1,0.0,0,2.81,166.0,2.1,0.93,0,45,0,0,0,0,0,
202,Scholl_KILBRID_c02,Scholl_KILBRID,Scholl,45,600.0,OK,2,2,9.19,0.0,0.0,2026-05-09T16:05:28.546468,c02,2,low,mid,mid,mid,fixed,fixed,0.9821,0.6285,1.004,1.1742,0.0746,0.0472,0.0274,0.0423,0.05,5.0,task,2042,1288.875,0.194805,44.0,189.035,9.0,0.0,40.0,171.85,0.0,0.0,174.62366,31.0,171.85,0,40.0,0.0,1,1,0,True,40.0,40.0,0.0,0,0.07,0.0,0.0,,45,0,0,0,0,0,0,
203,Scholl_KILBRID_c02,Scholl_KILBRID,Scholl,45,600.0,OK,2,2,9.19,0.0,0.0,2026-05-09T16:05:28.546468,c02,2,low,mid,mid,mid,fixed,fixed,0.9821,0.6285,1.004,1.1742,0.0746,0.0472,0.0274,0.0423,0.05,5.0,task,2042,1288.875,0.194805,44.0,189.035,9.0,0.0,40.0,171.85,0.0,0.0,174.62366,31.0,171.85,1,9.0,171.85,1,0,1,True,171.85,171.85,0.0,0,2.82,170.0,1.85,0.9383,0,45,0,0,0,0,0,
204,Scholl_KILBRID_c03,Scholl_KILBRID,Scholl,45,600.0,OK,2,2,9.13,0.0,0.0,2026-05-09T16:05:37.678380,c03,3,low,high,high,high,fixed,fixed,0.9714,0.8697,1.074,1.3608,0.0657,0.0392,0.0152,0.0603,0.05,5.0,task,3042,1244.25,0.194805,44.0,182.49,9.0,0.0,40.0,165.9,0.0,0.0,168.771473,31.0,165.9,0,40.0,0.0,1,1,0,True,40.0,40.0,0.0,0,0.07,0.0,0.0,,45,0,0,0,0,0,0,
205,Scholl_KILBRID_c03,Scholl_KILBRID,Scholl,45,600.0,OK,2,2,9.13,0.0,0.0,2026-05-09T16:05:37.678380,c03,3,low,high,high,high,fixed,fixed,0.9714,0.8697,1.074,1.3608,0.0657,0.0392,0.0152,0.0603,0.05,5.0,task,3042,1244.25,0.194805,44.0,182.49,9.0,0.0,40.0,165.9,0.0,0.0,168.771473,31.0,165.9,1,9.0,165.9,1,0,1,True,165.9,165.9,0.0,0,2.82,164.0,1.9,0.9367,0,45,0,0,0,0,0,
206,Scholl_KILBRID_c04,Scholl_KILBRID,Scholl,45,600.0,OK,2,2,9.21,0.0,0.0,2026-05-09T16:05:46.888455,c04,4,mid,low,mid,high,fixed,fixed,1.415,0.3814,0.994,1.353,0.1043,0.0348,0.029,0.0579,0.05,5.0,task,4042,1637.79,0.230769,44.0,272.965,18.0,0.0,40.0,248.15,0.0,0.0,249.123308,22.0,248.15,0,40.0,0.0,1,1,0,True,40.0,40.0,0.0,0,0.07,0.0,0.0,,45,0,0,0,0,0,0,
207,Scholl_KILBRID_c04,Scholl_KILBRID,Scholl,45,600.0,OK,2,2,9.21,0.0,0.0,2026-05-09T16:05:46.888455,c04,4,mid,low,mid,high,fixed,fixed,1.415,0.3814,0.994,1.353,0.1043,0.0348,0.029,0.0579,0.05,5.0,task,4042,1637.79,0.230769,44.0,272.965,18.0,0.0,40.0,248.15,0.0,0.0,249.123308,22.0,248.15,1,18.0,248.15,2,0,2,True,248.15,248.15,0.0,0,2.81,229.0,19.15,0.6808,0,45,0,0,0,0,0,
208,Scholl_KILBRID_c05,Scholl_KILBRID,Scholl,45,600.0,OK,2,2,929.91,0.0,0.0,2026-05-09T16:21:16.803855,c05,5,mid,mid,high,low,fixed,fixed,1.3948,0.6272,1.0731,1.0483,0.0999,0.0438,0.0149,0.0273,0.05,5.0,task,5042,1605.12,0.230769,44.0,267.52,18.0,0.0,40.0,243.2,0.0,0.0,244.193038,22.0,243.2,0,40.0,0.0,1,1,0,True,40.0,40.0,0.0,0,0.07,0.0,0.0,,45,0,0,0,0,0,0,
209,Scholl_KILBRID_c05,Scholl_KILBRID,Scholl,45,600.0,OK,2,2,929.91,0.0,0.0,2026-05-09T16:21:16.803855,c05,5,mid,mid,high,low,fixed,fixed,1.3948,0.6272,1.0731,1.0483,0.0999,0.0438,0.0149,0.0273,0.05,5.0,task,5042,1605.12,0.230769,44.0,267.52,18.0,0.0,40.0,243.2,0.0,0.0,244.193038,22.0,243.2,1,18.0,243.20000000000002,2,0,2,True,243.2,243.2,0.0,0,2.81,223.0,20.2,0.6633,0,45,0,0,0,0,0,
210,Scholl_KILBRID_c06,Scholl_KILBRID,Scholl,45,600.0,OK,2,2,8.95,0.0,0.0,2026-05-09T16:21:25.755316,c06,6,mid,high,low,mid,fixed,fixed,1.3869,0.8719,0.909,1.1794,0.1194,0.0483,0.0281,0.0482,0.05,5.0,task,6042,1608.09,0.230769,44.0,268.015,18.0,0.0,40.0,243.65,0.0,0.0,244.641212,22.0,243.65,0,40.0,0.0,1,1,0,True,40.0,40.0,0.0,0,0.07,0.0,0.0,,45,0,0,0,0,0,0,
211,Scholl_KILBRID_c06,Scholl_KILBRID,Scholl,45,600.0,OK,2,2,8.95,0.0,0.0,2026-05-09T16:21:25.755316,c06,6,mid,high,low,mid,fixed,fixed,1.3869,0.8719,0.909,1.1794,0.1194,0.0483,0.0281,0.0482,0.05,5.0,task,6042,1608.09,0.230769,44.0,268.015,18.0,0.0,40.0,243.65,0.0,0.0,244.641212,22.0,243.65,1,18.0,243.65,2,0,2,True,243.65,243.65,0.0,0,2.75,222.0,21.65,0.6392,0,45,0,0,0,0,0,
212,Scholl_KILBRID_c07,Scholl_KILBRID,Scholl,45,600.0,OK,2,2,9.05,0.0,0.0,2026-05-09T16:21:34.813670,c07,7,high,low,high,mid,fixed,fixed,2.1601,0.3877,1.0753,1.1799,0.1904,0.038,0.0146,0.0448,0.05,5.0,task,7042,2142.06,0.304813,44.0,413.38,27.0,0.0,40.0,375.8,0.0,0.0,376.024786,13.0,375.8,0,40.0,0.0,1,1,0,True,40.0,40.0,0.0,0,0.07,0.0,0.0,,45,0,0,0,0,0,0,
213,Scholl_KILBRID_c07,Scholl_KILBRID,Scholl,45,600.0,OK,2,2,9.05,0.0,0.0,2026-05-09T16:21:34.813670,c07,7,high,low,high,mid,fixed,fixed,2.1601,0.3877,1.0753,1.1799,0.1904,0.038,0.0146,0.0448,0.05,5.0,task,7042,2142.06,0.304813,44.0,413.38,27.0,0.0,40.0,375.8,0.0,0.0,376.024786,13.0,375.8,1,27.0,375.79999999999995,3,0,3,True,375.8,375.8,0.0,0,2.74,347.0,28.8,0.68,0,45,0,0,0,0,0,
214,Scholl_KILBRID_c08,Scholl_KILBRID,Scholl,45,600.0,OK,2,2,8.93,0.0,0.0,2026-05-09T16:21:43.748843,c08,8,high,mid,low,high,fixed,fixed,2.1537,0.6374,0.9002,1.3455,0.2043,0.0454,0.0296,0.061,0.05,5.0,task,8042,2217.93,0.230769,44.0,369.655,18.0,0.0,40.0,336.05,0.0,0.0,336.769361,22.0,336.05,0,40.0,0.0,1,1,0,True,40.0,40.0,0.0,0,0.07,0.0,0.0,,45,0,0,0,0,0,0,
215,Scholl_KILBRID_c08,Scholl_KILBRID,Scholl,45,600.0,OK,2,2,8.93,0.0,0.0,2026-05-09T16:21:43.748843,c08,8,high,mid,low,high,fixed,fixed,2.1537,0.6374,0.9002,1.3455,0.2043,0.0454,0.0296,0.061,0.05,5.0,task,8042,2217.93,0.230769,44.0,369.655,18.0,0.0,40.0,336.05,0.0,0.0,336.769361,22.0,336.05,1,18.0,336.05,2,0,2,True,336.05,336.05,0.0,0,2.75,336.0,0.05,0.9992,0,45,0,0,0,0,0,
216,Scholl_KILBRID_c09,Scholl_KILBRID,Scholl,45,600.0,OK,2,2,9.03,0.0,0.0,2026-05-09T16:21:52.781319,c09,9,high,high,mid,low,fixed,fixed,2.1753,0.8722,0.9994,1.0538,0.1973,0.0439,0.0273,0.0262,0.05,5.0,task,9042,2129.805,0.304813,44.0,411.015,27.0,0.0,40.0,373.65,0.0,0.0,373.876079,13.0,373.65,0,40.0,0.0,1,1,0,True,40.0,40.0,0.0,0,0.07,0.0,0.0,,45,0,0,0,0,0,0,
217,Scholl_KILBRID_c09,Scholl_KILBRID,Scholl,45,600.0,OK,2,2,9.03,0.0,0.0,2026-05-09T16:21:52.781319,c09,9,high,high,mid,low,fixed,fixed,2.1753,0.8722,0.9994,1.0538,0.1973,0.0439,0.0273,0.0262,0.05,5.0,task,9042,2129.805,0.304813,44.0,411.015,27.0,0.0,40.0,373.65,0.0,0.0,373.876079,13.0,373.65,1,27.0,373.65,3,0,3,True,373.65,373.65,0.0,0,2.74,345.0,28.65,0.6817,0,45,0,0,0,0,0,
218,Scholl_LUTZ2_c01,Scholl_LUTZ2,Scholl,89,600.0,OK,2,2,666.18,0.0,0.0,2026-05-10T08:01:18.416353,c01,1,low,low,low,low,fixed,fixed,0.9753,0.3721,0.902,1.049,0.0717,0.0399,0.0285,0.0303,0.05,5.0,task,1042,1329.0,0.194805,44.0,194.92,9.0,0.0,40.0,177.2,0.0,0.0,179.891189,31.0,177.2,0,40.0,0.0,1,1,0,True,40.0,40.0,0.0,0,0.25,0.0,0.0,,89,0,0,0,0,0,0,
219,Scholl_LUTZ2_c01,Scholl_LUTZ2,Scholl,89,600.0,OK,2,2,666.18,0.0,0.0,2026-05-10T08:01:18.416353,c01,1,low,low,low,low,fixed,fixed,0.9753,0.3721,0.902,1.049,0.0717,0.0399,0.0285,0.0303,0.05,5.0,task,1042,1329.0,0.194805,44.0,194.92,9.0,0.0,40.0,177.2,0.0,0.0,179.891189,31.0,177.2,1,9.0,177.2,1,0,1,True,177.2,177.2,0.0,0,20.51,173.0,4.2,0.86,0,89,0,0,0,0,0,
220,Scholl_LUTZ2_c02,Scholl_LUTZ2,Scholl,89,600.0,OK,2,2,65.51,0.0,0.0,2026-05-10T08:02:23.935597,c02,2,low,mid,mid,mid,fixed,fixed,0.9818,0.6286,1.0053,1.1734,0.0771,0.0412,0.0314,0.0441,0.05,5.0,task,2042,1379.625,0.194805,44.0,202.345,9.0,0.0,40.0,183.95,0.0,0.0,186.543835,31.0,183.95,0,40.0,0.0,1,1,0,True,40.0,40.0,0.0,0,0.25,0.0,0.0,,89,0,0,0,0,0,0,
221,Scholl_LUTZ2_c02,Scholl_LUTZ2,Scholl,89,600.0,OK,2,2,65.51,0.0,0.0,2026-05-10T08:02:23.935597,c02,2,low,mid,mid,mid,fixed,fixed,0.9818,0.6286,1.0053,1.1734,0.0771,0.0412,0.0314,0.0441,0.05,5.0,task,2042,1379.625,0.194805,44.0,202.345,9.0,0.0,40.0,183.95,0.0,0.0,186.543835,31.0,183.95,1,9.0,183.95,1,0,1,True,183.95,183.95,0.0,0,20.29,180.0,3.95,0.8683,0,89,0,0,0,0,0,
222,Scholl_LUTZ2_c03,Scholl_LUTZ2,Scholl,89,600.0,OK,2,2,66.1,0.0,0.0,2026-05-10T08:03:30.037287,c03,3,low,high,high,high,fixed,fixed,0.969,0.8768,1.0751,1.3504,0.0659,0.0454,0.0148,0.0589,0.05,5.0,task,3042,1362.0,0.194805,44.0,199.76,9.0,0.0,40.0,181.6,0.0,0.0,184.226925,31.0,181.6,0,40.0,0.0,1,1,0,True,40.0,40.0,0.0,0,0.25,0.0,0.0,,89,0,0,0,0,0,0,
223,Scholl_LUTZ2_c03,Scholl_LUTZ2,Scholl,89,600.0,OK,2,2,66.1,0.0,0.0,2026-05-10T08:03:30.037287,c03,3,low,high,high,high,fixed,fixed,0.969,0.8768,1.0751,1.3504,0.0659,0.0454,0.0148,0.0589,0.05,5.0,task,3042,1362.0,0.194805,44.0,199.76,9.0,0.0,40.0,181.6,0.0,0.0,184.226925,31.0,181.6,1,9.0,181.6,1,0,1,True,181.6,181.6,0.0,0,20.5,177.0,4.6,0.8467,0,89,0,0,0,0,0,
224,Scholl_LUTZ2_c04,Scholl_LUTZ2,Scholl,89,600.0,OK,2,2,66.72,0.0,0.0,2026-05-10T08:04:36.759195,c04,4,mid,low,mid,high,fixed,fixed,1.4157,0.371,1.0025,1.3552,0.0992,0.0437,0.0286,0.0547,0.05,5.0,task,4042,1711.71,0.230769,44.0,285.285,18.0,0.0,40.0,259.35,0.0,0.0,260.281429,22.0,259.35,0,40.0,0.0,1,1,0,True,40.0,40.0,0.0,0,0.25,0.0,0.0,,89,0,0,0,0,0,0,
225,Scholl_LUTZ2_c04,Scholl_LUTZ2,Scholl,89,600.0,OK,2,2,66.72,0.0,0.0,2026-05-10T08:04:36.759195,c04,4,mid,low,mid,high,fixed,fixed,1.4157,0.371,1.0025,1.3552,0.0992,0.0437,0.0286,0.0547,0.05,5.0,task,4042,1711.71,0.230769,44.0,285.285,18.0,0.0,40.0,259.35,0.0,0.0,260.281429,22.0,259.35,1,18.0,259.35,2,0,2,True,259.35,259.35,0.0,0,20.74,236.0,23.35,0.6108,0,89,0,0,0,0,0,
226,Scholl_LUTZ2_c05,Scholl_LUTZ2,Scholl,89,600.0,OK,2,2,67.16,0.0,0.0,2026-05-10T08:05:43.923053,c05,5,mid,mid,high,low,fixed,fixed,1.4025,0.62,1.077,1.0539,0.1075,0.0431,0.0146,0.0284,0.05,5.0,task,5042,1682.01,0.230769,44.0,280.335,18.0,0.0,40.0,254.85,0.0,0.0,255.797816,22.0,254.85,0,40.0,0.0,1,1,0,True,40.0,40.0,0.0,0,0.25,0.0,0.0,,89,0,0,0,0,0,0,
227,Scholl_LUTZ2_c05,Scholl_LUTZ2,Scholl,89,600.0,OK,2,2,67.16,0.0,0.0,2026-05-10T08:05:43.923053,c05,5,mid,mid,high,low,fixed,fixed,1.4025,0.62,1.077,1.0539,0.1075,0.0431,0.0146,0.0284,0.05,5.0,task,5042,1682.01,0.230769,44.0,280.335,18.0,0.0,40.0,254.85,0.0,0.0,255.797816,22.0,254.85,1,18.0,254.85,2,0,2,True,254.85,254.85,0.0,0,20.65,231.0,23.85,0.6025,0,89,0,0,0,0,0,
228,Scholl_LUTZ2_c06,Scholl_LUTZ2,Scholl,89,600.0,OK,2,2,66.33,0.0,0.0,2026-05-10T08:06:50.254823,c06,6,mid,high,low,mid,fixed,fixed,1.3911,0.8834,0.9001,1.1805,0.1238,0.0462,0.0311,0.0445,0.05,5.0,task,6042,1676.73,0.230769,44.0,279.455,18.0,0.0,40.0,254.05,0.0,0.0,255.000789,22.0,254.05,0,40.0,0.0,1,1,0,True,40.0,40.0,0.0,0,0.25,0.0,0.0,,89,0,0,0,0,0,0,
229,Scholl_LUTZ2_c06,Scholl_LUTZ2,Scholl,89,600.0,OK,2,2,66.33,0.0,0.0,2026-05-10T08:06:50.254823,c06,6,mid,high,low,mid,fixed,fixed,1.3911,0.8834,0.9001,1.1805,0.1238,0.0462,0.0311,0.0445,0.05,5.0,task,6042,1676.73,0.230769,44.0,279.455,18.0,0.0,40.0,254.05,0.0,0.0,255.000789,22.0,254.05,1,18.0,254.05,2,0,2,True,254.05,254.05,0.0,0,20.75,230.0,24.05,0.5992,0,89,0,0,0,0,0,
230,Scholl_LUTZ2_c07,Scholl_LUTZ2,Scholl,89,600.0,OK,2,2,67.32,0.0,0.0,2026-05-10T08:07:57.579086,c07,7,high,low,high,mid,fixed,fixed,2.1835,0.3789,1.0753,1.1659,0.1863,0.0445,0.014,0.0428,0.05,5.0,task,7042,2282.61,0.230769,44.0,380.435,18.0,0.0,40.0,345.85,0.0,0.0,346.549019,22.0,345.85,0,40.0,0.0,1,1,0,True,40.0,40.0,0.0,0,0.25,0.0,0.0,,89,0,0,0,0,0,0,
231,Scholl_LUTZ2_c07,Scholl_LUTZ2,Scholl,89,600.0,OK,2,2,67.32,0.0,0.0,2026-05-10T08:07:57.579086,c07,7,high,low,high,mid,fixed,fixed,2.1835,0.3789,1.0753,1.1659,0.1863,0.0445,0.014,0.0428,0.05,5.0,task,7042,2282.61,0.230769,44.0,380.435,18.0,0.0,40.0,345.85,0.0,0.0,346.549019,22.0,345.85,1,18.0,345.85,2,0,2,True,345.85,345.85,0.0,0,20.78,341.0,4.85,0.9192,0,89,0,0,0,0,0,
232,Scholl_LUTZ2_c08,Scholl_LUTZ2,Scholl,89,600.0,OK,2,2,66.9,0.0,0.0,2026-05-10T08:09:04.482771,c08,8,high,mid,low,high,fixed,fixed,2.1777,0.623,0.9033,1.3475,0.2091,0.0451,0.0291,0.0624,0.05,5.0,task,8042,2173.05,0.230769,44.0,362.175,18.0,0.0,40.0,329.25,0.0,0.0,329.984185,22.0,329.25,0,40.0,0.0,1,1,0,True,40.0,40.0,0.0,0,0.25,0.0,0.0,,89,0,0,0,0,0,0,
233,Scholl_LUTZ2_c08,Scholl_LUTZ2,Scholl,89,600.0,OK,2,2,66.9,0.0,0.0,2026-05-10T08:09:04.482771,c08,8,high,mid,low,high,fixed,fixed,2.1777,0.623,0.9033,1.3475,0.2091,0.0451,0.0291,0.0624,0.05,5.0,task,8042,2173.05,0.230769,44.0,362.175,18.0,0.0,40.0,329.25,0.0,0.0,329.984185,22.0,329.25,1,18.0,329.25,2,0,2,True,329.25,329.25,0.0,0,20.84,324.0,5.25,0.9125,0,89,0,0,0,0,0,
234,Scholl_LUTZ2_c09,Scholl_LUTZ2,Scholl,89,600.0,OK,2,2,67.05,0.0,0.0,2026-05-10T08:10:11.538840,c09,9,high,high,mid,low,fixed,fixed,2.1553,0.878,1.0014,1.0489,0.2031,0.0395,0.0283,0.0289,0.05,5.0,task,9042,2234.76,0.230769,44.0,372.46,18.0,0.0,40.0,338.6,0.0,0.0,339.313955,22.0,338.6,0,40.0,0.0,1,1,0,True,40.0,40.0,0.0,0,0.25,0.0,0.0,,89,0,0,0,0,0,0,
235,Scholl_LUTZ2_c09,Scholl_LUTZ2,Scholl,89,600.0,OK,2,2,67.05,0.0,0.0,2026-05-10T08:10:11.538840,c09,9,high,high,mid,low,fixed,fixed,2.1553,0.878,1.0014,1.0489,0.2031,0.0395,0.0283,0.0289,0.05,5.0,task,9042,2234.76,0.230769,44.0,372.46,18.0,0.0,40.0,338.6,0.0,0.0,339.313955,22.0,338.6,1,18.0,338.6,2,0,2,True,338.6,338.6,0.0,0,20.74,333.0,5.6,0.9067,0,89,0,0,0,0,0,
236,Scholl_MANSOOR_c01,Scholl_MANSOOR,Scholl,11,600.0,OK,2,2,0.2,0.0,0.0,2026-05-07T18:58:31.823149,c01,1,low,low,low,low,fixed,fixed,0.9826,0.3848,0.8936,1.0514,0.0775,0.0344,0.0254,0.0264,0.05,5.0,task,1042,551.25,0.194805,44.0,80.85,9.0,0.0,40.0,73.5,0.0,0.0,79.769982,31.0,73.5,0,40.0,0.0,1,1,0,True,40.0,40.0,0.0,0,0.01,0.0,0.0,,11,0,0,0,0,0,0,
237,Scholl_MANSOOR_c01,Scholl_MANSOOR,Scholl,11,600.0,OK,2,2,0.2,0.0,0.0,2026-05-07T18:58:31.823149,c01,1,low,low,low,low,fixed,fixed,0.9826,0.3848,0.8936,1.0514,0.0775,0.0344,0.0254,0.0264,0.05,5.0,task,1042,551.25,0.194805,44.0,80.85,9.0,0.0,40.0,73.5,0.0,0.0,79.769982,31.0,73.5,1,9.0,73.5,1,0,1,True,73.5,73.5,0.0,0,0.07,53.0,20.5,0.3167,0,11,0,0,0,0,0,
238,Scholl_MANSOOR_c02,Scholl_MANSOOR,Scholl,11,600.0,OK,2,2,0.2,0.0,0.0,2026-05-07T18:58:32.028975,c02,2,low,mid,mid,mid,fixed,fixed,0.9512,0.6389,1.0028,1.1915,0.0753,0.0362,0.0243,0.0532,0.05,5.0,task,2042,546.75,0.194805,44.0,80.19,9.0,0.0,40.0,72.9,0.0,0.0,79.217485,31.0,72.9,0,40.0,0.0,1,1,0,True,40.0,40.0,0.0,0,0.01,0.0,0.0,,11,0,0,0,0,0,0,
239,Scholl_MANSOOR_c02,Scholl_MANSOOR,Scholl,11,600.0,OK,2,2,0.2,0.0,0.0,2026-05-07T18:58:32.028975,c02,2,low,mid,mid,mid,fixed,fixed,0.9512,0.6389,1.0028,1.1915,0.0753,0.0362,0.0243,0.0532,0.05,5.0,task,2042,546.75,0.194805,44.0,80.19,9.0,0.0,40.0,72.9,0.0,0.0,79.217485,31.0,72.9,1,9.0,72.9,1,0,1,True,72.9,72.9,0.0,0,0.07,52.0,20.9,0.3033,0,11,0,0,0,0,0,
240,Scholl_MANSOOR_c03,Scholl_MANSOOR,Scholl,11,600.0,OK,2,2,0.21,0.0,0.0,2026-05-07T18:58:32.238929,c03,3,low,high,high,high,fixed,fixed,0.9957,0.8591,1.0709,1.367,0.0497,0.0436,0.0143,0.0343,0.05,5.0,task,3042,543.75,0.194805,44.0,79.75,9.0,0.0,40.0,72.5,0.0,0.0,78.84954,31.0,72.5,0,40.0,0.0,1,1,0,True,40.0,40.0,0.0,0,0.01,0.0,0.0,,11,0,0,0,0,0,0,
241,Scholl_MANSOOR_c03,Scholl_MANSOOR,Scholl,11,600.0,OK,2,2,0.21,0.0,0.0,2026-05-07T18:58:32.238929,c03,3,low,high,high,high,fixed,fixed,0.9957,0.8591,1.0709,1.367,0.0497,0.0436,0.0143,0.0343,0.05,5.0,task,3042,543.75,0.194805,44.0,79.75,9.0,0.0,40.0,72.5,0.0,0.0,78.84954,31.0,72.5,1,9.0,72.5,1,0,1,True,72.5,72.5,0.0,0,0.07,52.0,20.5,0.3167,0,11,0,0,0,0,0,
242,Scholl_MANSOOR_c04,Scholl_MANSOOR,Scholl,11,600.0,OK,2,2,0.2,0.0,0.0,2026-05-07T18:58:32.445423,c04,4,mid,low,mid,high,fixed,fixed,1.3971,0.4086,0.9975,1.3431,0.1094,0.0244,0.0294,0.0419,0.05,5.0,task,4042,688.125,0.194805,44.0,100.925,9.0,0.0,40.0,91.75,0.0,0.0,96.84556,31.0,91.75,0,40.0,0.0,1,1,0,True,40.0,40.0,0.0,0,0.01,0.0,0.0,,11,0,0,0,0,0,0,
243,Scholl_MANSOOR_c04,Scholl_MANSOOR,Scholl,11,600.0,OK,2,2,0.2,0.0,0.0,2026-05-07T18:58:32.445423,c04,4,mid,low,mid,high,fixed,fixed,1.3971,0.4086,0.9975,1.3431,0.1094,0.0244,0.0294,0.0419,0.05,5.0,task,4042,688.125,0.194805,44.0,100.925,9.0,0.0,40.0,91.75,0.0,0.0,96.84556,31.0,91.75,1,9.0,91.75,1,0,1,True,91.75,91.75,0.0,0,0.07,75.0,16.75,0.4417,0,11,0,0,0,0,0,
244,Scholl_MANSOOR_c05,Scholl_MANSOOR,Scholl,11,600.0,OK,2,2,0.2,0.0,0.0,2026-05-07T18:58:32.651756,c05,5,mid,mid,high,low,fixed,fixed,1.4411,0.6133,1.0748,1.0438,0.0985,0.0271,0.012,0.0288,0.05,5.0,task,5042,670.875,0.194805,44.0,98.395,9.0,0.0,40.0,89.45,0.0,0.0,94.669438,31.0,89.45,0,40.0,0.0,1,1,0,True,40.0,40.0,0.0,0,0.01,0.0,0.0,,11,0,0,0,0,0,0,
245,Scholl_MANSOOR_c05,Scholl_MANSOOR,Scholl,11,600.0,OK,2,2,0.2,0.0,0.0,2026-05-07T18:58:32.651756,c05,5,mid,mid,high,low,fixed,fixed,1.4411,0.6133,1.0748,1.0438,0.0985,0.0271,0.012,0.0288,0.05,5.0,task,5042,670.875,0.194805,44.0,98.395,9.0,0.0,40.0,89.45,0.0,0.0,94.669438,31.0,89.45,1,9.0,89.45,1,0,1,True,89.45,89.45,0.0,0,0.07,73.0,16.45,0.4517,0,11,0,0,0,0,0,
246,Scholl_MANSOOR_c06,Scholl_MANSOOR,Scholl,11,600.0,OK,2,2,0.21,0.0,0.0,2026-05-07T18:58:32.862271,c06,6,mid,high,low,mid,fixed,fixed,1.3755,0.8718,0.8867,1.1804,0.1226,0.0461,0.0264,0.0384,0.05,5.0,task,6042,676.875,0.194805,44.0,99.275,9.0,0.0,40.0,90.25,0.0,0.0,95.425691,31.0,90.25,0,40.0,0.0,1,1,0,True,40.0,40.0,0.0,0,0.01,0.0,0.0,,11,0,0,0,0,0,0,
247,Scholl_MANSOOR_c06,Scholl_MANSOOR,Scholl,11,600.0,OK,2,2,0.21,0.0,0.0,2026-05-07T18:58:32.862271,c06,6,mid,high,low,mid,fixed,fixed,1.3755,0.8718,0.8867,1.1804,0.1226,0.0461,0.0264,0.0384,0.05,5.0,task,6042,676.875,0.194805,44.0,99.275,9.0,0.0,40.0,90.25,0.0,0.0,95.425691,31.0,90.25,1,9.0,90.25,1,0,1,True,90.25,90.25,0.0,0,0.07,73.0,17.25,0.425,0,11,0,0,0,0,0,
248,Scholl_MANSOOR_c07,Scholl_MANSOOR,Scholl,11,600.0,OK,2,2,0.2,0.0,0.0,2026-05-07T18:58:33.068772,c07,7,high,low,high,mid,fixed,fixed,2.1978,0.3674,1.0778,1.1671,0.2127,0.035,0.0127,0.0381,0.05,5.0,task,7042,843.75,0.194805,44.0,123.75,9.0,0.0,40.0,112.5,0.0,0.0,116.692973,31.0,112.5,0,40.0,0.0,1,1,0,True,40.0,40.0,0.0,0,0.01,0.0,0.0,,11,0,0,0,0,0,0,
249,Scholl_MANSOOR_c07,Scholl_MANSOOR,Scholl,11,600.0,OK,2,2,0.2,0.0,0.0,2026-05-07T18:58:33.068772,c07,7,high,low,high,mid,fixed,fixed,2.1978,0.3674,1.0778,1.1671,0.2127,0.035,0.0127,0.0381,0.05,5.0,task,7042,843.75,0.194805,44.0,123.75,9.0,0.0,40.0,112.5,0.0,0.0,116.692973,31.0,112.5,1,9.0,112.5,1,0,1,True,112.5,112.5,0.0,0,0.07,102.0,10.5,0.65,0,11,0,0,0,0,0,
250,Scholl_MANSOOR_c08,Scholl_MANSOOR,Scholl,11,600.0,OK,2,2,0.2,0.0,0.0,2026-05-07T18:58:33.275130,c08,8,high,mid,low,high,fixed,fixed,2.158,0.6173,0.8995,1.3626,0.1968,0.0533,0.0228,0.058,0.05,5.0,task,8042,871.875,0.194805,44.0,127.875,9.0,0.0,40.0,116.25,0.0,0.0,120.312354,31.0,116.25,0,40.0,0.0,1,1,0,True,40.0,40.0,0.0,0,0.01,0.0,0.0,,11,0,0,0,0,0,0,
251,Scholl_MANSOOR_c08,Scholl_MANSOOR,Scholl,11,600.0,OK,2,2,0.2,0.0,0.0,2026-05-07T18:58:33.275130,c08,8,high,mid,low,high,fixed,fixed,2.158,0.6173,0.8995,1.3626,0.1968,0.0533,0.0228,0.058,0.05,5.0,task,8042,871.875,0.194805,44.0,127.875,9.0,0.0,40.0,116.25,0.0,0.0,120.312354,31.0,116.25,1,9.0,116.25,1,0,1,True,116.25,116.25,0.0,0,0.07,107.0,9.25,0.6917,0,11,0,0,0,0,0,
252,Scholl_MANSOOR_c09,Scholl_MANSOOR,Scholl,11,600.0,OK,2,2,0.21,0.0,0.0,2026-05-07T18:58:33.485709,c09,9,high,high,mid,low,fixed,fixed,2.0879,0.8922,0.9985,1.0623,0.1223,0.0498,0.0292,0.0257,0.05,5.0,task,9042,872.25,0.194805,44.0,127.93,9.0,0.0,40.0,116.3,0.0,0.0,120.360666,31.0,116.3,0,40.0,0.0,1,1,0,True,40.0,40.0,0.0,0,0.01,0.0,0.0,,11,0,0,0,0,0,0,
253,Scholl_MANSOOR_c09,Scholl_MANSOOR,Scholl,11,600.0,OK,2,2,0.21,0.0,0.0,2026-05-07T18:58:33.485709,c09,9,high,high,mid,low,fixed,fixed,2.0879,0.8922,0.9985,1.0623,0.1223,0.0498,0.0292,0.0257,0.05,5.0,task,9042,872.25,0.194805,44.0,127.93,9.0,0.0,40.0,116.3,0.0,0.0,120.360666,31.0,116.3,1,9.0,116.3,1,0,1,True,116.3,116.3,0.0,0,0.07,106.0,10.3,0.6567,0,11,0,0,0,0,0,
254,Scholl_MERTENS_c01,Scholl_MERTENS,Scholl,7,60.0,OK,2,2,0.1,0.0,0.0,2026-05-07T18:58:26.974559,c01,1,low,low,low,low,fixed,fixed,1.0042,0.3721,0.9038,1.0401,0.0783,0.037,0.0256,0.0296,0.05,5.0,task,1042,100.125,0.194805,44.0,14.685,9.0,0.0,40.0,13.35,0.0,0.0,33.75237,31.0,13.35,0,40.0,0.0,1,1,0,True,40.0,40.0,0.0,0,0.03,0.0,0.0,,7,0,0,0,0,0,0,
255,Scholl_MERTENS_c01,Scholl_MERTENS,Scholl,7,60.0,OK,2,2,0.1,0.0,0.0,2026-05-07T18:58:26.974559,c01,1,low,low,low,low,fixed,fixed,1.0042,0.3721,0.9038,1.0401,0.0783,0.037,0.0256,0.0296,0.05,5.0,task,1042,100.125,0.194805,44.0,14.685,9.0,0.0,40.0,13.35,0.0,0.0,33.75237,31.0,13.35,1,9.0,13.35,1,0,1,True,13.35,13.35,0.0,0,0.03,12.0,1.35,0.55,0,7,0,0,0,0,0,
256,Scholl_MERTENS_c02,Scholl_MERTENS,Scholl,7,60.0,OK,2,2,0.08,0.0,0.0,2026-05-07T18:58:27.055540,c02,2,low,mid,mid,mid,fixed,fixed,0.9676,0.6273,1.0026,1.1677,0.0839,0.0456,0.023,0.0314,0.05,5.0,task,2042,100.125,0.194805,44.0,14.685,9.0,0.0,40.0,13.35,0.0,0.0,33.75237,31.0,13.35,0,40.0,0.0,1,1,0,True,40.0,40.0,0.0,0,0.01,0.0,0.0,,7,0,0,0,0,0,0,
257,Scholl_MERTENS_c02,Scholl_MERTENS,Scholl,7,60.0,OK,2,2,0.08,0.0,0.0,2026-05-07T18:58:27.055540,c02,2,low,mid,mid,mid,fixed,fixed,0.9676,0.6273,1.0026,1.1677,0.0839,0.0456,0.023,0.0314,0.05,5.0,task,2042,100.125,0.194805,44.0,14.685,9.0,0.0,40.0,13.35,0.0,0.0,33.75237,31.0,13.35,1,9.0,13.35,1,0,1,True,13.35,13.35,0.0,0,0.03,12.0,1.35,0.55,0,7,0,0,0,0,0,
258,Scholl_MERTENS_c03,Scholl_MERTENS,Scholl,7,60.0,OK,2,2,0.08,0.0,0.0,2026-05-07T18:58:27.135432,c03,3,low,high,high,high,fixed,fixed,0.983,0.8747,1.0733,1.3361,0.0545,0.0369,0.0163,0.0595,0.05,5.0,task,3042,100.875,0.194805,44.0,14.795,9.0,0.0,40.0,13.45,0.0,0.0,33.792048,31.0,13.45,0,40.0,0.0,1,1,0,True,40.0,40.0,0.0,0,0.01,0.0,0.0,,7,0,0,0,0,0,0,
259,Scholl_MERTENS_c03,Scholl_MERTENS,Scholl,7,60.0,OK,2,2,0.08,0.0,0.0,2026-05-07T18:58:27.135432,c03,3,low,high,high,high,fixed,fixed,0.983,0.8747,1.0733,1.3361,0.0545,0.0369,0.0163,0.0595,0.05,5.0,task,3042,100.875,0.194805,44.0,14.795,9.0,0.0,40.0,13.45,0.0,0.0,33.792048,31.0,13.45,1,9.0,13.45,1,0,1,True,13.45,13.45,0.0,0,0.03,12.0,1.45,0.5167,0,7,0,0,0,0,0,
260,Scholl_MERTENS_c04,Scholl_MERTENS,Scholl,7,60.0,OK,2,2,0.08,0.0,0.0,2026-05-07T18:58:27.215437,c04,4,mid,low,mid,high,fixed,fixed,1.3845,0.3952,1.0231,1.3428,0.1145,0.0343,0.0172,0.0602,0.05,5.0,task,4042,126.0,0.194805,44.0,18.48,9.0,0.0,40.0,16.8,0.0,0.0,35.259609,31.0,16.8,0,40.0,0.0,1,1,0,True,40.0,40.0,0.0,0,0.01,0.0,0.0,,7,0,0,0,0,0,0,
261,Scholl_MERTENS_c04,Scholl_MERTENS,Scholl,7,60.0,OK,2,2,0.08,0.0,0.0,2026-05-07T18:58:27.215437,c04,4,mid,low,mid,high,fixed,fixed,1.3845,0.3952,1.0231,1.3428,0.1145,0.0343,0.0172,0.0602,0.05,5.0,task,4042,126.0,0.194805,44.0,18.48,9.0,0.0,40.0,16.8,0.0,0.0,35.259609,31.0,16.8,1,9.0,16.8,1,0,1,True,16.8,16.8,0.0,0,0.03,16.0,0.8,0.7333,0,7,0,0,0,0,0,
262,Scholl_MERTENS_c05,Scholl_MERTENS,Scholl,7,60.0,OK,2,2,0.08,0.0,0.0,2026-05-07T18:58:27.300449,c05,5,mid,mid,high,low,fixed,fixed,1.4238,0.643,1.0694,1.0535,0.0983,0.0319,0.0088,0.0275,0.05,5.0,task,5042,118.125,0.194805,44.0,17.325,9.0,0.0,40.0,15.75,0.0,0.0,34.771576,31.0,15.75,0,40.0,0.0,1,1,0,True,40.0,40.0,0.0,0,0.01,0.0,0.0,,7,0,0,0,0,0,0,
263,Scholl_MERTENS_c05,Scholl_MERTENS,Scholl,7,60.0,OK,2,2,0.08,0.0,0.0,2026-05-07T18:58:27.300449,c05,5,mid,mid,high,low,fixed,fixed,1.4238,0.643,1.0694,1.0535,0.0983,0.0319,0.0088,0.0275,0.05,5.0,task,5042,118.125,0.194805,44.0,17.325,9.0,0.0,40.0,15.75,0.0,0.0,34.771576,31.0,15.75,1,9.0,15.75,1,0,1,True,15.75,15.75,0.0,0,0.03,15.0,0.75,0.75,0,7,0,0,0,0,0,
264,Scholl_MERTENS_c06,Scholl_MERTENS,Scholl,7,60.0,OK,2,2,0.08,0.0,0.0,2026-05-07T18:58:27.381499,c06,6,mid,high,low,mid,fixed,fixed,1.3606,0.8888,0.8947,1.1399,0.1198,0.0391,0.03,0.0358,0.05,5.0,task,6042,104.25,0.194805,44.0,15.29,9.0,0.0,40.0,13.9,0.0,0.0,33.973666,31.0,13.9,0,40.0,0.0,1,1,0,True,40.0,40.0,0.0,0,0.01,0.0,0.0,,7,0,0,0,0,0,0,
265,Scholl_MERTENS_c06,Scholl_MERTENS,Scholl,7,60.0,OK,2,2,0.08,0.0,0.0,2026-05-07T18:58:27.381499,c06,6,mid,high,low,mid,fixed,fixed,1.3606,0.8888,0.8947,1.1399,0.1198,0.0391,0.03,0.0358,0.05,5.0,task,6042,104.25,0.194805,44.0,15.29,9.0,0.0,40.0,13.9,0.0,0.0,33.973666,31.0,13.9,1,9.0,13.9,1,0,1,True,13.9,13.9,0.0,0,0.03,13.0,0.9,0.7,0,7,0,0,0,0,0,
266,Scholl_MERTENS_c07,Scholl_MERTENS,Scholl,7,60.0,OK,2,2,0.08,0.0,0.0,2026-05-07T18:58:27.463661,c07,7,high,low,high,mid,fixed,fixed,2.1799,0.3763,1.0712,1.1991,0.2076,0.0458,0.0092,0.0458,0.05,5.0,task,7042,142.56,0.230769,44.0,23.76,18.0,0.0,40.0,21.6,0.0,0.0,30.831153,22.0,21.6,0,40.0,0.0,1,1,0,True,40.0,40.0,0.0,0,0.01,0.0,0.0,,7,0,0,0,0,0,0,
267,Scholl_MERTENS_c07,Scholl_MERTENS,Scholl,7,60.0,OK,2,2,0.08,0.0,0.0,2026-05-07T18:58:27.463661,c07,7,high,low,high,mid,fixed,fixed,2.1799,0.3763,1.0712,1.1991,0.2076,0.0458,0.0092,0.0458,0.05,5.0,task,7042,142.56,0.230769,44.0,23.76,18.0,0.0,40.0,21.6,0.0,0.0,30.831153,22.0,21.6,1,18.0,21.599999999999998,2,0,2,True,21.6,21.6,0.0,0,0.03,19.0,2.6,0.5667,0,7,0,0,0,0,0,
268,Scholl_MERTENS_c08,Scholl_MERTENS,Scholl,7,60.0,OK,2,2,0.08,0.0,0.0,2026-05-07T18:58:27.544649,c08,8,high,mid,low,high,fixed,fixed,2.2666,0.5869,0.8978,1.3671,0.1517,0.0207,0.0391,0.057,0.05,5.0,task,8042,155.43,0.230769,44.0,25.905,18.0,0.0,40.0,23.55,0.0,0.0,32.227356,22.0,23.55,0,40.0,0.0,1,1,0,True,40.0,40.0,0.0,0,0.01,0.0,0.0,,7,0,0,0,0,0,0,
269,Scholl_MERTENS_c08,Scholl_MERTENS,Scholl,7,60.0,OK,2,2,0.08,0.0,0.0,2026-05-07T18:58:27.544649,c08,8,high,mid,low,high,fixed,fixed,2.2666,0.5869,0.8978,1.3671,0.1517,0.0207,0.0391,0.057,0.05,5.0,task,8042,155.43,0.230769,44.0,25.905,18.0,0.0,40.0,23.55,0.0,0.0,32.227356,22.0,23.55,1,18.0,23.55,2,0,2,True,23.55,23.55,0.0,0,0.03,21.0,2.55,0.575,0,7,0,0,0,0,0,
270,Scholl_MERTENS_c09,Scholl_MERTENS,Scholl,7,60.0,OK,2,2,0.08,0.0,0.0,2026-05-07T18:58:27.626527,c09,9,high,high,mid,low,fixed,fixed,2.048,0.8729,1.0135,1.0626,0.1252,0.0323,0.0326,0.0299,0.05,5.0,task,9042,144.21,0.230769,44.0,24.035,18.0,0.0,40.0,21.85,0.0,0.0,31.006814,22.0,21.85,0,40.0,0.0,1,1,0,True,40.0,40.0,0.0,0,0.01,0.0,0.0,,7,0,0,0,0,0,0,
271,Scholl_MERTENS_c09,Scholl_MERTENS,Scholl,7,60.0,OK,2,2,0.08,0.0,0.0,2026-05-07T18:58:27.626527,c09,9,high,high,mid,low,fixed,fixed,2.048,0.8729,1.0135,1.0626,0.1252,0.0323,0.0326,0.0299,0.05,5.0,task,9042,144.21,0.230769,44.0,24.035,18.0,0.0,40.0,21.85,0.0,0.0,31.006814,22.0,21.85,1,18.0,21.849999999999998,2,0,2,True,21.85,21.85,0.0,0,0.03,19.0,2.85,0.525,0,7,0,0,0,0,0,
272,Scholl_MITCHELL_c01,Scholl_MITCHELL,Scholl,21,60.0,OK,4,4,5.46,0.0,0.0,2026-05-07T18:58:38.951213,c01,1,low,low,low,low,fixed,fixed,0.9863,0.3748,0.8963,1.0435,0.0698,0.0391,0.0316,0.0265,0.05,5.0,task,1042,1449.45,0.466519,88.0,44.385,18.0,0.0,80.0,40.35,20.930898,0.474916,73.973796,62.0,40.35,0,80.0,0.0,2,2,0,True,80.0,80.0,0.0,0,0.03,0.0,0.0,,21,0,0,0,0,0,0,
273,Scholl_MITCHELL_c01,Scholl_MITCHELL,Scholl,21,60.0,OK,4,4,5.46,0.0,0.0,2026-05-07T18:58:38.951213,c01,1,low,low,low,low,fixed,fixed,0.9863,0.3748,0.8963,1.0435,0.0698,0.0391,0.0316,0.0265,0.05,5.0,task,1042,1449.45,0.466519,88.0,44.385,18.0,0.0,80.0,40.35,20.930898,0.474916,73.973796,62.0,40.35,1,49.0,15.55,2,1,1,True,15.55,15.55,0.0,1394,3.17,15.0,0.55,0.8167,14,7,0,0,0,0,0,
274,Scholl_MITCHELL_c01,Scholl_MITCHELL,Scholl,21,60.0,OK,4,4,5.46,0.0,0.0,2026-05-07T18:58:38.951213,c01,1,low,low,low,low,fixed,fixed,0.9863,0.3748,0.8963,1.0435,0.0698,0.0391,0.0316,0.0265,0.05,5.0,task,1042,1449.45,0.466519,88.0,44.385,18.0,0.0,80.0,40.35,20.930898,0.474916,73.973796,62.0,40.35,2,45.0,21.5,1,1,1,True,21.5,21.5,0.0,0,0.51,21.0,0.5,0.8333,0,0,0,0,21,0,0,
275,Scholl_MITCHELL_c01,Scholl_MITCHELL,Scholl,21,60.0,OK,4,4,5.46,0.0,0.0,2026-05-07T18:58:38.951213,c01,1,low,low,low,low,fixed,fixed,0.9863,0.3748,0.8963,1.0435,0.0698,0.0391,0.0316,0.0265,0.05,5.0,task,1042,1449.45,0.466519,88.0,44.385,18.0,0.0,80.0,40.35,20.930898,0.474916,73.973796,62.0,40.35,3,18.0,40.35,2,0,2,True,40.35,40.35,0.0,0,0.49,40.0,0.35,0.9417,0,21,0,0,0,0,0,
276,Scholl_MITCHELL_c02,Scholl_MITCHELL,Scholl,21,60.0,OK,3,3,3.68,0.0,0.0,2026-05-07T18:58:42.637364,c02,2,low,mid,mid,mid,fixed,fixed,0.976,0.6356,1.0046,1.1749,0.0736,0.0457,0.0322,0.0467,0.05,5.0,task,2042,1459.9,0.448751,88.0,46.475,18.0,0.0,80.0,42.25,6.37972,0.081719,75.027078,62.0,42.25,0,80.0,0.0,2,2,0,True,80.0,80.0,0.0,0,0.03,0.0,0.0,,21,0,0,0,0,0,0,
277,Scholl_MITCHELL_c02,Scholl_MITCHELL,Scholl,21,60.0,OK,3,3,3.68,0.0,0.0,2026-05-07T18:58:42.637364,c02,2,low,mid,mid,mid,fixed,fixed,0.976,0.6356,1.0046,1.1749,0.0736,0.0457,0.0322,0.0467,0.05,5.0,task,2042,1459.9,0.448751,88.0,46.475,18.0,0.0,80.0,42.25,6.37972,0.081719,75.027078,62.0,42.25,1,49.0,15.6,2,1,1,True,15.6,15.6,0.0,394,2.17,15.0,0.6,0.8,14,7,0,0,0,0,0,
278,Scholl_MITCHELL_c02,Scholl_MITCHELL,Scholl,21,60.0,OK,3,3,3.68,0.0,0.0,2026-05-07T18:58:42.637364,c02,2,low,mid,mid,mid,fixed,fixed,0.976,0.6356,1.0046,1.1749,0.0736,0.0457,0.0322,0.0467,0.05,5.0,task,2042,1459.9,0.448751,88.0,46.475,18.0,0.0,80.0,42.25,6.37972,0.081719,75.027078,62.0,42.25,2,18.0,42.25,2,0,2,True,42.25,42.25,0.0,0,0.51,42.0,0.25,0.9583,0,21,0,0,0,0,0,
279,Scholl_MITCHELL_c03,Scholl_MITCHELL,Scholl,21,60.0,OK,3,3,4.65,0.0,0.0,2026-05-07T18:58:47.292028,c03,3,low,high,high,high,fixed,fixed,0.9746,0.8716,1.0727,1.344,0.0671,0.0377,0.0124,0.0546,0.05,5.0,task,3042,1329.55,0.43769,88.0,43.395,18.0,0.0,80.0,39.45,4.705405,0.059018,73.486751,62.0,39.45,0,80.0,0.0,2,2,0,True,80.0,80.0,0.0,0,0.03,0.0,0.0,,21,0,0,0,0,0,0,
280,Scholl_MITCHELL_c03,Scholl_MITCHELL,Scholl,21,60.0,OK,3,3,4.65,0.0,0.0,2026-05-07T18:58:47.292028,c03,3,low,high,high,high,fixed,fixed,0.9746,0.8716,1.0727,1.344,0.0671,0.0377,0.0124,0.0546,0.05,5.0,task,3042,1329.55,0.43769,88.0,43.395,18.0,0.0,80.0,39.45,4.705405,0.059018,73.486751,62.0,39.45,1,49.0,15.65,2,1,1,True,15.65,15.65,0.0,423,3.04,15.0,0.65,0.7833,14,7,0,0,0,0,0,
281,Scholl_MITCHELL_c03,Scholl_MITCHELL,Scholl,21,60.0,OK,3,3,4.65,0.0,0.0,2026-05-07T18:58:47.292028,c03,3,low,high,high,high,fixed,fixed,0.9746,0.8716,1.0727,1.344,0.0671,0.0377,0.0124,0.0546,0.05,5.0,task,3042,1329.55,0.43769,88.0,43.395,18.0,0.0,80.0,39.45,4.705405,0.059018,73.486751,62.0,39.45,2,18.0,39.45,2,0,2,True,39.45,39.45,0.0,0,0.52,39.0,0.45,0.925,0,21,0,0,0,0,0,
282,Scholl_MITCHELL_c04,Scholl_MITCHELL,Scholl,21,60.0,OK,3,3,4.34,0.0,0.0,2026-05-07T18:58:51.638500,c04,4,mid,low,mid,high,fixed,fixed,1.4436,0.3722,0.9982,1.3693,0.1036,0.0393,0.0219,0.0433,0.05,5.0,task,4042,1943.09,0.52747,88.0,60.39,27.0,0.0,80.0,54.9,2.944486,0.03967,76.30865,53.0,54.9,0,80.0,0.0,2,2,0,True,80.0,80.0,0.0,0,0.03,0.0,0.0,,21,0,0,0,0,0,0,
283,Scholl_MITCHELL_c04,Scholl_MITCHELL,Scholl,21,60.0,OK,3,3,4.34,0.0,0.0,2026-05-07T18:58:51.638500,c04,4,mid,low,mid,high,fixed,fixed,1.4436,0.3722,0.9982,1.3693,0.1036,0.0393,0.0219,0.0433,0.05,5.0,task,4042,1943.09,0.52747,88.0,60.39,27.0,0.0,80.0,54.9,2.944486,0.03967,76.30865,53.0,54.9,1,45.0,21.5,1,1,1,True,21.5,21.5,0.0,1105,2.87,21.0,0.5,0.8333,0,0,0,0,21,0,0,
284,Scholl_MITCHELL_c04,Scholl_MITCHELL,Scholl,21,60.0,OK,3,3,4.34,0.0,0.0,2026-05-07T18:58:51.638500,c04,4,mid,low,mid,high,fixed,fixed,1.4436,0.3722,0.9982,1.3693,0.1036,0.0393,0.0219,0.0433,0.05,5.0,task,4042,1943.09,0.52747,88.0,60.39,27.0,0.0,80.0,54.9,2.944486,0.03967,76.30865,53.0,54.9,2,27.0,54.9,3,0,3,True,54.9,54.9,0.0,0,0.44,54.0,0.9,0.9,0,21,0,0,0,0,0,
285,Scholl_MITCHELL_c05,Scholl_MITCHELL,Scholl,21,60.0,OK,4,4,110.02,0.0,0.0,2026-05-07T19:00:41.665077,c05,5,mid,mid,high,low,fixed,fixed,1.409,0.618,1.0779,1.0532,0.094,0.0404,0.0123,0.0306,0.05,5.0,task,5042,1463.71,0.426886,88.0,56.21,27.0,0.0,80.0,51.1,26.878182,0.559579,73.622075,53.0,51.1,0,80.0,0.0,2,2,0,True,80.0,80.0,0.0,0,0.03,0.0,0.0,,21,0,0,0,0,0,0,
286,Scholl_MITCHELL_c05,Scholl_MITCHELL,Scholl,21,60.0,OK,4,4,110.02,0.0,0.0,2026-05-07T19:00:41.665077,c05,5,mid,mid,high,low,fixed,fixed,1.409,0.618,1.0779,1.0532,0.094,0.0404,0.0123,0.0306,0.05,5.0,task,5042,1463.71,0.426886,88.0,56.21,27.0,0.0,80.0,51.1,26.878182,0.559579,73.622075,53.0,51.1,1,58.0,22.5,3,1,2,True,22.5,22.5,0.0,170386,86.93,20.0,2.5,0.5833,14,7,0,0,0,0,0,
287,Scholl_MITCHELL_c05,Scholl_MITCHELL,Scholl,21,60.0,OK,4,4,110.02,0.0,0.0,2026-05-07T19:00:41.665077,c05,5,mid,mid,high,low,fixed,fixed,1.409,0.618,1.0779,1.0532,0.094,0.0404,0.0123,0.0306,0.05,5.0,task,5042,1463.71,0.426886,88.0,56.21,27.0,0.0,80.0,51.1,26.878182,0.559579,73.622075,53.0,51.1,2,54.0,22.599999999999998,2,1,2,True,22.6,22.6,0.0,110566,20.97,21.0,1.6,0.7333,0,5,0,0,0,11,5,
288,Scholl_MITCHELL_c05,Scholl_MITCHELL,Scholl,21,60.0,OK,4,4,110.02,0.0,0.0,2026-05-07T19:00:41.665077,c05,5,mid,mid,high,low,fixed,fixed,1.409,0.618,1.0779,1.0532,0.094,0.0404,0.0123,0.0306,0.05,5.0,task,5042,1463.71,0.426886,88.0,56.21,27.0,0.0,80.0,51.1,26.878182,0.559579,73.622075,53.0,51.1,3,27.0,51.1,3,0,3,True,51.1,51.1,0.0,45,0.8,50.0,1.1,0.8778,0,21,0,0,0,0,0,
289,Scholl_MITCHELL_c06,Scholl_MITCHELL,Scholl,21,60.0,OK,4,4,31.2,0.0,0.0,2026-05-07T19:01:12.867573,c06,6,mid,high,low,mid,fixed,fixed,1.3921,0.862,0.9018,1.1696,0.1195,0.0432,0.0286,0.0507,0.05,5.0,task,6042,1516.335,0.423583,88.0,58.685,27.0,0.0,80.0,53.35,26.039533,0.551602,75.201213,53.0,53.35,0,80.0,0.0,2,2,0,True,80.0,80.0,0.0,0,0.03,0.0,0.0,,21,0,0,0,0,0,0,
290,Scholl_MITCHELL_c06,Scholl_MITCHELL,Scholl,21,60.0,OK,4,4,31.2,0.0,0.0,2026-05-07T19:01:12.867573,c06,6,mid,high,low,mid,fixed,fixed,1.3921,0.862,0.9018,1.1696,0.1195,0.0432,0.0286,0.0507,0.05,5.0,task,6042,1516.335,0.423583,88.0,58.685,27.0,0.0,80.0,53.35,26.039533,0.551602,75.201213,53.0,53.35,1,58.0,23.7,3,1,2,True,23.7,23.7,0.0,11889,12.18,21.0,2.7,0.55,14,7,0,0,0,0,0,
291,Scholl_MITCHELL_c06,Scholl_MITCHELL,Scholl,21,60.0,OK,4,4,31.2,0.0,0.0,2026-05-07T19:01:12.867573,c06,6,mid,high,low,mid,fixed,fixed,1.3921,0.862,0.9018,1.1696,0.1195,0.0432,0.0286,0.0507,0.05,5.0,task,6042,1516.335,0.423583,88.0,58.685,27.0,0.0,80.0,53.35,26.039533,0.551602,75.201213,53.0,53.35,2,54.0,25.400000000000002,2,1,2,True,25.4,25.4,0.0,91169,17.05,24.0,1.4,0.7667,0,5,0,0,0,11,5,
292,Scholl_MITCHELL_c06,Scholl_MITCHELL,Scholl,21,60.0,OK,4,4,31.2,0.0,0.0,2026-05-07T19:01:12.867573,c06,6,mid,high,low,mid,fixed,fixed,1.3921,0.862,0.9018,1.1696,0.1195,0.0432,0.0286,0.0507,0.05,5.0,task,6042,1516.335,0.423583,88.0,58.685,27.0,0.0,80.0,53.35,26.039533,0.551602,75.201213,53.0,53.35,3,27.0,53.349999999999994,3,0,3,True,53.35,53.35,0.0,67,0.7,52.0,1.35,0.85,0,21,0,0,0,0,0,
293,Scholl_MITCHELL_c07,Scholl_MITCHELL,Scholl,21,60.0,OK,3,3,4.18,0.0,0.0,2026-05-07T19:01:17.051051,c07,7,high,low,high,mid,fixed,fixed,2.1442,0.377,1.076,1.199,0.1908,0.0386,0.0127,0.0356,0.05,5.0,task,7042,2637.71,0.655957,88.0,77.33,36.0,0.0,80.0,70.3,0.80829,0.095039,82.934251,44.0,70.3,0,80.0,0.0,2,2,0,True,80.0,80.0,0.0,0,0.03,0.0,0.0,,21,0,0,0,0,0,0,
294,Scholl_MITCHELL_c07,Scholl_MITCHELL,Scholl,21,60.0,OK,3,3,4.18,0.0,0.0,2026-05-07T19:01:17.051051,c07,7,high,low,high,mid,fixed,fixed,2.1442,0.377,1.076,1.199,0.1908,0.0386,0.0127,0.0356,0.05,5.0,task,7042,2637.71,0.655957,88.0,77.33,36.0,0.0,80.0,70.3,0.80829,0.095039,82.934251,44.0,70.3,1,45.0,21.45,1,1,1,True,21.45,21.45,0.0,514,2.73,21.0,0.45,0.85,0,0,0,0,21,0,0,
295,Scholl_MITCHELL_c07,Scholl_MITCHELL,Scholl,21,60.0,OK,3,3,4.18,0.0,0.0,2026-05-07T19:01:17.051051,c07,7,high,low,high,mid,fixed,fixed,2.1442,0.377,1.076,1.199,0.1908,0.0386,0.0127,0.0356,0.05,5.0,task,7042,2637.71,0.655957,88.0,77.33,36.0,0.0,80.0,70.3,0.80829,0.095039,82.934251,44.0,70.3,2,36.0,70.30000000000001,4,0,4,True,70.3,70.3,0.0,0,0.44,70.0,0.3,0.975,0,21,0,0,0,0,0,
296,Scholl_MITCHELL_c08,Scholl_MITCHELL,Scholl,21,60.0,OK,4,4,6.3,0.0,0.0,2026-05-07T19:01:23.356503,c08,8,high,mid,low,high,fixed,fixed,2.1244,0.629,0.9133,1.3552,0.2243,0.0402,0.0273,0.0602,0.05,5.0,task,8042,2023.92,0.582956,88.0,80.74,45.0,0.0,80.0,73.4,25.417874,0.549991,81.317649,35.0,73.4,0,80.0,0.0,2,2,0,True,80.0,80.0,0.0,0,0.03,0.0,0.0,,21,0,0,0,0,0,0,
297,Scholl_MITCHELL_c08,Scholl_MITCHELL,Scholl,21,60.0,OK,4,4,6.3,0.0,0.0,2026-05-07T19:01:23.356503,c08,8,high,mid,low,high,fixed,fixed,2.1244,0.629,0.9133,1.3552,0.2243,0.0402,0.0273,0.0602,0.05,5.0,task,8042,2023.92,0.582956,88.0,80.74,45.0,0.0,80.0,73.4,25.417874,0.549991,81.317649,35.0,73.4,1,58.0,29.85,3,1,2,True,29.85,29.85,0.0,860,3.47,29.0,0.85,0.8583,14,7,0,0,0,0,0,
298,Scholl_MITCHELL_c08,Scholl_MITCHELL,Scholl,21,60.0,OK,4,4,6.3,0.0,0.0,2026-05-07T19:01:23.356503,c08,8,high,mid,low,high,fixed,fixed,2.1244,0.629,0.9133,1.3552,0.2243,0.0402,0.0273,0.0602,0.05,5.0,task,8042,2023.92,0.582956,88.0,80.74,45.0,0.0,80.0,73.4,25.417874,0.549991,81.317649,35.0,73.4,2,54.0,32.65,2,1,2,True,32.65,32.65,0.0,0,0.75,32.0,0.65,0.8917,0,5,0,0,16,0,0,
299,Scholl_MITCHELL_c08,Scholl_MITCHELL,Scholl,21,60.0,OK,4,4,6.3,0.0,0.0,2026-05-07T19:01:23.356503,c08,8,high,mid,low,high,fixed,fixed,2.1244,0.629,0.9133,1.3552,0.2243,0.0402,0.0273,0.0602,0.05,5.0,task,8042,2023.92,0.582956,88.0,80.74,45.0,0.0,80.0,73.4,25.417874,0.549991,81.317649,35.0,73.4,3,45.0,73.39999999999999,5,0,5,True,73.4,73.4,0.0,0,0.65,70.0,3.4,0.7733,0,21,0,0,0,0,0,
300,Scholl_MITCHELL_c09,Scholl_MITCHELL,Scholl,21,60.0,OK,3,3,15.12,0.0,0.0,2026-05-07T19:01:38.475950,c09,9,high,high,mid,low,fixed,fixed,2.1442,0.8878,1.0028,1.0402,0.1912,0.0432,0.0248,0.0288,0.05,5.0,task,9042,1938.64,0.461434,88.0,80.795,36.0,0.0,80.0,73.45,8.458181,0.145631,85.62069,44.0,73.45,0,80.0,0.0,2,2,0,True,80.0,80.0,0.0,0,0.03,0.0,0.0,,21,0,0,0,0,0,0,
301,Scholl_MITCHELL_c09,Scholl_MITCHELL,Scholl,21,60.0,OK,3,3,15.12,0.0,0.0,2026-05-07T19:01:38.475950,c09,9,high,high,mid,low,fixed,fixed,2.1442,0.8878,1.0028,1.0402,0.1912,0.0432,0.0248,0.0288,0.05,5.0,task,9042,1938.64,0.461434,88.0,80.795,36.0,0.0,80.0,73.45,8.458181,0.145631,85.62069,44.0,73.45,1,58.0,29.4,3,1,2,True,29.4,29.4,0.0,15428,12.91,28.0,1.4,0.7667,14,7,0,0,0,0,0,
302,Scholl_MITCHELL_c09,Scholl_MITCHELL,Scholl,21,60.0,OK,3,3,15.12,0.0,0.0,2026-05-07T19:01:38.475950,c09,9,high,high,mid,low,fixed,fixed,2.1442,0.8878,1.0028,1.0402,0.1912,0.0432,0.0248,0.0288,0.05,5.0,task,9042,1938.64,0.461434,88.0,80.795,36.0,0.0,80.0,73.45,8.458181,0.145631,85.62069,44.0,73.45,2,36.0,73.44999999999999,4,0,4,True,73.45,73.45,0.0,3185,1.2,73.0,0.45,0.9625,0,21,0,0,0,0,0,
303,Scholl_MUKHERJE_c01,Scholl_MUKHERJE,Scholl,94,600.0,OK,1,1,1400.39,0.0,0.0,2026-05-10T08:33:31.935833,c01,1,low,low,low,low,fixed,fixed,0.9771,0.3704,0.9014,1.0504,0.0711,0.0396,0.0287,0.0295,0.05,5.0,task,1042,102.4,1.0,352.0,3.2,320.0,0.0,320.0,0.0,0.0,1.0,0.0,0.0,0.0,0,320.0,0.0,8,8,0,True,320.0,320.0,0.0,0,1.96,0.0,0.0,,94,0,0,0,0,0,0,
304,Scholl_MUKHERJE_c02,Scholl_MUKHERJE,Scholl,94,600.0,OK,1,1,1353.12,0.0,0.0,2026-05-10T08:56:05.065603,c02,2,low,mid,mid,mid,fixed,fixed,0.9825,0.6273,1.0042,1.1766,0.0755,0.0418,0.0314,0.0437,0.05,5.0,task,2042,102.4,1.0,352.0,3.2,320.0,0.0,320.0,0.0,0.0,1.0,0.0,0.0,0.0,0,320.0,0.0,8,8,0,True,320.0,320.0,0.0,0,2.0,0.0,0.0,,94,0,0,0,0,0,0,
305,Scholl_MUKHERJE_c03,Scholl_MUKHERJE,Scholl,94,600.0,OK,1,1,651.0,0.0,0.0,2026-05-10T09:06:56.073338,c03,3,low,high,high,high,fixed,fixed,0.9692,0.8757,1.0761,1.3462,0.0672,0.0452,0.0146,0.0599,0.05,5.0,task,3042,102.4,1.0,352.0,3.2,320.0,0.0,320.0,0.0,0.0,1.0,0.0,0.0,0.0,0,320.0,0.0,8,8,0,True,320.0,320.0,0.0,0,1.94,0.0,0.0,,94,0,0,0,0,0,0,
306,Scholl_MUKHERJE_c04,Scholl_MUKHERJE,Scholl,94,600.0,OK,1,1,2245.84,0.0,0.0,2026-05-10T09:44:21.916026,c04,4,mid,low,mid,high,fixed,fixed,1.4126,0.3736,1.0015,1.3526,0.1009,0.0429,0.0293,0.0558,0.05,5.0,task,4042,102.4,1.0,352.0,3.2,320.0,0.0,320.0,0.0,0.0,1.0,0.0,0.0,0.0,0,320.0,0.0,8,8,0,True,320.0,320.0,0.0,0,1.95,0.0,0.0,,94,0,0,0,0,0,0,
307,Scholl_MUKHERJE_c05,Scholl_MUKHERJE,Scholl,94,600.0,OK,1,1,1340.55,0.0,0.0,2026-05-10T10:06:42.475478,c05,5,mid,mid,high,low,fixed,fixed,1.3985,0.6238,1.0765,1.0529,0.1117,0.0423,0.0147,0.0282,0.05,5.0,task,5042,102.4,1.0,352.0,3.2,320.0,0.0,320.0,0.0,0.0,1.0,0.0,0.0,0.0,0,320.0,0.0,8,8,0,True,320.0,320.0,0.0,0,1.95,0.0,0.0,,94,0,0,0,0,0,0,
308,Scholl_MUKHERJE_c06,Scholl_MUKHERJE,Scholl,94,600.0,OK,1,1,1296.32,0.0,0.0,2026-05-10T10:28:18.804552,c06,6,mid,high,low,mid,fixed,fixed,1.392,0.8836,0.8993,1.1817,0.1233,0.046,0.0305,0.0463,0.05,5.0,task,6042,102.4,1.0,352.0,3.2,320.0,0.0,320.0,0.0,0.0,1.0,0.0,0.0,0.0,0,320.0,0.0,8,8,0,True,320.0,320.0,0.0,0,1.99,0.0,0.0,,94,0,0,0,0,0,0,
309,Scholl_MUKHERJE_c07,Scholl_MUKHERJE,Scholl,94,600.0,OK,1,1,1991.59,0.0,0.0,2026-05-10T11:01:30.404758,c07,7,high,low,high,mid,fixed,fixed,2.1835,0.3764,1.0753,1.1634,0.1863,0.0446,0.0141,0.0437,0.05,5.0,task,7042,102.4,1.0,352.0,3.2,320.0,0.0,320.0,0.0,0.0,1.0,0.0,0.0,0.0,0,320.0,0.0,8,8,0,True,320.0,320.0,0.0,0,2.0,0.0,0.0,,94,0,0,0,0,0,0,
310,Scholl_MUKHERJE_c08,Scholl_MUKHERJE,Scholl,94,600.0,OK,1,1,1375.18,0.0,0.0,2026-05-10T11:24:25.593574,c08,8,high,mid,low,high,fixed,fixed,2.1786,0.6219,0.9035,1.3493,0.2086,0.0455,0.0287,0.0633,0.05,5.0,task,8042,102.4,1.0,352.0,3.2,320.0,0.0,320.0,0.0,0.0,1.0,0.0,0.0,0.0,0,320.0,0.0,8,8,0,True,320.0,320.0,0.0,0,1.96,0.0,0.0,,94,0,0,0,0,0,0,
311,Scholl_MUKHERJE_c09,Scholl_MUKHERJE,Scholl,94,600.0,OK,1,1,1357.77,0.0,0.0,2026-05-10T11:47:03.373337,c09,9,high,high,mid,low,fixed,fixed,2.1562,0.8772,0.9999,1.0515,0.2012,0.0405,0.0275,0.0293,0.05,5.0,task,9042,102.4,1.0,352.0,3.2,320.0,0.0,320.0,0.0,0.0,1.0,0.0,0.0,0.0,0,320.0,0.0,8,8,0,True,320.0,320.0,0.0,0,1.94,0.0,0.0,,94,0,0,0,0,0,0,
312,Scholl_SAWYER30_c01,Scholl_SAWYER30,Scholl,30,200.0,OK,3,2,649.39,20.4983,61.4948,2026-05-08T15:08:55.163947,c01,1,low,low,low,low,fixed,fixed,0.9763,0.3767,0.8997,1.0492,0.0705,0.0428,0.0293,0.0262,0.05,5.0,task,1042,4149.5,0.526009,88.0,112.695,18.0,0.0,80.0,102.45,22.430058,0.279542,119.749749,62.0,102.45,0,80.0,0.0,2,2,0,True,80.0,80.0,0.0,0,0.05,0.0,0.0,,30,0,0,0,0,0,0,
313,Scholl_SAWYER30_c01,Scholl_SAWYER30,Scholl,30,200.0,OK,3,2,649.39,20.4983,61.4948,2026-05-08T15:08:55.163947,c01,1,low,low,low,low,fixed,fixed,0.9763,0.3767,0.8997,1.0492,0.0705,0.0428,0.0293,0.0262,0.05,5.0,task,1042,4149.5,0.526009,88.0,112.695,18.0,0.0,80.0,102.45,22.430058,0.279542,119.749749,62.0,102.45,1,45.0,27.8,1,1,1,False,10.704434505,27.8,61.4948,73561,645.6,26.0,1.8,0.82,0,0,0,0,0,19,11,
314,Scholl_SAWYER30_c01,Scholl_SAWYER30,Scholl,30,200.0,OK,3,2,649.39,20.4983,61.4948,2026-05-08T15:08:55.163947,c01,1,low,low,low,low,fixed,fixed,0.9763,0.3767,0.8997,1.0492,0.0705,0.0428,0.0293,0.0262,0.05,5.0,task,1042,4149.5,0.526009,88.0,112.695,18.0,0.0,80.0,102.45,22.430058,0.279542,119.749749,62.0,102.45,2,18.0,102.45,2,0,2,True,102.45,102.45,0.0,0,1.11,99.0,3.45,0.8275,0,30,0,0,0,0,0,
315,Scholl_SAWYER30_c02,Scholl_SAWYER30,Scholl,30,200.0,OK,3,2,2123.02,12.0413,36.1238,2026-05-08T15:44:18.191855,c02,2,low,mid,mid,mid,fixed,fixed,0.9757,0.6385,0.9985,1.1875,0.0679,0.0499,0.0303,0.0382,0.05,5.0,task,2042,3992.5,0.496892,88.0,114.785,18.0,0.0,80.0,104.35,15.21318,0.201126,121.379251,62.0,104.35,0,80.0,0.0,2,2,0,True,80.0,80.0,0.0,0,0.04,0.0,0.0,,30,0,0,0,0,0,0,
316,Scholl_SAWYER30_c02,Scholl_SAWYER30,Scholl,30,200.0,OK,3,2,2123.02,12.0413,36.1238,2026-05-08T15:44:18.191855,c02,2,low,mid,mid,mid,fixed,fixed,0.9757,0.6385,0.9985,1.1875,0.0679,0.0499,0.0303,0.0382,0.05,5.0,task,2042,3992.5,0.496892,88.0,114.785,18.0,0.0,80.0,104.35,15.21318,0.201126,121.379251,62.0,104.35,1,45.0,35.0,1,1,1,False,22.356666739,35.0,36.1238,1357003,1139.52,35.0,0.0,1.0,0,0,0,0,0,17,13,
317,Scholl_SAWYER30_c02,Scholl_SAWYER30,Scholl,30,200.0,OK,3,2,2123.02,12.0413,36.1238,2026-05-08T15:44:18.191855,c02,2,low,mid,mid,mid,fixed,fixed,0.9757,0.6385,0.9985,1.1875,0.0679,0.0499,0.0303,0.0382,0.05,5.0,task,2042,3992.5,0.496892,88.0,114.785,18.0,0.0,80.0,104.35,15.21318,0.201126,121.379251,62.0,104.35,2,18.0,104.35000000000001,2,0,2,True,104.35,104.35,0.0,0,1.1,101.0,3.35,0.8325,0,30,0,0,0,0,0,
318,Scholl_SAWYER30_c03,Scholl_SAWYER30,Scholl,30,200.0,OK,3,2,1143.5,15.5811,46.7433,2026-05-08T16:03:21.699719,c03,3,low,high,high,high,fixed,fixed,0.9644,0.8711,1.0747,1.3503,0.0706,0.034,0.0137,0.0613,0.05,5.0,task,3042,3388.8,0.441207,88.0,109.725,18.0,0.0,80.0,99.75,12.903779,0.159964,117.448127,62.0,99.75,0,80.0,0.0,2,2,0,True,80.0,80.0,0.0,0,0.04,0.0,0.0,,30,0,0,0,0,0,0,
319,Scholl_SAWYER30_c03,Scholl_SAWYER30,Scholl,30,200.0,OK,3,2,1143.5,15.5811,46.7433,2026-05-08T16:03:21.699719,c03,3,low,high,high,high,fixed,fixed,0.9644,0.8711,1.0747,1.3503,0.0706,0.034,0.0137,0.0613,0.05,5.0,task,3042,3388.8,0.441207,88.0,109.725,18.0,0.0,80.0,99.75,12.903779,0.159964,117.448127,62.0,99.75,1,49.0,38.7,2,1,1,False,20.610328638,38.7,46.7433,67805,1123.98,35.0,3.7,0.63,18,12,0,0,0,0,0,
320,Scholl_SAWYER30_c03,Scholl_SAWYER30,Scholl,30,200.0,OK,3,2,1143.5,15.5811,46.7433,2026-05-08T16:03:21.699719,c03,3,low,high,high,high,fixed,fixed,0.9644,0.8711,1.0747,1.3503,0.0706,0.034,0.0137,0.0613,0.05,5.0,task,3042,3388.8,0.441207,88.0,109.725,18.0,0.0,80.0,99.75,12.903779,0.159964,117.448127,62.0,99.75,2,18.0,99.75,2,0,2,True,99.75,99.75,0.0,108260,16.86,96.0,3.75,0.8125,0,30,0,0,0,0,0,
321,Scholl_SAWYER30_c04,Scholl_SAWYER30,Scholl,30,200.0,OK,3,3,36.41,0.0,0.0,2026-05-08T16:03:58.112241,c04,4,mid,low,mid,high,fixed,fixed,1.4323,0.3726,1.0056,1.3442,0.1094,0.0331,0.0233,0.0606,0.05,5.0,task,4042,5715.22,0.59067,88.0,158.62,27.0,0.0,80.0,144.2,28.405633,0.341395,153.631507,53.0,144.2,0,80.0,0.0,2,2,0,True,80.0,80.0,0.0,0,0.04,0.0,0.0,,30,0,0,0,0,0,0,
322,Scholl_SAWYER30_c04,Scholl_SAWYER30,Scholl,30,200.0,OK,3,3,36.41,0.0,0.0,2026-05-08T16:03:58.112241,c04,4,mid,low,mid,high,fixed,fixed,1.4323,0.3726,1.0056,1.3442,0.1094,0.0331,0.0233,0.0606,0.05,5.0,task,4042,5715.22,0.59067,88.0,158.62,27.0,0.0,80.0,144.2,28.405633,0.341395,153.631507,53.0,144.2,1,45.0,39.0,1,1,1,True,39.0,39.0,0.0,13199,32.51,36.0,3.0,0.7,0,0,0,0,30,0,0,
323,Scholl_SAWYER30_c04,Scholl_SAWYER30,Scholl,30,200.0,OK,3,3,36.41,0.0,0.0,2026-05-08T16:03:58.112241,c04,4,mid,low,mid,high,fixed,fixed,1.4323,0.3726,1.0056,1.3442,0.1094,0.0331,0.0233,0.0606,0.05,5.0,task,4042,5715.22,0.59067,88.0,158.62,27.0,0.0,80.0,144.2,28.405633,0.341395,153.631507,53.0,144.2,2,27.0,144.2,3,0,3,True,144.2,144.2,0.0,0,1.22,138.0,6.2,0.7933,0,30,0,0,0,0,0,
324,Scholl_SAWYER30_c05,Scholl_SAWYER30,Scholl,30,200.0,OK,3,1,1300.18,55.9402,89.5332,2026-05-08T16:25:38.298288,c05,5,mid,mid,high,low,fixed,fixed,1.4054,0.6255,1.0743,1.0447,0.0983,0.0411,0.0147,0.0295,0.05,5.0,task,5042,4646.875,0.50642,88.0,150.425,27.0,0.0,80.0,136.75,17.118435,0.218215,146.661387,53.0,136.75,0,80.0,0.0,2,2,0,True,80.0,80.0,0.0,0,0.04,0.0,0.0,,30,0,0,0,0,0,0,
325,Scholl_SAWYER30_c05,Scholl_SAWYER30,Scholl,30,200.0,OK,3,1,1300.18,55.9402,89.5332,2026-05-08T16:25:38.298288,c05,5,mid,mid,high,low,fixed,fixed,1.4054,0.6255,1.0743,1.0447,0.0983,0.0411,0.0147,0.0295,0.05,5.0,task,5042,4646.875,0.50642,88.0,150.425,27.0,0.0,80.0,136.75,17.118435,0.218215,146.661387,53.0,136.75,1,49.0,49.05,2,1,1,False,10.65,49.05,78.2875,10980,352.44,48.0,1.05,0.895,20,10,0,0,0,0,0,
326,Scholl_SAWYER30_c05,Scholl_SAWYER30,Scholl,30,200.0,OK,3,1,1300.18,55.9402,89.5332,2026-05-08T16:25:38.298288,c05,5,mid,mid,high,low,fixed,fixed,1.4054,0.6255,1.0743,1.0447,0.0983,0.0411,0.0147,0.0295,0.05,5.0,task,5042,4646.875,0.50642,88.0,150.425,27.0,0.0,80.0,136.75,17.118435,0.218215,146.661387,53.0,136.75,2,27.0,136.75,3,0,3,False,14.31328125,136.75,89.5332,372092,945.06,130.0,6.75,0.775,0,30,0,0,0,0,0,
327,Scholl_SAWYER30_c06,Scholl_SAWYER30,Scholl,30,200.0,OK,3,2,1142.77,21.7717,65.3152,2026-05-08T16:44:41.071763,c06,6,mid,high,low,mid,fixed,fixed,1.3711,0.881,0.8952,1.193,0.1185,0.0417,0.0343,0.0427,0.05,5.0,task,6042,4792.05,0.5065,88.0,155.1,27.0,0.0,80.0,141.0,17.840123,0.221731,150.632002,53.0,141.0,0,80.0,0.0,2,2,0,True,80.0,80.0,0.0,0,0.04,0.0,0.0,,30,0,0,0,0,0,0,
328,Scholl_SAWYER30_c06,Scholl_SAWYER30,Scholl,30,200.0,OK,3,2,1142.77,21.7717,65.3152,2026-05-08T16:44:41.071763,c06,6,mid,high,low,mid,fixed,fixed,1.3711,0.881,0.8952,1.193,0.1185,0.0417,0.0343,0.0427,0.05,5.0,task,6042,4792.05,0.5065,88.0,155.1,27.0,0.0,80.0,141.0,17.840123,0.221731,150.632002,53.0,141.0,1,49.0,50.55,2,1,1,False,17.533185841,50.55,65.3152,80251,1104.2,49.0,1.55,0.845,21,9,0,0,0,0,0,
329,Scholl_SAWYER30_c06,Scholl_SAWYER30,Scholl,30,200.0,OK,3,2,1142.77,21.7717,65.3152,2026-05-08T16:44:41.071763,c06,6,mid,high,low,mid,fixed,fixed,1.3711,0.881,0.8952,1.193,0.1185,0.0417,0.0343,0.0427,0.05,5.0,task,6042,4792.05,0.5065,88.0,155.1,27.0,0.0,80.0,141.0,17.840123,0.221731,150.632002,53.0,141.0,2,27.0,141.0,3,0,3,True,141.0,141.0,0.0,178471,35.9,134.0,7.0,0.7667,0,30,0,0,0,0,0,
330,Scholl_SAWYER30_c07,Scholl_SAWYER30,Scholl,30,200.0,OK,3,2,965.92,4.9752,14.9255,2026-05-08T17:00:46.998419,c07,7,high,low,high,mid,fixed,fixed,2.175,0.3742,1.0809,1.1785,0.197,0.036,0.0128,0.0465,0.05,5.0,task,7042,8843.5,0.731866,88.0,232.375,36.0,0.0,80.0,211.25,62.786842,0.539307,215.783601,44.0,211.25,0,80.0,0.0,2,2,0,True,80.0,80.0,0.0,0,0.04,0.0,0.0,,30,0,0,0,0,0,0,
331,Scholl_SAWYER30_c07,Scholl_SAWYER30,Scholl,30,200.0,OK,3,2,965.92,4.9752,14.9255,2026-05-08T17:00:46.998419,c07,7,high,low,high,mid,fixed,fixed,2.175,0.3742,1.0809,1.1785,0.197,0.036,0.0128,0.0465,0.05,5.0,task,7042,8843.5,0.731866,88.0,232.375,36.0,0.0,80.0,211.25,62.786842,0.539307,215.783601,44.0,211.25,1,45.0,38.25,1,1,1,False,32.541002938,38.25,14.9255,19667,962.13,35.0,3.25,0.675,0,0,0,0,30,0,0,
332,Scholl_SAWYER30_c07,Scholl_SAWYER30,Scholl,30,200.0,OK,3,2,965.92,4.9752,14.9255,2026-05-08T17:00:46.998419,c07,7,high,low,high,mid,fixed,fixed,2.175,0.3742,1.0809,1.1785,0.197,0.036,0.0128,0.0465,0.05,5.0,task,7042,8843.5,0.731866,88.0,232.375,36.0,0.0,80.0,211.25,62.786842,0.539307,215.783601,44.0,211.25,2,36.0,211.25,4,0,4,True,211.25,211.25,0.0,0,1.12,207.0,4.25,0.8938,0,30,0,0,0,0,0,
333,Scholl_SAWYER30_c08,Scholl_SAWYER30,Scholl,30,200.0,OK,3,2,606.89,7.3802,22.1407,2026-05-08T17:10:53.888701,c08,8,high,mid,low,high,fixed,fixed,2.1472,0.6353,0.9067,1.3519,0.214,0.0412,0.0312,0.0625,0.05,5.0,task,8042,6256.8,0.535543,88.0,224.675,36.0,0.0,80.0,204.25,35.593644,0.313779,208.935546,44.0,204.25,0,80.0,0.0,2,2,0,True,80.0,80.0,0.0,0,0.04,0.0,0.0,,30,0,0,0,0,0,0,
334,Scholl_SAWYER30_c08,Scholl_SAWYER30,Scholl,30,200.0,OK,3,2,606.89,7.3802,22.1407,2026-05-08T17:10:53.888701,c08,8,high,mid,low,high,fixed,fixed,2.1472,0.6353,0.9067,1.3519,0.214,0.0412,0.0312,0.0625,0.05,5.0,task,8042,6256.8,0.535543,88.0,224.675,36.0,0.0,80.0,204.25,35.593644,0.313779,208.935546,44.0,204.25,1,54.0,67.3,2,1,2,False,52.399283668,67.3,22.1407,120652,602.73,60.0,7.3,0.635,0,3,0,0,27,0,0,
335,Scholl_SAWYER30_c08,Scholl_SAWYER30,Scholl,30,200.0,OK,3,2,606.89,7.3802,22.1407,2026-05-08T17:10:53.888701,c08,8,high,mid,low,high,fixed,fixed,2.1472,0.6353,0.9067,1.3519,0.214,0.0412,0.0312,0.0625,0.05,5.0,task,8042,6256.8,0.535543,88.0,224.675,36.0,0.0,80.0,204.25,35.593644,0.313779,208.935546,44.0,204.25,2,36.0,204.25000000000003,4,0,4,True,204.25,204.25,0.0,0,1.47,200.0,4.25,0.8938,0,30,0,0,0,0,0,
336,Scholl_SAWYER30_c09,Scholl_SAWYER30,Scholl,30,200.0,OK,3,1,3145.1,54.7456,90.8723,2026-05-08T18:03:18.992395,c09,9,high,high,mid,low,fixed,fixed,2.1465,0.8855,0.9961,1.0456,0.2093,0.0373,0.0304,0.0284,0.05,5.0,task,9042,6415.86,0.53463,88.0,230.78,36.0,0.0,80.0,209.8,36.199862,0.31138,214.364269,44.0,209.8,0,80.0,0.0,2,2,0,True,80.0,80.0,0.0,0,0.04,0.0,0.0,,30,0,0,0,0,0,0,
337,Scholl_SAWYER30_c09,Scholl_SAWYER30,Scholl,30,200.0,OK,3,1,3145.1,54.7456,90.8723,2026-05-08T18:03:18.992395,c09,9,high,high,mid,low,fixed,fixed,2.1465,0.8855,0.9961,1.0456,0.2093,0.0373,0.0304,0.0284,0.05,5.0,task,9042,6415.86,0.53463,88.0,230.78,36.0,0.0,80.0,209.8,36.199862,0.31138,214.364269,44.0,209.8,1,54.0,69.55,2,1,2,False,18.525,69.55,73.3645,231406,1116.47,66.0,3.55,0.8225,0,7,0,0,0,13,10,
338,Scholl_SAWYER30_c09,Scholl_SAWYER30,Scholl,30,200.0,OK,3,1,3145.1,54.7456,90.8723,2026-05-08T18:03:18.992395,c09,9,high,high,mid,low,fixed,fixed,2.1465,0.8855,0.9961,1.0456,0.2093,0.0373,0.0304,0.0284,0.05,5.0,task,9042,6415.86,0.53463,88.0,230.78,36.0,0.0,80.0,209.8,36.199862,0.31138,214.364269,44.0,209.8,2,36.0,209.8,4,0,4,False,19.15,209.8,90.8723,159095,1044.98,206.0,3.8,0.905,0,30,0,0,0,0,0,
339,Scholl_WEE-MAG_c01,Scholl_WEE-MAG,Scholl,75,600.0,OK,5,1,5059.76,75.3226,100.0,2026-05-09T19:07:26.131430,c01,1,low,low,low,low,fixed,fixed,0.9717,0.3782,0.8953,1.0504,0.0693,0.0399,0.0287,0.0297,0.05,5.0,task,1042,29661.975,0.587204,132.0,481.085,27.0,0.0,120.0,437.35,110.80632,0.590365,447.128642,93.0,437.35,0,120.0,0.0,3,3,0,True,120.0,120.0,0.0,0,0.54,0.0,0.0,,75,0,0,0,0,0,0,
340,Scholl_WEE-MAG_c01,Scholl_WEE-MAG,Scholl,75,600.0,OK,5,1,5059.76,75.3226,100.0,2026-05-09T19:07:26.131430,c01,1,low,low,low,low,fixed,fixed,0.9717,0.3782,0.8953,1.0504,0.0693,0.0399,0.0287,0.0297,0.05,5.0,task,1042,29661.975,0.587204,132.0,481.085,27.0,0.0,120.0,437.35,110.80632,0.590365,447.128642,93.0,437.35,1,89.0,87.95,3,2,1,False,0.0,87.95,100.0,1036,1314.19,72.0,15.95,0.4683,62,13,0,0,0,0,0,
341,Scholl_WEE-MAG_c01,Scholl_WEE-MAG,Scholl,75,600.0,OK,5,1,5059.76,75.3226,100.0,2026-05-09T19:07:26.131430,c01,1,low,low,low,low,fixed,fixed,0.9717,0.3782,0.8953,1.0504,0.0693,0.0399,0.0287,0.0297,0.05,5.0,task,1042,29661.975,0.587204,132.0,481.085,27.0,0.0,120.0,437.35,110.80632,0.590365,447.128642,93.0,437.35,2,85.0,88.55,2,2,1,False,0.50930398043,88.55,99.4248,305,979.64,77.0,11.55,0.615,33,0,0,0,42,0,0,
342,Scholl_WEE-MAG_c01,Scholl_WEE-MAG,Scholl,75,600.0,OK,5,1,5059.76,75.3226,100.0,2026-05-09T19:07:26.131430,c01,1,low,low,low,low,fixed,fixed,0.9717,0.3782,0.8953,1.0504,0.0693,0.0399,0.0287,0.0297,0.05,5.0,task,1042,29661.975,0.587204,132.0,481.085,27.0,0.0,120.0,437.35,110.80632,0.590365,447.128642,93.0,437.35,3,54.0,192.35,2,1,2,False,30.398375185,192.35,84.1963,1788,963.05,168.0,24.35,0.5942,0,9,0,0,66,0,0,
343,Scholl_WEE-MAG_c01,Scholl_WEE-MAG,Scholl,75,600.0,OK,5,1,5059.76,75.3226,100.0,2026-05-09T19:07:26.131430,c01,1,low,low,low,low,fixed,fixed,0.9717,0.3782,0.8953,1.0504,0.0693,0.0399,0.0287,0.0297,0.05,5.0,task,1042,29661.975,0.587204,132.0,481.085,27.0,0.0,120.0,437.35,110.80632,0.590365,447.128642,93.0,437.35,4,27.0,437.34999999999997,3,0,3,False,30.65,437.35,92.9919,159720,582.92,422.0,15.35,0.8294,0,75,0,0,0,0,0,
344,Scholl_WEE-MAG_c02,Scholl_WEE-MAG,Scholl,75,600.0,OK,4,1,3150.52,73.0896,100.0,2026-05-09T19:59:56.659819,c02,2,low,mid,mid,mid,fixed,fixed,0.9822,0.628,1.0026,1.1804,0.0782,0.0405,0.0317,0.0444,0.05,5.0,task,2042,26196.1,0.51735,132.0,482.24,27.0,0.0,120.0,438.4,37.123622,0.252056,448.155732,93.0,438.4,0,120.0,0.0,3,3,0,True,120.0,120.0,0.0,0,0.52,0.0,0.0,,75,0,0,0,0,0,0,
345,Scholl_WEE-MAG_c02,Scholl_WEE-MAG,Scholl,75,600.0,OK,4,1,3150.52,73.0896,100.0,2026-05-09T19:59:56.659819,c02,2,low,mid,mid,mid,fixed,fixed,0.9822,0.628,1.0026,1.1804,0.0782,0.0405,0.0317,0.0444,0.05,5.0,task,2042,26196.1,0.51735,132.0,482.24,27.0,0.0,120.0,438.4,37.123622,0.252056,448.155732,93.0,438.4,1,89.0,87.8,3,2,1,False,0.57114821602,87.8,99.3495,1303,1264.39,72.0,15.8,0.4733,62,13,0,0,0,0,0,
346,Scholl_WEE-MAG_c02,Scholl_WEE-MAG,Scholl,75,600.0,OK,4,1,3150.52,73.0896,100.0,2026-05-09T19:59:56.659819,c02,2,low,mid,mid,mid,fixed,fixed,0.9822,0.628,1.0026,1.1804,0.0782,0.0405,0.0317,0.0444,0.05,5.0,task,2042,26196.1,0.51735,132.0,482.24,27.0,0.0,120.0,438.4,37.123622,0.252056,448.155732,93.0,438.4,2,54.0,282.3,2,1,2,False,0.0,282.3,100.0,0,789.9,281.0,1.3,0.9783,0,30,0,0,45,0,0,
347,Scholl_WEE-MAG_c02,Scholl_WEE-MAG,Scholl,75,600.0,OK,4,1,3150.52,73.0896,100.0,2026-05-09T19:59:56.659819,c02,2,low,mid,mid,mid,fixed,fixed,0.9822,0.628,1.0026,1.1804,0.0782,0.0405,0.0317,0.0444,0.05,5.0,task,2042,26196.1,0.51735,132.0,482.24,27.0,0.0,120.0,438.4,37.123622,0.252056,448.155732,93.0,438.4,3,27.0,438.40000000000003,3,0,3,False,30.65,438.4,93.0087,1071,1044.9,424.0,14.4,0.84,0,75,0,0,0,0,0,
348,Scholl_WEE-MAG_c03,Scholl_WEE-MAG,Scholl,75,600.0,OK,4,1,3598.51,70.1972,100.0,2026-05-09T20:59:55.178691,c03,3,low,high,high,high,fixed,fixed,0.9703,0.8715,1.077,1.3544,0.0625,0.0466,0.0141,0.0603,0.05,5.0,task,3042,26178.125,0.519423,132.0,479.985,27.0,0.0,120.0,436.35,45.993231,0.223313,446.15056,93.0,436.35,0,120.0,0.0,3,3,0,True,120.0,120.0,0.0,0,0.52,0.0,0.0,,75,0,0,0,0,0,0,
349,Scholl_WEE-MAG_c03,Scholl_WEE-MAG,Scholl,75,600.0,OK,4,1,3598.51,70.1972,100.0,2026-05-09T20:59:55.178691,c03,3,low,high,high,high,fixed,fixed,0.9703,0.8715,1.077,1.3544,0.0625,0.0466,0.0141,0.0603,0.05,5.0,task,3042,26178.125,0.519423,132.0,479.985,27.0,0.0,120.0,436.35,45.993231,0.223313,446.15056,93.0,436.35,1,89.0,94.1,3,2,1,False,0.0,94.1,100.0,3252,312.98,79.0,15.1,0.4967,60,15,0,0,0,0,0,
350,Scholl_WEE-MAG_c03,Scholl_WEE-MAG,Scholl,75,600.0,OK,4,1,3598.51,70.1972,100.0,2026-05-09T20:59:55.178691,c03,3,low,high,high,high,fixed,fixed,0.9703,0.8715,1.077,1.3544,0.0625,0.0466,0.0141,0.0603,0.05,5.0,task,3042,26178.125,0.519423,132.0,479.985,27.0,0.0,120.0,436.35,45.993231,0.223313,446.15056,93.0,436.35,2,58.0,250.85,3,1,2,False,30.6,250.85,87.8015,3520,2233.93,235.0,15.85,0.7358,33,42,0,0,0,0,0,
351,Scholl_WEE-MAG_c03,Scholl_WEE-MAG,Scholl,75,600.0,OK,4,1,3598.51,70.1972,100.0,2026-05-09T20:59:55.178691,c03,3,low,high,high,high,fixed,fixed,0.9703,0.8715,1.077,1.3544,0.0625,0.0466,0.0141,0.0603,0.05,5.0,task,3042,26178.125,0.519423,132.0,479.985,27.0,0.0,120.0,436.35,45.993231,0.223313,446.15056,93.0,436.35,3,27.0,436.34999999999997,3,0,3,False,30.6,436.35,92.9873,11955,1002.86,421.0,15.35,0.8294,0,75,0,0,0,0,0,
352,Scholl_WEE-MAG_c04,Scholl_WEE-MAG,Scholl,75,600.0,OK,4,2,1566.24,49.805,100.0,2026-05-09T21:26:01.420153,c04,4,mid,low,mid,high,fixed,fixed,1.4182,0.3702,1.0044,1.3516,0.1004,0.0422,0.0273,0.0602,0.05,5.0,task,4042,50807.94,0.78278,132.0,676.115,36.0,0.0,120.0,614.65,195.434991,0.839175,620.363299,84.0,614.65,0,120.0,0.0,3,3,0,True,120.0,120.0,0.0,0,0.51,0.0,0.0,,75,0,0,0,0,0,0,
353,Scholl_WEE-MAG_c04,Scholl_WEE-MAG,Scholl,75,600.0,OK,4,2,1566.24,49.805,100.0,2026-05-09T21:26:01.420153,c04,4,mid,low,mid,high,fixed,fixed,1.4182,0.3702,1.0044,1.3516,0.1004,0.0422,0.0273,0.0602,0.05,5.0,task,4042,50807.94,0.78278,132.0,676.115,36.0,0.0,120.0,614.65,195.434991,0.839175,620.363299,84.0,614.65,1,85.0,89.75,2,2,1,False,0.69994541816,89.75,99.2201,2178,310.77,78.0,11.75,0.6083,33,0,0,0,42,0,0,
354,Scholl_WEE-MAG_c04,Scholl_WEE-MAG,Scholl,75,600.0,OK,4,2,1566.24,49.805,100.0,2026-05-09T21:26:01.420153,c04,4,mid,low,mid,high,fixed,fixed,1.4182,0.3702,1.0044,1.3516,0.1004,0.0422,0.0273,0.0602,0.05,5.0,task,4042,50807.94,0.78278,132.0,676.115,36.0,0.0,120.0,614.65,195.434991,0.839175,620.363299,84.0,614.65,2,45.0,135.65,1,1,1,False,0.0,135.65,100.0,0,973.81,135.0,0.65,0.9783,0,0,0,0,75,0,0,
355,Scholl_WEE-MAG_c04,Scholl_WEE-MAG,Scholl,75,600.0,OK,4,2,1566.24,49.805,100.0,2026-05-09T21:26:01.420153,c04,4,mid,low,mid,high,fixed,fixed,1.4182,0.3702,1.0044,1.3516,0.1004,0.0422,0.0273,0.0602,0.05,5.0,task,4042,50807.94,0.78278,132.0,676.115,36.0,0.0,120.0,614.65,195.434991,0.839175,620.363299,84.0,614.65,3,36.0,614.6500000000001,4,0,4,True,614.65,614.65,0.0,0,16.34,603.0,11.65,0.9029,0,75,0,0,0,0,0,
356,Scholl_WEE-MAG_c05,Scholl_WEE-MAG,Scholl,75,600.0,OK,4,1,4803.49,71.0679,98.1822,2026-05-09T22:46:04.911887,c05,5,mid,mid,high,low,fixed,fixed,1.4027,0.6192,1.076,1.0557,0.1051,0.0436,0.0146,0.0279,0.05,5.0,task,5042,36731.78,0.56855,132.0,672.98,36.0,0.0,120.0,611.8,78.41591,0.300271,617.539667,84.0,611.8,0,120.0,0.0,3,3,0,True,120.0,120.0,0.0,0,0.53,0.0,0.0,,75,0,0,0,0,0,0,
357,Scholl_WEE-MAG_c05,Scholl_WEE-MAG,Scholl,75,600.0,OK,4,1,4803.49,71.0679,98.1822,2026-05-09T22:46:04.911887,c05,5,mid,mid,high,low,fixed,fixed,1.4027,0.6192,1.076,1.0557,0.1051,0.0436,0.0146,0.0279,0.05,5.0,task,5042,36731.78,0.56855,132.0,672.98,36.0,0.0,120.0,611.8,78.41591,0.300271,617.539667,84.0,611.8,1,85.0,108.0,2,2,1,False,1.9632081251,108.0,98.1822,3277,1338.73,107.0,1.0,0.9667,33,0,0,0,42,0,0,
358,Scholl_WEE-MAG_c05,Scholl_WEE-MAG,Scholl,75,600.0,OK,4,1,4803.49,71.0679,98.1822,2026-05-09T22:46:04.911887,c05,5,mid,mid,high,low,fixed,fixed,1.4027,0.6192,1.076,1.0557,0.1051,0.0436,0.0146,0.0279,0.05,5.0,task,5042,36731.78,0.56855,132.0,672.98,36.0,0.0,120.0,611.8,78.41591,0.300271,617.539667,84.0,611.8,2,63.0,344.35,3,1,3,False,30.65,344.35,91.0992,4028,1280.84,324.0,20.35,0.7739,0,30,0,0,45,0,0,
359,Scholl_WEE-MAG_c05,Scholl_WEE-MAG,Scholl,75,600.0,OK,4,1,4803.49,71.0679,98.1822,2026-05-09T22:46:04.911887,c05,5,mid,mid,high,low,fixed,fixed,1.4027,0.6192,1.076,1.0557,0.1051,0.0436,0.0146,0.0279,0.05,5.0,task,5042,36731.78,0.56855,132.0,672.98,36.0,0.0,120.0,611.8,78.41591,0.300271,617.539667,84.0,611.8,3,36.0,611.8000000000001,4,0,4,False,30.65,611.8,94.9902,8701,2135.5,599.0,12.8,0.8933,0,75,0,0,0,0,0,
360,Scholl_WEE-MAG_c06,Scholl_WEE-MAG,Scholl,75,600.0,OK,1,1,1491.25,0.0,0.0,2026-05-09T23:10:56.162848,c06,6,mid,high,low,mid,fixed,fixed,1.3926,0.8857,0.8964,1.1767,0.1207,0.0455,0.032,0.0452,0.05,5.0,task,6042,14.4,1.0,132.0,1.2,120.0,0.0,120.0,0.0,0.0,1.0,0.0,0.0,0.0,0,120.0,0.0,3,3,0,True,120.0,120.0,0.0,0,0.51,0.0,0.0,,75,0,0,0,0,0,0,
361,Scholl_WEE-MAG_c07,Scholl_WEE-MAG,Scholl,75,600.0,OK,3,1,4621.32,60.9453,99.9717,2026-05-10T00:27:57.486141,c07,7,high,low,high,mid,fixed,fixed,2.1668,0.3835,1.0765,1.167,0.1849,0.0443,0.0148,0.0424,0.05,5.0,task,7042,6750.36,0.438426,132.0,197.395,54.0,0.0,120.0,179.45,0.433013,0.008726,191.202255,66.0,179.45,0,120.0,0.0,3,3,0,True,120.0,120.0,0.0,0,0.5,0.0,0.0,,75,0,0,0,0,0,0,
362,Scholl_WEE-MAG_c07,Scholl_WEE-MAG,Scholl,75,600.0,OK,3,1,4621.32,60.9453,99.9717,2026-05-10T00:27:57.486141,c07,7,high,low,high,mid,fixed,fixed,2.1668,0.3835,1.0765,1.167,0.1849,0.0443,0.0148,0.0424,0.05,5.0,task,7042,6750.36,0.438426,132.0,197.395,54.0,0.0,120.0,179.45,0.433013,0.008726,191.202255,66.0,179.45,1,85.0,88.1,2,2,1,False,0.024910996211,88.1,99.9717,3337,310.7,77.0,11.1,0.63,34,0,0,0,41,0,0,
363,Scholl_WEE-MAG_c07,Scholl_WEE-MAG,Scholl,75,600.0,OK,3,1,4621.32,60.9453,99.9717,2026-05-10T00:27:57.486141,c07,7,high,low,high,mid,fixed,fixed,2.1668,0.3835,1.0765,1.167,0.1849,0.0443,0.0148,0.0424,0.05,5.0,task,7042,6750.36,0.438426,132.0,197.395,54.0,0.0,120.0,179.45,0.433013,0.008726,191.202255,66.0,179.45,2,54.0,179.45000000000002,2,1,2,False,30.75,179.45,82.8643,3711,1325.79,154.0,25.45,0.5758,0,2,0,0,73,0,0,
364,Scholl_WEE-MAG_c08,Scholl_WEE-MAG,Scholl,75,600.0,OK,4,1,7872.05,72.332,100.0,2026-05-10T02:39:09.545038,c08,8,high,mid,low,high,fixed,fixed,2.1821,0.6216,0.9015,1.3563,0.2051,0.0458,0.0305,0.059,0.05,5.0,task,8042,56334.32,0.72378,132.0,997.865,54.0,0.0,120.0,907.15,165.97854,0.415594,909.547757,66.0,907.15,0,120.0,0.0,3,3,0,True,120.0,120.0,0.0,0,0.51,0.0,0.0,,75,0,0,0,0,0,0,
365,Scholl_WEE-MAG_c08,Scholl_WEE-MAG,Scholl,75,600.0,OK,4,1,7872.05,72.332,100.0,2026-05-10T02:39:09.545038,c08,8,high,mid,low,high,fixed,fixed,2.1821,0.6216,0.9015,1.3563,0.2051,0.0458,0.0305,0.059,0.05,5.0,task,8042,56334.32,0.72378,132.0,997.865,54.0,0.0,120.0,907.15,165.97854,0.415594,909.547757,66.0,907.15,1,85.0,109.2,2,2,1,False,0.0,109.2,100.0,2208,311.31,108.0,1.2,0.96,33,0,0,0,42,0,0,
366,Scholl_WEE-MAG_c08,Scholl_WEE-MAG,Scholl,75,600.0,OK,4,1,7872.05,72.332,100.0,2026-05-10T02:39:09.545038,c08,8,high,mid,low,high,fixed,fixed,2.1821,0.6216,0.9015,1.3563,0.2051,0.0458,0.0305,0.059,0.05,5.0,task,8042,56334.32,0.72378,132.0,997.865,54.0,0.0,120.0,907.15,165.97854,0.415594,909.547757,66.0,907.15,2,63.0,432.4,3,1,3,False,31.25,432.4,92.7729,1262,1968.81,432.0,0.4,0.9956,0,28,0,0,47,0,0,
367,Scholl_WEE-MAG_c08,Scholl_WEE-MAG,Scholl,75,600.0,OK,4,1,7872.05,72.332,100.0,2026-05-10T02:39:09.545038,c08,8,high,mid,low,high,fixed,fixed,2.1821,0.6216,0.9015,1.3563,0.2051,0.0458,0.0305,0.059,0.05,5.0,task,8042,56334.32,0.72378,132.0,997.865,54.0,0.0,120.0,907.15,165.97854,0.415594,909.547757,66.0,907.15,3,54.0,907.15,6,0,6,False,31.25,907.15,96.5551,8706,1059.75,892.0,15.15,0.9158,0,75,0,0,0,0,0,
368,Scholl_WEE-MAG_c09,Scholl_WEE-MAG,Scholl,75,600.0,OK,3,1,4544.89,64.6619,99.7143,2026-05-10T03:54:54.443633,c09,9,high,high,mid,low,fixed,fixed,2.1649,0.8719,1.0015,1.0529,0.1923,0.0434,0.0267,0.0288,0.05,5.0,task,9042,20568.62,0.634863,132.0,578.545,76.0,0.0,120.0,525.95,107.300548,0.3801,527.78727,44.0,525.95,0,120.0,0.0,3,3,0,True,120.0,120.0,0.0,0,0.49,0.0,0.0,,75,0,0,0,0,0,0,
369,Scholl_WEE-MAG_c09,Scholl_WEE-MAG,Scholl,75,600.0,OK,3,1,4544.89,64.6619,99.7143,2026-05-10T03:54:54.443633,c09,9,high,high,mid,low,fixed,fixed,2.1649,0.8719,1.0015,1.0529,0.1923,0.0434,0.0267,0.0288,0.05,5.0,task,9042,20568.62,0.634863,132.0,578.545,76.0,0.0,120.0,525.95,107.300548,0.3801,527.78727,44.0,525.95,1,89.0,161.05,3,2,1,False,0.46011641954,161.05,99.7143,1127,1046.88,161.0,0.05,0.9983,61,14,0,0,0,0,0,
370,Scholl_WEE-MAG_c09,Scholl_WEE-MAG,Scholl,75,600.0,OK,3,1,4544.89,64.6619,99.7143,2026-05-10T03:54:54.443633,c09,9,high,high,mid,low,fixed,fixed,2.1649,0.8719,1.0015,1.0529,0.1923,0.0434,0.0267,0.0288,0.05,5.0,task,9042,20568.62,0.634863,132.0,578.545,76.0,0.0,120.0,525.95,107.300548,0.3801,527.78727,44.0,525.95,2,76.0,525.9499999999999,5,1,4,False,30.129653102,525.95,94.2714,3653,1298.43,503.0,22.95,0.8088,32,43,0,0,0,0,0,
371,instance_n=20_1_c01,instance_n=20_1,Otto,20,1000.0,OK,4,3,1009.34,13.8319,55.3277,2026-05-11T02:20:32.270402,c01,1,low,low,low,low,fixed,fixed,0.9872,0.3753,0.8974,1.041,0.0714,0.0374,0.0307,0.0229,0.05,5.0,task,1042,54725.4,0.627152,132.0,831.05,27.0,0.0,120.0,755.5,186.559858,0.654277,761.202503,93.0,755.5,0,120.0,0.0,3,3,0,True,120.0,120.0,0.0,0,0.03,0.0,0.0,,20,0,0,0,0,0,0,
372,instance_n=20_1_c01,instance_n=20_1,Otto,20,1000.0,OK,4,3,1009.34,13.8319,55.3277,2026-05-11T02:20:32.270402,c01,1,low,low,low,low,fixed,fixed,0.9872,0.3753,0.8974,1.041,0.0714,0.0374,0.0307,0.0229,0.05,5.0,task,1042,54725.4,0.627152,132.0,831.05,27.0,0.0,120.0,755.5,186.559858,0.654277,761.202503,93.0,755.5,1,85.0,124.35,2,2,1,False,55.55,124.35,55.3277,30390,968.18,109.0,15.35,0.693,7,0,0,0,13,0,0,
373,instance_n=20_1_c01,instance_n=20_1,Otto,20,1000.0,OK,4,3,1009.34,13.8319,55.3277,2026-05-11T02:20:32.270402,c01,1,low,low,low,low,fixed,fixed,0.9872,0.3753,0.8974,1.041,0.0714,0.0374,0.0307,0.0229,0.05,5.0,task,1042,54725.4,0.627152,132.0,831.05,27.0,0.0,120.0,755.5,186.559858,0.654277,761.202503,93.0,755.5,2,54.0,251.10000000000002,2,1,2,True,251.1,251.1,0.0,51560,39.19,212.0,39.1,0.609,0,2,0,0,18,0,0,
374,instance_n=20_1_c01,instance_n=20_1,Otto,20,1000.0,OK,4,3,1009.34,13.8319,55.3277,2026-05-11T02:20:32.270402,c01,1,low,low,low,low,fixed,fixed,0.9872,0.3753,0.8974,1.041,0.0714,0.0374,0.0307,0.0229,0.05,5.0,task,1042,54725.4,0.627152,132.0,831.05,27.0,0.0,120.0,755.5,186.559858,0.654277,761.202503,93.0,755.5,3,27.0,755.5,3,0,3,True,755.5,755.5,0.0,1431,0.89,748.0,7.5,0.95,0,20,0,0,0,0,0,
375,instance_n=20_1_c02,instance_n=20_1,Otto,20,1000.0,OK,6,1,5307.98,48.665,81.1953,2026-05-11T03:49:00.256531,c02,2,low,mid,mid,mid,fixed,fixed,0.9747,0.6363,1.0065,1.1801,0.0751,0.0437,0.0322,0.0481,0.05,5.0,task,2042,44257.3,0.492773,132.0,855.36,27.0,0.0,120.0,777.6,136.407195,0.714634,783.141596,93.0,777.6,0,120.0,0.0,3,3,0,True,120.0,120.0,0.0,0,0.03,0.0,0.0,,20,0,0,0,0,0,0,
376,instance_n=20_1_c02,instance_n=20_1,Otto,20,1000.0,OK,6,1,5307.98,48.665,81.1953,2026-05-11T03:49:00.256531,c02,2,low,mid,mid,mid,fixed,fixed,0.9747,0.6363,1.0065,1.1801,0.0751,0.0437,0.0322,0.0481,0.05,5.0,task,2042,44257.3,0.492773,132.0,855.36,27.0,0.0,120.0,777.6,136.407195,0.714634,783.141596,93.0,777.6,1,90.0,214.1,2,2,2,False,83.55,214.1,60.9762,107054,1158.91,183.0,31.1,0.689,0,0,0,0,0,12,8,
377,instance_n=20_1_c02,instance_n=20_1,Otto,20,1000.0,OK,6,1,5307.98,48.665,81.1953,2026-05-11T03:49:00.256531,c02,2,low,mid,mid,mid,fixed,fixed,0.9747,0.6363,1.0065,1.1801,0.0751,0.0437,0.0322,0.0481,0.05,5.0,task,2042,44257.3,0.492773,132.0,855.36,27.0,0.0,120.0,777.6,136.407195,0.714634,783.141596,93.0,777.6,2,89.0,228.05,3,2,1,False,93.106557377,228.05,59.1727,277452,1078.73,222.0,6.05,0.879,13,7,0,0,0,0,0,
378,instance_n=20_1_c02,instance_n=20_1,Otto,20,1000.0,OK,6,1,5307.98,48.665,81.1953,2026-05-11T03:49:00.256531,c02,2,low,mid,mid,mid,fixed,fixed,0.9747,0.6363,1.0065,1.1801,0.0751,0.0437,0.0322,0.0481,0.05,5.0,task,2042,44257.3,0.492773,132.0,855.36,27.0,0.0,120.0,777.6,136.407195,0.714634,783.141596,93.0,777.6,3,63.0,474.35,3,1,3,False,89.2,474.35,81.1953,187034,1055.57,430.0,44.35,0.7043,0,8,0,0,0,6,6,
379,instance_n=20_1_c02,instance_n=20_1,Otto,20,1000.0,OK,6,1,5307.98,48.665,81.1953,2026-05-11T03:49:00.256531,c02,2,low,mid,mid,mid,fixed,fixed,0.9747,0.6363,1.0065,1.1801,0.0751,0.0437,0.0322,0.0481,0.05,5.0,task,2042,44257.3,0.492773,132.0,855.36,27.0,0.0,120.0,777.6,136.407195,0.714634,783.141596,93.0,777.6,4,58.0,493.15000000000003,3,1,2,False,314.86941032,493.15,36.1514,113964,1000.58,485.0,8.15,0.9185,6,14,0,0,0,0,0,
380,instance_n=20_1_c02,instance_n=20_1,Otto,20,1000.0,OK,6,1,5307.98,48.665,81.1953,2026-05-11T03:49:00.256531,c02,2,low,mid,mid,mid,fixed,fixed,0.9747,0.6363,1.0065,1.1801,0.0751,0.0437,0.0322,0.0481,0.05,5.0,task,2042,44257.3,0.492773,132.0,855.36,27.0,0.0,120.0,777.6,136.407195,0.714634,783.141596,93.0,777.6,5,27.0,777.6,3,0,3,False,353.85,777.6,54.4946,258936,1012.63,770.0,7.6,0.9493,0,20,0,0,0,0,0,
381,instance_n=20_1_c03,instance_n=20_1,Otto,20,1000.0,OK,4,2,2259.51,30.6992,75.6229,2026-05-11T04:26:39.768275,c03,3,low,high,high,high,fixed,fixed,0.976,0.8664,1.0726,1.3583,0.0685,0.0356,0.0126,0.0461,0.05,5.0,task,3042,41445.65,0.487219,132.0,810.15,27.0,0.0,120.0,736.5,31.614659,0.088687,742.348469,93.0,736.5,0,120.0,0.0,3,3,0,True,120.0,120.0,0.0,0,0.03,0.0,0.0,,20,0,0,0,0,0,0,
382,instance_n=20_1_c03,instance_n=20_1,Otto,20,1000.0,OK,4,2,2259.51,30.6992,75.6229,2026-05-11T04:26:39.768275,c03,3,low,high,high,high,fixed,fixed,0.976,0.8664,1.0726,1.3583,0.0685,0.0356,0.0126,0.0461,0.05,5.0,task,3042,41445.65,0.487219,132.0,810.15,27.0,0.0,120.0,736.5,31.614659,0.088687,742.348469,93.0,736.5,1,89.0,212.3,3,2,1,False,112.15,212.3,47.1738,38195,991.78,205.0,7.3,0.854,15,5,0,0,0,0,0,
383,instance_n=20_1_c03,instance_n=20_1,Otto,20,1000.0,OK,4,2,2259.51,30.6992,75.6229,2026-05-11T04:26:39.768275,c03,3,low,high,high,high,fixed,fixed,0.976,0.8664,1.0726,1.3583,0.0685,0.0356,0.0126,0.0461,0.05,5.0,task,3042,41445.65,0.487219,132.0,810.15,27.0,0.0,120.0,736.5,31.614659,0.088687,742.348469,93.0,736.5,2,58.0,458.3,3,1,2,False,111.72046596,458.3,75.6229,237847,1155.69,448.0,10.3,0.897,6,14,0,0,0,0,0,
384,instance_n=20_1_c03,instance_n=20_1,Otto,20,1000.0,OK,4,2,2259.51,30.6992,75.6229,2026-05-11T04:26:39.768275,c03,3,low,high,high,high,fixed,fixed,0.976,0.8664,1.0726,1.3583,0.0685,0.0356,0.0126,0.0461,0.05,5.0,task,3042,41445.65,0.487219,132.0,810.15,27.0,0.0,120.0,736.5,31.614659,0.088687,742.348469,93.0,736.5,3,27.0,736.4999999999999,3,0,3,True,736.5,736.5,0.0,453212,110.95,727.0,9.5,0.9367,0,20,0,0,0,0,0,
385,instance_n=20_1_c04,instance_n=20_1,Otto,20,1000.0,OK,4,4,27.85,0.0,0.0,2026-05-11T04:27:07.622235,c04,4,mid,low,mid,high,fixed,fixed,1.4377,0.3723,1.0021,1.3683,0.1027,0.0414,0.0209,0.043,0.05,5.0,task,4042,84213.945,0.786854,132.0,1230.185,45.0,0.0,120.0,1118.35,345.470444,0.837407,1120.862044,75.0,1118.35,0,120.0,0.0,3,3,0,True,120.0,120.0,0.0,0,0.03,0.0,0.0,,20,0,0,0,0,0,0,
386,instance_n=20_1_c04,instance_n=20_1,Otto,20,1000.0,OK,4,4,27.85,0.0,0.0,2026-05-11T04:27:07.622235,c04,4,mid,low,mid,high,fixed,fixed,1.4377,0.3723,1.0021,1.3683,0.1027,0.0414,0.0209,0.043,0.05,5.0,task,4042,84213.945,0.786854,132.0,1230.185,45.0,0.0,120.0,1118.35,345.470444,0.837407,1120.862044,75.0,1118.35,1,85.0,123.95,2,2,1,True,123.95,123.95,0.0,8678,22.94,109.0,14.95,0.701,6,0,0,0,14,0,0,
387,instance_n=20_1_c04,instance_n=20_1,Otto,20,1000.0,OK,4,4,27.85,0.0,0.0,2026-05-11T04:27:07.622235,c04,4,mid,low,mid,high,fixed,fixed,1.4377,0.3723,1.0021,1.3683,0.1027,0.0414,0.0209,0.043,0.05,5.0,task,4042,84213.945,0.786854,132.0,1230.185,45.0,0.0,120.0,1118.35,345.470444,0.837407,1120.862044,75.0,1118.35,2,54.0,271.25,2,1,2,True,271.25,271.25,0.0,698,2.94,238.0,33.25,0.6675,0,2,0,0,18,0,0,
388,instance_n=20_1_c04,instance_n=20_1,Otto,20,1000.0,OK,4,4,27.85,0.0,0.0,2026-05-11T04:27:07.622235,c04,4,mid,low,mid,high,fixed,fixed,1.4377,0.3723,1.0021,1.3683,0.1027,0.0414,0.0209,0.043,0.05,5.0,task,4042,84213.945,0.786854,132.0,1230.185,45.0,0.0,120.0,1118.35,345.470444,0.837407,1120.862044,75.0,1118.35,3,45.0,1118.35,5,0,5,True,1118.35,1118.35,0.0,0,0.73,1074.0,44.35,0.8226,0,20,0,0,0,0,0,
389,instance_n=20_1_c05,instance_n=20_1,Otto,20,1000.0,OK,4,2,1500.35,41.2081,88.5376,2026-05-11T04:52:07.975139,c05,5,mid,mid,high,low,fixed,fixed,1.4094,0.6231,1.0757,1.0525,0.0963,0.0379,0.0142,0.0279,0.05,5.0,task,5042,61395.195,0.586495,132.0,1203.235,45.0,0.0,120.0,1093.85,111.476817,0.237283,1096.418179,75.0,1093.85,0,120.0,0.0,3,3,0,True,120.0,120.0,0.0,0,0.03,0.0,0.0,,20,0,0,0,0,0,0,
390,instance_n=20_1_c05,instance_n=20_1,Otto,20,1000.0,OK,4,2,1500.35,41.2081,88.5376,2026-05-11T04:52:07.975139,c05,5,mid,mid,high,low,fixed,fixed,1.4094,0.6231,1.0757,1.0525,0.0963,0.0379,0.0142,0.0279,0.05,5.0,task,5042,61395.195,0.586495,132.0,1203.235,45.0,0.0,120.0,1093.85,111.476817,0.237283,1096.418179,75.0,1093.85,1,90.0,248.05,2,2,2,False,58.800833113,248.05,76.2948,35372,411.45,225.0,23.05,0.7695,0,0,0,0,8,8,4,
391,instance_n=20_1_c05,instance_n=20_1,Otto,20,1000.0,OK,4,2,1500.35,41.2081,88.5376,2026-05-11T04:52:07.975139,c05,5,mid,mid,high,low,fixed,fixed,1.4094,0.6231,1.0757,1.0525,0.0963,0.0379,0.0142,0.0279,0.05,5.0,task,5042,61395.195,0.586495,132.0,1203.235,45.0,0.0,120.0,1093.85,111.476817,0.237283,1096.418179,75.0,1093.85,2,63.0,598.35,3,1,3,False,68.585018019,598.35,88.5376,65786,1082.54,586.0,12.35,0.9177,0,7,0,0,0,6,7,
392,instance_n=20_1_c05,instance_n=20_1,Otto,20,1000.0,OK,4,2,1500.35,41.2081,88.5376,2026-05-11T04:52:07.975139,c05,5,mid,mid,high,low,fixed,fixed,1.4094,0.6231,1.0757,1.0525,0.0963,0.0379,0.0142,0.0279,0.05,5.0,task,5042,61395.195,0.586495,132.0,1203.235,45.0,0.0,120.0,1093.85,111.476817,0.237283,1096.418179,75.0,1093.85,3,45.0,1093.85,5,0,5,True,1093.85,1093.85,0.0,9189,5.11,1048.0,45.85,0.8166,0,20,0,0,0,0,0,
393,instance_n=20_1_c06,instance_n=20_1,Otto,20,1000.0,OK,4,2,3207.84,20.8849,56.6767,2026-05-11T05:45:35.816548,c06,6,mid,high,low,mid,fixed,fixed,1.4015,0.8585,0.9059,1.1681,0.1146,0.0461,0.0257,0.0498,0.05,5.0,task,6042,59802.975,0.569256,132.0,1207.525,45.0,0.0,120.0,1097.75,85.926688,0.181921,1100.309076,75.0,1097.75,0,120.0,0.0,3,3,0,True,120.0,120.0,0.0,0,0.06,0.0,0.0,,20,0,0,0,0,0,0,
394,instance_n=20_1_c06,instance_n=20_1,Otto,20,1000.0,OK,4,2,3207.84,20.8849,56.6767,2026-05-11T05:45:35.816548,c06,6,mid,high,low,mid,fixed,fixed,1.4015,0.8585,0.9059,1.1681,0.1146,0.0461,0.0257,0.0498,0.05,5.0,task,6042,59802.975,0.569256,132.0,1207.525,45.0,0.0,120.0,1097.75,85.926688,0.181921,1100.309076,75.0,1097.75,1,90.0,265.1,2,2,2,False,114.85,265.1,56.6767,65592,1078.82,257.0,8.1,0.919,0,0,0,0,0,10,10,
395,instance_n=20_1_c06,instance_n=20_1,Otto,20,1000.0,OK,4,2,3207.84,20.8849,56.6767,2026-05-11T05:45:35.816548,c06,6,mid,high,low,mid,fixed,fixed,1.4015,0.8585,0.9059,1.1681,0.1146,0.0461,0.0257,0.0498,0.05,5.0,task,6042,59802.975,0.569256,132.0,1207.525,45.0,0.0,120.0,1097.75,85.926688,0.181921,1100.309076,75.0,1097.75,2,63.0,649.6,3,1,3,False,475.1,649.6,26.8627,537576,1181.73,649.0,0.6,0.996,0,9,0,0,0,6,5,
396,instance_n=20_1_c06,instance_n=20_1,Otto,20,1000.0,OK,4,2,3207.84,20.8849,56.6767,2026-05-11T05:45:35.816548,c06,6,mid,high,low,mid,fixed,fixed,1.4015,0.8585,0.9059,1.1681,0.1146,0.0461,0.0257,0.0498,0.05,5.0,task,6042,59802.975,0.569256,132.0,1207.525,45.0,0.0,120.0,1097.75,85.926688,0.181921,1100.309076,75.0,1097.75,3,45.0,1097.75,5,0,5,True,1097.75,1097.75,0.0,5765,1.96,1053.0,44.75,0.821,0,20,0,0,0,0,0,
397,instance_n=20_1_c07,instance_n=20_1,Otto,20,1000.0,OK,3,3,13.5,0.0,0.0,2026-05-11T05:45:49.320480,c07,7,high,low,high,mid,fixed,fixed,2.1571,0.3772,1.0761,1.1891,0.1865,0.0405,0.0125,0.0392,0.05,5.0,task,7042,12439.28,0.475578,132.0,335.335,54.0,0.0,120.0,304.85,32.937833,0.188015,311.912684,66.0,304.85,0,120.0,0.0,3,3,0,True,120.0,120.0,0.0,0,0.03,0.0,0.0,,20,0,0,0,0,0,0,
398,instance_n=20_1_c07,instance_n=20_1,Otto,20,1000.0,OK,3,3,13.5,0.0,0.0,2026-05-11T05:45:49.320480,c07,7,high,low,high,mid,fixed,fixed,2.1571,0.3772,1.0761,1.1891,0.1865,0.0405,0.0125,0.0392,0.05,5.0,task,7042,12439.28,0.475578,132.0,335.335,54.0,0.0,120.0,304.85,32.937833,0.188015,311.912684,66.0,304.85,1,85.0,121.9,2,2,1,True,121.9,121.9,0.0,5214,10.55,106.0,15.9,0.682,7,0,0,0,13,0,0,
399,instance_n=20_1_c07,instance_n=20_1,Otto,20,1000.0,OK,3,3,13.5,0.0,0.0,2026-05-11T05:45:49.320480,c07,7,high,low,high,mid,fixed,fixed,2.1571,0.3772,1.0761,1.1891,0.1865,0.0405,0.0125,0.0392,0.05,5.0,task,7042,12439.28,0.475578,132.0,335.335,54.0,0.0,120.0,304.85,32.937833,0.188015,311.912684,66.0,304.85,2,54.0,304.85,2,1,2,True,304.85,304.85,0.0,197,1.8,280.0,24.85,0.7515,0,2,0,0,18,0,0,
400,instance_n=20_1_c08,instance_n=20_1,Otto,20,1000.0,OK,4,4,1056.16,0.0,0.0,2026-05-11T06:03:25.485117,c08,8,high,mid,low,high,fixed,fixed,2.1185,0.6368,0.9064,1.3656,0.2282,0.034,0.0301,0.0598,0.05,5.0,task,8042,83479.8,0.68613,132.0,1763.3,63.0,0.0,120.0,1603.0,219.400856,0.300429,1604.013092,57.0,1603.0,0,120.0,0.0,3,3,0,True,120.0,120.0,0.0,0,0.03,0.0,0.0,,20,0,0,0,0,0,0,
401,instance_n=20_1_c08,instance_n=20_1,Otto,20,1000.0,OK,4,4,1056.16,0.0,0.0,2026-05-11T06:03:25.485117,c08,8,high,mid,low,high,fixed,fixed,2.1185,0.6368,0.9064,1.3656,0.2282,0.034,0.0301,0.0598,0.05,5.0,task,8042,83479.8,0.68613,132.0,1763.3,63.0,0.0,120.0,1603.0,219.400856,0.300429,1604.013092,57.0,1603.0,1,90.0,292.35,2,2,2,True,292.35,292.35,0.0,126262,72.97,285.0,7.35,0.9265,0,0,0,0,20,0,0,
402,instance_n=20_1_c08,instance_n=20_1,Otto,20,1000.0,OK,4,4,1056.16,0.0,0.0,2026-05-11T06:03:25.485117,c08,8,high,mid,low,high,fixed,fixed,2.1185,0.6368,0.9064,1.3656,0.2282,0.034,0.0301,0.0598,0.05,5.0,task,8042,83479.8,0.68613,132.0,1763.3,63.0,0.0,120.0,1603.0,219.400856,0.300429,1604.013092,57.0,1603.0,2,72.0,832.8000000000001,4,1,4,True,832.8000000000001,832.8000000000001,0.0,75278,72.63,816.0,16.8,0.916,0,10,0,0,10,0,0,
403,instance_n=20_1_c08,instance_n=20_1,Otto,20,1000.0,OK,4,4,1056.16,0.0,0.0,2026-05-11T06:03:25.485117,c08,8,high,mid,low,high,fixed,fixed,2.1185,0.6368,0.9064,1.3656,0.2282,0.034,0.0301,0.0598,0.05,5.0,task,8042,83479.8,0.68613,132.0,1763.3,63.0,0.0,120.0,1603.0,219.400856,0.300429,1604.013092,57.0,1603.0,3,63.0,1603.0,7,0,7,True,1603.0,1603.0,0.0,0,1.85,1558.0,45.0,0.8714,0,20,0,0,0,0,0,
404,instance_n=20_1_c09,instance_n=20_1,Otto,20,1000.0,OK,5,1,5207.12,60.3708,88.1628,2026-05-11T07:30:12.611812,c09,9,high,high,mid,low,fixed,fixed,2.1304,0.8895,1.0029,1.0461,0.1856,0.0438,0.026,0.0269,0.05,5.0,task,9042,76546.22,0.589326,132.0,1882.43,63.0,0.0,120.0,1711.3,322.653912,0.54064,1712.249015,57.0,1711.3,0,120.0,0.0,3,3,0,True,120.0,120.0,0.0,0,0.03,0.0,0.0,,20,0,0,0,0,0,0,
405,instance_n=20_1_c09,instance_n=20_1,Otto,20,1000.0,OK,5,1,5207.12,60.3708,88.1628,2026-05-11T07:30:12.611812,c09,9,high,high,mid,low,fixed,fixed,2.1304,0.8895,1.0029,1.0461,0.1856,0.0438,0.026,0.0269,0.05,5.0,task,9042,76546.22,0.589326,132.0,1882.43,63.0,0.0,120.0,1711.3,322.653912,0.54064,1712.249015,57.0,1711.3,1,99.0,362.2,3,2,3,False,82.7,362.2,77.1673,60207,1092.82,318.0,44.2,0.7053,0,1,0,0,0,11,8,
406,instance_n=20_1_c09,instance_n=20_1,Otto,20,1000.0,OK,5,1,5207.12,60.3708,88.1628,2026-05-11T07:30:12.611812,c09,9,high,high,mid,low,fixed,fixed,2.1304,0.8895,1.0029,1.0461,0.1856,0.0438,0.026,0.0269,0.05,5.0,task,9042,76546.22,0.589326,132.0,1882.43,63.0,0.0,120.0,1711.3,322.653912,0.54064,1712.249015,57.0,1711.3,2,94.0,392.35,3,2,2,False,118.32847295,392.35,69.8411,171456,1078.71,391.0,1.35,0.9865,7,3,0,0,0,5,5,
407,instance_n=20_1_c09,instance_n=20_1,Otto,20,1000.0,OK,5,1,5207.12,60.3708,88.1628,2026-05-11T07:30:12.611812,c09,9,high,high,mid,low,fixed,fixed,2.1304,0.8895,1.0029,1.0461,0.1856,0.0438,0.026,0.0269,0.05,5.0,task,9042,76546.22,0.589326,132.0,1882.43,63.0,0.0,120.0,1711.3,322.653912,0.54064,1712.249015,57.0,1711.3,3,81.0,997.7,5,1,5,False,118.1,997.7,88.1628,55699,987.86,952.0,45.7,0.8172,0,11,0,0,0,6,3,
408,instance_n=20_1_c09,instance_n=20_1,Otto,20,1000.0,OK,5,1,5207.12,60.3708,88.1628,2026-05-11T07:30:12.611812,c09,9,high,high,mid,low,fixed,fixed,2.1304,0.8895,1.0029,1.0461,0.1856,0.0438,0.026,0.0269,0.05,5.0,task,9042,76546.22,0.589326,132.0,1882.43,63.0,0.0,120.0,1711.3,322.653912,0.54064,1712.249015,57.0,1711.3,4,63.0,1711.3,7,0,7,False,570.15697264,1711.3,66.6828,143116,1029.73,1673.0,38.3,0.8906,0,20,0,0,0,0,0,
409,instance_n=20_10_c01,instance_n=20_10,Otto,20,1000.0,OK,4,2,1903.13,19.9654,55.1883,2026-05-11T08:01:55.748197,c01,1,low,low,low,low,fixed,fixed,0.9872,0.3753,0.8974,1.041,0.0714,0.0374,0.0307,0.0229,0.05,5.0,task,1042,52404.8,0.624272,132.0,799.48,27.0,0.0,120.0,726.8,173.843673,0.632015,732.725897,93.0,726.8,0,120.0,0.0,3,3,0,True,120.0,120.0,0.0,0,0.03,0.0,0.0,,20,0,0,0,0,0,0,
410,instance_n=20_10_c01,instance_n=20_10,Otto,20,1000.0,OK,4,2,1903.13,19.9654,55.1883,2026-05-11T08:01:55.748197,c01,1,low,low,low,low,fixed,fixed,0.9872,0.3753,0.8974,1.041,0.0714,0.0374,0.0307,0.0229,0.05,5.0,task,1042,52404.8,0.624272,132.0,799.48,27.0,0.0,120.0,726.8,173.843673,0.632015,732.725897,93.0,726.8,1,85.0,119.5,2,2,1,False,53.55,119.5,55.1883,80655,1148.22,113.0,6.5,0.87,9,0,0,0,0,8,3,
411,instance_n=20_10_c01,instance_n=20_10,Otto,20,1000.0,OK,4,2,1903.13,19.9654,55.1883,2026-05-11T08:01:55.748197,c01,1,low,low,low,low,fixed,fixed,0.9872,0.3753,0.8974,1.041,0.0714,0.0374,0.0307,0.0229,0.05,5.0,task,1042,52404.8,0.624272,132.0,799.48,27.0,0.0,120.0,726.8,173.843673,0.632015,732.725897,93.0,726.8,2,54.0,249.5,2,1,2,False,187.94053044,249.5,24.6731,192890,750.76,210.0,39.5,0.605,0,2,0,0,18,0,0,
412,instance_n=20_10_c01,instance_n=20_10,Otto,20,1000.0,OK,4,2,1903.13,19.9654,55.1883,2026-05-11T08:01:55.748197,c01,1,low,low,low,low,fixed,fixed,0.9872,0.3753,0.8974,1.041,0.0714,0.0374,0.0307,0.0229,0.05,5.0,task,1042,52404.8,0.624272,132.0,799.48,27.0,0.0,120.0,726.8,173.843673,0.632015,732.725897,93.0,726.8,3,27.0,726.8,3,0,3,True,726.8,726.8,0.0,8335,3.05,717.0,9.8,0.9347,0,20,0,0,0,0,0,
413,instance_n=20_10_c02,instance_n=20_10,Otto,20,1000.0,OK,6,1,5304.51,60.7126,87.067,2026-05-11T09:30:20.262506,c02,2,low,mid,mid,mid,fixed,fixed,0.9747,0.6363,1.0065,1.1801,0.0751,0.0437,0.0322,0.0481,0.05,5.0,task,2042,44169.4,0.492808,132.0,853.6,27.0,0.0,120.0,776.0,150.589617,0.746947,781.552941,93.0,776.0,0,120.0,0.0,3,3,0,True,120.0,120.0,0.0,0,0.03,0.0,0.0,,20,0,0,0,0,0,0,
414,instance_n=20_10_c02,instance_n=20_10,Otto,20,1000.0,OK,6,1,5304.51,60.7126,87.067,2026-05-11T09:30:20.262506,c02,2,low,mid,mid,mid,fixed,fixed,0.9747,0.6363,1.0065,1.1801,0.0751,0.0437,0.0322,0.0481,0.05,5.0,task,2042,44169.4,0.492808,132.0,853.6,27.0,0.0,120.0,776.0,150.589617,0.746947,781.552941,93.0,776.0,1,94.0,200.85000000000002,3,2,2,False,71.503940976,200.85,64.3993,212681,1998.93,154.0,46.85,0.5315,5,2,0,0,0,7,6,
415,instance_n=20_10_c02,instance_n=20_10,Otto,20,1000.0,OK,6,1,5304.51,60.7126,87.067,2026-05-11T09:30:20.262506,c02,2,low,mid,mid,mid,fixed,fixed,0.9747,0.6363,1.0065,1.1801,0.0751,0.0437,0.0322,0.0481,0.05,5.0,task,2042,44169.4,0.492808,132.0,853.6,27.0,0.0,120.0,776.0,150.589617,0.746947,781.552941,93.0,776.0,2,90.0,208.75,2,2,2,False,56.144976344,208.75,73.1042,257782,1116.89,174.0,34.75,0.6525,0,0,0,0,0,10,10,
416,instance_n=20_10_c02,instance_n=20_10,Otto,20,1000.0,OK,6,1,5304.51,60.7126,87.067,2026-05-11T09:30:20.262506,c02,2,low,mid,mid,mid,fixed,fixed,0.9747,0.6363,1.0065,1.1801,0.0751,0.0437,0.0322,0.0481,0.05,5.0,task,2042,44169.4,0.492808,132.0,853.6,27.0,0.0,120.0,776.0,150.589617,0.746947,781.552941,93.0,776.0,3,89.0,220.6,3,2,1,False,56.2,220.6,74.524,76783,535.72,210.0,10.6,0.788,13,7,0,0,0,0,0,
417,instance_n=20_10_c02,instance_n=20_10,Otto,20,1000.0,OK,6,1,5304.51,60.7126,87.067,2026-05-11T09:30:20.262506,c02,2,low,mid,mid,mid,fixed,fixed,0.9747,0.6363,1.0065,1.1801,0.0751,0.0437,0.0322,0.0481,0.05,5.0,task,2042,44169.4,0.492808,132.0,853.6,27.0,0.0,120.0,776.0,150.589617,0.746947,781.552941,93.0,776.0,4,58.0,487.9,3,1,2,False,63.1,487.9,87.067,106800,967.77,478.0,9.9,0.901,5,15,0,0,0,0,0,
418,instance_n=20_10_c02,instance_n=20_10,Otto,20,1000.0,OK,6,1,5304.51,60.7126,87.067,2026-05-11T09:30:20.262506,c02,2,low,mid,mid,mid,fixed,fixed,0.9747,0.6363,1.0065,1.1801,0.0751,0.0437,0.0322,0.0481,0.05,5.0,task,2042,44169.4,0.492808,132.0,853.6,27.0,0.0,120.0,776.0,150.589617,0.746947,781.552941,93.0,776.0,5,27.0,776.0000000000001,3,0,3,False,270.19711481,776.0,65.1808,529239,683.67,767.0,9.0,0.94,0,20,0,0,0,0,0,
419,instance_n=20_10_c03,instance_n=20_10,Otto,20,1000.0,OK,4,1,2851.1,50.5191,76.7941,2026-05-11T10:17:51.364379,c03,3,low,high,high,high,fixed,fixed,0.976,0.8664,1.0726,1.3583,0.0685,0.0356,0.0126,0.0461,0.05,5.0,task,3042,41857.925,0.493775,132.0,807.345,27.0,0.0,120.0,733.95,41.534915,0.122968,739.818628,93.0,733.95,0,120.0,0.0,3,3,0,True,120.0,120.0,0.0,0,0.03,0.0,0.0,,20,0,0,0,0,0,0,
420,instance_n=20_10_c03,instance_n=20_10,Otto,20,1000.0,OK,4,1,2851.1,50.5191,76.7941,2026-05-11T10:17:51.364379,c03,3,low,high,high,high,fixed,fixed,0.976,0.8664,1.0726,1.3583,0.0685,0.0356,0.0126,0.0461,0.05,5.0,task,3042,41857.925,0.493775,132.0,807.345,27.0,0.0,120.0,733.95,41.534915,0.122968,739.818628,93.0,733.95,1,89.0,198.75,3,2,1,False,61.4,198.75,69.1069,59199,1079.95,189.0,9.75,0.805,15,5,0,0,0,0,0,
421,instance_n=20_10_c03,instance_n=20_10,Otto,20,1000.0,OK,4,1,2851.1,50.5191,76.7941,2026-05-11T10:17:51.364379,c03,3,low,high,high,high,fixed,fixed,0.976,0.8664,1.0726,1.3583,0.0685,0.0356,0.0126,0.0461,0.05,5.0,task,3042,41857.925,0.493775,132.0,807.345,27.0,0.0,120.0,733.95,41.534915,0.122968,739.818628,93.0,733.95,2,58.0,451.6,3,1,2,False,104.79777563,451.6,76.7941,253478,1062.24,439.0,12.6,0.874,7,13,0,0,0,0,0,
422,instance_n=20_10_c03,instance_n=20_10,Otto,20,1000.0,OK,4,1,2851.1,50.5191,76.7941,2026-05-11T10:17:51.364379,c03,3,low,high,high,high,fixed,fixed,0.976,0.8664,1.0726,1.3583,0.0685,0.0356,0.0126,0.0461,0.05,5.0,task,3042,41857.925,0.493775,132.0,807.345,27.0,0.0,120.0,733.95,41.534915,0.122968,739.818628,93.0,733.95,3,27.0,733.9499999999999,3,0,3,False,321.65,733.95,56.1755,310271,707.78,722.0,11.95,0.9203,0,20,0,0,0,0,0,
423,instance_n=20_10_c04,instance_n=20_10,Otto,20,1000.0,OK,4,4,39.74,0.0,0.0,2026-05-11T10:18:31.102895,c04,4,mid,low,mid,high,fixed,fixed,1.4377,0.3723,1.0021,1.3683,0.1027,0.0414,0.0209,0.043,0.05,5.0,task,4042,83490.42,0.791237,132.0,1212.86,45.0,0.0,120.0,1102.6,349.887011,0.862147,1105.147845,75.0,1102.6,0,120.0,0.0,3,3,0,True,120.0,120.0,0.0,0,0.03,0.0,0.0,,20,0,0,0,0,0,0,
424,instance_n=20_10_c04,instance_n=20_10,Otto,20,1000.0,OK,4,4,39.74,0.0,0.0,2026-05-11T10:18:31.102895,c04,4,mid,low,mid,high,fixed,fixed,1.4377,0.3723,1.0021,1.3683,0.1027,0.0414,0.0209,0.043,0.05,5.0,task,4042,83490.42,0.791237,132.0,1212.86,45.0,0.0,120.0,1102.6,349.887011,0.862147,1105.147845,75.0,1102.6,1,85.0,121.55,2,2,1,True,121.55,121.55,0.0,9427,27.64,104.0,17.55,0.649,9,0,0,0,11,0,0,
425,instance_n=20_10_c04,instance_n=20_10,Otto,20,1000.0,OK,4,4,39.74,0.0,0.0,2026-05-11T10:18:31.102895,c04,4,mid,low,mid,high,fixed,fixed,1.4377,0.3723,1.0021,1.3683,0.1027,0.0414,0.0209,0.043,0.05,5.0,task,4042,83490.42,0.791237,132.0,1212.86,45.0,0.0,120.0,1102.6,349.887011,0.862147,1105.147845,75.0,1102.6,2,54.0,253.25,2,1,2,True,253.25,253.25,0.0,7646,10.12,214.0,39.25,0.6075,0,2,0,0,18,0,0,
426,instance_n=20_10_c04,instance_n=20_10,Otto,20,1000.0,OK,4,4,39.74,0.0,0.0,2026-05-11T10:18:31.102895,c04,4,mid,low,mid,high,fixed,fixed,1.4377,0.3723,1.0021,1.3683,0.1027,0.0414,0.0209,0.043,0.05,5.0,task,4042,83490.42,0.791237,132.0,1212.86,45.0,0.0,120.0,1102.6,349.887011,0.862147,1105.147845,75.0,1102.6,3,45.0,1102.6000000000001,5,0,5,True,1102.6,1102.6,0.0,0,0.67,1059.0,43.6,0.8256,0,20,0,0,0,0,0,
427,instance_n=20_10_c05,instance_n=20_10,Otto,20,1000.0,OK,4,1,1455.98,53.0558,86.9991,2026-05-11T10:42:47.088689,c05,5,mid,mid,high,low,fixed,fixed,1.4094,0.6231,1.0757,1.0525,0.0963,0.0379,0.0142,0.0279,0.05,5.0,task,5042,58643.52,0.545142,132.0,1120.57,36.0,0.0,120.0,1018.7,121.833208,0.266049,1022.15737,84.0,1018.7,0,120.0,0.0,3,3,0,True,120.0,120.0,0.0,0,0.03,0.0,0.0,,20,0,0,0,0,0,0,
428,instance_n=20_10_c05,instance_n=20_10,Otto,20,1000.0,OK,4,1,1455.98,53.0558,86.9991,2026-05-11T10:42:47.088689,c05,5,mid,mid,high,low,fixed,fixed,1.4094,0.6231,1.0757,1.0525,0.0963,0.0379,0.0142,0.0279,0.05,5.0,task,5042,58643.52,0.545142,132.0,1120.57,36.0,0.0,120.0,1018.7,121.833208,0.266049,1022.15737,84.0,1018.7,1,90.0,202.64999999999998,2,2,2,False,83.35,202.65,58.87,402994,300.32,168.0,34.65,0.6535,0,0,0,0,0,15,5,
429,instance_n=20_10_c05,instance_n=20_10,Otto,20,1000.0,OK,4,1,1455.98,53.0558,86.9991,2026-05-11T10:42:47.088689,c05,5,mid,mid,high,low,fixed,fixed,1.4094,0.6231,1.0757,1.0525,0.0963,0.0379,0.0142,0.0279,0.05,5.0,task,5042,58643.52,0.545142,132.0,1120.57,36.0,0.0,120.0,1018.7,121.833208,0.266049,1022.15737,84.0,1018.7,2,63.0,568.4,3,1,3,False,73.897352941,568.4,86.9991,347886,300.31,552.0,16.4,0.8907,0,6,0,0,0,9,5,
430,instance_n=20_10_c05,instance_n=20_10,Otto,20,1000.0,OK,4,1,1455.98,53.0558,86.9991,2026-05-11T10:42:47.088689,c05,5,mid,mid,high,low,fixed,fixed,1.4094,0.6231,1.0757,1.0525,0.0963,0.0379,0.0142,0.0279,0.05,5.0,task,5042,58643.52,0.545142,132.0,1120.57,36.0,0.0,120.0,1018.7,121.833208,0.266049,1022.15737,84.0,1018.7,3,36.0,1018.7,4,0,4,False,342.75,1018.7,66.3542,844923,300.28,1016.0,2.7,0.9865,0,20,0,0,0,0,0,
431,instance_n=20_10_c06,instance_n=20_10,Otto,20,1000.0,OK,4,2,609.49,33.0097,70.226,2026-05-11T10:52:56.580289,c06,6,mid,high,low,mid,fixed,fixed,1.4015,0.8585,0.9059,1.1681,0.1146,0.0461,0.0257,0.0498,0.05,5.0,task,6042,60667.815,0.578173,132.0,1206.095,45.0,0.0,120.0,1096.45,98.56647,0.198009,1099.012103,75.0,1096.45,0,120.0,0.0,3,3,0,True,120.0,120.0,0.0,0,0.03,0.0,0.0,,20,0,0,0,0,0,0,
432,instance_n=20_10_c06,instance_n=20_10,Otto,20,1000.0,OK,4,2,609.49,33.0097,70.226,2026-05-11T10:52:56.580289,c06,6,mid,high,low,mid,fixed,fixed,1.4015,0.8585,0.9059,1.1681,0.1146,0.0461,0.0257,0.0498,0.05,5.0,task,6042,60667.815,0.578173,132.0,1206.095,45.0,0.0,120.0,1096.45,98.56647,0.198009,1099.012103,75.0,1096.45,1,90.0,255.9,2,2,2,False,97.721283914,255.9,61.8127,247903,300.71,248.0,7.9,0.921,0,0,0,0,0,11,9,
433,instance_n=20_10_c06,instance_n=20_10,Otto,20,1000.0,OK,4,2,609.49,33.0097,70.226,2026-05-11T10:52:56.580289,c06,6,mid,high,low,mid,fixed,fixed,1.4015,0.8585,0.9059,1.1681,0.1146,0.0461,0.0257,0.0498,0.05,5.0,task,6042,60667.815,0.578173,132.0,1206.095,45.0,0.0,120.0,1096.45,98.56647,0.198009,1099.012103,75.0,1096.45,2,63.0,624.0500000000001,3,1,3,False,185.80474449,624.05,70.226,308274,300.29,621.0,3.05,0.9797,0,10,0,0,0,6,4,
434,instance_n=20_10_c06,instance_n=20_10,Otto,20,1000.0,OK,4,2,609.49,33.0097,70.226,2026-05-11T10:52:56.580289,c06,6,mid,high,low,mid,fixed,fixed,1.4015,0.8585,0.9059,1.1681,0.1146,0.0461,0.0257,0.0498,0.05,5.0,task,6042,60667.815,0.578173,132.0,1206.095,45.0,0.0,120.0,1096.45,98.56647,0.198009,1099.012103,75.0,1096.45,3,45.0,1096.4499999999998,5,0,5,True,1096.45,1096.45,0.0,10297,7.23,1051.0,45.45,0.8182,0,20,0,0,0,0,0,
435,instance_n=20_10_c07,instance_n=20_10,Otto,20,1000.0,OK,3,3,29.83,0.0,0.0,2026-05-11T10:53:26.413064,c07,7,high,low,high,mid,fixed,fixed,2.1571,0.3772,1.0761,1.1891,0.1865,0.0405,0.0125,0.0392,0.05,5.0,task,7042,10699.38,0.456614,132.0,300.41,54.0,0.0,120.0,273.1,14.606962,0.097877,280.961937,66.0,273.1,0,120.0,0.0,3,3,0,True,120.0,120.0,0.0,0,0.03,0.0,0.0,,20,0,0,0,0,0,0,
436,instance_n=20_10_c07,instance_n=20_10,Otto,20,1000.0,OK,3,3,29.83,0.0,0.0,2026-05-11T10:53:26.413064,c07,7,high,low,high,mid,fixed,fixed,2.1571,0.3772,1.0761,1.1891,0.1865,0.0405,0.0125,0.0392,0.05,5.0,task,7042,10699.38,0.456614,132.0,300.41,54.0,0.0,120.0,273.1,14.606962,0.097877,280.961937,66.0,273.1,1,85.0,121.9,2,2,1,True,121.9,121.9,0.0,10441,21.56,106.0,15.9,0.682,8,0,0,0,12,0,0,
437,instance_n=20_10_c07,instance_n=20_10,Otto,20,1000.0,OK,3,3,29.83,0.0,0.0,2026-05-11T10:53:26.413064,c07,7,high,low,high,mid,fixed,fixed,2.1571,0.3772,1.0761,1.1891,0.1865,0.0405,0.0125,0.0392,0.05,5.0,task,7042,10699.38,0.456614,132.0,300.41,54.0,0.0,120.0,273.1,14.606962,0.097877,280.961937,66.0,273.1,2,54.0,273.1,2,1,2,True,273.1,273.1,0.0,7887,7.11,241.0,32.1,0.679,0,1,0,0,19,0,0,
438,instance_n=20_10_c08,instance_n=20_10,Otto,20,1066.8,OK,4,3,2180.45,10.3367,41.3468,2026-05-11T11:29:46.866133,c08,8,high,mid,low,high,fixed,fixed,2.1185,0.6368,0.9064,1.3656,0.2282,0.034,0.0301,0.0598,0.05,5.0,task,8042,86553.732,0.637245,132.0,1741.344,54.0,0.0,120.0,1583.04,275.805887,0.387183,1584.415236,66.0,1583.04,0,120.0,0.0,3,3,0,True,120.0,120.0,0.0,0,0.03,0.0,0.0,,20,0,0,0,0,0,0,
439,instance_n=20_10_c08,instance_n=20_10,Otto,20,1066.8,OK,4,3,2180.45,10.3367,41.3468,2026-05-11T11:29:46.866133,c08,8,high,mid,low,high,fixed,fixed,2.1185,0.6368,0.9064,1.3656,0.2282,0.034,0.0301,0.0598,0.05,5.0,task,8042,86553.732,0.637245,132.0,1741.344,54.0,0.0,120.0,1583.04,275.805887,0.387183,1584.415236,66.0,1583.04,1,90.0,219.53,2,2,2,True,219.53,219.53,0.0,41027,45.62,168.0,51.53,0.517,0,0,10,1,9,0,0,
440,instance_n=20_10_c08,instance_n=20_10,Otto,20,1066.8,OK,4,3,2180.45,10.3367,41.3468,2026-05-11T11:29:46.866133,c08,8,high,mid,low,high,fixed,fixed,2.1185,0.6368,0.9064,1.3656,0.2282,0.034,0.0301,0.0598,0.05,5.0,task,8042,86553.732,0.637245,132.0,1741.344,54.0,0.0,120.0,1583.04,275.805887,0.387183,1584.415236,66.0,1583.04,2,72.0,788.3599999999999,4,1,4,False,462.39830577,788.36,41.3468,89666,1092.62,747.0,41.36,0.8061,0,8,0,0,12,0,0,
441,instance_n=20_10_c08,instance_n=20_10,Otto,20,1066.8,OK,4,3,2180.45,10.3367,41.3468,2026-05-11T11:29:46.866133,c08,8,high,mid,low,high,fixed,fixed,2.1185,0.6368,0.9064,1.3656,0.2282,0.034,0.0301,0.0598,0.05,5.0,task,8042,86553.732,0.637245,132.0,1741.344,54.0,0.0,120.0,1583.04,275.805887,0.387183,1584.415236,66.0,1583.04,3,54.0,1583.04,6,0,6,True,1583.04,1583.04,0.0,9100,9.33,1567.0,16.04,0.9499,0,20,0,0,0,0,0,
442,instance_n=20_10_c09,instance_n=20_10,Otto,20,1000.0,OK,5,1,4247.91,63.0232,94.0555,2026-05-11T12:40:34.783337,c09,9,high,high,mid,low,fixed,fixed,2.1304,0.8895,1.0029,1.0461,0.1856,0.0438,0.026,0.0269,0.05,5.0,task,9042,79019.405,0.621014,132.0,1844.095,63.0,0.0,120.0,1676.45,276.765406,0.548808,1677.418732,57.0,1676.45,0,120.0,0.0,3,3,0,True,120.0,120.0,0.0,0,0.03,0.0,0.0,,20,0,0,0,0,0,0,
443,instance_n=20_10_c09,instance_n=20_10,Otto,20,1000.0,OK,5,1,4247.91,63.0232,94.0555,2026-05-11T12:40:34.783337,c09,9,high,high,mid,low,fixed,fixed,2.1304,0.8895,1.0029,1.0461,0.1856,0.0438,0.026,0.0269,0.05,5.0,task,9042,79019.405,0.621014,132.0,1844.095,63.0,0.0,120.0,1676.45,276.765406,0.548808,1677.418732,57.0,1676.45,1,94.0,345.4,3,2,2,False,56.434773309,345.4,83.661,70674,1045.75,338.0,7.4,0.926,6,3,0,0,0,6,5,
444,instance_n=20_10_c09,instance_n=20_10,Otto,20,1000.0,OK,5,1,4247.91,63.0232,94.0555,2026-05-11T12:40:34.783337,c09,9,high,high,mid,low,fixed,fixed,2.1304,0.8895,1.0029,1.0461,0.1856,0.0438,0.026,0.0269,0.05,5.0,task,9042,79019.405,0.621014,132.0,1844.095,63.0,0.0,120.0,1676.45,276.765406,0.548808,1677.418732,57.0,1676.45,2,81.0,960.55,5,1,5,False,57.1,960.55,94.0555,37640,1023.05,912.0,48.55,0.8058,0,12,0,0,0,4,4,
445,instance_n=20_10_c09,instance_n=20_10,Otto,20,1000.0,OK,5,1,4247.91,63.0232,94.0555,2026-05-11T12:40:34.783337,c09,9,high,high,mid,low,fixed,fixed,2.1304,0.8895,1.0029,1.0461,0.1856,0.0438,0.026,0.0269,0.05,5.0,task,9042,79019.405,0.621014,132.0,1844.095,63.0,0.0,120.0,1676.45,276.765406,0.548808,1677.418732,57.0,1676.45,3,76.0,992.35,5,1,4,False,374.98026356,992.35,62.2129,233548,1103.45,987.0,5.35,0.9732,5,15,0,0,0,0,0,
446,instance_n=20_10_c09,instance_n=20_10,Otto,20,1000.0,OK,5,1,4247.91,63.0232,94.0555,2026-05-11T12:40:34.783337,c09,9,high,high,mid,low,fixed,fixed,2.1304,0.8895,1.0029,1.0461,0.1856,0.0438,0.026,0.0269,0.05,5.0,task,9042,79019.405,0.621014,132.0,1844.095,63.0,0.0,120.0,1676.45,276.765406,0.548808,1677.418732,57.0,1676.45,4,63.0,1676.45,7,0,7,False,415.98747656,1676.45,75.1864,287193,1071.66,1638.0,38.45,0.8901,0,20,0,0,0,0,0,
447,instance_n=20_63_c01,instance_n=20_63,Otto,20,1000.0,OK,6,3,3388.55,21.2048,51.4364,2026-05-10T17:26:15.544054,c01,1,low,low,low,low,fixed,fixed,0.9872,0.3753,0.8974,1.041,0.0714,0.0374,0.0307,0.0229,0.05,5.0,task,1042,178244.9,0.755567,220.0,1348.05,45.0,0.0,200.0,1225.5,217.752355,0.726982,1235.263231,155.0,1225.5,0,200.0,0.0,5,5,0,True,200.0,200.0,0.0,0,0.03,0.0,0.0,,20,0,0,0,0,0,0,
448,instance_n=20_63_c01,instance_n=20_63,Otto,20,1000.0,OK,6,3,3388.55,21.2048,51.4364,2026-05-10T17:26:15.544054,c01,1,low,low,low,low,fixed,fixed,0.9872,0.3753,0.8974,1.041,0.0714,0.0374,0.0307,0.0229,0.05,5.0,task,1042,178244.9,0.755567,220.0,1348.05,45.0,0.0,200.0,1225.5,217.752355,0.726982,1235.263231,155.0,1225.5,1,165.0,107.2,4,4,1,False,55.1,107.2,48.6007,54663,1186.52,85.0,22.2,0.556,14,0,0,0,6,0,0,
449,instance_n=20_63_c01,instance_n=20_63,Otto,20,1000.0,OK,6,3,3388.55,21.2048,51.4364,2026-05-10T17:26:15.544054,c01,1,low,low,low,low,fixed,fixed,0.9872,0.3753,0.8974,1.041,0.0714,0.0374,0.0307,0.0229,0.05,5.0,task,1042,178244.9,0.755567,220.0,1348.05,45.0,0.0,200.0,1225.5,217.752355,0.726982,1235.263231,155.0,1225.5,2,125.0,146.2,3,3,1,False,71.0,146.2,51.4364,13893,963.65,143.0,3.2,0.936,12,0,0,0,8,0,0,
450,instance_n=20_63_c01,instance_n=20_63,Otto,20,1000.0,OK,6,3,3388.55,21.2048,51.4364,2026-05-10T17:26:15.544054,c01,1,low,low,low,low,fixed,fixed,0.9872,0.3753,0.8974,1.041,0.0714,0.0374,0.0307,0.0229,0.05,5.0,task,1042,178244.9,0.755567,220.0,1348.05,45.0,0.0,200.0,1225.5,217.752355,0.726982,1235.263231,155.0,1225.5,3,90.0,269.29999999999995,2,2,2,False,196.073407,269.3,27.1915,130728,1137.97,261.0,8.3,0.917,0,0,0,0,9,7,4,
451,instance_n=20_63_c01,instance_n=20_63,Otto,20,1000.0,OK,6,3,3388.55,21.2048,51.4364,2026-05-10T17:26:15.544054,c01,1,low,low,low,low,fixed,fixed,0.9872,0.3753,0.8974,1.041,0.0714,0.0374,0.0307,0.0229,0.05,5.0,task,1042,178244.9,0.755567,220.0,1348.05,45.0,0.0,200.0,1225.5,217.752355,0.726982,1235.263231,155.0,1225.5,4,63.0,614.05,3,1,3,True,614.05,614.05,0.0,55633,96.7,605.0,9.05,0.9397,0,11,0,0,9,0,0,
452,instance_n=20_63_c01,instance_n=20_63,Otto,20,1000.0,OK,6,3,3388.55,21.2048,51.4364,2026-05-10T17:26:15.544054,c01,1,low,low,low,low,fixed,fixed,0.9872,0.3753,0.8974,1.041,0.0714,0.0374,0.0307,0.0229,0.05,5.0,task,1042,178244.9,0.755567,220.0,1348.05,45.0,0.0,200.0,1225.5,217.752355,0.726982,1235.263231,155.0,1225.5,5,45.0,1225.5,5,0,5,True,1225.5,1225.5,0.0,2361,2.07,1206.0,19.5,0.922,0,20,0,0,0,0,0,
453,instance_n=20_63_c02,instance_n=20_63,Otto,20,1000.0,OK,7,2,4489.36,47.2,70.248,2026-05-10T18:41:04.910849,c02,2,low,mid,mid,mid,fixed,fixed,0.9747,0.6363,1.0065,1.1801,0.0751,0.0437,0.0322,0.0481,0.05,5.0,task,2042,144056.325,0.603236,220.0,1364.605,45.0,0.0,200.0,1240.55,133.650249,0.419616,1250.195706,155.0,1240.55,0,200.0,0.0,5,5,0,True,200.0,200.0,0.0,0,0.03,0.0,0.0,,20,0,0,0,0,0,0,
454,instance_n=20_63_c02,instance_n=20_63,Otto,20,1000.0,OK,7,2,4489.36,47.2,70.248,2026-05-10T18:41:04.910849,c02,2,low,mid,mid,mid,fixed,fixed,0.9747,0.6363,1.0065,1.1801,0.0751,0.0437,0.0322,0.0481,0.05,5.0,task,2042,144056.325,0.603236,220.0,1364.605,45.0,0.0,200.0,1240.55,133.650249,0.419616,1250.195706,155.0,1240.55,1,165.0,128.3,4,4,1,False,56.1,128.3,56.2744,10072,1082.83,127.0,1.3,0.974,11,0,0,0,0,4,5,
455,instance_n=20_63_c02,instance_n=20_63,Otto,20,1000.0,OK,7,2,4489.36,47.2,70.248,2026-05-10T18:41:04.910849,c02,2,low,mid,mid,mid,fixed,fixed,0.9747,0.6363,1.0065,1.1801,0.0751,0.0437,0.0322,0.0481,0.05,5.0,task,2042,144056.325,0.603236,220.0,1364.605,45.0,0.0,200.0,1240.55,133.650249,0.419616,1250.195706,155.0,1240.55,2,134.0,343.0,4,3,2,False,102.04920635,343.0,70.248,21989,1037.85,332.0,11.0,0.89,10,4,0,0,0,4,2,
456,instance_n=20_63_c02,instance_n=20_63,Otto,20,1000.0,OK,7,2,4489.36,47.2,70.248,2026-05-10T18:41:04.910849,c02,2,low,mid,mid,mid,fixed,fixed,0.9747,0.6363,1.0065,1.1801,0.0751,0.0437,0.0322,0.0481,0.05,5.0,task,2042,144056.325,0.603236,220.0,1364.605,45.0,0.0,200.0,1240.55,133.650249,0.419616,1250.195706,155.0,1240.55,3,108.0,589.9499999999999,4,2,4,False,182.07716535,589.95,69.1368,147318,300.3,542.0,47.95,0.7602,0,4,0,0,0,11,5,
457,instance_n=20_63_c02,instance_n=20_63,Otto,20,1000.0,OK,7,2,4489.36,47.2,70.248,2026-05-10T18:41:04.910849,c02,2,low,mid,mid,mid,fixed,fixed,0.9747,0.6363,1.0065,1.1801,0.0751,0.0437,0.0322,0.0481,0.05,5.0,task,2042,144056.325,0.603236,220.0,1364.605,45.0,0.0,200.0,1240.55,133.650249,0.419616,1250.195706,155.0,1240.55,4,103.0,611.05,4,2,3,False,183.71959216,611.05,69.9338,12341,944.15,602.0,9.05,0.9397,5,9,0,0,0,4,2,
458,instance_n=20_63_c02,instance_n=20_63,Otto,20,1000.0,OK,7,2,4489.36,47.2,70.248,2026-05-10T18:41:04.910849,c02,2,low,mid,mid,mid,fixed,fixed,0.9747,0.6363,1.0065,1.1801,0.0751,0.0437,0.0322,0.0481,0.05,5.0,task,2042,144056.325,0.603236,220.0,1364.605,45.0,0.0,200.0,1240.55,133.650249,0.419616,1250.195706,155.0,1240.55,5,72.0,894.75,4,1,4,False,314.88869145,894.75,64.8071,47963,1112.77,883.0,11.75,0.9413,0,10,0,0,0,6,4,
459,instance_n=20_63_c02,instance_n=20_63,Otto,20,1000.0,OK,7,2,4489.36,47.2,70.248,2026-05-10T18:41:04.910849,c02,2,low,mid,mid,mid,fixed,fixed,0.9747,0.6363,1.0065,1.1801,0.0751,0.0437,0.0322,0.0481,0.05,5.0,task,2042,144056.325,0.603236,220.0,1364.605,45.0,0.0,200.0,1240.55,133.650249,0.419616,1250.195706,155.0,1240.55,6,45.0,1240.55,5,0,5,True,1240.55,1240.55,0.0,14358,9.62,1216.0,24.55,0.9018,0,20,0,0,0,0,0,
460,instance_n=20_63_c03,instance_n=20_63,Otto,20,1000.0,OK,6,1,4808.24,52.9857,85.7502,2026-05-10T20:01:13.149386,c03,3,low,high,high,high,fixed,fixed,0.976,0.8664,1.0726,1.3583,0.0685,0.0356,0.0126,0.0461,0.05,5.0,task,3042,128279.75,0.553249,220.0,1324.95,45.0,0.0,200.0,1204.5,51.888085,0.1362,1214.432069,155.0,1204.5,0,200.0,0.0,5,5,0,True,200.0,200.0,0.0,0,0.03,0.0,0.0,,20,0,0,0,0,0,0,
461,instance_n=20_63_c03,instance_n=20_63,Otto,20,1000.0,OK,6,1,4808.24,52.9857,85.7502,2026-05-10T20:01:13.149386,c03,3,low,high,high,high,fixed,fixed,0.976,0.8664,1.0726,1.3583,0.0685,0.0356,0.0126,0.0461,0.05,5.0,task,3042,128279.75,0.553249,220.0,1324.95,45.0,0.0,200.0,1204.5,51.888085,0.1362,1214.432069,155.0,1204.5,1,169.0,164.65,5,4,1,False,57.45,164.65,65.1078,27411,1021.57,147.0,17.65,0.647,17,3,0,0,0,0,0,
462,instance_n=20_63_c03,instance_n=20_63,Otto,20,1000.0,OK,6,1,4808.24,52.9857,85.7502,2026-05-10T20:01:13.149386,c03,3,low,high,high,high,fixed,fixed,0.976,0.8664,1.0726,1.3583,0.0685,0.0356,0.0126,0.0461,0.05,5.0,task,3042,128279.75,0.553249,220.0,1324.95,45.0,0.0,200.0,1204.5,51.888085,0.1362,1214.432069,155.0,1204.5,2,138.0,398.25,5,3,2,False,56.75,398.25,85.7502,25244,564.57,382.0,16.25,0.8375,13,7,0,0,0,0,0,
463,instance_n=20_63_c03,instance_n=20_63,Otto,20,1000.0,OK,6,1,4808.24,52.9857,85.7502,2026-05-10T20:01:13.149386,c03,3,low,high,high,high,fixed,fixed,0.976,0.8664,1.0726,1.3583,0.0685,0.0356,0.0126,0.0461,0.05,5.0,task,3042,128279.75,0.553249,220.0,1324.95,45.0,0.0,200.0,1204.5,51.888085,0.1362,1214.432069,155.0,1204.5,3,107.0,654.0999999999999,5,2,3,False,175.95,654.1,73.1004,37072,1093.06,637.0,17.1,0.886,7,13,0,0,0,0,0,
464,instance_n=20_63_c03,instance_n=20_63,Otto,20,1000.0,OK,6,1,4808.24,52.9857,85.7502,2026-05-10T20:01:13.149386,c03,3,low,high,high,high,fixed,fixed,0.976,0.8664,1.0726,1.3583,0.0685,0.0356,0.0126,0.0461,0.05,5.0,task,3042,128279.75,0.553249,220.0,1324.95,45.0,0.0,200.0,1204.5,51.888085,0.1362,1214.432069,155.0,1204.5,4,76.0,920.0,5,1,4,False,441.97341756,920.0,51.9594,135687,1137.67,900.0,20.0,0.9,4,16,0,0,0,0,0,
465,instance_n=20_63_c03,instance_n=20_63,Otto,20,1000.0,OK,6,1,4808.24,52.9857,85.7502,2026-05-10T20:01:13.149386,c03,3,low,high,high,high,fixed,fixed,0.976,0.8664,1.0726,1.3583,0.0685,0.0356,0.0126,0.0461,0.05,5.0,task,3042,128279.75,0.553249,220.0,1324.95,45.0,0.0,200.0,1204.5,51.888085,0.1362,1214.432069,155.0,1204.5,5,45.0,1204.4999999999998,5,0,5,False,698.65,1204.5,41.9967,76520,989.6,1184.0,20.5,0.918,0,20,0,0,0,0,0,
466,instance_n=20_63_c04,instance_n=20_63,Otto,20,1107.75,OK,5,4,570.24,6.9582,34.791,2026-05-10T20:10:43.389224,c04,4,mid,low,mid,high,fixed,fixed,1.4377,0.3723,1.0021,1.3683,0.1027,0.0414,0.0209,0.043,0.05,5.0,task,4042,87436.21875,0.687368,220.0,810.2188,63.0,0.0,200.0,736.5625,159.649456,0.656999,749.195112,137.0,736.5625,0,200.0,0.0,5,5,0,True,200.0,200.0,0.0,0,0.03,0.0,0.0,,20,0,0,0,0,0,0,
467,instance_n=20_63_c04,instance_n=20_63,Otto,20,1107.75,OK,5,4,570.24,6.9582,34.791,2026-05-10T20:10:43.389224,c04,4,mid,low,mid,high,fixed,fixed,1.4377,0.3723,1.0021,1.3683,0.1027,0.0414,0.0209,0.043,0.05,5.0,task,4042,87436.21875,0.687368,220.0,810.2188,63.0,0.0,200.0,736.5625,159.649456,0.656999,749.195112,137.0,736.5625,1,165.0,103.1875,4,4,1,False,67.2875,103.1875,34.791,35352,435.1,71.0,32.19,0.4189,14,0,0,0,6,0,0,
468,instance_n=20_63_c04,instance_n=20_63,Otto,20,1107.75,OK,5,4,570.24,6.9582,34.791,2026-05-10T20:10:43.389224,c04,4,mid,low,mid,high,fixed,fixed,1.4377,0.3723,1.0021,1.3683,0.1027,0.0414,0.0209,0.043,0.05,5.0,task,4042,87436.21875,0.687368,220.0,810.2188,63.0,0.0,200.0,736.5625,159.649456,0.656999,749.195112,137.0,736.5625,2,125.0,147.5375,3,3,1,True,147.5375,147.5375,0.0,8490,43.07,135.0,12.54,0.7736,9,0,0,0,11,0,0,
469,instance_n=20_63_c04,instance_n=20_63,Otto,20,1107.75,OK,5,4,570.24,6.9582,34.791,2026-05-10T20:10:43.389224,c04,4,mid,low,mid,high,fixed,fixed,1.4377,0.3723,1.0021,1.3683,0.1027,0.0414,0.0209,0.043,0.05,5.0,task,4042,87436.21875,0.687368,220.0,810.2188,63.0,0.0,200.0,736.5625,159.649456,0.656999,749.195112,137.0,736.5625,3,90.0,296.225,2,2,2,True,296.225,296.225,0.0,92080,87.05,273.0,23.23,0.7903,0,0,0,0,20,0,0,
470,instance_n=20_63_c04,instance_n=20_63,Otto,20,1107.75,OK,5,4,570.24,6.9582,34.791,2026-05-10T20:10:43.389224,c04,4,mid,low,mid,high,fixed,fixed,1.4377,0.3723,1.0021,1.3683,0.1027,0.0414,0.0209,0.043,0.05,5.0,task,4042,87436.21875,0.687368,220.0,810.2188,63.0,0.0,200.0,736.5625,159.649456,0.656999,749.195112,137.0,736.5625,4,63.0,736.5625000000001,3,1,3,True,736.5625,736.5625,0.0,1146,3.19,735.0,1.56,0.9906,0,6,0,0,14,0,0,
471,instance_n=20_63_c05,instance_n=20_63,Otto,20,1000.0,OK,7,1,7178.16,57.7021,87.0391,2026-05-10T22:10:21.555539,c05,5,mid,mid,high,low,fixed,fixed,1.4094,0.6231,1.0757,1.0525,0.0963,0.0379,0.0142,0.0279,0.05,5.0,task,5042,180305.995,0.62225,220.0,1845.635,63.0,0.0,200.0,1677.85,183.472943,0.461204,1683.433878,137.0,1677.85,0,200.0,0.0,5,5,0,True,200.0,200.0,0.0,0,0.03,0.0,0.0,,20,0,0,0,0,0,0,
472,instance_n=20_63_c05,instance_n=20_63,Otto,20,1000.0,OK,7,1,7178.16,57.7021,87.0391,2026-05-10T22:10:21.555539,c05,5,mid,mid,high,low,fixed,fixed,1.4094,0.6231,1.0757,1.0525,0.0963,0.0379,0.0142,0.0279,0.05,5.0,task,5042,180305.995,0.62225,220.0,1845.635,63.0,0.0,200.0,1677.85,183.472943,0.461204,1683.433878,137.0,1677.85,1,170.0,191.25,4,4,2,False,59.05,191.25,69.1242,35948,1028.9,146.0,45.25,0.5475,9,0,0,0,0,8,3,
473,instance_n=20_63_c05,instance_n=20_63,Otto,20,1000.0,OK,7,1,7178.16,57.7021,87.0391,2026-05-10T22:10:21.555539,c05,5,mid,mid,high,low,fixed,fixed,1.4094,0.6231,1.0757,1.0525,0.0963,0.0379,0.0142,0.0279,0.05,5.0,task,5042,180305.995,0.62225,220.0,1845.635,63.0,0.0,200.0,1677.85,183.472943,0.461204,1683.433878,137.0,1677.85,2,169.0,231.25,5,4,1,False,59.05,231.25,74.4649,109117,1201.53,228.0,3.25,0.935,17,3,0,0,0,0,0,
474,instance_n=20_63_c05,instance_n=20_63,Otto,20,1000.0,OK,7,1,7178.16,57.7021,87.0391,2026-05-10T22:10:21.555539,c05,5,mid,mid,high,low,fixed,fixed,1.4094,0.6231,1.0757,1.0525,0.0963,0.0379,0.0142,0.0279,0.05,5.0,task,5042,180305.995,0.62225,220.0,1845.635,63.0,0.0,200.0,1677.85,183.472943,0.461204,1683.433878,137.0,1677.85,3,139.0,455.59999999999997,4,3,3,False,59.05,455.6,87.0391,24218,676.11,436.0,19.6,0.8693,2,4,0,0,0,9,5,
475,instance_n=20_63_c05,instance_n=20_63,Otto,20,1000.0,OK,7,1,7178.16,57.7021,87.0391,2026-05-10T22:10:21.555539,c05,5,mid,mid,high,low,fixed,fixed,1.4094,0.6231,1.0757,1.0525,0.0963,0.0379,0.0142,0.0279,0.05,5.0,task,5042,180305.995,0.62225,220.0,1845.635,63.0,0.0,200.0,1677.85,183.472943,0.461204,1683.433878,137.0,1677.85,4,108.0,728.7,4,2,4,False,401.95955883,728.7,44.8388,119467,1207.16,722.0,6.7,0.9665,0,6,0,0,0,9,5,
476,instance_n=20_63_c05,instance_n=20_63,Otto,20,1000.0,OK,7,1,7178.16,57.7021,87.0391,2026-05-10T22:10:21.555539,c05,5,mid,mid,high,low,fixed,fixed,1.4094,0.6231,1.0757,1.0525,0.0963,0.0379,0.0142,0.0279,0.05,5.0,task,5042,180305.995,0.62225,220.0,1845.635,63.0,0.0,200.0,1677.85,183.472943,0.461204,1683.433878,137.0,1677.85,5,90.0,1218.3500000000001,6,1,6,False,203.85,1218.35,83.2684,12161,962.14,1176.0,42.35,0.8588,0,13,0,0,0,5,2,
477,instance_n=20_63_c05,instance_n=20_63,Otto,20,1000.0,OK,7,1,7178.16,57.7021,87.0391,2026-05-10T22:10:21.555539,c05,5,mid,mid,high,low,fixed,fixed,1.4094,0.6231,1.0757,1.0525,0.0963,0.0379,0.0142,0.0279,0.05,5.0,task,5042,180305.995,0.62225,220.0,1845.635,63.0,0.0,200.0,1677.85,183.472943,0.461204,1683.433878,137.0,1677.85,6,63.0,1677.85,7,0,7,False,919.80850368,1677.85,45.1793,309667,403.74,1654.0,23.85,0.9319,0,20,0,0,0,0,0,
478,instance_n=20_63_c06,instance_n=20_63,Otto,20,1000.0,OK,6,1,4635.42,58.8787,88.7427,2026-05-10T23:27:36.983423,c06,6,mid,high,low,mid,fixed,fixed,1.4015,0.8585,0.9059,1.1681,0.1146,0.0461,0.0257,0.0498,0.05,5.0,task,6042,167649.87,0.571505,220.0,1868.46,63.0,0.0,200.0,1698.6,71.383049,0.149595,1704.115888,137.0,1698.6,0,200.0,0.0,5,5,0,True,200.0,200.0,0.0,0,0.03,0.0,0.0,,20,0,0,0,0,0,0,
479,instance_n=20_63_c06,instance_n=20_63,Otto,20,1000.0,OK,6,1,4635.42,58.8787,88.7427,2026-05-10T23:27:36.983423,c06,6,mid,high,low,mid,fixed,fixed,1.4015,0.8585,0.9059,1.1681,0.1146,0.0461,0.0257,0.0498,0.05,5.0,task,6042,167649.87,0.571505,220.0,1868.46,63.0,0.0,200.0,1698.6,71.383049,0.149595,1704.115888,137.0,1698.6,1,169.0,233.4,5,4,1,False,62.05,233.4,73.4147,34498,992.69,229.0,4.4,0.912,16,4,0,0,0,0,0,
480,instance_n=20_63_c06,instance_n=20_63,Otto,20,1000.0,OK,6,1,4635.42,58.8787,88.7427,2026-05-10T23:27:36.983423,c06,6,mid,high,low,mid,fixed,fixed,1.4015,0.8585,0.9059,1.1681,0.1146,0.0461,0.0257,0.0498,0.05,5.0,task,6042,167649.87,0.571505,220.0,1868.46,63.0,0.0,200.0,1698.6,71.383049,0.149595,1704.115888,137.0,1698.6,2,143.0,551.2,5,3,3,False,62.05,551.2,88.7427,28069,982.81,534.0,17.2,0.8853,7,6,0,0,0,4,3,
481,instance_n=20_63_c06,instance_n=20_63,Otto,20,1000.0,OK,6,1,4635.42,58.8787,88.7427,2026-05-10T23:27:36.983423,c06,6,mid,high,low,mid,fixed,fixed,1.4015,0.8585,0.9059,1.1681,0.1146,0.0461,0.0257,0.0498,0.05,5.0,task,6042,167649.87,0.571505,220.0,1868.46,63.0,0.0,200.0,1698.6,71.383049,0.149595,1704.115888,137.0,1698.6,3,116.0,931.7500000000001,6,2,4,False,197.89,931.75,78.7615,59517,1190.68,920.0,11.75,0.9413,7,13,0,0,0,0,0,
482,instance_n=20_63_c06,instance_n=20_63,Otto,20,1000.0,OK,6,1,4635.42,58.8787,88.7427,2026-05-10T23:27:36.983423,c06,6,mid,high,low,mid,fixed,fixed,1.4015,0.8585,0.9059,1.1681,0.1146,0.0461,0.0257,0.0498,0.05,5.0,task,6042,167649.87,0.571505,220.0,1868.46,63.0,0.0,200.0,1698.6,71.383049,0.149595,1704.115888,137.0,1698.6,4,90.0,1273.55,6,1,6,False,400.57776829,1273.55,68.5464,61169,487.85,1247.0,26.55,0.9115,0,14,0,0,0,4,2,
483,instance_n=20_63_c06,instance_n=20_63,Otto,20,1000.0,OK,6,1,4635.42,58.8787,88.7427,2026-05-10T23:27:36.983423,c06,6,mid,high,low,mid,fixed,fixed,1.4015,0.8585,0.9059,1.1681,0.1146,0.0461,0.0257,0.0498,0.05,5.0,task,6042,167649.87,0.571505,220.0,1868.46,63.0,0.0,200.0,1698.6,71.383049,0.149595,1704.115888,137.0,1698.6,5,63.0,1698.5999999999997,7,0,7,False,954.5,1698.6,43.8067,37823,979.26,1678.0,20.6,0.9411,0,20,0,0,0,0,0,
484,instance_n=20_63_c07,instance_n=20_63,Otto,20,1341.9,OK,4,4,42.07,0.0,0.0,2026-05-10T23:28:19.053580,c07,7,high,low,high,mid,fixed,fixed,2.1571,0.3772,1.0761,1.1891,0.1865,0.0405,0.0125,0.0392,0.05,5.0,task,7042,64167.5655,0.687635,176.0,825.8085,63.0,0.0,160.0,750.735,230.657023,0.781546,756.975588,97.0,750.735,0,160.0,0.0,4,4,0,True,160.0,160.0,0.0,0,0.03,0.0,0.0,,20,0,0,0,0,0,0,
485,instance_n=20_63_c07,instance_n=20_63,Otto,20,1341.9,OK,4,4,42.07,0.0,0.0,2026-05-10T23:28:19.053580,c07,7,high,low,high,mid,fixed,fixed,2.1571,0.3772,1.0761,1.1891,0.1865,0.0405,0.0125,0.0392,0.05,5.0,task,7042,64167.5655,0.687635,176.0,825.8085,63.0,0.0,160.0,750.735,230.657023,0.781546,756.975588,97.0,750.735,1,125.0,138.195,3,3,1,True,138.195,138.195,0.0,30709,32.54,106.0,32.2,0.5202,10,0,0,0,10,0,0,
486,instance_n=20_63_c07,instance_n=20_63,Otto,20,1341.9,OK,4,4,42.07,0.0,0.0,2026-05-10T23:28:19.053580,c07,7,high,low,high,mid,fixed,fixed,2.1571,0.3772,1.0761,1.1891,0.1865,0.0405,0.0125,0.0392,0.05,5.0,task,7042,64167.5655,0.687635,176.0,825.8085,63.0,0.0,160.0,750.735,230.657023,0.781546,756.975588,97.0,750.735,2,85.0,194.895,2,2,1,True,194.895,194.895,0.0,2299,3.83,189.0,5.9,0.9121,5,0,0,0,15,0,0,
487,instance_n=20_63_c07,instance_n=20_63,Otto,20,1341.9,OK,4,4,42.07,0.0,0.0,2026-05-10T23:28:19.053580,c07,7,high,low,high,mid,fixed,fixed,2.1571,0.3772,1.0761,1.1891,0.1865,0.0405,0.0125,0.0392,0.05,5.0,task,7042,64167.5655,0.687635,176.0,825.8085,63.0,0.0,160.0,750.735,230.657023,0.781546,756.975588,97.0,750.735,3,63.0,750.7350000000001,3,1,3,True,750.735,750.735,0.0,4168,4.1,725.0,25.74,0.8721,0,5,0,0,15,0,0,
488,instance_n=20_63_c08,instance_n=20_63,Otto,20,1744.0500000000002,OK,5,3,2637.68,17.846,57.3845,2026-05-11T00:12:16.738205,c08,8,high,mid,low,high,fixed,fixed,2.1185,0.6368,0.9064,1.3656,0.2282,0.034,0.0301,0.0598,0.05,5.0,task,8042,139577.057,0.625281,132.0,2861.8315,54.0,0.0,120.0,2601.665,535.867954,0.62992,2602.502022,66.0,2601.665,0,120.0,0.0,3,3,0,True,120.0,120.0,0.0,0,0.02,0.0,0.0,,20,0,0,0,0,0,0,
489,instance_n=20_63_c08,instance_n=20_63,Otto,20,1744.0500000000002,OK,5,3,2637.68,17.846,57.3845,2026-05-11T00:12:16.738205,c08,8,high,mid,low,high,fixed,fixed,2.1185,0.6368,0.9064,1.3656,0.2282,0.034,0.0301,0.0598,0.05,5.0,task,8042,139577.057,0.625281,132.0,2861.8315,54.0,0.0,120.0,2601.665,535.867954,0.62992,2602.502022,66.0,2601.665,1,94.0,426.905,3,2,2,False,290.955,426.905,31.8455,94970,1125.1,360.0,66.91,0.6164,10,1,0,0,9,0,0,
490,instance_n=20_63_c08,instance_n=20_63,Otto,20,1744.0500000000002,OK,5,3,2637.68,17.846,57.3845,2026-05-11T00:12:16.738205,c08,8,high,mid,low,high,fixed,fixed,2.1185,0.6368,0.9064,1.3656,0.2282,0.034,0.0301,0.0598,0.05,5.0,task,8042,139577.057,0.625281,132.0,2861.8315,54.0,0.0,120.0,2601.665,535.867954,0.62992,2602.502022,66.0,2601.665,2,90.0,480.705,2,2,2,False,204.855,480.705,57.3845,51786,957.81,456.0,24.7,0.8583,0,0,0,0,20,0,0,
491,instance_n=20_63_c08,instance_n=20_63,Otto,20,1744.0500000000002,OK,5,3,2637.68,17.846,57.3845,2026-05-11T00:12:16.738205,c08,8,high,mid,low,high,fixed,fixed,2.1185,0.6368,0.9064,1.3656,0.2282,0.034,0.0301,0.0598,0.05,5.0,task,8042,139577.057,0.625281,132.0,2861.8315,54.0,0.0,120.0,2601.665,535.867954,0.62992,2602.502022,66.0,2601.665,3,72.0,1321.8600000000001,4,1,4,True,1321.8600000000001,1321.8600000000001,0.0,69991,46.87,1258.0,63.86,0.8169,0,8,0,0,12,0,0,
492,instance_n=20_63_c08,instance_n=20_63,Otto,20,1744.0500000000002,OK,5,3,2637.68,17.846,57.3845,2026-05-11T00:12:16.738205,c08,8,high,mid,low,high,fixed,fixed,2.1185,0.6368,0.9064,1.3656,0.2282,0.034,0.0301,0.0598,0.05,5.0,task,8042,139577.057,0.625281,132.0,2861.8315,54.0,0.0,120.0,2601.665,535.867954,0.62992,2602.502022,66.0,2601.665,4,54.0,2601.6649999999995,6,0,6,True,2601.665,2601.665,0.0,6922,506.28,2586.0,15.66,0.9701,0,20,0,0,0,0,0,
493,instance_n=20_63_c09,instance_n=20_63,Otto,20,1239.0,OK,7,1,6686.18,69.0613,88.019,2026-05-11T02:03:42.922810,c09,9,high,high,mid,low,fixed,fixed,2.1304,0.8895,1.0029,1.0461,0.1856,0.0438,0.026,0.0269,0.05,5.0,task,9042,184521.05,0.656486,176.0,2958.67,81.0,0.0,160.0,2689.7,302.166336,0.72116,2690.859916,79.0,2689.7,0,160.0,0.0,4,4,0,True,160.0,160.0,0.0,0,0.03,0.0,0.0,,20,0,0,0,0,0,0,
494,instance_n=20_63_c09,instance_n=20_63,Otto,20,1239.0,OK,7,1,6686.18,69.0613,88.019,2026-05-11T02:03:42.922810,c09,9,high,high,mid,low,fixed,fixed,2.1304,0.8895,1.0029,1.0461,0.1856,0.0438,0.026,0.0269,0.05,5.0,task,9042,184521.05,0.656486,176.0,2958.67,81.0,0.0,160.0,2689.7,302.166336,0.72116,2690.859916,79.0,2689.7,1,130.0,317.95,3,3,2,False,78.85,317.95,75.2005,130040,1084.46,316.0,1.95,0.9843,4,0,0,0,0,11,5,
495,instance_n=20_63_c09,instance_n=20_63,Otto,20,1239.0,OK,7,1,6686.18,69.0613,88.019,2026-05-11T02:03:42.922810,c09,9,high,high,mid,low,fixed,fixed,2.1304,0.8895,1.0029,1.0461,0.1856,0.0438,0.026,0.0269,0.05,5.0,task,9042,184521.05,0.656486,176.0,2958.67,81.0,0.0,160.0,2689.7,302.166336,0.72116,2690.859916,79.0,2689.7,2,117.0,1036.8,5,2,5,False,133.85,1036.8,87.0901,121871,1091.63,976.0,60.8,0.8037,0,8,0,0,0,10,2,
496,instance_n=20_63_c09,instance_n=20_63,Otto,20,1239.0,OK,7,1,6686.18,69.0613,88.019,2026-05-11T02:03:42.922810,c09,9,high,high,mid,low,fixed,fixed,2.1304,0.8895,1.0029,1.0461,0.1856,0.0438,0.026,0.0269,0.05,5.0,task,9042,184521.05,0.656486,176.0,2958.67,81.0,0.0,160.0,2689.7,302.166336,0.72116,2690.859916,79.0,2689.7,3,112.0,1062.3000000000002,5,2,4,False,263.15,1062.3,75.2283,31336,1060.89,1050.0,12.3,0.9504,6,9,0,0,0,4,1,
497,instance_n=20_63_c09,instance_n=20_63,Otto,20,1239.0,OK,7,1,6686.18,69.0613,88.019,2026-05-11T02:03:42.922810,c09,9,high,high,mid,low,fixed,fixed,2.1304,0.8895,1.0029,1.0461,0.1856,0.0438,0.026,0.0269,0.05,5.0,task,9042,184521.05,0.656486,176.0,2958.67,81.0,0.0,160.0,2689.7,302.166336,0.72116,2690.859916,79.0,2689.7,4,99.0,1839.4499999999998,7,1,7,False,220.38534377,1839.45,88.019,110210,413.73,1779.0,60.45,0.8606,0,15,0,0,0,4,1,
498,instance_n=20_63_c09,instance_n=20_63,Otto,20,1239.0,OK,7,1,6686.18,69.0613,88.019,2026-05-11T02:03:42.922810,c09,9,high,high,mid,low,fixed,fixed,2.1304,0.8895,1.0029,1.0461,0.1856,0.0438,0.026,0.0269,0.05,5.0,task,9042,184521.05,0.656486,176.0,2958.67,81.0,0.0,160.0,2689.7,302.166336,0.72116,2690.859916,79.0,2689.7,5,94.0,1869.0500000000002,7,1,6,False,287.90496981,1869.05,84.5962,26472,1972.6,1857.0,12.05,0.9676,4,16,0,0,0,0,0,
499,instance_n=20_63_c09,instance_n=20_63,Otto,20,1239.0,OK,7,1,6686.18,69.0613,88.019,2026-05-11T02:03:42.922810,c09,9,high,high,mid,low,fixed,fixed,2.1304,0.8895,1.0029,1.0461,0.1856,0.0438,0.026,0.0269,0.05,5.0,task,9042,184521.05,0.656486,176.0,2958.67,81.0,0.0,160.0,2689.7,302.166336,0.72116,2690.859916,79.0,2689.7,6,81.0,2689.7000000000007,9,0,9,False,718.28958462,2689.7,73.2948,45143,1055.75,2631.0,58.7,0.8947,0,20,0,0,0,0,0,
500,instance_n=20_68_c01,instance_n=20_68,Otto,20,1000.0,OK,4,2,1679.55,16.1522,49.8047,2026-05-12T23:02:33.713253,c01,1,low,low,low,low,fixed,fixed,0.9872,0.3753,0.8974,1.041,0.0714,0.0374,0.0307,0.0229,0.05,5.0,task,1042,53387.85,0.617875,132.0,822.91,27.0,0.0,120.0,748.1,170.102917,0.601251,753.858481,93.0,748.1,0,120.0,0.0,3,3,0,True,120.0,120.0,0.0,0,0.02,0.0,0.0,,20,0,0,0,0,0,0,0
501,instance_n=20_68_c01,instance_n=20_68,Otto,20,1000.0,OK,4,2,1679.55,16.1522,49.8047,2026-05-12T23:02:33.713253,c01,1,low,low,low,low,fixed,fixed,0.9872,0.3753,0.8974,1.041,0.0714,0.0374,0.0307,0.0229,0.05,5.0,task,1042,53387.85,0.617875,132.0,822.91,27.0,0.0,120.0,748.1,170.102917,0.601251,753.858481,93.0,748.1,1,85.0,128.0,2,2,1,False,64.25,128.0,49.8047,28041,1116.37,115.0,13.0,0.74,8,0,0,0,12,0,0,941861
502,instance_n=20_68_c01,instance_n=20_68,Otto,20,1000.0,OK,4,2,1679.55,16.1522,49.8047,2026-05-12T23:02:33.713253,c01,1,low,low,low,low,fixed,fixed,0.9872,0.3753,0.8974,1.041,0.0714,0.0374,0.0307,0.0229,0.05,5.0,task,1042,53387.85,0.617875,132.0,822.91,27.0,0.0,120.0,748.1,170.102917,0.601251,753.858481,93.0,748.1,2,54.0,269.0,2,1,2,False,229.17687133,269.0,14.8041,36443,561.5,233.0,36.0,0.64,0,2,0,0,18,0,0,968777
503,instance_n=20_68_c01,instance_n=20_68,Otto,20,1000.0,OK,4,2,1679.55,16.1522,49.8047,2026-05-12T23:02:33.713253,c01,1,low,low,low,low,fixed,fixed,0.9872,0.3753,0.8974,1.041,0.0714,0.0374,0.0307,0.0229,0.05,5.0,task,1042,53387.85,0.617875,132.0,822.91,27.0,0.0,120.0,748.1,170.102917,0.601251,753.858481,93.0,748.1,3,27.0,748.1,3,0,3,True,748.1,748.1,0.0,0,0.57,741.0,7.1,0.9527,0,20,0,0,0,0,0,896
504,instance_n=20_68_c02,instance_n=20_68,Otto,20,1000.0,OK,5,2,3010.73,41.4643,80.8278,2026-05-12T23:52:44.442304,c02,2,low,mid,mid,mid,fixed,fixed,0.9747,0.6363,1.0065,1.1801,0.0751,0.0437,0.0322,0.0481,0.05,5.0,task,2042,42455.75,0.479372,132.0,843.48,27.0,0.0,120.0,766.8,147.412048,0.47931,772.419083,93.0,766.8,0,120.0,0.0,3,3,0,True,120.0,120.0,0.0,0,0.02,0.0,0.0,,20,0,0,0,0,0,0,0
505,instance_n=20_68_c02,instance_n=20_68,Otto,20,1000.0,OK,5,2,3010.73,41.4643,80.8278,2026-05-12T23:52:44.442304,c02,2,low,mid,mid,mid,fixed,fixed,0.9747,0.6363,1.0065,1.1801,0.0751,0.0437,0.0322,0.0481,0.05,5.0,task,2042,42455.75,0.479372,132.0,843.48,27.0,0.0,120.0,766.8,147.412048,0.47931,772.419083,93.0,766.8,1,89.0,234.0,3,2,1,False,62.511256803,234.0,73.2858,17514,981.05,229.0,5.0,0.9,13,7,0,0,0,0,0,1576920
506,instance_n=20_68_c02,instance_n=20_68,Otto,20,1000.0,OK,5,2,3010.73,41.4643,80.8278,2026-05-12T23:52:44.442304,c02,2,low,mid,mid,mid,fixed,fixed,0.9747,0.6363,1.0065,1.1801,0.0751,0.0437,0.0322,0.0481,0.05,5.0,task,2042,42455.75,0.479372,132.0,843.48,27.0,0.0,120.0,766.8,147.412048,0.47931,772.419083,93.0,766.8,2,63.0,485.59999999999997,3,1,3,False,93.1,485.6,80.8278,43255,1010.84,444.0,41.6,0.7227,0,7,0,0,0,6,7,1434824
507,instance_n=20_68_c02,instance_n=20_68,Otto,20,1000.0,OK,5,2,3010.73,41.4643,80.8278,2026-05-12T23:52:44.442304,c02,2,low,mid,mid,mid,fixed,fixed,0.9747,0.6363,1.0065,1.1801,0.0751,0.0437,0.0322,0.0481,0.05,5.0,task,2042,42455.75,0.479372,132.0,843.48,27.0,0.0,120.0,766.8,147.412048,0.47931,772.419083,93.0,766.8,3,58.0,491.85,3,1,2,True,491.85,491.85,0.0,113237,25.48,484.0,7.85,0.9215,6,14,0,0,0,0,0,1702787
508,instance_n=20_68_c02,instance_n=20_68,Otto,20,1000.0,OK,5,2,3010.73,41.4643,80.8278,2026-05-12T23:52:44.442304,c02,2,low,mid,mid,mid,fixed,fixed,0.9747,0.6363,1.0065,1.1801,0.0751,0.0437,0.0322,0.0481,0.05,5.0,task,2042,42455.75,0.479372,132.0,843.48,27.0,0.0,120.0,766.8,147.412048,0.47931,772.419083,93.0,766.8,4,27.0,766.8,3,0,3,False,358.8,766.8,53.2081,85011,991.98,759.0,7.8,0.948,0,20,0,0,0,0,0,1787636
509,instance_n=20_68_c03,instance_n=20_68,Otto,20,1000.0,OK,4,2,1694.47,24.6862,62.5458,2026-05-13T00:20:58.915995,c03,3,low,high,high,high,fixed,fixed,0.976,0.8664,1.0726,1.3583,0.0685,0.0356,0.0126,0.0461,0.05,5.0,task,3042,40938.15,0.478008,132.0,815.65,27.0,0.0,120.0,741.5,21.190918,0.074333,747.30934,93.0,741.5,0,120.0,0.0,3,3,0,True,120.0,120.0,0.0,0,0.02,0.0,0.0,,20,0,0,0,0,0,0,0
510,instance_n=20_68_c03,instance_n=20_68,Otto,20,1000.0,OK,4,2,1694.47,24.6862,62.5458,2026-05-13T00:20:58.915995,c03,3,low,high,high,high,fixed,fixed,0.976,0.8664,1.0726,1.3583,0.0685,0.0356,0.0126,0.0461,0.05,5.0,task,3042,40938.15,0.478008,132.0,815.65,27.0,0.0,120.0,741.5,21.190918,0.074333,747.30934,93.0,741.5,1,89.0,234.25,3,2,1,False,87.736402776,234.25,62.5458,11248,649.04,230.0,4.25,0.915,14,6,0,0,0,0,0,653434
511,instance_n=20_68_c03,instance_n=20_68,Otto,20,1000.0,OK,4,2,1694.47,24.6862,62.5458,2026-05-13T00:20:58.915995,c03,3,low,high,high,high,fixed,fixed,0.976,0.8664,1.0726,1.3583,0.0685,0.0356,0.0126,0.0461,0.05,5.0,task,3042,40938.15,0.478008,132.0,815.65,27.0,0.0,120.0,741.5,21.190918,0.074333,747.30934,93.0,741.5,2,58.0,466.35,3,1,2,False,297.53548866,466.35,36.1991,19576,1043.01,458.0,8.35,0.9165,8,12,0,0,0,0,0,1156659
512,instance_n=20_68_c03,instance_n=20_68,Otto,20,1000.0,OK,4,2,1694.47,24.6862,62.5458,2026-05-13T00:20:58.915995,c03,3,low,high,high,high,fixed,fixed,0.976,0.8664,1.0726,1.3583,0.0685,0.0356,0.0126,0.0461,0.05,5.0,task,3042,40938.15,0.478008,132.0,815.65,27.0,0.0,120.0,741.5,21.190918,0.074333,747.30934,93.0,741.5,3,27.0,741.5,3,0,3,True,741.5,741.5,0.0,2788,1.34,734.0,7.5,0.95,0,20,0,0,0,0,0,69417
513,instance_n=20_68_c04,instance_n=20_68,Otto,20,1000.0,OK,4,4,9.13,0.0,0.0,2026-05-13T00:21:08.053061,c04,4,mid,low,mid,high,fixed,fixed,1.4377,0.3723,1.0021,1.3683,0.1027,0.0414,0.0209,0.043,0.05,5.0,task,4042,86802.965,0.792895,132.0,1258.345,45.0,0.0,120.0,1143.95,366.027279,0.868458,1146.40595,75.0,1143.95,0,120.0,0.0,3,3,0,True,120.0,120.0,0.0,0,0.02,0.0,0.0,,20,0,0,0,0,0,0,0
514,instance_n=20_68_c04,instance_n=20_68,Otto,20,1000.0,OK,4,4,9.13,0.0,0.0,2026-05-13T00:21:08.053061,c04,4,mid,low,mid,high,fixed,fixed,1.4377,0.3723,1.0021,1.3683,0.1027,0.0414,0.0209,0.043,0.05,5.0,task,4042,86802.965,0.792895,132.0,1258.345,45.0,0.0,120.0,1143.95,366.027279,0.868458,1146.40595,75.0,1143.95,1,85.0,123.8,2,2,1,True,123.8,123.8,0.0,1919,4.92,108.0,15.8,0.684,7,0,0,0,13,0,0,129294
515,instance_n=20_68_c04,instance_n=20_68,Otto,20,1000.0,OK,4,4,9.13,0.0,0.0,2026-05-13T00:21:08.053061,c04,4,mid,low,mid,high,fixed,fixed,1.4377,0.3723,1.0021,1.3683,0.1027,0.0414,0.0209,0.043,0.05,5.0,task,4042,86802.965,0.792895,132.0,1258.345,45.0,0.0,120.0,1143.95,366.027279,0.868458,1146.40595,75.0,1143.95,2,54.0,259.5,2,1,2,True,259.5,259.5,0.0,229,2.44,222.0,37.5,0.625,0,2,0,0,18,0,0,44473
516,instance_n=20_68_c04,instance_n=20_68,Otto,20,1000.0,OK,4,4,9.13,0.0,0.0,2026-05-13T00:21:08.053061,c04,4,mid,low,mid,high,fixed,fixed,1.4377,0.3723,1.0021,1.3683,0.1027,0.0414,0.0209,0.043,0.05,5.0,task,4042,86802.965,0.792895,132.0,1258.345,45.0,0.0,120.0,1143.95,366.027279,0.868458,1146.40595,75.0,1143.95,3,45.0,1143.95,5,0,5,True,1143.95,1143.95,0.0,0,0.54,1104.0,39.95,0.8402,0,20,0,0,0,0,0,880
517,instance_n=20_68_c05,instance_n=20_68,Otto,20,1000.0,OK,4,2,2615.63,26.7617,59.9131,2026-05-13T01:04:43.689018,c05,5,mid,mid,high,low,fixed,fixed,1.4094,0.6231,1.0757,1.0525,0.0963,0.0379,0.0142,0.0279,0.05,5.0,task,5042,62738.025,0.59341,132.0,1215.225,45.0,0.0,120.0,1104.75,126.945349,0.252198,1107.292898,75.0,1104.75,0,120.0,0.0,3,3,0,True,120.0,120.0,0.0,0,0.02,0.0,0.0,,20,0,0,0,0,0,0,0
518,instance_n=20_68_c05,instance_n=20_68,Otto,20,1000.0,OK,4,2,2615.63,26.7617,59.9131,2026-05-13T01:04:43.689018,c05,5,mid,mid,high,low,fixed,fixed,1.4094,0.6231,1.0757,1.0525,0.0963,0.0379,0.0142,0.0279,0.05,5.0,task,5042,62738.025,0.59341,132.0,1215.225,45.0,0.0,120.0,1104.75,126.945349,0.252198,1107.292898,75.0,1104.75,1,90.0,227.65,2,2,2,False,120.35,227.65,47.1338,57373,954.82,203.0,24.65,0.7535,0,0,0,0,0,13,7,1135366
519,instance_n=20_68_c05,instance_n=20_68,Otto,20,1000.0,OK,4,2,2615.63,26.7617,59.9131,2026-05-13T01:04:43.689018,c05,5,mid,mid,high,low,fixed,fixed,1.4094,0.6231,1.0757,1.0525,0.0963,0.0379,0.0142,0.0279,0.05,5.0,task,5042,62738.025,0.59341,132.0,1215.225,45.0,0.0,120.0,1104.75,126.945349,0.252198,1107.292898,75.0,1104.75,2,63.0,602.6500000000001,3,1,3,False,241.58377513,602.65,59.9131,59142,708.83,591.0,11.65,0.9223,0,9,0,0,0,6,5,1861684
520,instance_n=20_68_c05,instance_n=20_68,Otto,20,1000.0,OK,4,2,2615.63,26.7617,59.9131,2026-05-13T01:04:43.689018,c05,5,mid,mid,high,low,fixed,fixed,1.4094,0.6231,1.0757,1.0525,0.0963,0.0379,0.0142,0.0279,0.05,5.0,task,5042,62738.025,0.59341,132.0,1215.225,45.0,0.0,120.0,1104.75,126.945349,0.252198,1107.292898,75.0,1104.75,3,45.0,1104.7500000000002,5,0,5,True,1104.75,1104.75,0.0,6932,7.83,1059.0,45.75,0.817,0,20,0,0,0,0,0,438189
521,instance_n=20_68_c06,instance_n=20_68,Otto,20,1000.0,OK,4,1,2913.85,48.0528,76.8387,2026-05-13T01:53:17.538319,c06,6,mid,high,low,mid,fixed,fixed,1.4015,0.8585,0.9059,1.1681,0.1146,0.0461,0.0257,0.0498,0.05,5.0,task,6042,53694.625,0.516998,132.0,1193.775,45.0,0.0,120.0,1085.25,46.602647,0.0934,1087.838482,75.0,1085.25,0,120.0,0.0,3,3,0,True,120.0,120.0,0.0,0,0.02,0.0,0.0,,20,0,0,0,0,0,0,0
522,instance_n=20_68_c06,instance_n=20_68,Otto,20,1000.0,OK,4,1,2913.85,48.0528,76.8387,2026-05-13T01:53:17.538319,c06,6,mid,high,low,mid,fixed,fixed,1.4015,0.8585,0.9059,1.1681,0.1146,0.0461,0.0257,0.0498,0.05,5.0,task,6042,53694.625,0.516998,132.0,1193.775,45.0,0.0,120.0,1085.25,46.602647,0.0934,1087.838482,75.0,1085.25,1,94.0,310.75,3,2,2,False,124.47212453,310.75,59.9446,40926,1006.32,291.0,19.75,0.8025,8,3,0,0,0,5,4,1420899
523,instance_n=20_68_c06,instance_n=20_68,Otto,20,1000.0,OK,4,1,2913.85,48.0528,76.8387,2026-05-13T01:53:17.538319,c06,6,mid,high,low,mid,fixed,fixed,1.4015,0.8585,0.9059,1.1681,0.1146,0.0461,0.0257,0.0498,0.05,5.0,task,6042,53694.625,0.516998,132.0,1193.775,45.0,0.0,120.0,1085.25,46.602647,0.0934,1087.838482,75.0,1085.25,2,67.0,674.4,4,1,3,False,156.2,674.4,76.8387,79498,957.64,656.0,18.4,0.8773,7,13,0,0,0,0,0,1420660
524,instance_n=20_68_c06,instance_n=20_68,Otto,20,1000.0,OK,4,1,2913.85,48.0528,76.8387,2026-05-13T01:53:17.538319,c06,6,mid,high,low,mid,fixed,fixed,1.4015,0.8585,0.9059,1.1681,0.1146,0.0461,0.0257,0.0498,0.05,5.0,task,6042,53694.625,0.516998,132.0,1193.775,45.0,0.0,120.0,1085.25,46.602647,0.0934,1087.838482,75.0,1085.25,3,45.0,1085.2499999999998,5,0,5,False,483.71914358,1085.25,55.4279,89981,948.58,1040.0,45.25,0.819,0,20,0,0,0,0,0,2170874
525,instance_n=20_68_c07,instance_n=20_68,Otto,20,1000.0,OK,3,3,6.55,0.0,0.0,2026-05-13T01:53:24.086378,c07,7,high,low,high,mid,fixed,fixed,2.1571,0.3772,1.0761,1.1891,0.1865,0.0405,0.0125,0.0392,0.05,5.0,task,7042,12182.89,0.470483,132.0,331.98,54.0,0.0,120.0,301.8,28.232428,0.164107,308.93242,66.0,301.8,0,120.0,0.0,3,3,0,True,120.0,120.0,0.0,0,0.02,0.0,0.0,,20,0,0,0,0,0,0,0
526,instance_n=20_68_c07,instance_n=20_68,Otto,20,1000.0,OK,3,3,6.55,0.0,0.0,2026-05-13T01:53:24.086378,c07,7,high,low,high,mid,fixed,fixed,2.1571,0.3772,1.0761,1.1891,0.1865,0.0405,0.0125,0.0392,0.05,5.0,task,7042,12182.89,0.470483,132.0,331.98,54.0,0.0,120.0,301.8,28.232428,0.164107,308.93242,66.0,301.8,1,85.0,124.45,2,2,1,True,124.45,124.45,0.0,1198,3.71,109.0,15.45,0.691,8,0,0,0,12,0,0,64200
527,instance_n=20_68_c07,instance_n=20_68,Otto,20,1000.0,OK,3,3,6.55,0.0,0.0,2026-05-13T01:53:24.086378,c07,7,high,low,high,mid,fixed,fixed,2.1571,0.3772,1.0761,1.1891,0.1865,0.0405,0.0125,0.0392,0.05,5.0,task,7042,12182.89,0.470483,132.0,331.98,54.0,0.0,120.0,301.8,28.232428,0.164107,308.93242,66.0,301.8,2,54.0,301.79999999999995,2,1,2,True,301.8,301.8,0.0,171,1.78,276.0,25.8,0.742,0,2,0,0,18,0,0,30247
528,instance_n=20_68_c08,instance_n=20_68,Otto,20,1000.0,OK,4,3,1085.08,7.1263,28.5051,2026-05-13T02:11:29.172949,c08,8,high,mid,low,high,fixed,fixed,2.1185,0.6368,0.9064,1.3656,0.2282,0.034,0.0301,0.0598,0.05,5.0,task,8042,83129.49,0.681083,132.0,1768.91,63.0,0.0,120.0,1608.1,209.713795,0.298308,1609.109881,57.0,1608.1,0,120.0,0.0,3,3,0,True,120.0,120.0,0.0,0,0.02,0.0,0.0,,20,0,0,0,0,0,0,0
529,instance_n=20_68_c08,instance_n=20_68,Otto,20,1000.0,OK,4,3,1085.08,7.1263,28.5051,2026-05-13T02:11:29.172949,c08,8,high,mid,low,high,fixed,fixed,2.1185,0.6368,0.9064,1.3656,0.2282,0.034,0.0301,0.0598,0.05,5.0,task,8042,83129.49,0.681083,132.0,1768.91,63.0,0.0,120.0,1608.1,209.713795,0.298308,1609.109881,57.0,1608.1,1,90.0,295.0,2,2,2,False,210.90981541,295.0,28.5051,15465,1054.83,288.0,7.0,0.93,0,0,0,0,20,0,0,978803
530,instance_n=20_68_c08,instance_n=20_68,Otto,20,1000.0,OK,4,3,1085.08,7.1263,28.5051,2026-05-13T02:11:29.172949,c08,8,high,mid,low,high,fixed,fixed,2.1185,0.6368,0.9064,1.3656,0.2282,0.034,0.0301,0.0598,0.05,5.0,task,8042,83129.49,0.681083,132.0,1768.91,63.0,0.0,120.0,1608.1,209.713795,0.298308,1609.109881,57.0,1608.1,2,72.0,866.8000000000001,4,1,4,True,866.8,866.8,0.0,23554,26.76,856.0,10.8,0.946,0,10,0,0,10,0,0,780460
531,instance_n=20_68_c08,instance_n=20_68,Otto,20,1000.0,OK,4,3,1085.08,7.1263,28.5051,2026-05-13T02:11:29.172949,c08,8,high,mid,low,high,fixed,fixed,2.1185,0.6368,0.9064,1.3656,0.2282,0.034,0.0301,0.0598,0.05,5.0,task,8042,83129.49,0.681083,132.0,1768.91,63.0,0.0,120.0,1608.1,209.713795,0.298308,1609.109881,57.0,1608.1,3,63.0,1608.1,7,0,7,True,1608.1,1608.1,0.0,666,1.79,1566.0,42.1,0.8797,0,20,0,0,0,0,0,39521
532,instance_n=20_68_c09,instance_n=20_68,Otto,20,1000.0,OK,5,1,6168.32,49.9369,71.3354,2026-05-13T03:54:17.497610,c09,9,high,high,mid,low,fixed,fixed,2.1304,0.8895,1.0029,1.0461,0.1856,0.0438,0.026,0.0269,0.05,5.0,task,9042,72214.325,0.56981,132.0,1836.725,63.0,0.0,120.0,1669.75,250.362197,0.419325,1670.722617,57.0,1669.75,0,120.0,0.0,3,3,0,True,120.0,120.0,0.0,0,0.02,0.0,0.0,,20,0,0,0,0,0,0,0
533,instance_n=20_68_c09,instance_n=20_68,Otto,20,1000.0,OK,5,1,6168.32,49.9369,71.3354,2026-05-13T03:54:17.497610,c09,9,high,high,mid,low,fixed,fixed,2.1304,0.8895,1.0029,1.0461,0.1856,0.0438,0.026,0.0269,0.05,5.0,task,9042,72214.325,0.56981,132.0,1836.725,63.0,0.0,120.0,1669.75,250.362197,0.419325,1670.722617,57.0,1669.75,1,99.0,353.9,3,2,3,False,129.55,353.9,63.3936,54595,972.19,310.0,43.9,0.7073,0,1,0,0,0,12,7,1224835
534,instance_n=20_68_c09,instance_n=20_68,Otto,20,1000.0,OK,5,1,6168.32,49.9369,71.3354,2026-05-13T03:54:17.497610,c09,9,high,high,mid,low,fixed,fixed,2.1304,0.8895,1.0029,1.0461,0.1856,0.0438,0.026,0.0269,0.05,5.0,task,9042,72214.325,0.56981,132.0,1836.725,63.0,0.0,120.0,1669.75,250.362197,0.419325,1670.722617,57.0,1669.75,2,98.0,484.5,4,2,2,False,138.88021969,484.5,71.3354,57007,1049.49,480.0,4.5,0.955,13,7,0,0,0,0,0,1227494
535,instance_n=20_68_c09,instance_n=20_68,Otto,20,1000.0,OK,5,1,6168.32,49.9369,71.3354,2026-05-13T03:54:17.497610,c09,9,high,high,mid,low,fixed,fixed,2.1304,0.8895,1.0029,1.0461,0.1856,0.0438,0.026,0.0269,0.05,5.0,task,9042,72214.325,0.56981,132.0,1836.725,63.0,0.0,120.0,1669.75,250.362197,0.419325,1670.722617,57.0,1669.75,3,81.0,973.4,5,1,5,False,431.53370995,973.4,55.6674,35722,983.99,928.0,45.4,0.8184,0,10,0,0,0,7,3,1753585
536,instance_n=20_68_c09,instance_n=20_68,Otto,20,1000.0,OK,5,1,6168.32,49.9369,71.3354,2026-05-13T03:54:17.497610,c09,9,high,high,mid,low,fixed,fixed,2.1304,0.8895,1.0029,1.0461,0.1856,0.0438,0.026,0.0269,0.05,5.0,task,9042,72214.325,0.56981,132.0,1836.725,63.0,0.0,120.0,1669.75,250.362197,0.419325,1670.722617,57.0,1669.75,4,63.0,1669.7499999999998,7,0,7,False,679.78938994,1669.75,59.288,96857,1127.67,1630.0,39.75,0.8864,0,20,0,0,0,0,0,2282457
537,instance_n=20_69_c01,instance_n=20_69,Otto,20,1000.0,OK,3,2,1081.89,15.2788,45.8365,2026-05-12T18:38:12.288001,c01,1,low,low,low,low,fixed,fixed,0.9872,0.3753,0.8974,1.041,0.0714,0.0374,0.0307,0.0229,0.05,5.0,task,1042,20908.75,0.531654,88.0,561.825,18.0,0.0,80.0,510.75,137.553702,0.470028,514.499332,62.0,510.75,0,80.0,0.0,2,2,0,True,80.0,80.0,0.0,0,0.02,0.0,0.0,,20,0,0,0,0,0,0,41
538,instance_n=20_69_c01,instance_n=20_69,Otto,20,1000.0,OK,3,2,1081.89,15.2788,45.8365,2026-05-12T18:38:12.288001,c01,1,low,low,low,low,fixed,fixed,0.9872,0.3753,0.8974,1.041,0.0714,0.0374,0.0307,0.0229,0.05,5.0,task,1042,20908.75,0.531654,88.0,561.825,18.0,0.0,80.0,510.75,137.553702,0.470028,514.499332,62.0,510.75,1,45.0,132.25,1,1,1,False,71.631172952,132.25,45.8365,22683,1080.64,119.0,13.25,0.735,0,0,0,0,20,0,0,1042400
539,instance_n=20_69_c01,instance_n=20_69,Otto,20,1000.0,OK,3,2,1081.89,15.2788,45.8365,2026-05-12T18:38:12.288001,c01,1,low,low,low,low,fixed,fixed,0.9872,0.3753,0.8974,1.041,0.0714,0.0374,0.0307,0.0229,0.05,5.0,task,1042,20908.75,0.531654,88.0,561.825,18.0,0.0,80.0,510.75,137.553702,0.470028,514.499332,62.0,510.75,2,18.0,510.75,2,0,2,True,510.75,510.75,0.0,0,0.38,508.0,2.75,0.9725,0,20,0,0,0,0,0,0
540,instance_n=20_69_c02,instance_n=20_69,Otto,20,1000.0,OK,4,3,903.12,5.7329,22.9315,2026-05-12T18:53:15.407208,c02,2,low,mid,mid,mid,fixed,fixed,0.9747,0.6363,1.0065,1.1801,0.0751,0.0437,0.0322,0.0481,0.05,5.0,task,2042,16528.0,0.416391,88.0,567.05,18.0,0.0,80.0,515.5,156.958211,0.630717,519.215033,62.0,515.5,0,80.0,0.0,2,2,0,True,80.0,80.0,0.0,0,0.02,0.0,0.0,,20,0,0,0,0,0,0,41
541,instance_n=20_69_c02,instance_n=20_69,Otto,20,1000.0,OK,4,3,903.12,5.7329,22.9315,2026-05-12T18:53:15.407208,c02,2,low,mid,mid,mid,fixed,fixed,0.9747,0.6363,1.0065,1.1801,0.0751,0.0437,0.0322,0.0481,0.05,5.0,task,2042,16528.0,0.416391,88.0,567.05,18.0,0.0,80.0,515.5,156.958211,0.630717,519.215033,62.0,515.5,1,54.0,230.5,2,1,2,False,177.64291454,230.5,22.9315,79794,899.22,191.0,39.5,0.605,0,4,0,0,0,9,7,1788012
542,instance_n=20_69_c02,instance_n=20_69,Otto,20,1000.0,OK,4,3,903.12,5.7329,22.9315,2026-05-12T18:53:15.407208,c02,2,low,mid,mid,mid,fixed,fixed,0.9747,0.6363,1.0065,1.1801,0.0751,0.0437,0.0322,0.0481,0.05,5.0,task,2042,16528.0,0.416391,88.0,567.05,18.0,0.0,80.0,515.5,156.958211,0.630717,519.215033,62.0,515.5,2,49.0,238.4,2,1,1,True,238.4,238.4,0.0,6722,2.18,235.0,3.4,0.932,12,8,0,0,0,0,0,174808
543,instance_n=20_69_c02,instance_n=20_69,Otto,20,1000.0,OK,4,3,903.12,5.7329,22.9315,2026-05-12T18:53:15.407208,c02,2,low,mid,mid,mid,fixed,fixed,0.9747,0.6363,1.0065,1.1801,0.0751,0.0437,0.0322,0.0481,0.05,5.0,task,2042,16528.0,0.416391,88.0,567.05,18.0,0.0,80.0,515.5,156.958211,0.630717,519.215033,62.0,515.5,3,18.0,515.5,2,0,2,True,515.5,515.5,0.0,829,0.58,512.0,3.5,0.965,0,20,0,0,0,0,0,7563
544,instance_n=20_69_c03,instance_n=20_69,Otto,20,1000.0,OK,3,3,64.02,0.0,0.0,2026-05-12T18:54:19.428758,c03,3,low,high,high,high,fixed,fixed,0.976,0.8664,1.0726,1.3583,0.0685,0.0356,0.0126,0.0461,0.05,5.0,task,3042,15646.3,0.399408,88.0,559.625,18.0,0.0,80.0,508.75,4.820875,0.016173,512.513963,62.0,508.75,0,80.0,0.0,2,2,0,True,80.0,80.0,0.0,0,0.02,0.0,0.0,,20,0,0,0,0,0,0,41
545,instance_n=20_69_c03,instance_n=20_69,Otto,20,1000.0,OK,3,3,64.02,0.0,0.0,2026-05-12T18:54:19.428758,c03,3,low,high,high,high,fixed,fixed,0.976,0.8664,1.0726,1.3583,0.0685,0.0356,0.0126,0.0461,0.05,5.0,task,3042,15646.3,0.399408,88.0,559.625,18.0,0.0,80.0,508.75,4.820875,0.016173,512.513963,62.0,508.75,1,49.0,250.2,2,1,1,True,250.2,250.2,0.0,96876,62.69,248.0,2.2,0.956,8,12,0,0,0,0,0,2709883
546,instance_n=20_69_c03,instance_n=20_69,Otto,20,1000.0,OK,3,3,64.02,0.0,0.0,2026-05-12T18:54:19.428758,c03,3,low,high,high,high,fixed,fixed,0.976,0.8664,1.0726,1.3583,0.0685,0.0356,0.0126,0.0461,0.05,5.0,task,3042,15646.3,0.399408,88.0,559.625,18.0,0.0,80.0,508.75,4.820875,0.016173,512.513963,62.0,508.75,2,18.0,508.75,2,0,2,True,508.75,508.75,0.0,0,0.45,505.0,3.75,0.9625,0,20,0,0,0,0,0,266
547,instance_n=20_69_c04,instance_n=20_69,Otto,20,1000.0,OK,3,3,2.5,0.0,0.0,2026-05-12T18:54:21.930184,c04,4,mid,low,mid,high,fixed,fixed,1.4377,0.3723,1.0021,1.3683,0.1027,0.0414,0.0209,0.043,0.05,5.0,task,4042,32076.12,0.641055,88.0,820.27,27.0,0.0,80.0,745.7,271.008216,0.642178,747.581093,53.0,745.7,0,80.0,0.0,2,2,0,True,80.0,80.0,0.0,0,0.03,0.0,0.0,,20,0,0,0,0,0,0,41
548,instance_n=20_69_c04,instance_n=20_69,Otto,20,1000.0,OK,3,3,2.5,0.0,0.0,2026-05-12T18:54:21.930184,c04,4,mid,low,mid,high,fixed,fixed,1.4377,0.3723,1.0021,1.3683,0.1027,0.0414,0.0209,0.043,0.05,5.0,task,4042,32076.12,0.641055,88.0,820.27,27.0,0.0,80.0,745.7,271.008216,0.642178,747.581093,53.0,745.7,1,45.0,129.65,1,1,1,True,129.65,129.65,0.0,0,1.21,116.0,13.65,0.727,0,0,0,0,20,0,0,1243
549,instance_n=20_69_c04,instance_n=20_69,Otto,20,1000.0,OK,3,3,2.5,0.0,0.0,2026-05-12T18:54:21.930184,c04,4,mid,low,mid,high,fixed,fixed,1.4377,0.3723,1.0021,1.3683,0.1027,0.0414,0.0209,0.043,0.05,5.0,task,4042,32076.12,0.641055,88.0,820.27,27.0,0.0,80.0,745.7,271.008216,0.642178,747.581093,53.0,745.7,2,27.0,745.7,3,0,3,True,745.7,745.7,0.0,0,0.41,735.0,10.7,0.9287,0,20,0,0,0,0,0,0
550,instance_n=20_69_c05,instance_n=20_69,Otto,20,1000.0,OK,3,2,303.33,11.4623,34.3869,2026-05-12T18:59:25.266772,c05,5,mid,mid,high,low,fixed,fixed,1.4094,0.6231,1.0757,1.0525,0.0963,0.0379,0.0142,0.0279,0.05,5.0,task,5042,21296.08,0.439096,88.0,795.08,27.0,0.0,80.0,722.8,76.441176,0.180895,724.740533,53.0,722.8,0,80.0,0.0,2,2,0,True,80.0,80.0,0.0,0,0.02,0.0,0.0,,20,0,0,0,0,0,0,41
551,instance_n=20_69_c05,instance_n=20_69,Otto,20,1000.0,OK,3,2,303.33,11.4623,34.3869,2026-05-12T18:59:25.266772,c05,5,mid,mid,high,low,fixed,fixed,1.4094,0.6231,1.0757,1.0525,0.0963,0.0379,0.0142,0.0279,0.05,5.0,task,5042,21296.08,0.439096,88.0,795.08,27.0,0.0,80.0,722.8,76.441176,0.180895,724.740533,53.0,722.8,1,54.0,295.7,2,1,2,False,194.01784155,295.7,34.3869,340306,300.31,271.0,24.7,0.753,0,4,0,0,0,8,8,12768182
552,instance_n=20_69_c05,instance_n=20_69,Otto,20,1000.0,OK,3,2,303.33,11.4623,34.3869,2026-05-12T18:59:25.266772,c05,5,mid,mid,high,low,fixed,fixed,1.4094,0.6231,1.0757,1.0525,0.0963,0.0379,0.0142,0.0279,0.05,5.0,task,5042,21296.08,0.439096,88.0,795.08,27.0,0.0,80.0,722.8,76.441176,0.180895,724.740533,53.0,722.8,2,27.0,722.8,3,0,3,True,722.8,722.8,0.0,4116,2.15,714.0,8.8,0.9413,0,20,0,0,0,0,0,189709
553,instance_n=20_69_c06,instance_n=20_69,Otto,20,1000.0,OK,3,2,302.06,3.4002,10.2006,2026-05-12T19:04:27.333937,c06,6,mid,high,low,mid,fixed,fixed,1.4015,0.8585,0.9059,1.1681,0.1146,0.0461,0.0257,0.0498,0.05,5.0,task,6042,20254.175,0.414203,88.0,801.625,27.0,0.0,80.0,728.75,23.007408,0.053129,730.674731,53.0,728.75,0,80.0,0.0,2,2,0,True,80.0,80.0,0.0,0,0.02,0.0,0.0,,20,0,0,0,0,0,0,41
554,instance_n=20_69_c06,instance_n=20_69,Otto,20,1000.0,OK,3,2,302.06,3.4002,10.2006,2026-05-12T19:04:27.333937,c06,6,mid,high,low,mid,fixed,fixed,1.4015,0.8585,0.9059,1.1681,0.1146,0.0461,0.0257,0.0498,0.05,5.0,task,6042,20254.175,0.414203,88.0,801.625,27.0,0.0,80.0,728.75,23.007408,0.053129,730.674731,53.0,728.75,1,54.0,344.95,2,1,2,False,309.7629926,344.95,10.2006,479377,300.31,330.0,14.95,0.8505,0,6,0,0,0,7,7,10053782
555,instance_n=20_69_c06,instance_n=20_69,Otto,20,1000.0,OK,3,2,302.06,3.4002,10.2006,2026-05-12T19:04:27.333937,c06,6,mid,high,low,mid,fixed,fixed,1.4015,0.8585,0.9059,1.1681,0.1146,0.0461,0.0257,0.0498,0.05,5.0,task,6042,20254.175,0.414203,88.0,801.625,27.0,0.0,80.0,728.75,23.007408,0.053129,730.674731,53.0,728.75,2,27.0,728.7499999999999,3,0,3,True,728.75,728.75,0.0,1175,0.85,717.0,11.75,0.9217,0,20,0,0,0,0,0,38461
556,instance_n=20_69_c07,instance_n=20_69,Otto,20,1000.0,OK,2,2,2.32,0.0,0.0,2026-05-12T19:04:29.658535,c07,7,high,low,high,mid,fixed,fixed,2.1571,0.3772,1.0761,1.1891,0.1865,0.0405,0.0125,0.0392,0.05,5.0,task,7042,1638.36,0.260042,88.0,146.52,45.0,0.0,80.0,133.2,0.0,0.0,137.721603,35.0,133.2,0,80.0,0.0,2,2,0,True,80.0,80.0,0.0,0,0.03,0.0,0.0,,20,0,0,0,0,0,0,41
557,instance_n=20_69_c07,instance_n=20_69,Otto,20,1000.0,OK,2,2,2.32,0.0,0.0,2026-05-12T19:04:29.658535,c07,7,high,low,high,mid,fixed,fixed,2.1571,0.3772,1.0761,1.1891,0.1865,0.0405,0.0125,0.0392,0.05,5.0,task,7042,1638.36,0.260042,88.0,146.52,45.0,0.0,80.0,133.2,0.0,0.0,137.721603,35.0,133.2,1,45.0,133.2,1,1,1,True,133.2,133.2,0.0,0,1.54,121.0,12.2,0.756,0,0,0,0,20,0,0,2745
558,instance_n=20_69_c08,instance_n=20_69,Otto,20,1000.0,OK,3,3,5.74,0.0,0.0,2026-05-12T19:04:35.404621,c08,8,high,mid,low,high,fixed,fixed,2.1185,0.6368,0.9064,1.3656,0.2282,0.034,0.0301,0.0598,0.05,5.0,task,8042,32699.255,0.621212,88.0,1224.135,45.0,0.0,80.0,1112.85,191.997832,0.313094,1113.400253,35.0,1112.85,0,80.0,0.0,2,2,0,True,80.0,80.0,0.0,0,0.02,0.0,0.0,,20,0,0,0,0,0,0,41
559,instance_n=20_69_c08,instance_n=20_69,Otto,20,1000.0,OK,3,3,5.74,0.0,0.0,2026-05-12T19:04:35.404621,c08,8,high,mid,low,high,fixed,fixed,2.1185,0.6368,0.9064,1.3656,0.2282,0.034,0.0301,0.0598,0.05,5.0,task,8042,32699.255,0.621212,88.0,1224.135,45.0,0.0,80.0,1112.85,191.997832,0.313094,1113.400253,35.0,1112.85,1,54.0,381.65,2,1,2,True,381.65,381.65,0.0,4723,4.17,374.0,7.65,0.9235,0,6,0,0,14,0,0,165903
560,instance_n=20_69_c08,instance_n=20_69,Otto,20,1000.0,OK,3,3,5.74,0.0,0.0,2026-05-12T19:04:35.404621,c08,8,high,mid,low,high,fixed,fixed,2.1185,0.6368,0.9064,1.3656,0.2282,0.034,0.0301,0.0598,0.05,5.0,task,8042,32699.255,0.621212,88.0,1224.135,45.0,0.0,80.0,1112.85,191.997832,0.313094,1113.400253,35.0,1112.85,2,45.0,1112.85,5,0,5,True,1112.85,1112.85,0.0,0,0.54,1074.0,38.85,0.8446,0,20,0,0,0,0,0,313
561,instance_n=20_69_c09,instance_n=20_69,Otto,20,1000.0,OK,3,2,1010.94,22.7955,68.3865,2026-05-12T19:21:26.346780,c09,9,high,high,mid,low,fixed,fixed,2.1304,0.8895,1.0029,1.0461,0.1856,0.0438,0.026,0.0269,0.05,5.0,task,9042,25447.565,0.466592,88.0,1268.355,45.0,0.0,80.0,1153.05,100.025934,0.149273,1153.581078,35.0,1153.05,0,80.0,0.0,2,2,0,True,80.0,80.0,0.0,0,0.02,0.0,0.0,,20,0,0,0,0,0,0,41
562,instance_n=20_69_c09,instance_n=20_69,Otto,20,1000.0,OK,3,2,1010.94,22.7955,68.3865,2026-05-12T19:21:26.346780,c09,9,high,high,mid,low,fixed,fixed,2.1304,0.8895,1.0029,1.0461,0.1856,0.0438,0.026,0.0269,0.05,5.0,task,9042,25447.565,0.466592,88.0,1268.355,45.0,0.0,80.0,1153.05,100.025934,0.149273,1153.581078,35.0,1153.05,1,63.0,490.4,3,1,3,False,155.0327934,490.4,68.3865,11689,965.49,447.0,43.4,0.7107,0,8,0,0,0,8,4,356401
563,instance_n=20_69_c09,instance_n=20_69,Otto,20,1000.0,OK,3,2,1010.94,22.7955,68.3865,2026-05-12T19:21:26.346780,c09,9,high,high,mid,low,fixed,fixed,2.1304,0.8895,1.0029,1.0461,0.1856,0.0438,0.026,0.0269,0.05,5.0,task,9042,25447.565,0.466592,88.0,1268.355,45.0,0.0,80.0,1153.05,100.025934,0.149273,1153.581078,35.0,1153.05,2,45.0,1153.0499999999997,5,0,5,True,1153.05,1153.05,0.0,167377,44.42,1115.0,38.05,0.8478,0,20,0,0,0,0,0,3759707
564,instance_n=20_73_c01,instance_n=20_73,Otto,20,1000.0,OK,3,2,1014.05,16.7974,50.3921,2026-05-13T04:11:11.546620,c01,1,low,low,low,low,fixed,fixed,0.9872,0.3753,0.8974,1.041,0.0714,0.0374,0.0307,0.0229,0.05,5.0,task,1042,20577.25,0.526887,88.0,557.92,18.0,0.0,80.0,507.2,130.423426,0.449618,510.975381,62.0,507.2,0,80.0,0.0,2,2,0,True,80.0,80.0,0.0,0,0.02,0.0,0.0,,20,0,0,0,0,0,0,141
565,instance_n=20_73_c01,instance_n=20_73,Otto,20,1000.0,OK,3,2,1014.05,16.7974,50.3921,2026-05-13T04:11:11.546620,c01,1,low,low,low,low,fixed,fixed,0.9872,0.3753,0.8974,1.041,0.0714,0.0374,0.0307,0.0229,0.05,5.0,task,1042,20577.25,0.526887,88.0,557.92,18.0,0.0,80.0,507.2,130.423426,0.449618,510.975381,62.0,507.2,1,45.0,136.65,1,1,1,False,67.789153579,136.65,50.3921,68946,1012.73,124.0,12.65,0.747,0,0,0,0,20,0,0,704121
566,instance_n=20_73_c01,instance_n=20_73,Otto,20,1000.0,OK,3,2,1014.05,16.7974,50.3921,2026-05-13T04:11:11.546620,c01,1,low,low,low,low,fixed,fixed,0.9872,0.3753,0.8974,1.041,0.0714,0.0374,0.0307,0.0229,0.05,5.0,task,1042,20577.25,0.526887,88.0,557.92,18.0,0.0,80.0,507.2,130.423426,0.449618,510.975381,62.0,507.2,2,18.0,507.20000000000005,2,0,2,True,507.2,507.2,0.0,0,0.42,504.0,3.2,0.968,0,20,0,0,0,0,0,0
567,instance_n=20_73_c02,instance_n=20_73,Otto,20,1000.0,OK,4,2,2110.12,26.9353,59.5433,2026-05-13T04:46:21.671633,c02,2,low,mid,mid,mid,fixed,fixed,0.9747,0.6363,1.0065,1.1801,0.0751,0.0437,0.0322,0.0481,0.05,5.0,task,2042,16813.0,0.4167,88.0,576.4,18.0,0.0,80.0,524.0,159.928984,0.63288,527.65519,62.0,524.0,0,80.0,0.0,2,2,0,True,80.0,80.0,0.0,0,0.02,0.0,0.0,,20,0,0,0,0,0,0,141
568,instance_n=20_73_c02,instance_n=20_73,Otto,20,1000.0,OK,4,2,2110.12,26.9353,59.5433,2026-05-13T04:46:21.671633,c02,2,low,mid,mid,mid,fixed,fixed,0.9747,0.6363,1.0065,1.1801,0.0751,0.0437,0.0322,0.0481,0.05,5.0,task,2042,16813.0,0.4167,88.0,576.4,18.0,0.0,80.0,524.0,159.928984,0.63288,527.65519,62.0,524.0,1,54.0,234.0,2,1,2,False,94.668755718,234.0,59.5433,101793,987.42,194.0,40.0,0.6,0,3,0,0,0,11,6,2394954
569,instance_n=20_73_c02,instance_n=20_73,Otto,20,1000.0,OK,4,2,2110.12,26.9353,59.5433,2026-05-13T04:46:21.671633,c02,2,low,mid,mid,mid,fixed,fixed,0.9747,0.6363,1.0065,1.1801,0.0751,0.0437,0.0322,0.0481,0.05,5.0,task,2042,16813.0,0.4167,88.0,576.4,18.0,0.0,80.0,524.0,159.928984,0.63288,527.65519,62.0,524.0,2,49.0,241.4,2,1,1,False,125.05,241.4,48.198,315438,1090.89,237.0,4.4,0.912,10,10,0,0,0,0,0,5607128
570,instance_n=20_73_c02,instance_n=20_73,Otto,20,1000.0,OK,4,2,2110.12,26.9353,59.5433,2026-05-13T04:46:21.671633,c02,2,low,mid,mid,mid,fixed,fixed,0.9747,0.6363,1.0065,1.1801,0.0751,0.0437,0.0322,0.0481,0.05,5.0,task,2042,16813.0,0.4167,88.0,576.4,18.0,0.0,80.0,524.0,159.928984,0.63288,527.65519,62.0,524.0,3,18.0,524.0,2,0,2,True,524.0,524.0,0.0,302628,30.71,520.0,4.0,0.96,0,20,0,0,0,0,0,3798332
571,instance_n=20_73_c03,instance_n=20_73,Otto,20,1000.0,OK,3,2,921.95,17.131,51.3929,2026-05-13T05:01:43.625411,c03,3,low,high,high,high,fixed,fixed,0.976,0.8664,1.0726,1.3583,0.0685,0.0356,0.0126,0.0461,0.05,5.0,task,3042,15744.3,0.407435,88.0,552.035,18.0,0.0,80.0,501.85,16.310145,0.055443,505.665327,62.0,501.85,0,80.0,0.0,2,2,0,True,80.0,80.0,0.0,0,0.02,0.0,0.0,,20,0,0,0,0,0,0,141
572,instance_n=20_73_c03,instance_n=20_73,Otto,20,1000.0,OK,3,2,921.95,17.131,51.3929,2026-05-13T05:01:43.625411,c03,3,low,high,high,high,fixed,fixed,0.976,0.8664,1.0726,1.3583,0.0685,0.0356,0.0126,0.0461,0.05,5.0,task,3042,15744.3,0.407435,88.0,552.035,18.0,0.0,80.0,501.85,16.310145,0.055443,505.665327,62.0,501.85,1,49.0,236.8,2,1,1,False,115.10169384,236.8,51.3929,18923,919.62,232.0,4.8,0.904,10,10,0,0,0,0,0,655675
573,instance_n=20_73_c03,instance_n=20_73,Otto,20,1000.0,OK,3,2,921.95,17.131,51.3929,2026-05-13T05:01:43.625411,c03,3,low,high,high,high,fixed,fixed,0.976,0.8664,1.0726,1.3583,0.0685,0.0356,0.0126,0.0461,0.05,5.0,task,3042,15744.3,0.407435,88.0,552.035,18.0,0.0,80.0,501.85,16.310145,0.055443,505.665327,62.0,501.85,2,18.0,501.85,2,0,2,True,501.85,501.85,0.0,6091,1.44,495.0,6.85,0.9315,0,20,0,0,0,0,0,102838
574,instance_n=20_73_c04,instance_n=20_73,Otto,20,1000.0,OK,3,3,3.2,0.0,0.0,2026-05-13T05:01:46.827264,c04,4,mid,low,mid,high,fixed,fixed,1.4377,0.3723,1.0021,1.3683,0.1027,0.0414,0.0209,0.043,0.05,5.0,task,4042,30871.495,0.637277,88.0,794.145,27.0,0.0,80.0,721.95,256.025977,0.62755,723.892811,53.0,721.95,0,80.0,0.0,2,2,0,True,80.0,80.0,0.0,0,0.02,0.0,0.0,,20,0,0,0,0,0,0,141
575,instance_n=20_73_c04,instance_n=20_73,Otto,20,1000.0,OK,3,3,3.2,0.0,0.0,2026-05-13T05:01:46.827264,c04,4,mid,low,mid,high,fixed,fixed,1.4377,0.3723,1.0021,1.3683,0.1027,0.0414,0.0209,0.043,0.05,5.0,task,4042,30871.495,0.637277,88.0,794.145,27.0,0.0,80.0,721.95,256.025977,0.62755,723.892811,53.0,721.95,1,45.0,130.75,1,1,1,True,130.75,130.75,0.0,2108,1.94,117.0,13.75,0.725,0,0,0,0,20,0,0,38065
576,instance_n=20_73_c04,instance_n=20_73,Otto,20,1000.0,OK,3,3,3.2,0.0,0.0,2026-05-13T05:01:46.827264,c04,4,mid,low,mid,high,fixed,fixed,1.4377,0.3723,1.0021,1.3683,0.1027,0.0414,0.0209,0.043,0.05,5.0,task,4042,30871.495,0.637277,88.0,794.145,27.0,0.0,80.0,721.95,256.025977,0.62755,723.892811,53.0,721.95,2,27.0,721.95,3,0,3,True,721.95,721.95,0.0,0,0.4,709.0,12.95,0.9137,0,20,0,0,0,0,0,0
577,instance_n=20_73_c05,instance_n=20_73,Otto,20,1000.0,OK,3,2,840.24,21.3171,63.9513,2026-05-13T05:15:47.065158,c05,5,mid,mid,high,low,fixed,fixed,1.4094,0.6231,1.0757,1.0525,0.0963,0.0379,0.0142,0.0279,0.05,5.0,task,5042,21363.37,0.447982,88.0,781.77,27.0,0.0,80.0,710.7,93.992624,0.226451,712.673481,53.0,710.7,0,80.0,0.0,2,2,0,True,80.0,80.0,0.0,0,0.03,0.0,0.0,,20,0,0,0,0,0,0,141
578,instance_n=20_73_c05,instance_n=20_73,Otto,20,1000.0,OK,3,2,840.24,21.3171,63.9513,2026-05-13T05:15:47.065158,c05,5,mid,mid,high,low,fixed,fixed,1.4094,0.6231,1.0757,1.0525,0.0963,0.0379,0.0142,0.0279,0.05,5.0,task,5042,21363.37,0.447982,88.0,781.77,27.0,0.0,80.0,710.7,93.992624,0.226451,712.673481,53.0,710.7,1,54.0,274.45,2,1,2,False,98.935639098,274.45,63.9513,113362,822.05,247.0,27.45,0.7255,0,3,0,0,0,11,6,2606270
579,instance_n=20_73_c05,instance_n=20_73,Otto,20,1000.0,OK,3,2,840.24,21.3171,63.9513,2026-05-13T05:15:47.065158,c05,5,mid,mid,high,low,fixed,fixed,1.4094,0.6231,1.0757,1.0525,0.0963,0.0379,0.0142,0.0279,0.05,5.0,task,5042,21363.37,0.447982,88.0,781.77,27.0,0.0,80.0,710.7,93.992624,0.226451,712.673481,53.0,710.7,2,27.0,710.6999999999999,3,0,3,True,710.7,710.7,0.0,87957,17.3,699.0,11.7,0.922,0,20,0,0,0,0,0,2237284
580,instance_n=20_73_c06,instance_n=20_73,Otto,20,1000.0,OK,3,2,304.05,20.5513,61.6539,2026-05-13T05:20:51.114077,c06,6,mid,high,low,mid,fixed,fixed,1.4015,0.8585,0.9059,1.1681,0.1146,0.0461,0.0257,0.0498,0.05,5.0,task,6042,20656.62,0.428639,88.0,790.02,27.0,0.0,80.0,718.2,53.578105,0.127221,720.152928,53.0,718.2,0,80.0,0.0,2,2,0,True,80.0,80.0,0.0,0,0.02,0.0,0.0,,20,0,0,0,0,0,0,141
581,instance_n=20_73_c06,instance_n=20_73,Otto,20,1000.0,OK,3,2,304.05,20.5513,61.6539,2026-05-13T05:20:51.114077,c06,6,mid,high,low,mid,fixed,fixed,1.4015,0.8585,0.9059,1.1681,0.1146,0.0461,0.0257,0.0498,0.05,5.0,task,6042,20656.62,0.428639,88.0,790.02,27.0,0.0,80.0,718.2,53.578105,0.127221,720.152928,53.0,718.2,1,54.0,313.2,2,1,2,False,120.1,313.2,61.6539,78495,300.31,296.0,17.2,0.828,0,5,0,0,0,9,6,2550448
582,instance_n=20_73_c06,instance_n=20_73,Otto,20,1000.0,OK,3,2,304.05,20.5513,61.6539,2026-05-13T05:20:51.114077,c06,6,mid,high,low,mid,fixed,fixed,1.4015,0.8585,0.9059,1.1681,0.1146,0.0461,0.0257,0.0498,0.05,5.0,task,6042,20656.62,0.428639,88.0,790.02,27.0,0.0,80.0,718.2,53.578105,0.127221,720.152928,53.0,718.2,2,27.0,718.1999999999999,3,0,3,True,718.2,718.2,0.0,7279,2.85,706.0,12.2,0.9187,0,20,0,0,0,0,0,208112
583,instance_n=20_73_c07,instance_n=20_73,Otto,20,1000.0,OK,2,2,3.4,0.0,0.0,2026-05-13T05:20:54.512508,c07,7,high,low,high,mid,fixed,fixed,2.1571,0.3772,1.0761,1.1891,0.1865,0.0405,0.0125,0.0392,0.05,5.0,task,7042,1677.72,0.260042,88.0,150.04,45.0,0.0,80.0,136.4,0.0,0.0,140.818891,35.0,136.4,0,80.0,0.0,2,2,0,True,80.0,80.0,0.0,0,0.02,0.0,0.0,,20,0,0,0,0,0,0,141
584,instance_n=20_73_c07,instance_n=20_73,Otto,20,1000.0,OK,2,2,3.4,0.0,0.0,2026-05-13T05:20:54.512508,c07,7,high,low,high,mid,fixed,fixed,2.1571,0.3772,1.0761,1.1891,0.1865,0.0405,0.0125,0.0392,0.05,5.0,task,7042,1677.72,0.260042,88.0,150.04,45.0,0.0,80.0,136.4,0.0,0.0,140.818891,35.0,136.4,1,45.0,136.4,1,1,1,True,136.4,136.4,0.0,3486,2.58,124.0,12.4,0.752,0,0,0,0,20,0,0,71635
585,instance_n=20_73_c08,instance_n=20_73,Otto,20,1000.0,OK,3,3,15.09,0.0,0.0,2026-05-13T05:21:09.608713,c08,8,high,mid,low,high,fixed,fixed,2.1185,0.6368,0.9064,1.3656,0.2282,0.034,0.0301,0.0598,0.05,5.0,task,8042,32981.695,0.628952,88.0,1219.515,45.0,0.0,80.0,1108.65,209.260605,0.341175,1109.202336,35.0,1108.65,0,80.0,0.0,2,2,0,True,80.0,80.0,0.0,0,0.02,0.0,0.0,,20,0,0,0,0,0,0,141
586,instance_n=20_73_c08,instance_n=20_73,Otto,20,1000.0,OK,3,3,15.09,0.0,0.0,2026-05-13T05:21:09.608713,c08,8,high,mid,low,high,fixed,fixed,2.1185,0.6368,0.9064,1.3656,0.2282,0.034,0.0301,0.0598,0.05,5.0,task,8042,32981.695,0.628952,88.0,1219.515,45.0,0.0,80.0,1108.65,209.260605,0.341175,1109.202336,35.0,1108.65,1,54.0,364.6,2,1,2,True,364.6,364.6,0.0,9799,13.36,354.0,10.6,0.894,0,5,0,0,15,0,0,503992
587,instance_n=20_73_c08,instance_n=20_73,Otto,20,1000.0,OK,3,3,15.09,0.0,0.0,2026-05-13T05:21:09.608713,c08,8,high,mid,low,high,fixed,fixed,2.1185,0.6368,0.9064,1.3656,0.2282,0.034,0.0301,0.0598,0.05,5.0,task,8042,32981.695,0.628952,88.0,1219.515,45.0,0.0,80.0,1108.65,209.260605,0.341175,1109.202336,35.0,1108.65,2,45.0,1108.6499999999999,5,0,5,True,1108.65,1108.65,0.0,215,0.68,1071.0,37.65,0.8494,0,20,0,0,0,0,0,8869
588,instance_n=20_73_c09,instance_n=20_73,Otto,20,1000.0,OK,4,1,2392.3,56.4248,83.3989,2026-05-13T06:01:01.915958,c09,9,high,high,mid,low,fixed,fixed,2.1304,0.8895,1.0029,1.0461,0.1856,0.0438,0.026,0.0269,0.05,5.0,task,9042,29069.555,0.532633,88.0,1269.235,45.0,0.0,80.0,1153.85,321.053657,0.613647,1154.38071,35.0,1153.85,0,80.0,0.0,2,2,0,True,80.0,80.0,0.0,0,0.02,0.0,0.0,,20,0,0,0,0,0,0,141
589,instance_n=20_73_c09,instance_n=20_73,Otto,20,1000.0,OK,4,1,2392.3,56.4248,83.3989,2026-05-13T06:01:01.915958,c09,9,high,high,mid,low,fixed,fixed,2.1304,0.8895,1.0029,1.0461,0.1856,0.0438,0.026,0.0269,0.05,5.0,task,9042,29069.555,0.532633,88.0,1269.235,45.0,0.0,80.0,1153.85,321.053657,0.613647,1154.38071,35.0,1153.85,1,63.0,470.75,3,1,3,False,78.149713765,470.75,83.3989,45285,1075.68,426.0,44.75,0.7017,0,5,0,0,0,9,6,2377704
590,instance_n=20_73_c09,instance_n=20_73,Otto,20,1000.0,OK,4,1,2392.3,56.4248,83.3989,2026-05-13T06:01:01.915958,c09,9,high,high,mid,low,fixed,fixed,2.1304,0.8895,1.0029,1.0461,0.1856,0.0438,0.026,0.0269,0.05,5.0,task,9042,29069.555,0.532633,88.0,1269.235,45.0,0.0,80.0,1153.85,321.053657,0.613647,1154.38071,35.0,1153.85,2,58.0,500.95,3,1,2,False,194.35794544,500.95,61.2021,100374,787.64,498.0,2.95,0.9705,10,10,0,0,0,0,0,2470231
591,instance_n=20_73_c09,instance_n=20_73,Otto,20,1000.0,OK,4,1,2392.3,56.4248,83.3989,2026-05-13T06:01:01.915958,c09,9,high,high,mid,low,fixed,fixed,2.1304,0.8895,1.0029,1.0461,0.1856,0.0438,0.026,0.0269,0.05,5.0,task,9042,29069.555,0.532633,88.0,1269.235,45.0,0.0,80.0,1153.85,321.053657,0.613647,1154.38071,35.0,1153.85,3,45.0,1153.8499999999997,5,0,5,False,218.1,1153.85,81.0981,178610,527.68,1115.0,38.85,0.8446,0,20,0,0,0,0,0,4068239
592,instance_n=20_74_c01,instance_n=20_74,Otto,20,1000.0,OK,4,3,938.73,22.3561,89.4246,2026-05-12T19:37:05.078910,c01,1,low,low,low,low,fixed,fixed,0.9872,0.3753,0.8974,1.041,0.0714,0.0374,0.0307,0.0229,0.05,5.0,task,1042,51076.725,0.628559,132.0,773.905,27.0,0.0,120.0,703.55,178.347528,0.666911,709.670066,93.0,703.55,0,120.0,0.0,3,3,0,True,120.0,120.0,0.0,0,0.02,0.0,0.0,,20,0,0,0,0,0,0,0
593,instance_n=20_74_c01,instance_n=20_74,Otto,20,1000.0,OK,4,3,938.73,22.3561,89.4246,2026-05-12T19:37:05.078910,c01,1,low,low,low,low,fixed,fixed,0.9872,0.3753,0.8974,1.041,0.0714,0.0374,0.0307,0.0229,0.05,5.0,task,1042,51076.725,0.628559,132.0,773.905,27.0,0.0,120.0,703.55,178.347528,0.666911,709.670066,93.0,703.55,1,85.0,117.3,2,2,1,False,12.405,117.3,89.4246,100,930.66,100.0,17.3,0.654,8,0,0,0,12,0,0,20350
594,instance_n=20_74_c01,instance_n=20_74,Otto,20,1000.0,OK,4,3,938.73,22.3561,89.4246,2026-05-12T19:37:05.078910,c01,1,low,low,low,low,fixed,fixed,0.9872,0.3753,0.8974,1.041,0.0714,0.0374,0.0307,0.0229,0.05,5.0,task,1042,51076.725,0.628559,132.0,773.905,27.0,0.0,120.0,703.55,178.347528,0.666911,709.670066,93.0,703.55,2,54.0,228.45,2,1,2,True,228.45,228.45,0.0,7210,6.42,184.0,44.45,0.5555,0,1,0,0,19,0,0,265912
595,instance_n=20_74_c01,instance_n=20_74,Otto,20,1000.0,OK,4,3,938.73,22.3561,89.4246,2026-05-12T19:37:05.078910,c01,1,low,low,low,low,fixed,fixed,0.9872,0.3753,0.8974,1.041,0.0714,0.0374,0.0307,0.0229,0.05,5.0,task,1042,51076.725,0.628559,132.0,773.905,27.0,0.0,120.0,703.55,178.347528,0.666911,709.670066,93.0,703.55,3,27.0,703.5500000000001,3,0,3,True,703.55,703.55,0.0,0,0.55,691.0,12.55,0.9163,0,20,0,0,0,0,0,826
596,instance_n=20_74_c02,instance_n=20_74,Otto,20,1000.0,OK,6,3,3351.78,20.2142,50.1132,2026-05-12T20:32:56.858651,c02,2,low,mid,mid,mid,fixed,fixed,0.9747,0.6363,1.0065,1.1801,0.0751,0.0437,0.0322,0.0481,0.05,5.0,task,2042,42204.2,0.497284,132.0,808.28,27.0,0.0,120.0,734.8,134.598358,0.740867,740.661893,93.0,734.8,0,120.0,0.0,3,3,0,True,120.0,120.0,0.0,0,0.02,0.0,0.0,,20,0,0,0,0,0,0,0
597,instance_n=20_74_c02,instance_n=20_74,Otto,20,1000.0,OK,6,3,3351.78,20.2142,50.1132,2026-05-12T20:32:56.858651,c02,2,low,mid,mid,mid,fixed,fixed,0.9747,0.6363,1.0065,1.1801,0.0751,0.0437,0.0322,0.0481,0.05,5.0,task,2042,42204.2,0.497284,132.0,808.28,27.0,0.0,120.0,734.8,134.598358,0.740867,740.661893,93.0,734.8,1,94.0,200.3,3,2,2,False,113.05117886,200.3,43.5591,66625,1067.15,153.0,47.3,0.527,5,1,0,0,0,7,7,1672974
598,instance_n=20_74_c02,instance_n=20_74,Otto,20,1000.0,OK,6,3,3351.78,20.2142,50.1132,2026-05-12T20:32:56.858651,c02,2,low,mid,mid,mid,fixed,fixed,0.9747,0.6363,1.0065,1.1801,0.0751,0.0437,0.0322,0.0481,0.05,5.0,task,2042,42204.2,0.497284,132.0,808.28,27.0,0.0,120.0,734.8,134.598358,0.740867,740.661893,93.0,734.8,2,89.0,202.0,3,2,1,False,100.77138966,202.0,50.1132,31361,1068.85,189.0,13.0,0.74,13,7,0,0,0,0,0,1315244
599,instance_n=20_74_c02,instance_n=20_74,Otto,20,1000.0,OK,6,3,3351.78,20.2142,50.1132,2026-05-12T20:32:56.858651,c02,2,low,mid,mid,mid,fixed,fixed,0.9747,0.6363,1.0065,1.1801,0.0751,0.0437,0.0322,0.0481,0.05,5.0,task,2042,42204.2,0.497284,132.0,808.28,27.0,0.0,120.0,734.8,134.598358,0.740867,740.661893,93.0,734.8,3,63.0,438.34999999999997,3,1,3,False,317.30782119,438.35,27.6131,126031,1198.75,389.0,49.35,0.671,0,8,0,0,0,6,6,3890293
600,instance_n=20_74_c02,instance_n=20_74,Otto,20,1000.0,OK,6,3,3351.78,20.2142,50.1132,2026-05-12T20:32:56.858651,c02,2,low,mid,mid,mid,fixed,fixed,0.9747,0.6363,1.0065,1.1801,0.0751,0.0437,0.0322,0.0481,0.05,5.0,task,2042,42204.2,0.497284,132.0,808.28,27.0,0.0,120.0,734.8,134.598358,0.740867,740.661893,93.0,734.8,4,58.0,454.3,3,1,2,True,454.3,454.3,0.0,37314,10.04,441.0,13.3,0.867,7,13,0,0,0,0,0,509693
601,instance_n=20_74_c02,instance_n=20_74,Otto,20,1000.0,OK,6,3,3351.78,20.2142,50.1132,2026-05-12T20:32:56.858651,c02,2,low,mid,mid,mid,fixed,fixed,0.9747,0.6363,1.0065,1.1801,0.0751,0.0437,0.0322,0.0481,0.05,5.0,task,2042,42204.2,0.497284,132.0,808.28,27.0,0.0,120.0,734.8,134.598358,0.740867,740.661893,93.0,734.8,5,27.0,734.8000000000001,3,0,3,True,734.8,734.8,0.0,29792,5.44,721.0,13.8,0.908,0,20,0,0,0,0,0,394982
602,instance_n=20_74_c03,instance_n=20_74,Otto,20,1000.0,OK,4,3,987.64,5.7769,23.1075,2026-05-12T20:49:24.504765,c03,3,low,high,high,high,fixed,fixed,0.976,0.8664,1.0726,1.3583,0.0685,0.0356,0.0126,0.0461,0.05,5.0,task,3042,41755.725,0.4899,132.0,811.745,27.0,0.0,120.0,737.95,34.648749,0.105583,743.787068,93.0,737.95,0,120.0,0.0,3,3,0,True,120.0,120.0,0.0,0,0.02,0.0,0.0,,20,0,0,0,0,0,0,0
603,instance_n=20_74_c03,instance_n=20_74,Otto,20,1000.0,OK,4,3,987.64,5.7769,23.1075,2026-05-12T20:49:24.504765,c03,3,low,high,high,high,fixed,fixed,0.976,0.8664,1.0726,1.3583,0.0685,0.0356,0.0126,0.0461,0.05,5.0,task,3042,41755.725,0.4899,132.0,811.745,27.0,0.0,120.0,737.95,34.648749,0.105583,743.787068,93.0,737.95,1,89.0,212.15,3,2,1,False,163.1275018,212.15,23.1075,29198,950.58,202.0,10.15,0.797,12,8,0,0,0,0,0,948858
604,instance_n=20_74_c03,instance_n=20_74,Otto,20,1000.0,OK,4,3,987.64,5.7769,23.1075,2026-05-12T20:49:24.504765,c03,3,low,high,high,high,fixed,fixed,0.976,0.8664,1.0726,1.3583,0.0685,0.0356,0.0126,0.0461,0.05,5.0,task,3042,41755.725,0.4899,132.0,811.745,27.0,0.0,120.0,737.95,34.648749,0.105583,743.787068,93.0,737.95,2,58.0,452.4,3,1,2,True,452.4,452.4,0.0,42745,35.31,440.0,12.4,0.876,7,13,0,0,0,0,0,1361464
605,instance_n=20_74_c03,instance_n=20_74,Otto,20,1000.0,OK,4,3,987.64,5.7769,23.1075,2026-05-12T20:49:24.504765,c03,3,low,high,high,high,fixed,fixed,0.976,0.8664,1.0726,1.3583,0.0685,0.0356,0.0126,0.0461,0.05,5.0,task,3042,41755.725,0.4899,132.0,811.745,27.0,0.0,120.0,737.95,34.648749,0.105583,743.787068,93.0,737.95,3,27.0,737.9499999999999,3,0,3,True,737.95,737.95,0.0,0,0.64,727.0,10.95,0.927,0,20,0,0,0,0,0,698
606,instance_n=20_74_c04,instance_n=20_74,Otto,20,1000.0,OK,4,4,7.25,0.0,0.0,2026-05-12T20:49:31.753278,c04,4,mid,low,mid,high,fixed,fixed,1.4377,0.3723,1.0021,1.3683,0.1027,0.0414,0.0209,0.043,0.05,5.0,task,4042,82435.785,0.79169,132.0,1196.855,45.0,0.0,120.0,1088.05,347.80184,0.869018,1090.631836,75.0,1088.05,0,120.0,0.0,3,3,0,True,120.0,120.0,0.0,0,0.02,0.0,0.0,,20,0,0,0,0,0,0,0
607,instance_n=20_74_c04,instance_n=20_74,Otto,20,1000.0,OK,4,4,7.25,0.0,0.0,2026-05-12T20:49:31.753278,c04,4,mid,low,mid,high,fixed,fixed,1.4377,0.3723,1.0021,1.3683,0.1027,0.0414,0.0209,0.043,0.05,5.0,task,4042,82435.785,0.79169,132.0,1196.855,45.0,0.0,120.0,1088.05,347.80184,0.869018,1090.631836,75.0,1088.05,1,85.0,122.15,2,2,1,True,122.15,122.15,0.0,927,3.15,105.0,17.15,0.657,7,0,0,0,13,0,0,67594
608,instance_n=20_74_c04,instance_n=20_74,Otto,20,1000.0,OK,4,4,7.25,0.0,0.0,2026-05-12T20:49:31.753278,c04,4,mid,low,mid,high,fixed,fixed,1.4377,0.3723,1.0021,1.3683,0.1027,0.0414,0.0209,0.043,0.05,5.0,task,4042,82435.785,0.79169,132.0,1196.855,45.0,0.0,120.0,1088.05,347.80184,0.869018,1090.631836,75.0,1088.05,2,54.0,245.9,2,1,2,True,245.9,245.9,0.0,148,2.29,206.0,39.9,0.601,0,1,0,0,19,0,0,30612
609,instance_n=20_74_c04,instance_n=20_74,Otto,20,1000.0,OK,4,4,7.25,0.0,0.0,2026-05-12T20:49:31.753278,c04,4,mid,low,mid,high,fixed,fixed,1.4377,0.3723,1.0021,1.3683,0.1027,0.0414,0.0209,0.043,0.05,5.0,task,4042,82435.785,0.79169,132.0,1196.855,45.0,0.0,120.0,1088.05,347.80184,0.869018,1090.631836,75.0,1088.05,3,45.0,1088.05,5,0,5,True,1088.05,1088.05,0.0,0,0.54,1040.0,48.05,0.8078,0,20,0,0,0,0,0,1258
610,instance_n=20_74_c05,instance_n=20_74,Otto,20,1000.0,OK,4,2,1654.5,32.5127,100.0,2026-05-12T21:17:06.253413,c05,5,mid,mid,high,low,fixed,fixed,1.4094,0.6231,1.0757,1.0525,0.0963,0.0379,0.0142,0.0279,0.05,5.0,task,5042,56751.6,0.526625,132.0,1122.55,36.0,0.0,120.0,1020.5,102.25665,0.257291,1023.951293,84.0,1020.5,0,120.0,0.0,3,3,0,True,120.0,120.0,0.0,0,0.02,0.0,0.0,,20,0,0,0,0,0,0,0
611,instance_n=20_74_c05,instance_n=20_74,Otto,20,1000.0,OK,4,2,1654.5,32.5127,100.0,2026-05-12T21:17:06.253413,c05,5,mid,mid,high,low,fixed,fixed,1.4094,0.6231,1.0757,1.0525,0.0963,0.0379,0.0142,0.0279,0.05,5.0,task,5042,56751.6,0.526625,132.0,1122.55,36.0,0.0,120.0,1020.5,102.25665,0.257291,1023.951293,84.0,1020.5,1,90.0,288.70000000000005,2,2,2,False,0.0,288.7,100.0,348,658.62,276.0,12.7,0.873,0,0,0,0,20,0,0,45702
612,instance_n=20_74_c05,instance_n=20_74,Otto,20,1000.0,OK,4,2,1654.5,32.5127,100.0,2026-05-12T21:17:06.253413,c05,5,mid,mid,high,low,fixed,fixed,1.4094,0.6231,1.0757,1.0525,0.0963,0.0379,0.0142,0.0279,0.05,5.0,task,5042,56751.6,0.526625,132.0,1122.55,36.0,0.0,120.0,1020.5,102.25665,0.257291,1023.951293,84.0,1020.5,2,63.0,548.1,3,1,3,False,383.3915248,548.1,30.0508,56598,992.69,528.0,20.1,0.866,0,7,0,0,0,7,6,1993411
613,instance_n=20_74_c05,instance_n=20_74,Otto,20,1000.0,OK,4,2,1654.5,32.5127,100.0,2026-05-12T21:17:06.253413,c05,5,mid,mid,high,low,fixed,fixed,1.4094,0.6231,1.0757,1.0525,0.0963,0.0379,0.0142,0.0279,0.05,5.0,task,5042,56751.6,0.526625,132.0,1122.55,36.0,0.0,120.0,1020.5,102.25665,0.257291,1023.951293,84.0,1020.5,3,36.0,1020.5,4,0,4,True,1020.5,1020.5,0.0,6627,2.09,1015.0,5.5,0.9725,0,20,0,0,0,0,0,97265
614,instance_n=20_74_c06,instance_n=20_74,Otto,20,1000.0,OK,4,2,1327.0,18.2065,51.7796,2026-05-12T21:39:13.259999,c06,6,mid,high,low,mid,fixed,fixed,1.4015,0.8585,0.9059,1.1681,0.1146,0.0461,0.0257,0.0498,0.05,5.0,task,6042,54529.71,0.519183,132.0,1094.06,36.0,0.0,120.0,994.6,73.083883,0.167725,998.140852,84.0,994.6,0,120.0,0.0,3,3,0,True,120.0,120.0,0.0,0,0.02,0.0,0.0,,20,0,0,0,0,0,0,0
615,instance_n=20_74_c06,instance_n=20_74,Otto,20,1000.0,OK,4,2,1327.0,18.2065,51.7796,2026-05-12T21:39:13.259999,c06,6,mid,high,low,mid,fixed,fixed,1.4015,0.8585,0.9059,1.1681,0.1146,0.0461,0.0257,0.0498,0.05,5.0,task,6042,54529.71,0.519183,132.0,1094.06,36.0,0.0,120.0,994.6,73.083883,0.167725,998.140852,84.0,994.6,1,90.0,247.25,2,2,2,False,119.225,247.25,51.7796,18864,951.18,234.0,13.25,0.8675,0,0,0,0,0,13,7,706140
616,instance_n=20_74_c06,instance_n=20_74,Otto,20,1000.0,OK,4,2,1327.0,18.2065,51.7796,2026-05-12T21:39:13.259999,c06,6,mid,high,low,mid,fixed,fixed,1.4015,0.8585,0.9059,1.1681,0.1146,0.0461,0.0257,0.0498,0.05,5.0,task,6042,54529.71,0.519183,132.0,1094.06,36.0,0.0,120.0,994.6,73.083883,0.167725,998.140852,84.0,994.6,2,63.0,601.05,3,1,3,False,474.55,601.05,21.0465,70666,373.8,595.0,6.05,0.9597,0,8,0,0,0,6,6,2067633
617,instance_n=20_74_c06,instance_n=20_74,Otto,20,1000.0,OK,4,2,1327.0,18.2065,51.7796,2026-05-12T21:39:13.259999,c06,6,mid,high,low,mid,fixed,fixed,1.4015,0.8585,0.9059,1.1681,0.1146,0.0461,0.0257,0.0498,0.05,5.0,task,6042,54529.71,0.519183,132.0,1094.06,36.0,0.0,120.0,994.6,73.083883,0.167725,998.140852,84.0,994.6,3,36.0,994.5999999999999,4,0,4,True,994.6,994.6,0.0,0,0.94,991.0,3.6,0.982,0,20,0,0,0,0,0,601
618,instance_n=20_74_c07,instance_n=20_74,Otto,20,1000.0,OK,3,3,8.46,0.0,0.0,2026-05-12T21:39:21.723528,c07,7,high,low,high,mid,fixed,fixed,2.1571,0.3772,1.0761,1.1891,0.1865,0.0405,0.0125,0.0392,0.05,5.0,task,7042,10174.48,0.453735,132.0,287.485,54.0,0.0,120.0,261.35,11.749078,0.083839,269.55486,66.0,261.35,0,120.0,0.0,3,3,0,True,120.0,120.0,0.0,0,0.02,0.0,0.0,,20,0,0,0,0,0,0,0
619,instance_n=20_74_c07,instance_n=20_74,Otto,20,1000.0,OK,3,3,8.46,0.0,0.0,2026-05-12T21:39:21.723528,c07,7,high,low,high,mid,fixed,fixed,2.1571,0.3772,1.0761,1.1891,0.1865,0.0405,0.0125,0.0392,0.05,5.0,task,7042,10174.48,0.453735,132.0,287.485,54.0,0.0,120.0,261.35,11.749078,0.083839,269.55486,66.0,261.35,1,85.0,118.5,2,2,1,True,118.5,118.5,0.0,1004,5.25,101.0,17.5,0.65,8,0,0,0,12,0,0,62092
620,instance_n=20_74_c07,instance_n=20_74,Otto,20,1000.0,OK,3,3,8.46,0.0,0.0,2026-05-12T21:39:21.723528,c07,7,high,low,high,mid,fixed,fixed,2.1571,0.3772,1.0761,1.1891,0.1865,0.0405,0.0125,0.0392,0.05,5.0,task,7042,10174.48,0.453735,132.0,287.485,54.0,0.0,120.0,261.35,11.749078,0.083839,269.55486,66.0,261.35,2,54.0,261.35,2,1,2,True,261.35,261.35,0.0,66,2.18,226.0,35.35,0.6465,0,2,0,0,18,0,0,18756
621,instance_n=20_74_c08,instance_n=20_74,Otto,20,1000.0,OK,4,3,985.13,14.2833,57.1331,2026-05-12T21:55:46.854951,c08,8,high,mid,low,high,fixed,fixed,2.1185,0.6368,0.9064,1.3656,0.2282,0.034,0.0301,0.0598,0.05,5.0,task,8042,82066.155,0.684785,132.0,1736.845,63.0,0.0,120.0,1578.95,212.724659,0.295803,1579.978513,57.0,1578.95,0,120.0,0.0,3,3,0,True,120.0,120.0,0.0,0,0.02,0.0,0.0,,20,0,0,0,0,0,0,0
622,instance_n=20_74_c08,instance_n=20_74,Otto,20,1000.0,OK,4,3,985.13,14.2833,57.1331,2026-05-12T21:55:46.854951,c08,8,high,mid,low,high,fixed,fixed,2.1185,0.6368,0.9064,1.3656,0.2282,0.034,0.0301,0.0598,0.05,5.0,task,8042,82066.155,0.684785,132.0,1736.845,63.0,0.0,120.0,1578.95,212.724659,0.295803,1579.978513,57.0,1578.95,1,90.0,291.59999999999997,2,2,2,False,125.0,291.6,57.1331,7551,964.69,282.0,9.6,0.904,0,0,0,0,20,0,0,621666
623,instance_n=20_74_c08,instance_n=20_74,Otto,20,1000.0,OK,4,3,985.13,14.2833,57.1331,2026-05-12T21:55:46.854951,c08,8,high,mid,low,high,fixed,fixed,2.1185,0.6368,0.9064,1.3656,0.2282,0.034,0.0301,0.0598,0.05,5.0,task,8042,82066.155,0.684785,132.0,1736.845,63.0,0.0,120.0,1578.95,212.724659,0.295803,1579.978513,57.0,1578.95,2,72.0,823.2,4,1,4,True,823.2,823.2,0.0,12317,16.98,803.0,20.2,0.899,0,9,0,0,11,0,0,620507
624,instance_n=20_74_c08,instance_n=20_74,Otto,20,1000.0,OK,4,3,985.13,14.2833,57.1331,2026-05-12T21:55:46.854951,c08,8,high,mid,low,high,fixed,fixed,2.1185,0.6368,0.9064,1.3656,0.2282,0.034,0.0301,0.0598,0.05,5.0,task,8042,82066.155,0.684785,132.0,1736.845,63.0,0.0,120.0,1578.95,212.724659,0.295803,1579.978513,57.0,1578.95,3,63.0,1578.9499999999998,7,0,7,True,1578.95,1578.95,0.0,668,1.88,1529.0,49.95,0.8573,0,20,0,0,0,0,0,41900
625,instance_n=20_74_c09,instance_n=20_74,Otto,20,1000.0,OK,4,2,2327.3,20.0867,67.9252,2026-05-12T22:34:34.159723,c09,9,high,high,mid,low,fixed,fixed,2.1304,0.8895,1.0029,1.0461,0.1856,0.0438,0.026,0.0269,0.05,5.0,task,9042,79969.14,0.650137,132.0,1782.66,63.0,0.0,120.0,1620.6,177.671063,0.253581,1621.602097,57.0,1620.6,0,120.0,0.0,3,3,0,True,120.0,120.0,0.0,0,0.02,0.0,0.0,,20,0,0,0,0,0,0,0
626,instance_n=20_74_c09,instance_n=20_74,Otto,20,1000.0,OK,4,2,2327.3,20.0867,67.9252,2026-05-12T22:34:34.159723,c09,9,high,high,mid,low,fixed,fixed,2.1304,0.8895,1.0029,1.0461,0.1856,0.0438,0.026,0.0269,0.05,5.0,task,9042,79969.14,0.650137,132.0,1782.66,63.0,0.0,120.0,1620.6,177.671063,0.253581,1621.602097,57.0,1620.6,1,94.0,354.4,3,2,2,False,113.67312121,354.4,67.9252,32720,344.46,341.0,13.4,0.866,8,3,0,0,0,6,3,909400
627,instance_n=20_74_c09,instance_n=20_74,Otto,20,1000.0,OK,4,2,2327.3,20.0867,67.9252,2026-05-12T22:34:34.159723,c09,9,high,high,mid,low,fixed,fixed,2.1304,0.8895,1.0029,1.0461,0.1856,0.0438,0.026,0.0269,0.05,5.0,task,9042,79969.14,0.650137,132.0,1782.66,63.0,0.0,120.0,1620.6,177.671063,0.253581,1621.602097,57.0,1620.6,2,72.0,874.3000000000001,4,1,4,False,765.7,874.3,12.4214,78133,992.74,862.0,12.3,0.9385,0,10,0,0,0,8,2,1341687
628,instance_n=20_74_c09,instance_n=20_74,Otto,20,1000.0,OK,4,2,2327.3,20.0867,67.9252,2026-05-12T22:34:34.159723,c09,9,high,high,mid,low,fixed,fixed,2.1304,0.8895,1.0029,1.0461,0.1856,0.0438,0.026,0.0269,0.05,5.0,task,9042,79969.14,0.650137,132.0,1782.66,63.0,0.0,120.0,1620.6,177.671063,0.253581,1621.602097,57.0,1620.6,3,63.0,1620.6000000000001,7,0,7,True,1620.6,1620.6,0.0,2561,2.69,1568.0,52.6,0.8497,0,20,0,0,0,0,0,91387
629,instance_n=20_77_c01,instance_n=20_77,Otto,20,1000.0,OK,4,3,641.28,12.4453,49.7813,2026-05-11T12:51:16.071172,c01,1,low,low,low,low,fixed,fixed,0.9872,0.3753,0.8974,1.041,0.0714,0.0374,0.0307,0.0229,0.05,5.0,task,1042,54729.95,0.62169,132.0,838.42,27.0,0.0,120.0,762.2,177.913909,0.615847,767.852746,93.0,762.2,0,120.0,0.0,3,3,0,True,120.0,120.0,0.0,0,0.02,0.0,0.0,,20,0,0,0,0,0,0,
630,instance_n=20_77_c01,instance_n=20_77,Otto,20,1000.0,OK,4,3,641.28,12.4453,49.7813,2026-05-11T12:51:16.071172,c01,1,low,low,low,low,fixed,fixed,0.9872,0.3753,0.8974,1.041,0.0714,0.0374,0.0307,0.0229,0.05,5.0,task,1042,54729.95,0.62169,132.0,838.42,27.0,0.0,120.0,762.2,177.913909,0.615847,767.852746,93.0,762.2,1,85.0,125.75,2,2,1,False,63.15,125.75,49.7813,39142,385.92,112.0,13.75,0.725,7,0,0,0,13,0,0,
631,instance_n=20_77_c01,instance_n=20_77,Otto,20,1000.0,OK,4,3,641.28,12.4453,49.7813,2026-05-11T12:51:16.071172,c01,1,low,low,low,low,fixed,fixed,0.9872,0.3753,0.8974,1.041,0.0714,0.0374,0.0307,0.0229,0.05,5.0,task,1042,54729.95,0.62169,132.0,838.42,27.0,0.0,120.0,762.2,177.913909,0.615847,767.852746,93.0,762.2,2,54.0,268.5,2,1,2,True,268.5,268.5,0.0,109548,253.53,234.0,34.5,0.655,0,2,0,0,18,0,0,
632,instance_n=20_77_c01,instance_n=20_77,Otto,20,1000.0,OK,4,3,641.28,12.4453,49.7813,2026-05-11T12:51:16.071172,c01,1,low,low,low,low,fixed,fixed,0.9872,0.3753,0.8974,1.041,0.0714,0.0374,0.0307,0.0229,0.05,5.0,task,1042,54729.95,0.62169,132.0,838.42,27.0,0.0,120.0,762.2,177.913909,0.615847,767.852746,93.0,762.2,3,27.0,762.1999999999999,3,0,3,True,762.2,762.2,0.0,994,0.73,757.0,5.2,0.9653,0,20,0,0,0,0,0,
633,instance_n=20_77_c02,instance_n=20_77,Otto,20,1000.0,OK,5,3,2201.17,30.4317,78.0095,2026-05-11T13:27:57.244184,c02,2,low,mid,mid,mid,fixed,fixed,0.9747,0.6363,1.0065,1.1801,0.0751,0.0437,0.0322,0.0481,0.05,5.0,task,2042,43168.5,0.481641,132.0,853.6,27.0,0.0,120.0,776.0,141.684312,0.447754,781.552941,93.0,776.0,0,120.0,0.0,3,3,0,True,120.0,120.0,0.0,0,0.02,0.0,0.0,,20,0,0,0,0,0,0,
634,instance_n=20_77_c02,instance_n=20_77,Otto,20,1000.0,OK,5,3,2201.17,30.4317,78.0095,2026-05-11T13:27:57.244184,c02,2,low,mid,mid,mid,fixed,fixed,0.9747,0.6363,1.0065,1.1801,0.0751,0.0437,0.0322,0.0481,0.05,5.0,task,2042,43168.5,0.481641,132.0,853.6,27.0,0.0,120.0,776.0,141.684312,0.447754,781.552941,93.0,776.0,1,89.0,242.15,3,2,1,False,53.25,242.15,78.0095,7413,1062.47,239.0,3.15,0.937,14,6,0,0,0,0,0,
635,instance_n=20_77_c02,instance_n=20_77,Otto,20,1000.0,OK,5,3,2201.17,30.4317,78.0095,2026-05-11T13:27:57.244184,c02,2,low,mid,mid,mid,fixed,fixed,0.9747,0.6363,1.0065,1.1801,0.0751,0.0437,0.0322,0.0481,0.05,5.0,task,2042,43168.5,0.481641,132.0,853.6,27.0,0.0,120.0,776.0,141.684312,0.447754,781.552941,93.0,776.0,2,63.0,477.34999999999997,3,1,3,False,123.4,477.35,74.1489,246221,1061.67,436.0,41.35,0.7243,0,7,0,0,0,7,6,
636,instance_n=20_77_c02,instance_n=20_77,Otto,20,1000.0,OK,5,3,2201.17,30.4317,78.0095,2026-05-11T13:27:57.244184,c02,2,low,mid,mid,mid,fixed,fixed,0.9747,0.6363,1.0065,1.1801,0.0751,0.0437,0.0322,0.0481,0.05,5.0,task,2042,43168.5,0.481641,132.0,853.6,27.0,0.0,120.0,776.0,141.684312,0.447754,781.552941,93.0,776.0,3,58.0,497.15000000000003,3,1,2,True,497.15,497.15,0.0,144478,42.4,491.0,6.15,0.9385,7,13,0,0,0,0,0,
637,instance_n=20_77_c02,instance_n=20_77,Otto,20,1000.0,OK,5,3,2201.17,30.4317,78.0095,2026-05-11T13:27:57.244184,c02,2,low,mid,mid,mid,fixed,fixed,0.9747,0.6363,1.0065,1.1801,0.0751,0.0437,0.0322,0.0481,0.05,5.0,task,2042,43168.5,0.481641,132.0,853.6,27.0,0.0,120.0,776.0,141.684312,0.447754,781.552941,93.0,776.0,4,27.0,776.0,3,0,3,True,776.0,776.0,0.0,166232,33.3,770.0,6.0,0.96,0,20,0,0,0,0,0,
638,instance_n=20_77_c03,instance_n=20_77,Otto,20,1000.0,OK,4,2,1440.48,16.9538,49.0866,2026-05-11T13:51:57.727547,c03,3,low,high,high,high,fixed,fixed,0.976,0.8664,1.0726,1.3583,0.0685,0.0356,0.0126,0.0461,0.05,5.0,task,3042,42156.1,0.481197,132.0,834.35,27.0,0.0,120.0,758.5,23.976134,0.072537,764.180116,93.0,758.5,0,120.0,0.0,3,3,0,True,120.0,120.0,0.0,0,0.02,0.0,0.0,,20,0,0,0,0,0,0,
639,instance_n=20_77_c03,instance_n=20_77,Otto,20,1000.0,OK,4,2,1440.48,16.9538,49.0866,2026-05-11T13:51:57.727547,c03,3,low,high,high,high,fixed,fixed,0.976,0.8664,1.0726,1.3583,0.0685,0.0356,0.0126,0.0461,0.05,5.0,task,3042,42156.1,0.481197,132.0,834.35,27.0,0.0,120.0,758.5,23.976134,0.072537,764.180116,93.0,758.5,1,89.0,229.9,3,2,1,False,117.05,229.9,49.0866,29975,1087.25,224.0,5.9,0.882,13,7,0,0,0,0,0,
640,instance_n=20_77_c03,instance_n=20_77,Otto,20,1000.0,OK,4,2,1440.48,16.9538,49.0866,2026-05-11T13:51:57.727547,c03,3,low,high,high,high,fixed,fixed,0.976,0.8664,1.0726,1.3583,0.0685,0.0356,0.0126,0.0461,0.05,5.0,task,3042,42156.1,0.481197,132.0,834.35,27.0,0.0,120.0,758.5,23.976134,0.072537,764.180116,93.0,758.5,2,58.0,477.75,3,1,2,False,388.27340702,477.75,18.7287,178509,347.7,472.0,5.75,0.9425,6,14,0,0,0,0,0,
641,instance_n=20_77_c03,instance_n=20_77,Otto,20,1000.0,OK,4,2,1440.48,16.9538,49.0866,2026-05-11T13:51:57.727547,c03,3,low,high,high,high,fixed,fixed,0.976,0.8664,1.0726,1.3583,0.0685,0.0356,0.0126,0.0461,0.05,5.0,task,3042,42156.1,0.481197,132.0,834.35,27.0,0.0,120.0,758.5,23.976134,0.072537,764.180116,93.0,758.5,3,27.0,758.5,3,0,3,True,758.5,758.5,0.0,15648,4.43,752.0,6.5,0.9567,0,20,0,0,0,0,0,
642,instance_n=20_77_c04,instance_n=20_77,Otto,20,1000.0,OK,4,4,14.62,0.0,0.0,2026-05-11T13:52:12.354226,c04,4,mid,low,mid,high,fixed,fixed,1.4377,0.3723,1.0021,1.3683,0.1027,0.0414,0.0209,0.043,0.05,5.0,task,4042,86237.61,0.788178,132.0,1257.63,45.0,0.0,120.0,1143.3,355.846072,0.843485,1145.757343,75.0,1143.3,0,120.0,0.0,3,3,0,True,120.0,120.0,0.0,0,0.02,0.0,0.0,,20,0,0,0,0,0,0,
643,instance_n=20_77_c04,instance_n=20_77,Otto,20,1000.0,OK,4,4,14.62,0.0,0.0,2026-05-11T13:52:12.354226,c04,4,mid,low,mid,high,fixed,fixed,1.4377,0.3723,1.0021,1.3683,0.1027,0.0414,0.0209,0.043,0.05,5.0,task,4042,86237.61,0.788178,132.0,1257.63,45.0,0.0,120.0,1143.3,355.846072,0.843485,1145.757343,75.0,1143.3,1,85.0,125.5,2,2,1,True,125.5,125.5,0.0,5290,9.79,110.0,15.5,0.69,7,0,0,0,13,0,0,
644,instance_n=20_77_c04,instance_n=20_77,Otto,20,1000.0,OK,4,4,14.62,0.0,0.0,2026-05-11T13:52:12.354226,c04,4,mid,low,mid,high,fixed,fixed,1.4377,0.3723,1.0021,1.3683,0.1027,0.0414,0.0209,0.043,0.05,5.0,task,4042,86237.61,0.788178,132.0,1257.63,45.0,0.0,120.0,1143.3,355.846072,0.843485,1145.757343,75.0,1143.3,2,54.0,274.0,2,1,2,True,274.0,274.0,0.0,938,2.88,241.0,33.0,0.67,0,2,0,0,18,0,0,
645,instance_n=20_77_c04,instance_n=20_77,Otto,20,1000.0,OK,4,4,14.62,0.0,0.0,2026-05-11T13:52:12.354226,c04,4,mid,low,mid,high,fixed,fixed,1.4377,0.3723,1.0021,1.3683,0.1027,0.0414,0.0209,0.043,0.05,5.0,task,4042,86237.61,0.788178,132.0,1257.63,45.0,0.0,120.0,1143.3,355.846072,0.843485,1145.757343,75.0,1143.3,3,45.0,1143.3,5,0,5,True,1143.3,1143.3,0.0,852,0.68,1103.0,40.3,0.8388,0,20,0,0,0,0,0,
646,instance_n=20_77_c05,instance_n=20_77,Otto,20,1000.0,OK,4,2,3082.66,38.1139,89.0337,2026-05-11T14:43:35.018792,c05,5,mid,mid,high,low,fixed,fixed,1.4094,0.6231,1.0757,1.0525,0.0963,0.0379,0.0142,0.0279,0.05,5.0,task,5042,61655.28,0.583882,132.0,1213.74,45.0,0.0,120.0,1103.4,123.11924,0.263506,1105.946002,75.0,1103.4,0,120.0,0.0,3,3,0,True,120.0,120.0,0.0,0,0.02,0.0,0.0,,20,0,0,0,0,0,0,
647,instance_n=20_77_c05,instance_n=20_77,Otto,20,1000.0,OK,4,2,3082.66,38.1139,89.0337,2026-05-11T14:43:35.018792,c05,5,mid,mid,high,low,fixed,fixed,1.4094,0.6231,1.0757,1.0525,0.0963,0.0379,0.0142,0.0279,0.05,5.0,task,5042,61655.28,0.583882,132.0,1213.74,45.0,0.0,120.0,1103.4,123.11924,0.263506,1105.946002,75.0,1103.4,1,90.0,221.04999999999998,2,2,2,False,80.856139306,221.05,63.4218,71355,1008.83,194.0,27.05,0.7295,0,0,0,0,0,14,6,
648,instance_n=20_77_c05,instance_n=20_77,Otto,20,1000.0,OK,4,2,3082.66,38.1139,89.0337,2026-05-11T14:43:35.018792,c05,5,mid,mid,high,low,fixed,fixed,1.4094,0.6231,1.0757,1.0525,0.0963,0.0379,0.0142,0.0279,0.05,5.0,task,5042,61655.28,0.583882,132.0,1213.74,45.0,0.0,120.0,1103.4,123.11924,0.263506,1105.946002,75.0,1103.4,2,63.0,646.2,3,1,3,False,70.864026562,646.2,89.0337,66918,1004.69,639.0,7.2,0.952,0,10,0,0,0,6,4,
649,instance_n=20_77_c05,instance_n=20_77,Otto,20,1000.0,OK,4,2,3082.66,38.1139,89.0337,2026-05-11T14:43:35.018792,c05,5,mid,mid,high,low,fixed,fixed,1.4094,0.6231,1.0757,1.0525,0.0963,0.0379,0.0142,0.0279,0.05,5.0,task,5042,61655.28,0.583882,132.0,1213.74,45.0,0.0,120.0,1103.4,123.11924,0.263506,1105.946002,75.0,1103.4,3,45.0,1103.3999999999999,5,0,5,True,1103.4,1103.4,0.0,12767,7.48,1061.0,42.4,0.8304,0,20,0,0,0,0,0,
650,instance_n=20_77_c06,instance_n=20_77,Otto,20,1000.0,OK,4,1,3786.14,38.0923,57.1095,2026-05-11T15:46:41.162161,c06,6,mid,high,low,mid,fixed,fixed,1.4015,0.8585,0.9059,1.1681,0.1146,0.0461,0.0257,0.0498,0.05,5.0,task,6042,56691.175,0.54062,132.0,1205.325,45.0,0.0,120.0,1095.75,70.937724,0.156906,1098.313736,75.0,1095.75,0,120.0,0.0,3,3,0,True,120.0,120.0,0.0,0,0.02,0.0,0.0,,20,0,0,0,0,0,0,
651,instance_n=20_77_c06,instance_n=20_77,Otto,20,1000.0,OK,4,1,3786.14,38.0923,57.1095,2026-05-11T15:46:41.162161,c06,6,mid,high,low,mid,fixed,fixed,1.4015,0.8585,0.9059,1.1681,0.1146,0.0461,0.0257,0.0498,0.05,5.0,task,6042,56691.175,0.54062,132.0,1205.325,45.0,0.0,120.0,1095.75,70.937724,0.156906,1098.313736,75.0,1095.75,1,90.0,278.40000000000003,2,2,2,False,128.755501,278.4,53.7516,267955,1165.82,277.0,1.4,0.986,0,0,0,0,0,11,9,
652,instance_n=20_77_c06,instance_n=20_77,Otto,20,1000.0,OK,4,1,3786.14,38.0923,57.1095,2026-05-11T15:46:41.162161,c06,6,mid,high,low,mid,fixed,fixed,1.4015,0.8585,0.9059,1.1681,0.1146,0.0461,0.0257,0.0498,0.05,5.0,task,6042,56691.175,0.54062,132.0,1205.325,45.0,0.0,120.0,1095.75,70.937724,0.156906,1098.313736,75.0,1095.75,2,67.0,683.2,4,1,3,False,399.61614754,683.2,41.5082,177540,1059.75,666.0,17.2,0.8853,8,12,0,0,0,0,0,
653,instance_n=20_77_c06,instance_n=20_77,Otto,20,1000.0,OK,4,1,3786.14,38.0923,57.1095,2026-05-11T15:46:41.162161,c06,6,mid,high,low,mid,fixed,fixed,1.4015,0.8585,0.9059,1.1681,0.1146,0.0461,0.0257,0.0498,0.05,5.0,task,6042,56691.175,0.54062,132.0,1205.325,45.0,0.0,120.0,1095.75,70.937724,0.156906,1098.313736,75.0,1095.75,3,45.0,1095.75,5,0,5,False,469.97238663,1095.75,57.1095,123278,1005.72,1051.0,44.75,0.821,0,20,0,0,0,0,0,
654,instance_n=20_77_c07,instance_n=20_77,Otto,20,1000.0,OK,3,3,11.22,0.0,0.0,2026-05-11T15:46:52.384927,c07,7,high,low,high,mid,fixed,fixed,2.1571,0.3772,1.0761,1.1891,0.1865,0.0405,0.0125,0.0392,0.05,5.0,task,7042,13194.36,0.477653,132.0,354.145,54.0,0.0,120.0,321.95,36.80608,0.198916,328.645405,66.0,321.95,0,120.0,0.0,3,3,0,True,120.0,120.0,0.0,0,0.02,0.0,0.0,,20,0,0,0,0,0,0,
655,instance_n=20_77_c07,instance_n=20_77,Otto,20,1000.0,OK,3,3,11.22,0.0,0.0,2026-05-11T15:46:52.384927,c07,7,high,low,high,mid,fixed,fixed,2.1571,0.3772,1.0761,1.1891,0.1865,0.0405,0.0125,0.0392,0.05,5.0,task,7042,13194.36,0.477653,132.0,354.145,54.0,0.0,120.0,321.95,36.80608,0.198916,328.645405,66.0,321.95,1,85.0,127.1,2,2,1,True,127.1,127.1,0.0,1794,6.0,113.0,14.1,0.718,7,0,0,0,13,0,0,
656,instance_n=20_77_c07,instance_n=20_77,Otto,20,1000.0,OK,3,3,11.22,0.0,0.0,2026-05-11T15:46:52.384927,c07,7,high,low,high,mid,fixed,fixed,2.1571,0.3772,1.0761,1.1891,0.1865,0.0405,0.0125,0.0392,0.05,5.0,task,7042,13194.36,0.477653,132.0,354.145,54.0,0.0,120.0,321.95,36.80608,0.198916,328.645405,66.0,321.95,2,54.0,321.95,2,1,2,True,321.95,321.95,0.0,2280,4.12,302.0,19.95,0.8005,0,2,0,0,18,0,0,
657,instance_n=20_77_c08,instance_n=20_77,Otto,20,1000.0,OK,4,3,431.31,6.7838,27.135,2026-05-11T15:54:03.699840,c08,8,high,mid,low,high,fixed,fixed,2.1185,0.6368,0.9064,1.3656,0.2282,0.034,0.0301,0.0598,0.05,5.0,task,8042,83915.73,0.6805,132.0,1787.17,63.0,0.0,120.0,1624.7,211.944462,0.301943,1625.699569,57.0,1624.7,0,120.0,0.0,3,3,0,True,120.0,120.0,0.0,0,0.02,0.0,0.0,,20,0,0,0,0,0,0,
658,instance_n=20_77_c08,instance_n=20_77,Otto,20,1000.0,OK,4,3,431.31,6.7838,27.135,2026-05-11T15:54:03.699840,c08,8,high,mid,low,high,fixed,fixed,2.1185,0.6368,0.9064,1.3656,0.2282,0.034,0.0301,0.0598,0.05,5.0,task,8042,83915.73,0.6805,132.0,1787.17,63.0,0.0,120.0,1624.7,211.944462,0.301943,1625.699569,57.0,1624.7,1,90.0,295.1,2,2,2,True,295.1,295.1,0.0,90961,127.44,289.0,6.1,0.939,0,0,0,0,20,0,0,
659,instance_n=20_77_c08,instance_n=20_77,Otto,20,1000.0,OK,4,3,431.31,6.7838,27.135,2026-05-11T15:54:03.699840,c08,8,high,mid,low,high,fixed,fixed,2.1185,0.6368,0.9064,1.3656,0.2282,0.034,0.0301,0.0598,0.05,5.0,task,8042,83915.73,0.6805,132.0,1787.17,63.0,0.0,120.0,1624.7,211.944462,0.301943,1625.699569,57.0,1624.7,2,72.0,884.65,4,1,4,False,644.6,884.65,27.135,29194,300.26,879.0,5.65,0.9718,0,10,0,0,10,0,0,
660,instance_n=20_77_c08,instance_n=20_77,Otto,20,1000.0,OK,4,3,431.31,6.7838,27.135,2026-05-11T15:54:03.699840,c08,8,high,mid,low,high,fixed,fixed,2.1185,0.6368,0.9064,1.3656,0.2282,0.034,0.0301,0.0598,0.05,5.0,task,8042,83915.73,0.6805,132.0,1787.17,63.0,0.0,120.0,1624.7,211.944462,0.301943,1625.699569,57.0,1624.7,3,63.0,1624.7,7,0,7,True,1624.7,1624.7,0.0,0,1.74,1588.0,36.7,0.8951,0,20,0,0,0,0,0,
661,instance_n=20_77_c09,instance_n=20_77,Otto,20,1000.0,OK,5,1,2940.57,56.5338,86.4134,2026-05-11T16:43:04.268609,c09,9,high,high,mid,low,fixed,fixed,2.1304,0.8895,1.0029,1.0461,0.1856,0.0438,0.026,0.0269,0.05,5.0,task,9042,72074.035,0.55837,132.0,1870.715,63.0,0.0,120.0,1700.65,271.305687,0.420345,1701.604955,57.0,1700.65,0,120.0,0.0,3,3,0,True,120.0,120.0,0.0,0,0.02,0.0,0.0,,20,0,0,0,0,0,0,
662,instance_n=20_77_c09,instance_n=20_77,Otto,20,1000.0,OK,5,1,2940.57,56.5338,86.4134,2026-05-11T16:43:04.268609,c09,9,high,high,mid,low,fixed,fixed,2.1304,0.8895,1.0029,1.0461,0.1856,0.0438,0.026,0.0269,0.05,5.0,task,9042,72074.035,0.55837,132.0,1870.715,63.0,0.0,120.0,1700.65,271.305687,0.420345,1701.604955,57.0,1700.65,1,99.0,402.2,3,2,3,False,127.21633416,402.2,68.3699,147811,1084.18,368.0,34.2,0.772,0,2,0,0,0,13,5,
663,instance_n=20_77_c09,instance_n=20_77,Otto,20,1000.0,OK,5,1,2940.57,56.5338,86.4134,2026-05-11T16:43:04.268609,c09,9,high,high,mid,low,fixed,fixed,2.1304,0.8895,1.0029,1.0461,0.1856,0.0438,0.026,0.0269,0.05,5.0,task,9042,72074.035,0.55837,132.0,1870.715,63.0,0.0,120.0,1700.65,271.305687,0.420345,1701.604955,57.0,1700.65,2,98.0,492.65,4,2,2,False,137.22671629,492.65,72.1452,400374,300.34,488.0,4.65,0.9535,13,7,0,0,0,0,0,
664,instance_n=20_77_c09,instance_n=20_77,Otto,20,1000.0,OK,5,1,2940.57,56.5338,86.4134,2026-05-11T16:43:04.268609,c09,9,high,high,mid,low,fixed,fixed,2.1304,0.8895,1.0029,1.0461,0.1856,0.0438,0.026,0.0269,0.05,5.0,task,9042,72074.035,0.55837,132.0,1870.715,63.0,0.0,120.0,1700.65,271.305687,0.420345,1701.604955,57.0,1700.65,3,81.0,1026.75,5,1,5,False,139.5,1026.75,86.4134,352920,300.32,992.0,34.75,0.861,0,10,0,0,0,7,3,
665,instance_n=20_77_c09,instance_n=20_77,Otto,20,1000.0,OK,5,1,2940.57,56.5338,86.4134,2026-05-11T16:43:04.268609,c09,9,high,high,mid,low,fixed,fixed,2.1304,0.8895,1.0029,1.0461,0.1856,0.0438,0.026,0.0269,0.05,5.0,task,9042,72074.035,0.55837,132.0,1870.715,63.0,0.0,120.0,1700.65,271.305687,0.420345,1701.604955,57.0,1700.65,4,63.0,1700.6500000000003,7,0,7,False,752.7,1700.65,55.7405,492589,300.4,1666.0,34.65,0.901,0,20,0,0,0,0,0,
666,instance_n=20_82_c01,instance_n=20_82,Otto,20,1000.0,OK,5,3,826.11,11.9401,38.3259,2026-05-19T20:24:16.695726,c01,1,low,low,low,low,fixed,fixed,0.9872,0.3753,0.8974,1.041,0.0714,0.0374,0.0307,0.0229,0.05,5.0,task,1042,104966.9,0.739667,176.0,1013.65,36.0,0.0,160.0,921.5,205.801429,0.691197,929.80549,124.0,921.5,0,160.0,0.0,4,4,0,True,160.0,160.0,0.0,0,0.03,0.0,0.0,,20,0,0,0,0,0,0,677
667,instance_n=20_82_c01,instance_n=20_82,Otto,20,1000.0,OK,5,3,826.11,11.9401,38.3259,2026-05-19T20:24:16.695726,c01,1,low,low,low,low,fixed,fixed,0.9872,0.3753,0.8974,1.041,0.0714,0.0374,0.0307,0.0229,0.05,5.0,task,1042,104966.9,0.739667,176.0,1013.65,36.0,0.0,160.0,921.5,205.801429,0.691197,929.80549,124.0,921.5,1,125.0,93.65,3,3,1,False,57.757787558,93.65,38.3259,259062,300.37,71.0,22.65,0.547,10,0,0,0,0,7,3,4536518
668,instance_n=20_82_c01,instance_n=20_82,Otto,20,1000.0,OK,5,3,826.11,11.9401,38.3259,2026-05-19T20:24:16.695726,c01,1,low,low,low,low,fixed,fixed,0.9872,0.3753,0.8974,1.041,0.0714,0.0374,0.0307,0.0229,0.05,5.0,task,1042,104966.9,0.739667,176.0,1013.65,36.0,0.0,160.0,921.5,205.801429,0.691197,929.80549,124.0,921.5,2,85.0,148.1,2,2,1,False,116.44427321,148.1,21.3746,165782,300.31,145.0,3.1,0.938,8,0,0,0,12,0,0,6351691
669,instance_n=20_82_c01,instance_n=20_82,Otto,20,1000.0,OK,5,3,826.11,11.9401,38.3259,2026-05-19T20:24:16.695726,c01,1,low,low,low,low,fixed,fixed,0.9872,0.3753,0.8974,1.041,0.0714,0.0374,0.0307,0.0229,0.05,5.0,task,1042,104966.9,0.739667,176.0,1013.65,36.0,0.0,160.0,921.5,205.801429,0.691197,929.80549,124.0,921.5,3,54.0,359.84999999999997,2,1,2,True,359.85,359.85,0.0,160543,223.42,350.0,9.85,0.9015,0,6,0,0,14,0,0,6015660
670,instance_n=20_82_c01,instance_n=20_82,Otto,20,1000.0,OK,5,3,826.11,11.9401,38.3259,2026-05-19T20:24:16.695726,c01,1,low,low,low,low,fixed,fixed,0.9872,0.3753,0.8974,1.041,0.0714,0.0374,0.0307,0.0229,0.05,5.0,task,1042,104966.9,0.739667,176.0,1013.65,36.0,0.0,160.0,921.5,205.801429,0.691197,929.80549,124.0,921.5,4,36.0,921.4999999999999,4,0,4,True,921.5,921.5,0.0,0,0.7,894.0,27.5,0.8625,0,20,0,0,0,0,0,1363
671,instance_n=20_82_c02,instance_n=20_82,Otto,20,1000.0,OK,6,2,1211.83,39.7368,71.9382,2026-05-19T20:44:28.532995,c02,2,low,mid,mid,mid,fixed,fixed,0.9747,0.6363,1.0065,1.1801,0.0751,0.0437,0.0322,0.0481,0.05,5.0,task,2042,86680.5,0.591955,176.0,1045.935,36.0,0.0,160.0,950.85,144.077048,0.540923,958.90131,124.0,950.85,0,160.0,0.0,4,4,0,True,160.0,160.0,0.0,0,0.03,0.0,0.0,,20,0,0,0,0,0,0,677
672,instance_n=20_82_c02,instance_n=20_82,Otto,20,1000.0,OK,6,2,1211.83,39.7368,71.9382,2026-05-19T20:44:28.532995,c02,2,low,mid,mid,mid,fixed,fixed,0.9747,0.6363,1.0065,1.1801,0.0751,0.0437,0.0322,0.0481,0.05,5.0,task,2042,86680.5,0.591955,176.0,1045.935,36.0,0.0,160.0,950.85,144.077048,0.540923,958.90131,124.0,950.85,1,125.0,113.1,3,3,1,False,57.85,113.1,48.8506,118393,300.32,102.0,11.1,0.778,11,0,0,0,0,4,5,5145959
673,instance_n=20_82_c02,instance_n=20_82,Otto,20,1000.0,OK,6,2,1211.83,39.7368,71.9382,2026-05-19T20:44:28.532995,c02,2,low,mid,mid,mid,fixed,fixed,0.9747,0.6363,1.0065,1.1801,0.0751,0.0437,0.0322,0.0481,0.05,5.0,task,2042,86680.5,0.591955,176.0,1045.935,36.0,0.0,160.0,950.85,144.077048,0.540923,958.90131,124.0,950.85,2,99.0,349.8,3,2,3,False,138.93744206,349.8,60.2809,104195,301.17,307.0,42.8,0.7147,0,2,0,0,0,9,9,3370755
674,instance_n=20_82_c02,instance_n=20_82,Otto,20,1000.0,OK,6,2,1211.83,39.7368,71.9382,2026-05-19T20:44:28.532995,c02,2,low,mid,mid,mid,fixed,fixed,0.9747,0.6363,1.0065,1.1801,0.0751,0.0437,0.0322,0.0481,0.05,5.0,task,2042,86680.5,0.591955,176.0,1045.935,36.0,0.0,160.0,950.85,144.077048,0.540923,958.90131,124.0,950.85,3,94.0,353.7,3,2,2,False,150.85,353.7,57.3509,209227,300.34,342.0,11.7,0.883,6,5,0,0,0,4,5,6136178
675,instance_n=20_82_c02,instance_n=20_82,Otto,20,1000.0,OK,6,2,1211.83,39.7368,71.9382,2026-05-19T20:44:28.532995,c02,2,low,mid,mid,mid,fixed,fixed,0.9747,0.6363,1.0065,1.1801,0.0751,0.0437,0.0322,0.0481,0.05,5.0,task,2042,86680.5,0.591955,176.0,1045.935,36.0,0.0,160.0,950.85,144.077048,0.540923,958.90131,124.0,950.85,4,63.0,621.1500000000001,3,1,3,False,174.30566059,621.15,71.9382,262473,300.48,611.0,10.15,0.9323,0,11,0,0,0,4,5,7579064
676,instance_n=20_82_c02,instance_n=20_82,Otto,20,1000.0,OK,6,2,1211.83,39.7368,71.9382,2026-05-19T20:44:28.532995,c02,2,low,mid,mid,mid,fixed,fixed,0.9747,0.6363,1.0065,1.1801,0.0751,0.0437,0.0322,0.0481,0.05,5.0,task,2042,86680.5,0.591955,176.0,1045.935,36.0,0.0,160.0,950.85,144.077048,0.540923,958.90131,124.0,950.85,5,36.0,950.8499999999999,4,0,4,True,950.85,950.85,0.0,7266,8.0,925.0,25.85,0.8708,0,20,0,0,0,0,0,317128
677,instance_n=20_82_c03,instance_n=20_82,Otto,20,1000.0,OK,5,2,905.39,24.1056,47.6244,2026-05-19T20:59:33.923670,c03,3,low,high,high,high,fixed,fixed,0.976,0.8664,1.0726,1.3583,0.0685,0.0356,0.0126,0.0461,0.05,5.0,task,3042,80743.8,0.575944,176.0,1001.385,36.0,0.0,160.0,910.35,70.367929,0.201902,918.756291,124.0,910.35,0,160.0,0.0,4,4,0,True,160.0,160.0,0.0,0,0.04,0.0,0.0,,20,0,0,0,0,0,0,677
678,instance_n=20_82_c03,instance_n=20_82,Otto,20,1000.0,OK,5,2,905.39,24.1056,47.6244,2026-05-19T20:59:33.923670,c03,3,low,high,high,high,fixed,fixed,0.976,0.8664,1.0726,1.3583,0.0685,0.0356,0.0126,0.0461,0.05,5.0,task,3042,80743.8,0.575944,176.0,1001.385,36.0,0.0,160.0,910.35,70.367929,0.201902,918.756291,124.0,910.35,1,125.0,132.6,3,3,1,False,69.45,132.6,47.6244,112128,300.32,131.0,1.6,0.968,10,0,0,0,0,6,4,6956646
679,instance_n=20_82_c03,instance_n=20_82,Otto,20,1000.0,OK,5,2,905.39,24.1056,47.6244,2026-05-19T20:59:33.923670,c03,3,low,high,high,high,fixed,fixed,0.976,0.8664,1.0726,1.3583,0.0685,0.0356,0.0126,0.0461,0.05,5.0,task,3042,80743.8,0.575944,176.0,1001.385,36.0,0.0,160.0,910.35,70.367929,0.201902,918.756291,124.0,910.35,2,94.0,362.90000000000003,3,2,2,False,203.27020075,362.9,43.9873,107356,301.07,360.0,2.9,0.971,5,4,0,0,0,5,6,3406263
680,instance_n=20_82_c03,instance_n=20_82,Otto,20,1000.0,OK,5,2,905.39,24.1056,47.6244,2026-05-19T20:59:33.923670,c03,3,low,high,high,high,fixed,fixed,0.976,0.8664,1.0726,1.3583,0.0685,0.0356,0.0126,0.0461,0.05,5.0,task,3042,80743.8,0.575944,176.0,1001.385,36.0,0.0,160.0,910.35,70.367929,0.201902,918.756291,124.0,910.35,3,63.0,612.25,3,1,3,False,435.2096992,612.25,28.9163,310190,300.34,608.0,4.25,0.9717,0,11,0,0,0,4,5,8912502
681,instance_n=20_82_c03,instance_n=20_82,Otto,20,1000.0,OK,5,2,905.39,24.1056,47.6244,2026-05-19T20:59:33.923670,c03,3,low,high,high,high,fixed,fixed,0.976,0.8664,1.0726,1.3583,0.0685,0.0356,0.0126,0.0461,0.05,5.0,task,3042,80743.8,0.575944,176.0,1001.385,36.0,0.0,160.0,910.35,70.367929,0.201902,918.756291,124.0,910.35,4,36.0,910.3499999999999,4,0,4,True,910.35,910.35,0.0,3800,2.37,881.0,29.35,0.8533,0,20,0,0,0,0,0,84364
682,instance_n=20_82_c04,instance_n=20_82,Otto,20,1000.0,OK,5,5,79.15,0.0,0.0,2026-05-19T21:00:53.074814,c04,4,mid,low,mid,high,fixed,fixed,1.4377,0.3723,1.0021,1.3683,0.1027,0.0414,0.0209,0.043,0.05,5.0,task,4042,146478.67,0.821074,176.0,1462.285,54.0,0.0,160.0,1329.35,335.896253,0.781504,1333.569429,106.0,1329.35,0,160.0,0.0,4,4,0,True,160.0,160.0,0.0,0,0.03,0.0,0.0,,20,0,0,0,0,0,0,677
683,instance_n=20_82_c04,instance_n=20_82,Otto,20,1000.0,OK,5,5,79.15,0.0,0.0,2026-05-19T21:00:53.074814,c04,4,mid,low,mid,high,fixed,fixed,1.4377,0.3723,1.0021,1.3683,0.1027,0.0414,0.0209,0.043,0.05,5.0,task,4042,146478.67,0.821074,176.0,1462.285,54.0,0.0,160.0,1329.35,335.896253,0.781504,1333.569429,106.0,1329.35,1,125.0,107.55,3,3,1,True,107.55,107.55,0.0,17407,53.15,84.0,23.55,0.529,12,0,0,0,8,0,0,878493
684,instance_n=20_82_c04,instance_n=20_82,Otto,20,1000.0,OK,5,5,79.15,0.0,0.0,2026-05-19T21:00:53.074814,c04,4,mid,low,mid,high,fixed,fixed,1.4377,0.3723,1.0021,1.3683,0.1027,0.0414,0.0209,0.043,0.05,5.0,task,4042,146478.67,0.821074,176.0,1462.285,54.0,0.0,160.0,1329.35,335.896253,0.781504,1333.569429,106.0,1329.35,2,85.0,149.95,2,2,1,True,149.95,149.95,0.0,3589,13.57,146.0,3.95,0.921,5,0,0,0,15,0,0,343801
685,instance_n=20_82_c04,instance_n=20_82,Otto,20,1000.0,OK,5,5,79.15,0.0,0.0,2026-05-19T21:00:53.074814,c04,4,mid,low,mid,high,fixed,fixed,1.4377,0.3723,1.0021,1.3683,0.1027,0.0414,0.0209,0.043,0.05,5.0,task,4042,146478.67,0.821074,176.0,1462.285,54.0,0.0,160.0,1329.35,335.896253,0.781504,1333.569429,106.0,1329.35,3,63.0,463.35,3,1,3,True,463.35,463.35,0.0,6699,8.74,419.0,44.35,0.7043,0,4,0,0,16,0,0,319043
686,instance_n=20_82_c04,instance_n=20_82,Otto,20,1000.0,OK,5,5,79.15,0.0,0.0,2026-05-19T21:00:53.074814,c04,4,mid,low,mid,high,fixed,fixed,1.4377,0.3723,1.0021,1.3683,0.1027,0.0414,0.0209,0.043,0.05,5.0,task,4042,146478.67,0.821074,176.0,1462.285,54.0,0.0,160.0,1329.35,335.896253,0.781504,1333.569429,106.0,1329.35,4,54.0,1329.3500000000001,6,0,6,True,1329.35,1329.35,0.0,1446,1.89,1279.0,50.35,0.8322,0,20,0,0,0,0,0,36581
687,instance_n=20_82_c05,instance_n=20_82,Otto,20,1000.0,OK,5,2,1090.39,38.1985,78.8855,2026-05-19T21:19:03.465723,c05,5,mid,mid,high,low,fixed,fixed,1.4094,0.6231,1.0757,1.0525,0.0963,0.0379,0.0142,0.0279,0.05,5.0,task,5042,112025.135,0.614143,176.0,1392.435,45.0,0.0,160.0,1265.85,157.501549,0.364365,1271.063029,115.0,1265.85,0,160.0,0.0,4,4,0,True,160.0,160.0,0.0,0,0.03,0.0,0.0,,20,0,0,0,0,0,0,677
688,instance_n=20_82_c05,instance_n=20_82,Otto,20,1000.0,OK,5,2,1090.39,38.1985,78.8855,2026-05-19T21:19:03.465723,c05,5,mid,mid,high,low,fixed,fixed,1.4094,0.6231,1.0757,1.0525,0.0963,0.0379,0.0142,0.0279,0.05,5.0,task,5042,112025.135,0.614143,176.0,1392.435,45.0,0.0,160.0,1265.85,157.501549,0.364365,1271.063029,115.0,1265.85,1,125.0,112.1,3,3,1,False,57.362819561,112.1,48.8289,159168,300.44,102.0,10.1,0.798,10,0,0,0,0,7,3,5380967
689,instance_n=20_82_c05,instance_n=20_82,Otto,20,1000.0,OK,5,2,1090.39,38.1985,78.8855,2026-05-19T21:19:03.465723,c05,5,mid,mid,high,low,fixed,fixed,1.4094,0.6231,1.0757,1.0525,0.0963,0.0379,0.0142,0.0279,0.05,5.0,task,5042,112025.135,0.614143,176.0,1392.435,45.0,0.0,160.0,1265.85,157.501549,0.364365,1271.063029,115.0,1265.85,2,99.0,398.4,3,2,3,False,146.3,398.4,63.2781,151090,300.82,366.0,32.4,0.784,0,3,0,0,0,9,8,4373887
690,instance_n=20_82_c05,instance_n=20_82,Otto,20,1000.0,OK,5,2,1090.39,38.1985,78.8855,2026-05-19T21:19:03.465723,c05,5,mid,mid,high,low,fixed,fixed,1.4094,0.6231,1.0757,1.0525,0.0963,0.0379,0.0142,0.0279,0.05,5.0,task,5042,112025.135,0.614143,176.0,1392.435,45.0,0.0,160.0,1265.85,157.501549,0.364365,1271.063029,115.0,1265.85,3,72.0,812.0,4,1,4,False,171.45,812.0,78.8855,270119,300.32,795.0,17.0,0.915,0,10,0,0,0,6,4,9135299
691,instance_n=20_82_c05,instance_n=20_82,Otto,20,1000.0,OK,5,2,1090.39,38.1985,78.8855,2026-05-19T21:19:03.465723,c05,5,mid,mid,high,low,fixed,fixed,1.4094,0.6231,1.0757,1.0525,0.0963,0.0379,0.0142,0.0279,0.05,5.0,task,5042,112025.135,0.614143,176.0,1392.435,45.0,0.0,160.0,1265.85,157.501549,0.364365,1271.063029,115.0,1265.85,4,45.0,1265.8500000000004,5,0,5,True,1265.85,1265.85,0.0,395799,187.41,1264.0,1.85,0.9926,0,20,0,0,0,0,0,10505263
692,instance_n=20_82_c06,instance_n=20_82,Otto,20,1000.0,OK,5,2,920.95,30.8158,66.3414,2026-05-19T21:34:24.417149,c06,6,mid,high,low,mid,fixed,fixed,1.4015,0.8585,0.9059,1.1681,0.1146,0.0461,0.0257,0.0498,0.05,5.0,task,6042,110998.3,0.636852,176.0,1428.625,54.0,0.0,160.0,1298.75,134.752959,0.275926,1303.068518,106.0,1298.75,0,160.0,0.0,4,4,0,True,160.0,160.0,0.0,0,0.03,0.0,0.0,,20,0,0,0,0,0,0,677
693,instance_n=20_82_c06,instance_n=20_82,Otto,20,1000.0,OK,5,2,920.95,30.8158,66.3414,2026-05-19T21:34:24.417149,c06,6,mid,high,low,mid,fixed,fixed,1.4015,0.8585,0.9059,1.1681,0.1146,0.0461,0.0257,0.0498,0.05,5.0,task,6042,110998.3,0.636852,176.0,1428.625,54.0,0.0,160.0,1298.75,134.752959,0.275926,1303.068518,106.0,1298.75,1,125.0,142.0,3,3,1,False,107.05521127,142.0,24.609,196311,300.45,140.0,2.0,0.96,12,0,0,0,0,4,4,4135037
694,instance_n=20_82_c06,instance_n=20_82,Otto,20,1000.0,OK,5,2,920.95,30.8158,66.3414,2026-05-19T21:34:24.417149,c06,6,mid,high,low,mid,fixed,fixed,1.4015,0.8585,0.9059,1.1681,0.1146,0.0461,0.0257,0.0498,0.05,5.0,task,6042,110998.3,0.636852,176.0,1428.625,54.0,0.0,160.0,1298.75,134.752959,0.275926,1303.068518,106.0,1298.75,2,99.0,474.85,3,2,3,False,175.08333333,474.85,63.1287,132606,300.3,463.0,11.85,0.921,0,3,0,0,0,8,9,5969349
695,instance_n=20_82_c06,instance_n=20_82,Otto,20,1000.0,OK,5,2,920.95,30.8158,66.3414,2026-05-19T21:34:24.417149,c06,6,mid,high,low,mid,fixed,fixed,1.4015,0.8585,0.9059,1.1681,0.1146,0.0461,0.0257,0.0498,0.05,5.0,task,6042,110998.3,0.636852,176.0,1428.625,54.0,0.0,160.0,1298.75,134.752959,0.275926,1303.068518,106.0,1298.75,3,72.0,837.05,4,1,4,False,281.73934365,837.05,66.3414,132088,300.4,828.0,9.05,0.9547,0,11,0,0,0,5,4,6318392
696,instance_n=20_82_c06,instance_n=20_82,Otto,20,1000.0,OK,5,2,920.95,30.8158,66.3414,2026-05-19T21:34:24.417149,c06,6,mid,high,low,mid,fixed,fixed,1.4015,0.8585,0.9059,1.1681,0.1146,0.0461,0.0257,0.0498,0.05,5.0,task,6042,110998.3,0.636852,176.0,1428.625,54.0,0.0,160.0,1298.75,134.752959,0.275926,1303.068518,106.0,1298.75,4,54.0,1298.75,6,0,6,True,1298.75,1298.75,0.0,19884,18.16,1247.0,51.75,0.8275,0,20,0,0,0,0,0,677422
697,instance_n=20_82_c07,instance_n=20_82,Otto,20,1000.0,OK,4,4,48.4,0.0,0.0,2026-05-19T21:35:12.819585,c07,7,high,low,high,mid,fixed,fixed,2.1571,0.3772,1.0761,1.1891,0.1865,0.0405,0.0125,0.0392,0.05,5.0,task,7042,47787.85,0.687142,176.0,615.45,63.0,0.0,160.0,559.5,170.310923,0.759253,567.84615,97.0,559.5,0,160.0,0.0,4,4,0,True,160.0,160.0,0.0,0,0.03,0.0,0.0,,20,0,0,0,0,0,0,677
698,instance_n=20_82_c07,instance_n=20_82,Otto,20,1000.0,OK,4,4,48.4,0.0,0.0,2026-05-19T21:35:12.819585,c07,7,high,low,high,mid,fixed,fixed,2.1571,0.3772,1.0761,1.1891,0.1865,0.0405,0.0125,0.0392,0.05,5.0,task,7042,47787.85,0.687142,176.0,615.45,63.0,0.0,160.0,559.5,170.310923,0.759253,567.84615,97.0,559.5,1,125.0,104.2,3,3,1,True,104.2,104.2,0.0,18711,36.32,81.0,23.2,0.536,13,0,0,0,7,0,0,466794
699,instance_n=20_82_c07,instance_n=20_82,Otto,20,1000.0,OK,4,4,48.4,0.0,0.0,2026-05-19T21:35:12.819585,c07,7,high,low,high,mid,fixed,fixed,2.1571,0.3772,1.0761,1.1891,0.1865,0.0405,0.0125,0.0392,0.05,5.0,task,7042,47787.85,0.687142,176.0,615.45,63.0,0.0,160.0,559.5,170.310923,0.759253,567.84615,97.0,559.5,2,85.0,145.05,2,2,1,True,145.05,145.05,0.0,658,5.02,140.0,5.05,0.899,5,0,0,0,15,0,0,68600
700,instance_n=20_82_c07,instance_n=20_82,Otto,20,1000.0,OK,4,4,48.4,0.0,0.0,2026-05-19T21:35:12.819585,c07,7,high,low,high,mid,fixed,fixed,2.1571,0.3772,1.0761,1.1891,0.1865,0.0405,0.0125,0.0392,0.05,5.0,task,7042,47787.85,0.687142,176.0,615.45,63.0,0.0,160.0,559.5,170.310923,0.759253,567.84615,97.0,559.5,3,63.0,559.5,3,1,3,True,559.5,559.5,0.0,2556,5.39,538.0,21.5,0.8567,0,3,0,0,17,0,0,139166
701,instance_n=20_82_c08,instance_n=20_82,Otto,20,1407.0,OK,4,4,313.13,0.0,0.0,2026-05-19T21:40:25.947518,c08,8,high,mid,low,high,fixed,fixed,2.1185,0.6368,0.9064,1.3656,0.2282,0.034,0.0301,0.0598,0.05,5.0,task,8042,124376.56,0.735675,132.0,2167.495,54.0,0.0,120.0,1970.45,408.009876,0.45544,1971.555021,66.0,1970.45,0,120.0,0.0,3,3,0,True,120.0,120.0,0.0,0,0.03,0.0,0.0,,20,0,0,0,0,0,0,406
702,instance_n=20_82_c08,instance_n=20_82,Otto,20,1407.0,OK,4,4,313.13,0.0,0.0,2026-05-19T21:40:25.947518,c08,8,high,mid,low,high,fixed,fixed,2.1185,0.6368,0.9064,1.3656,0.2282,0.034,0.0301,0.0598,0.05,5.0,task,8042,124376.56,0.735675,132.0,2167.495,54.0,0.0,120.0,1970.45,408.009876,0.45544,1971.555021,66.0,1970.45,1,85.0,205.5,2,2,1,True,205.5,205.5,0.0,53589,113.22,202.0,3.5,0.9502,9,0,0,0,11,0,0,2831970
703,instance_n=20_82_c08,instance_n=20_82,Otto,20,1407.0,OK,4,4,313.13,0.0,0.0,2026-05-19T21:40:25.947518,c08,8,high,mid,low,high,fixed,fixed,2.1185,0.6368,0.9064,1.3656,0.2282,0.034,0.0301,0.0598,0.05,5.0,task,8042,124376.56,0.735675,132.0,2167.495,54.0,0.0,120.0,1970.45,408.009876,0.45544,1971.555021,66.0,1970.45,2,63.0,898.25,3,1,3,True,898.25,898.25,0.0,154709,196.65,895.0,3.25,0.9846,0,8,0,0,12,0,0,5679395
704,instance_n=20_82_c08,instance_n=20_82,Otto,20,1407.0,OK,4,4,313.13,0.0,0.0,2026-05-19T21:40:25.947518,c08,8,high,mid,low,high,fixed,fixed,2.1185,0.6368,0.9064,1.3656,0.2282,0.034,0.0301,0.0598,0.05,5.0,task,8042,124376.56,0.735675,132.0,2167.495,54.0,0.0,120.0,1970.45,408.009876,0.45544,1971.555021,66.0,1970.45,3,54.0,1970.4500000000003,6,0,6,True,1970.45,1970.45,0.0,915,1.8,1926.0,44.45,0.8947,0,20,0,0,0,0,0,29680
705,instance_n=20_82_c09,instance_n=20_82,Otto,20,1000.0,OK,5,1,1207.62,62.5561,90.8076,2026-05-19T22:00:33.572678,c09,9,high,high,mid,low,fixed,fixed,2.1304,0.8895,1.0029,1.0461,0.1856,0.0438,0.026,0.0269,0.05,5.0,task,9042,147020.16,0.646644,176.0,2186.14,72.0,0.0,160.0,1987.4,223.02424,0.331084,1989.34732,88.0,1987.4,0,160.0,0.0,4,4,0,True,160.0,160.0,0.0,0,0.03,0.0,0.0,,20,0,0,0,0,0,0,677
706,instance_n=20_82_c09,instance_n=20_82,Otto,20,1000.0,OK,5,1,1207.62,62.5561,90.8076,2026-05-19T22:00:33.572678,c09,9,high,high,mid,low,fixed,fixed,2.1304,0.8895,1.0029,1.0461,0.1856,0.0438,0.026,0.0269,0.05,5.0,task,9042,147020.16,0.646644,176.0,2186.14,72.0,0.0,160.0,1987.4,223.02424,0.331084,1989.34732,88.0,1987.4,1,130.0,203.25,3,3,2,False,60.615661128,203.25,70.1768,129629,300.34,169.0,34.25,0.6575,5,0,0,0,0,11,4,6194892
707,instance_n=20_82_c09,instance_n=20_82,Otto,20,1000.0,OK,5,1,1207.62,62.5561,90.8076,2026-05-19T22:00:33.572678,c09,9,high,high,mid,low,fixed,fixed,2.1304,0.8895,1.0029,1.0461,0.1856,0.0438,0.026,0.0269,0.05,5.0,task,9042,147020.16,0.646644,176.0,2186.14,72.0,0.0,160.0,1987.4,223.02424,0.331084,1989.34732,88.0,1987.4,2,108.0,663.0500000000001,4,2,4,False,60.95,663.05,90.8076,107156,301.15,630.0,33.05,0.8347,0,4,0,0,0,10,6,4826309
708,instance_n=20_82_c09,instance_n=20_82,Otto,20,1000.0,OK,5,1,1207.62,62.5561,90.8076,2026-05-19T22:00:33.572678,c09,9,high,high,mid,low,fixed,fixed,2.1304,0.8895,1.0029,1.0461,0.1856,0.0438,0.026,0.0269,0.05,5.0,task,9042,147020.16,0.646644,176.0,2186.14,72.0,0.0,160.0,1987.4,223.02424,0.331084,1989.34732,88.0,1987.4,3,90.0,1326.7,6,1,6,False,196.66148592,1326.7,85.1766,102031,300.31,1303.0,23.7,0.921,0,13,0,0,0,4,3,6012198
709,instance_n=20_82_c09,instance_n=20_82,Otto,20,1000.0,OK,5,1,1207.62,62.5561,90.8076,2026-05-19T22:00:33.572678,c09,9,high,high,mid,low,fixed,fixed,2.1304,0.8895,1.0029,1.0461,0.1856,0.0438,0.026,0.0269,0.05,5.0,task,9042,147020.16,0.646644,176.0,2186.14,72.0,0.0,160.0,1987.4,223.02424,0.331084,1989.34732,88.0,1987.4,4,72.0,1987.4000000000003,8,0,8,False,663.4078123,1987.4,66.6193,158612,300.31,1961.0,26.4,0.934,0,20,0,0,0,0,0,8637354
710,instance_n=20_87_c01,instance_n=20_87,Otto,20,1000.0,OK,4,3,439.67,11.166,44.6638,2026-05-12T16:44:28.833952,c01,1,low,low,low,low,fixed,fixed,0.9872,0.3753,0.8974,1.041,0.0714,0.0374,0.0307,0.0229,0.05,5.0,task,1042,53049.2,0.629265,132.0,802.89,27.0,0.0,120.0,729.9,186.125421,0.671522,735.800931,93.0,729.9,0,120.0,0.0,3,3,0,True,120.0,120.0,0.0,0,0.02,0.0,0.0,,20,0,0,0,0,0,0,
711,instance_n=20_87_c01,instance_n=20_87,Otto,20,1000.0,OK,4,3,439.67,11.166,44.6638,2026-05-12T16:44:28.833952,c01,1,low,low,low,low,fixed,fixed,0.9872,0.3753,0.8974,1.041,0.0714,0.0374,0.0307,0.0229,0.05,5.0,task,1042,53049.2,0.629265,132.0,802.89,27.0,0.0,120.0,729.9,186.125421,0.671522,735.800931,93.0,729.9,1,85.0,121.15,2,2,1,False,67.039813184,121.15,44.6638,215221,300.32,105.0,16.15,0.677,7,0,0,0,13,0,0,
712,instance_n=20_87_c01,instance_n=20_87,Otto,20,1000.0,OK,4,3,439.67,11.166,44.6638,2026-05-12T16:44:28.833952,c01,1,low,low,low,low,fixed,fixed,0.9872,0.3753,0.8974,1.041,0.0714,0.0374,0.0307,0.0229,0.05,5.0,task,1042,53049.2,0.629265,132.0,802.89,27.0,0.0,120.0,729.9,186.125421,0.671522,735.800931,93.0,729.9,2,54.0,235.7,2,1,2,True,235.7,235.7,0.0,184060,136.38,193.0,42.7,0.573,0,1,0,0,19,0,0,
713,instance_n=20_87_c01,instance_n=20_87,Otto,20,1000.0,OK,4,3,439.67,11.166,44.6638,2026-05-12T16:44:28.833952,c01,1,low,low,low,low,fixed,fixed,0.9872,0.3753,0.8974,1.041,0.0714,0.0374,0.0307,0.0229,0.05,5.0,task,1042,53049.2,0.629265,132.0,802.89,27.0,0.0,120.0,729.9,186.125421,0.671522,735.800931,93.0,729.9,3,27.0,729.9,3,0,3,True,729.9,729.9,0.0,6591,1.84,718.0,11.9,0.9207,0,20,0,0,0,0,0,
714,instance_n=20_87_c02,instance_n=20_87,Otto,20,1000.0,OK,6,1,1503.62,45.252,78.1401,2026-05-12T17:09:32.452461,c02,2,low,mid,mid,mid,fixed,fixed,0.9747,0.6363,1.0065,1.1801,0.0751,0.0437,0.0322,0.0481,0.05,5.0,task,2042,43218.775,0.492256,132.0,836.165,27.0,0.0,120.0,760.15,136.774942,0.736496,765.817878,93.0,760.15,0,120.0,0.0,3,3,0,True,120.0,120.0,0.0,0,0.02,0.0,0.0,,20,0,0,0,0,0,0,
715,instance_n=20_87_c02,instance_n=20_87,Otto,20,1000.0,OK,6,1,1503.62,45.252,78.1401,2026-05-12T17:09:32.452461,c02,2,low,mid,mid,mid,fixed,fixed,0.9747,0.6363,1.0065,1.1801,0.0751,0.0437,0.0322,0.0481,0.05,5.0,task,2042,43218.775,0.492256,132.0,836.165,27.0,0.0,120.0,760.15,136.774942,0.736496,765.817878,93.0,760.15,1,90.0,209.3,2,2,2,False,80.95,209.3,61.3235,170363,300.65,176.0,33.3,0.667,0,0,0,0,0,12,8,
716,instance_n=20_87_c02,instance_n=20_87,Otto,20,1000.0,OK,6,1,1503.62,45.252,78.1401,2026-05-12T17:09:32.452461,c02,2,low,mid,mid,mid,fixed,fixed,0.9747,0.6363,1.0065,1.1801,0.0751,0.0437,0.0322,0.0481,0.05,5.0,task,2042,43218.775,0.492256,132.0,836.165,27.0,0.0,120.0,760.15,136.774942,0.736496,765.817878,93.0,760.15,2,89.0,219.75,3,2,1,False,103.31919561,219.75,52.9833,394878,300.4,210.0,9.75,0.805,13,7,0,0,0,0,0,
717,instance_n=20_87_c02,instance_n=20_87,Otto,20,1000.0,OK,6,1,1503.62,45.252,78.1401,2026-05-12T17:09:32.452461,c02,2,low,mid,mid,mid,fixed,fixed,0.9747,0.6363,1.0065,1.1801,0.0751,0.0437,0.0322,0.0481,0.05,5.0,task,2042,43218.775,0.492256,132.0,836.165,27.0,0.0,120.0,760.15,136.774942,0.736496,765.817878,93.0,760.15,3,63.0,466.15,3,1,3,False,101.9,466.15,78.1401,372934,300.33,422.0,44.15,0.7057,0,5,0,0,0,8,7,
718,instance_n=20_87_c02,instance_n=20_87,Otto,20,1000.0,OK,6,1,1503.62,45.252,78.1401,2026-05-12T17:09:32.452461,c02,2,low,mid,mid,mid,fixed,fixed,0.9747,0.6363,1.0065,1.1801,0.0751,0.0437,0.0322,0.0481,0.05,5.0,task,2042,43218.775,0.492256,132.0,836.165,27.0,0.0,120.0,760.15,136.774942,0.736496,765.817878,93.0,760.15,4,58.0,479.05,3,1,2,False,359.65,479.05,24.9243,671957,300.29,468.0,11.05,0.8895,6,14,0,0,0,0,0,
719,instance_n=20_87_c02,instance_n=20_87,Otto,20,1000.0,OK,6,1,1503.62,45.252,78.1401,2026-05-12T17:09:32.452461,c02,2,low,mid,mid,mid,fixed,fixed,0.9747,0.6363,1.0065,1.1801,0.0751,0.0437,0.0322,0.0481,0.05,5.0,task,2042,43218.775,0.492256,132.0,836.165,27.0,0.0,120.0,760.15,136.774942,0.736496,765.817878,93.0,760.15,5,27.0,760.15,3,0,3,False,348.6,760.15,54.1406,1273126,300.34,750.0,10.15,0.9323,0,20,0,0,0,0,0,
720,instance_n=20_87_c03,instance_n=20_87,Otto,20,1000.0,OK,4,2,643.5,9.4711,25.1493,2026-05-12T17:32:06.803772,c03,3,low,high,high,high,fixed,fixed,0.976,0.8664,1.0726,1.3583,0.0685,0.0356,0.0126,0.0461,0.05,5.0,task,3042,41029.925,0.489949,132.0,797.555,27.0,0.0,120.0,725.05,34.477901,0.099247,730.990084,93.0,725.05,0,120.0,0.0,3,3,0,True,120.0,120.0,0.0,0,0.02,0.0,0.0,,20,0,0,0,0,0,0,0
721,instance_n=20_87_c03,instance_n=20_87,Otto,20,1000.0,OK,4,2,643.5,9.4711,25.1493,2026-05-12T17:32:06.803772,c03,3,low,high,high,high,fixed,fixed,0.976,0.8664,1.0726,1.3583,0.0685,0.0356,0.0126,0.0461,0.05,5.0,task,3042,41029.925,0.489949,132.0,797.555,27.0,0.0,120.0,725.05,34.477901,0.099247,730.990084,93.0,725.05,1,89.0,206.0,3,2,1,False,154.19234609,206.0,25.1493,267111,300.33,196.0,10.0,0.8,15,5,0,0,0,0,0,6964265
722,instance_n=20_87_c03,instance_n=20_87,Otto,20,1000.0,OK,4,2,643.5,9.4711,25.1493,2026-05-12T17:32:06.803772,c03,3,low,high,high,high,fixed,fixed,0.976,0.8664,1.0726,1.3583,0.0685,0.0356,0.0126,0.0461,0.05,5.0,task,3042,41029.925,0.489949,132.0,797.555,27.0,0.0,120.0,725.05,34.477901,0.099247,730.990084,93.0,725.05,2,58.0,446.8,3,1,2,False,389.9,446.8,12.735,377571,300.31,434.0,12.8,0.872,8,12,0,0,0,0,0,9888124
723,instance_n=20_87_c03,instance_n=20_87,Otto,20,1000.0,OK,4,2,643.5,9.4711,25.1493,2026-05-12T17:32:06.803772,c03,3,low,high,high,high,fixed,fixed,0.976,0.8664,1.0726,1.3583,0.0685,0.0356,0.0126,0.0461,0.05,5.0,task,3042,41029.925,0.489949,132.0,797.555,27.0,0.0,120.0,725.05,34.477901,0.099247,730.990084,93.0,725.05,3,27.0,725.0500000000001,3,0,3,True,725.05,725.05,0.0,182186,41.75,712.0,13.05,0.913,0,20,0,0,0,0,0,4780718
724,instance_n=20_87_c04,instance_n=20_87,Otto,20,1000.0,OK,4,4,29.58,0.0,0.0,2026-05-12T17:32:36.384000,c04,4,mid,low,mid,high,fixed,fixed,1.4377,0.3723,1.0021,1.3683,0.1027,0.0414,0.0209,0.043,0.05,5.0,task,4042,83356.28,0.790468,132.0,1212.09,45.0,0.0,120.0,1101.9,348.944927,0.861083,1104.44946,75.0,1101.9,0,120.0,0.0,3,3,0,True,120.0,120.0,0.0,0,0.02,0.0,0.0,,20,0,0,0,0,0,0,0
725,instance_n=20_87_c04,instance_n=20_87,Otto,20,1000.0,OK,4,4,29.58,0.0,0.0,2026-05-12T17:32:36.384000,c04,4,mid,low,mid,high,fixed,fixed,1.4377,0.3723,1.0021,1.3683,0.1027,0.0414,0.0209,0.043,0.05,5.0,task,4042,83356.28,0.790468,132.0,1212.09,45.0,0.0,120.0,1101.9,348.944927,0.861083,1104.44946,75.0,1101.9,1,85.0,123.25,2,2,1,True,123.25,123.25,0.0,8872,25.46,107.0,16.25,0.675,10,0,0,0,10,0,0,352516
726,instance_n=20_87_c04,instance_n=20_87,Otto,20,1000.0,OK,4,4,29.58,0.0,0.0,2026-05-12T17:32:36.384000,c04,4,mid,low,mid,high,fixed,fixed,1.4377,0.3723,1.0021,1.3683,0.1027,0.0414,0.0209,0.043,0.05,5.0,task,4042,83356.28,0.790468,132.0,1212.09,45.0,0.0,120.0,1101.9,348.944927,0.861083,1104.44946,75.0,1101.9,2,54.0,253.7,2,1,2,True,253.7,253.7,0.0,438,2.28,216.0,37.7,0.623,0,1,0,0,19,0,0,48711
727,instance_n=20_87_c04,instance_n=20_87,Otto,20,1000.0,OK,4,4,29.58,0.0,0.0,2026-05-12T17:32:36.384000,c04,4,mid,low,mid,high,fixed,fixed,1.4377,0.3723,1.0021,1.3683,0.1027,0.0414,0.0209,0.043,0.05,5.0,task,4042,83356.28,0.790468,132.0,1212.09,45.0,0.0,120.0,1101.9,348.944927,0.861083,1104.44946,75.0,1101.9,3,45.0,1101.9000000000003,5,0,5,True,1101.9,1101.9,0.0,0,0.58,1055.0,46.9,0.8124,0,20,0,0,0,0,0,445
728,instance_n=20_87_c05,instance_n=20_87,Otto,20,1000.0,OK,4,2,631.16,26.4351,62.4586,2026-05-12T17:43:07.550735,c05,5,mid,mid,high,low,fixed,fixed,1.4094,0.6231,1.0757,1.0525,0.0963,0.0379,0.0142,0.0279,0.05,5.0,task,5042,62918.685,0.605645,132.0,1194.105,45.0,0.0,120.0,1085.55,143.889636,0.301554,1088.137768,75.0,1085.55,0,120.0,0.0,3,3,0,True,120.0,120.0,0.0,0,0.02,0.0,0.0,,20,0,0,0,0,0,0,0
729,instance_n=20_87_c05,instance_n=20_87,Otto,20,1000.0,OK,4,2,631.16,26.4351,62.4586,2026-05-12T17:43:07.550735,c05,5,mid,mid,high,low,fixed,fixed,1.4094,0.6231,1.0757,1.0525,0.0963,0.0379,0.0142,0.0279,0.05,5.0,task,5042,62918.685,0.605645,132.0,1194.105,45.0,0.0,120.0,1085.55,143.889636,0.301554,1088.137768,75.0,1085.55,1,90.0,211.5,2,2,2,False,79.4,211.5,62.4586,164843,301.9,179.0,32.5,0.675,0,0,0,0,0,13,7,3894000
730,instance_n=20_87_c05,instance_n=20_87,Otto,20,1000.0,OK,4,2,631.16,26.4351,62.4586,2026-05-12T17:43:07.550735,c05,5,mid,mid,high,low,fixed,fixed,1.4094,0.6231,1.0757,1.0525,0.0963,0.0379,0.0142,0.0279,0.05,5.0,task,5042,62918.685,0.605645,132.0,1194.105,45.0,0.0,120.0,1085.55,143.889636,0.301554,1088.137768,75.0,1085.55,2,63.0,558.65,3,1,3,False,316.85603647,558.65,43.2818,357478,300.33,541.0,17.65,0.8823,0,7,0,0,0,6,7,7779624
731,instance_n=20_87_c05,instance_n=20_87,Otto,20,1000.0,OK,4,2,631.16,26.4351,62.4586,2026-05-12T17:43:07.550735,c05,5,mid,mid,high,low,fixed,fixed,1.4094,0.6231,1.0757,1.0525,0.0963,0.0379,0.0142,0.0279,0.05,5.0,task,5042,62918.685,0.605645,132.0,1194.105,45.0,0.0,120.0,1085.55,143.889636,0.301554,1088.137768,75.0,1085.55,3,45.0,1085.55,5,0,5,True,1085.55,1085.55,0.0,93698,27.66,1036.0,49.55,0.8018,0,20,0,0,0,0,0,2361791
732,instance_n=20_87_c06,instance_n=20_87,Otto,20,1000.0,OK,4,2,607.64,20.2556,50.5517,2026-05-12T17:53:15.198660,c06,6,mid,high,low,mid,fixed,fixed,1.4015,0.8585,0.9059,1.1681,0.1146,0.0461,0.0257,0.0498,0.05,5.0,task,6042,60109.95,0.577571,132.0,1196.25,45.0,0.0,120.0,1087.5,97.020049,0.198179,1090.083139,75.0,1087.5,0,120.0,0.0,3,3,0,True,120.0,120.0,0.0,0,0.02,0.0,0.0,,20,0,0,0,0,0,0,0
733,instance_n=20_87_c06,instance_n=20_87,Otto,20,1000.0,OK,4,2,607.64,20.2556,50.5517,2026-05-12T17:53:15.198660,c06,6,mid,high,low,mid,fixed,fixed,1.4015,0.8585,0.9059,1.1681,0.1146,0.0461,0.0257,0.0498,0.05,5.0,task,6042,60109.95,0.577571,132.0,1196.25,45.0,0.0,120.0,1087.5,97.020049,0.198179,1090.083139,75.0,1087.5,1,90.0,253.70000000000002,2,2,2,False,125.45028873,253.7,50.5517,208638,300.33,239.0,14.7,0.853,0,0,0,0,0,10,10,8080626
734,instance_n=20_87_c06,instance_n=20_87,Otto,20,1000.0,OK,4,2,607.64,20.2556,50.5517,2026-05-12T17:53:15.198660,c06,6,mid,high,low,mid,fixed,fixed,1.4015,0.8585,0.9059,1.1681,0.1146,0.0461,0.0257,0.0498,0.05,5.0,task,6042,60109.95,0.577571,132.0,1196.25,45.0,0.0,120.0,1087.5,97.020049,0.198179,1090.083139,75.0,1087.5,2,63.0,621.4,3,1,3,False,432.05406504,621.4,30.4709,334074,300.35,616.0,5.4,0.964,0,12,0,0,0,4,4,10590389
735,instance_n=20_87_c06,instance_n=20_87,Otto,20,1000.0,OK,4,2,607.64,20.2556,50.5517,2026-05-12T17:53:15.198660,c06,6,mid,high,low,mid,fixed,fixed,1.4015,0.8585,0.9059,1.1681,0.1146,0.0461,0.0257,0.0498,0.05,5.0,task,6042,60109.95,0.577571,132.0,1196.25,45.0,0.0,120.0,1087.5,97.020049,0.198179,1090.083139,75.0,1087.5,3,45.0,1087.4999999999998,5,0,5,True,1087.5,1087.5,0.0,11736,5.72,1038.0,49.5,0.802,0,20,0,0,0,0,0,283160
736,instance_n=20_87_c07,instance_n=20_87,Otto,20,1000.0,OK,3,3,24.79,0.0,0.0,2026-05-12T17:53:39.990098,c07,7,high,low,high,mid,fixed,fixed,2.1571,0.3772,1.0761,1.1891,0.1865,0.0405,0.0125,0.0392,0.05,5.0,task,7042,10521.12,0.455174,132.0,296.34,54.0,0.0,120.0,269.4,13.279056,0.09099,277.366833,66.0,269.4,0,120.0,0.0,3,3,0,True,120.0,120.0,0.0,0,0.02,0.0,0.0,,20,0,0,0,0,0,0,0
737,instance_n=20_87_c07,instance_n=20_87,Otto,20,1000.0,OK,3,3,24.79,0.0,0.0,2026-05-12T17:53:39.990098,c07,7,high,low,high,mid,fixed,fixed,2.1571,0.3772,1.0761,1.1891,0.1865,0.0405,0.0125,0.0392,0.05,5.0,task,7042,10521.12,0.455174,132.0,296.34,54.0,0.0,120.0,269.4,13.279056,0.09099,277.366833,66.0,269.4,1,85.0,121.2,2,2,1,True,121.2,121.2,0.0,6176,21.1,104.0,17.2,0.656,8,0,0,0,12,0,0,379063
738,instance_n=20_87_c07,instance_n=20_87,Otto,20,1000.0,OK,3,3,24.79,0.0,0.0,2026-05-12T17:53:39.990098,c07,7,high,low,high,mid,fixed,fixed,2.1571,0.3772,1.0761,1.1891,0.1865,0.0405,0.0125,0.0392,0.05,5.0,task,7042,10521.12,0.455174,132.0,296.34,54.0,0.0,120.0,269.4,13.279056,0.09099,277.366833,66.0,269.4,2,54.0,269.40000000000003,2,1,2,True,269.4,269.4,0.0,460,2.54,235.0,34.4,0.656,0,2,0,0,18,0,0,48792
739,instance_n=20_87_c08,instance_n=20_87,Otto,20,1000.0,OK,4,4,250.02,0.0,0.0,2026-05-12T17:57:50.011740,c08,8,high,mid,low,high,fixed,fixed,2.1185,0.6368,0.9064,1.3656,0.2282,0.034,0.0301,0.0598,0.05,5.0,task,8042,82392.105,0.683823,132.0,1746.195,63.0,0.0,120.0,1587.45,211.948193,0.297347,1588.47301,57.0,1587.45,0,120.0,0.0,3,3,0,True,120.0,120.0,0.0,0,0.02,0.0,0.0,,20,0,0,0,0,0,0,0
740,instance_n=20_87_c08,instance_n=20_87,Otto,20,1000.0,OK,4,4,250.02,0.0,0.0,2026-05-12T17:57:50.011740,c08,8,high,mid,low,high,fixed,fixed,2.1185,0.6368,0.9064,1.3656,0.2282,0.034,0.0301,0.0598,0.05,5.0,task,8042,82392.105,0.683823,132.0,1746.195,63.0,0.0,120.0,1587.45,211.948193,0.297347,1588.47301,57.0,1587.45,1,90.0,291.95000000000005,2,2,2,True,291.95,291.95,0.0,42844,71.74,283.0,8.95,0.9105,0,0,0,0,20,0,0,1825001
741,instance_n=20_87_c08,instance_n=20_87,Otto,20,1000.0,OK,4,4,250.02,0.0,0.0,2026-05-12T17:57:50.011740,c08,8,high,mid,low,high,fixed,fixed,2.1185,0.6368,0.9064,1.3656,0.2282,0.034,0.0301,0.0598,0.05,5.0,task,8042,82392.105,0.683823,132.0,1746.195,63.0,0.0,120.0,1587.45,211.948193,0.297347,1588.47301,57.0,1587.45,2,72.0,836.1,4,1,4,True,836.1,836.1,0.0,121495,173.81,817.0,19.1,0.9045,0,8,0,0,12,0,0,4174018
742,instance_n=20_87_c08,instance_n=20_87,Otto,20,1000.0,OK,4,4,250.02,0.0,0.0,2026-05-12T17:57:50.011740,c08,8,high,mid,low,high,fixed,fixed,2.1185,0.6368,0.9064,1.3656,0.2282,0.034,0.0301,0.0598,0.05,5.0,task,8042,82392.105,0.683823,132.0,1746.195,63.0,0.0,120.0,1587.45,211.948193,0.297347,1588.47301,57.0,1587.45,3,63.0,1587.4499999999998,7,0,7,True,1587.45,1587.45,0.0,1512,2.36,1535.0,52.45,0.8501,0,20,0,0,0,0,0,68256
743,instance_n=20_87_c09,instance_n=20_87,Otto,20,1000.0,OK,4,2,1340.38,27.9859,59.3137,2026-05-12T18:20:10.397005,c09,9,high,high,mid,low,fixed,fixed,2.1304,0.8895,1.0029,1.0461,0.1856,0.0438,0.026,0.0269,0.05,5.0,task,9042,87659.79,0.693615,132.0,1831.61,63.0,0.0,120.0,1665.1,259.831799,0.368246,1666.075331,57.0,1665.1,0,120.0,0.0,3,3,0,True,120.0,120.0,0.0,0,0.02,0.0,0.0,,20,0,0,0,0,0,0,0
744,instance_n=20_87_c09,instance_n=20_87,Otto,20,1000.0,OK,4,2,1340.38,27.9859,59.3137,2026-05-12T18:20:10.397005,c09,9,high,high,mid,low,fixed,fixed,2.1304,0.8895,1.0029,1.0461,0.1856,0.0438,0.026,0.0269,0.05,5.0,task,9042,87659.79,0.693615,132.0,1831.61,63.0,0.0,120.0,1665.1,259.831799,0.368246,1666.075331,57.0,1665.1,1,90.0,246.95,2,2,2,False,116.9800322,246.95,52.6301,210923,300.35,241.0,5.95,0.9405,0,0,0,0,0,12,8,5859917
745,instance_n=20_87_c09,instance_n=20_87,Otto,20,1000.0,OK,4,2,1340.38,27.9859,59.3137,2026-05-12T18:20:10.397005,c09,9,high,high,mid,low,fixed,fixed,2.1304,0.8895,1.0029,1.0461,0.1856,0.0438,0.026,0.0269,0.05,5.0,task,9042,87659.79,0.693615,132.0,1831.61,63.0,0.0,120.0,1665.1,259.831799,0.368246,1666.075331,57.0,1665.1,2,72.0,907.0500000000001,4,1,4,False,369.04494253,907.05,59.3137,74028,1018.39,902.0,5.05,0.9748,0,10,0,0,0,7,3,2240345
746,instance_n=20_87_c09,instance_n=20_87,Otto,20,1000.0,OK,4,2,1340.38,27.9859,59.3137,2026-05-12T18:20:10.397005,c09,9,high,high,mid,low,fixed,fixed,2.1304,0.8895,1.0029,1.0461,0.1856,0.0438,0.026,0.0269,0.05,5.0,task,9042,87659.79,0.693615,132.0,1831.61,63.0,0.0,120.0,1665.1,259.831799,0.368246,1666.075331,57.0,1665.1,3,63.0,1665.0999999999997,7,0,7,True,1665.1,1665.1,0.0,31226,18.72,1617.0,48.1,0.8626,0,20,0,0,0,0,0,1064929
747,instance_n=20_88_c01,instance_n=20_88,Otto,20,1000.0,OK,4,3,327.56,12.1502,48.6007,2026-05-19T09:59:35.238858,c01,1,low,low,low,low,fixed,fixed,0.9872,0.3753,0.8974,1.041,0.0714,0.0374,0.0307,0.0229,0.05,5.0,task,1042,51333.925,0.631186,132.0,774.565,27.0,0.0,120.0,704.15,179.932105,0.673839,710.264896,93.0,704.15,0,120.0,0.0,3,3,0,True,120.0,120.0,0.0,0,0.03,0.0,0.0,,20,0,0,0,0,0,0,0
748,instance_n=20_88_c01,instance_n=20_88,Otto,20,1000.0,OK,4,3,327.56,12.1502,48.6007,2026-05-19T09:59:35.238858,c01,1,low,low,low,low,fixed,fixed,0.9872,0.3753,0.8974,1.041,0.0714,0.0374,0.0307,0.0229,0.05,5.0,task,1042,51333.925,0.631186,132.0,774.565,27.0,0.0,120.0,704.15,179.932105,0.673839,710.264896,93.0,704.15,1,85.0,113.55,2,2,1,False,58.363855422,113.55,48.6007,97014,300.31,101.0,12.55,0.749,6,0,0,0,0,9,5,4271946
749,instance_n=20_88_c01,instance_n=20_88,Otto,20,1000.0,OK,4,3,327.56,12.1502,48.6007,2026-05-19T09:59:35.238858,c01,1,low,low,low,low,fixed,fixed,0.9872,0.3753,0.8974,1.041,0.0714,0.0374,0.0307,0.0229,0.05,5.0,task,1042,51333.925,0.631186,132.0,774.565,27.0,0.0,120.0,704.15,179.932105,0.673839,710.264896,93.0,704.15,2,54.0,226.10000000000002,2,1,2,True,226.1,226.1,0.0,21110,25.59,181.0,45.1,0.549,0,2,0,0,18,0,0,706675
750,instance_n=20_88_c01,instance_n=20_88,Otto,20,1000.0,OK,4,3,327.56,12.1502,48.6007,2026-05-19T09:59:35.238858,c01,1,low,low,low,low,fixed,fixed,0.9872,0.3753,0.8974,1.041,0.0714,0.0374,0.0307,0.0229,0.05,5.0,task,1042,51333.925,0.631186,132.0,774.565,27.0,0.0,120.0,704.15,179.932105,0.673839,710.264896,93.0,704.15,3,27.0,704.15,3,0,3,True,704.15,704.15,0.0,0,0.61,688.0,16.15,0.8923,0,20,0,0,0,0,0,911
751,instance_n=20_88_c02,instance_n=20_88,Otto,20,1000.0,OK,4,2,602.87,11.5825,30.1304,2026-05-19T10:09:38.110047,c02,2,low,mid,mid,mid,fixed,fixed,0.9747,0.6363,1.0065,1.1801,0.0751,0.0437,0.0322,0.0481,0.05,5.0,task,2042,48421.85,0.571791,132.0,806.52,27.0,0.0,120.0,733.2,103.17118,0.308278,739.074584,93.0,733.2,0,120.0,0.0,3,3,0,True,120.0,120.0,0.0,0,0.03,0.0,0.0,,20,0,0,0,0,0,0,0
752,instance_n=20_88_c02,instance_n=20_88,Otto,20,1000.0,OK,4,2,602.87,11.5825,30.1304,2026-05-19T10:09:38.110047,c02,2,low,mid,mid,mid,fixed,fixed,0.9747,0.6363,1.0065,1.1801,0.0751,0.0437,0.0322,0.0481,0.05,5.0,task,2042,48421.85,0.571791,132.0,806.52,27.0,0.0,120.0,733.2,103.17118,0.308278,739.074584,93.0,733.2,1,85.0,128.05,2,2,1,False,89.468019447,128.05,30.1304,197603,300.58,127.0,1.05,0.979,7,0,0,0,0,8,5,3416823
753,instance_n=20_88_c02,instance_n=20_88,Otto,20,1000.0,OK,4,2,602.87,11.5825,30.1304,2026-05-19T10:09:38.110047,c02,2,low,mid,mid,mid,fixed,fixed,0.9747,0.6363,1.0065,1.1801,0.0751,0.0437,0.0322,0.0481,0.05,5.0,task,2042,48421.85,0.571791,132.0,806.52,27.0,0.0,120.0,733.2,103.17118,0.308278,739.074584,93.0,733.2,2,54.0,386.59999999999997,2,1,2,False,323.97187393,386.6,16.1997,284457,300.59,385.0,1.6,0.984,0,7,0,0,0,6,7,7591684
754,instance_n=20_88_c02,instance_n=20_88,Otto,20,1000.0,OK,4,2,602.87,11.5825,30.1304,2026-05-19T10:09:38.110047,c02,2,low,mid,mid,mid,fixed,fixed,0.9747,0.6363,1.0065,1.1801,0.0751,0.0437,0.0322,0.0481,0.05,5.0,task,2042,48421.85,0.571791,132.0,806.52,27.0,0.0,120.0,733.2,103.17118,0.308278,739.074584,93.0,733.2,3,27.0,733.2,3,0,3,True,733.2,733.2,0.0,0,0.64,717.0,16.2,0.892,0,20,0,0,0,0,0,772
755,instance_n=20_88_c03,instance_n=20_88,Otto,20,1000.0,OK,4,2,614.79,10.8312,22.7639,2026-05-19T10:19:52.898345,c03,3,low,high,high,high,fixed,fixed,0.976,0.8664,1.0726,1.3583,0.0685,0.0356,0.0126,0.0461,0.05,5.0,task,3042,41387.875,0.499111,132.0,789.745,27.0,0.0,120.0,717.95,47.050618,0.140132,723.948342,93.0,717.95,0,120.0,0.0,3,3,0,True,120.0,120.0,0.0,0,0.03,0.0,0.0,,20,0,0,0,0,0,0,0
756,instance_n=20_88_c03,instance_n=20_88,Otto,20,1000.0,OK,4,2,614.79,10.8312,22.7639,2026-05-19T10:19:52.898345,c03,3,low,high,high,high,fixed,fixed,0.976,0.8664,1.0726,1.3583,0.0685,0.0356,0.0126,0.0461,0.05,5.0,task,3042,41387.875,0.499111,132.0,789.745,27.0,0.0,120.0,717.95,47.050618,0.140132,723.948342,93.0,717.95,1,89.0,188.1,3,2,1,False,149.425,188.1,20.5609,212591,300.33,175.0,13.1,0.738,15,5,0,0,0,0,0,5902935
757,instance_n=20_88_c03,instance_n=20_88,Otto,20,1000.0,OK,4,2,614.79,10.8312,22.7639,2026-05-19T10:19:52.898345,c03,3,low,high,high,high,fixed,fixed,0.976,0.8664,1.0726,1.3583,0.0685,0.0356,0.0126,0.0461,0.05,5.0,task,3042,41387.875,0.499111,132.0,789.745,27.0,0.0,120.0,717.95,47.050618,0.140132,723.948342,93.0,717.95,2,58.0,433.8,3,1,2,False,335.05,433.8,22.7639,288221,300.32,418.0,15.8,0.842,8,12,0,0,0,0,0,8555820
758,instance_n=20_88_c03,instance_n=20_88,Otto,20,1000.0,OK,4,2,614.79,10.8312,22.7639,2026-05-19T10:19:52.898345,c03,3,low,high,high,high,fixed,fixed,0.976,0.8664,1.0726,1.3583,0.0685,0.0356,0.0126,0.0461,0.05,5.0,task,3042,41387.875,0.499111,132.0,789.745,27.0,0.0,120.0,717.95,47.050618,0.140132,723.948342,93.0,717.95,3,27.0,717.95,3,0,3,True,717.95,717.95,0.0,36898,13.1,703.0,14.95,0.9003,0,20,0,0,0,0,0,661608
759,instance_n=20_88_c04,instance_n=20_88,Otto,20,1000.0,OK,4,4,14.09,0.0,0.0,2026-05-19T10:20:06.994218,c04,4,mid,low,mid,high,fixed,fixed,1.4377,0.3723,1.0021,1.3683,0.1027,0.0414,0.0209,0.043,0.05,5.0,task,4042,79097.82,0.728135,132.0,1131.57,36.0,0.0,120.0,1028.7,342.181453,0.887673,1032.123873,84.0,1028.7,0,120.0,0.0,3,3,0,True,120.0,120.0,0.0,0,0.03,0.0,0.0,,20,0,0,0,0,0,0,0
760,instance_n=20_88_c04,instance_n=20_88,Otto,20,1000.0,OK,4,4,14.09,0.0,0.0,2026-05-19T10:20:06.994218,c04,4,mid,low,mid,high,fixed,fixed,1.4377,0.3723,1.0021,1.3683,0.1027,0.0414,0.0209,0.043,0.05,5.0,task,4042,79097.82,0.728135,132.0,1131.57,36.0,0.0,120.0,1028.7,342.181453,0.887673,1032.123873,84.0,1028.7,1,85.0,118.3,2,2,1,True,118.3,118.3,0.0,4012,10.17,99.0,19.3,0.614,7,0,0,0,13,0,0,164095
761,instance_n=20_88_c04,instance_n=20_88,Otto,20,1000.0,OK,4,4,14.09,0.0,0.0,2026-05-19T10:20:06.994218,c04,4,mid,low,mid,high,fixed,fixed,1.4377,0.3723,1.0021,1.3683,0.1027,0.0414,0.0209,0.043,0.05,5.0,task,4042,79097.82,0.728135,132.0,1131.57,36.0,0.0,120.0,1028.7,342.181453,0.887673,1032.123873,84.0,1028.7,2,54.0,221.8,2,1,2,True,221.8,221.8,0.0,72,2.03,175.0,46.8,0.532,0,1,0,0,19,0,0,16677
762,instance_n=20_88_c04,instance_n=20_88,Otto,20,1000.0,OK,4,4,14.09,0.0,0.0,2026-05-19T10:20:06.994218,c04,4,mid,low,mid,high,fixed,fixed,1.4377,0.3723,1.0021,1.3683,0.1027,0.0414,0.0209,0.043,0.05,5.0,task,4042,79097.82,0.728135,132.0,1131.57,36.0,0.0,120.0,1028.7,342.181453,0.887673,1032.123873,84.0,1028.7,3,36.0,1028.7,4,0,4,True,1028.7,1028.7,0.0,323,0.85,1026.0,2.7,0.9865,0,20,0,0,0,0,0,11356
763,instance_n=20_88_c05,instance_n=20_88,Otto,20,1000.0,OK,5,2,915.89,39.3858,80.7243,2026-05-19T10:35:22.889958,c05,5,mid,mid,high,low,fixed,fixed,1.4094,0.6231,1.0757,1.0525,0.0963,0.0379,0.0142,0.0279,0.05,5.0,task,5042,57904.51,0.554661,132.0,1087.46,36.0,0.0,120.0,988.6,181.172717,0.486471,992.162265,84.0,988.6,0,120.0,0.0,3,3,0,True,120.0,120.0,0.0,0,0.03,0.0,0.0,,20,0,0,0,0,0,0,0
764,instance_n=20_88_c05,instance_n=20_88,Otto,20,1000.0,OK,5,2,915.89,39.3858,80.7243,2026-05-19T10:35:22.889958,c05,5,mid,mid,high,low,fixed,fixed,1.4094,0.6231,1.0757,1.0525,0.0963,0.0379,0.0142,0.0279,0.05,5.0,task,5042,57904.51,0.554661,132.0,1087.46,36.0,0.0,120.0,988.6,181.172717,0.486471,992.162265,84.0,988.6,1,90.0,195.65,2,2,2,False,85.5,195.65,56.2995,163343,300.51,156.0,39.65,0.6035,0,0,0,0,0,15,5,5508576
765,instance_n=20_88_c05,instance_n=20_88,Otto,20,1000.0,OK,5,2,915.89,39.3858,80.7243,2026-05-19T10:35:22.889958,c05,5,mid,mid,high,low,fixed,fixed,1.4094,0.6231,1.0757,1.0525,0.0963,0.0379,0.0142,0.0279,0.05,5.0,task,5042,57904.51,0.554661,132.0,1087.46,36.0,0.0,120.0,988.6,181.172717,0.486471,992.162265,84.0,988.6,2,89.0,252.65,3,2,1,False,101.3,252.65,59.905,444948,300.4,252.0,0.65,0.987,15,5,0,0,0,0,0,9036857
766,instance_n=20_88_c05,instance_n=20_88,Otto,20,1000.0,OK,5,2,915.89,39.3858,80.7243,2026-05-19T10:35:22.889958,c05,5,mid,mid,high,low,fixed,fixed,1.4094,0.6231,1.0757,1.0525,0.0963,0.0379,0.0142,0.0279,0.05,5.0,task,5042,57904.51,0.554661,132.0,1087.46,36.0,0.0,120.0,988.6,181.172717,0.486471,992.162265,84.0,988.6,3,63.0,526.05,3,1,3,False,101.4,526.05,80.7243,417448,300.34,500.0,26.05,0.8263,0,8,0,0,0,8,4,9128124
767,instance_n=20_88_c05,instance_n=20_88,Otto,20,1000.0,OK,5,2,915.89,39.3858,80.7243,2026-05-19T10:35:22.889958,c05,5,mid,mid,high,low,fixed,fixed,1.4094,0.6231,1.0757,1.0525,0.0963,0.0379,0.0142,0.0279,0.05,5.0,task,5042,57904.51,0.554661,132.0,1087.46,36.0,0.0,120.0,988.6,181.172717,0.486471,992.162265,84.0,988.6,4,36.0,988.5999999999999,4,0,4,True,988.6,988.6,0.0,23095,13.38,978.0,10.6,0.947,0,20,0,0,0,0,0,768273
768,instance_n=20_88_c06,instance_n=20_88,Otto,20,1000.0,OK,4,2,609.07,20.441,54.3821,2026-05-19T10:45:31.963357,c06,6,mid,high,low,mid,fixed,fixed,1.4015,0.8585,0.9059,1.1681,0.1146,0.0461,0.0257,0.0498,0.05,5.0,task,6042,55546.62,0.528414,132.0,1094.995,36.0,0.0,120.0,995.45,78.844673,0.177981,998.987839,84.0,995.45,0,120.0,0.0,3,3,0,True,120.0,120.0,0.0,0,0.03,0.0,0.0,,20,0,0,0,0,0,0,0
769,instance_n=20_88_c06,instance_n=20_88,Otto,20,1000.0,OK,4,2,609.07,20.441,54.3821,2026-05-19T10:45:31.963357,c06,6,mid,high,low,mid,fixed,fixed,1.4015,0.8585,0.9059,1.1681,0.1146,0.0461,0.0257,0.0498,0.05,5.0,task,6042,55546.62,0.528414,132.0,1094.995,36.0,0.0,120.0,995.45,78.844673,0.177981,998.987839,84.0,995.45,1,89.0,250.45,3,2,1,False,114.25,250.45,54.3821,146775,301.7,249.0,1.45,0.971,14,6,0,0,0,0,0,3770642
770,instance_n=20_88_c06,instance_n=20_88,Otto,20,1000.0,OK,4,2,609.07,20.441,54.3821,2026-05-19T10:45:31.963357,c06,6,mid,high,low,mid,fixed,fixed,1.4015,0.8585,0.9059,1.1681,0.1146,0.0461,0.0257,0.0498,0.05,5.0,task,6042,55546.62,0.528414,132.0,1094.995,36.0,0.0,120.0,995.45,78.844673,0.177981,998.987839,84.0,995.45,2,63.0,574.3,3,1,3,False,417.04582957,574.3,27.3819,395989,300.36,560.0,14.3,0.9047,0,6,0,0,0,7,7,8594673
771,instance_n=20_88_c06,instance_n=20_88,Otto,20,1000.0,OK,4,2,609.07,20.441,54.3821,2026-05-19T10:45:31.963357,c06,6,mid,high,low,mid,fixed,fixed,1.4015,0.8585,0.9059,1.1681,0.1146,0.0461,0.0257,0.0498,0.05,5.0,task,6042,55546.62,0.528414,132.0,1094.995,36.0,0.0,120.0,995.45,78.844673,0.177981,998.987839,84.0,995.45,3,36.0,995.45,4,0,4,True,995.45,995.45,0.0,7190,5.93,988.0,7.45,0.9627,0,20,0,0,0,0,0,216210
772,instance_n=20_88_c07,instance_n=20_88,Otto,20,1000.0,OK,3,3,14.0,0.0,0.0,2026-05-19T10:45:45.965587,c07,7,high,low,high,mid,fixed,fixed,2.1571,0.3772,1.0761,1.1891,0.1865,0.0405,0.0125,0.0392,0.05,5.0,task,7042,10709.22,0.462025,132.0,297.165,54.0,0.0,120.0,270.15,18.561811,0.122614,278.095348,66.0,270.15,0,120.0,0.0,3,3,0,True,120.0,120.0,0.0,0,0.03,0.0,0.0,,20,0,0,0,0,0,0,0
773,instance_n=20_88_c07,instance_n=20_88,Otto,20,1000.0,OK,3,3,14.0,0.0,0.0,2026-05-19T10:45:45.965587,c07,7,high,low,high,mid,fixed,fixed,2.1571,0.3772,1.0761,1.1891,0.1865,0.0405,0.0125,0.0392,0.05,5.0,task,7042,10709.22,0.462025,132.0,297.165,54.0,0.0,120.0,270.15,18.561811,0.122614,278.095348,66.0,270.15,1,85.0,117.0,2,2,1,True,117.0,117.0,0.0,5438,10.31,99.0,18.0,0.64,8,0,0,0,12,0,0,258341
774,instance_n=20_88_c07,instance_n=20_88,Otto,20,1000.0,OK,3,3,14.0,0.0,0.0,2026-05-19T10:45:45.965587,c07,7,high,low,high,mid,fixed,fixed,2.1571,0.3772,1.0761,1.1891,0.1865,0.0405,0.0125,0.0392,0.05,5.0,task,7042,10709.22,0.462025,132.0,297.165,54.0,0.0,120.0,270.15,18.561811,0.122614,278.095348,66.0,270.15,2,54.0,270.15,2,1,2,True,270.15,270.15,0.0,188,2.41,237.0,33.15,0.6685,0,1,0,0,19,0,0,36577
775,instance_n=20_88_c08,instance_n=20_88,Otto,20,1000.0,OK,5,5,263.12,0.0,0.0,2026-05-19T10:50:09.092765,c08,8,high,mid,low,high,fixed,fixed,2.1185,0.6368,0.9064,1.3656,0.2282,0.034,0.0301,0.0598,0.05,5.0,task,8042,79551.78,0.618695,132.0,1648.46,54.0,0.0,120.0,1498.6,313.931699,0.621739,1500.052652,66.0,1498.6,0,120.0,0.0,3,3,0,True,120.0,120.0,0.0,0,0.03,0.0,0.0,,20,0,0,0,0,0,0,0
776,instance_n=20_88_c08,instance_n=20_88,Otto,20,1000.0,OK,5,5,263.12,0.0,0.0,2026-05-19T10:50:09.092765,c08,8,high,mid,low,high,fixed,fixed,2.1185,0.6368,0.9064,1.3656,0.2282,0.034,0.0301,0.0598,0.05,5.0,task,8042,79551.78,0.618695,132.0,1648.46,54.0,0.0,120.0,1498.6,313.931699,0.621739,1500.052652,66.0,1498.6,1,94.0,266.5,3,2,2,True,266.5,266.5,0.0,49026,68.82,232.0,34.5,0.655,7,2,0,0,11,0,0,1236603
777,instance_n=20_88_c08,instance_n=20_88,Otto,20,1000.0,OK,5,5,263.12,0.0,0.0,2026-05-19T10:50:09.092765,c08,8,high,mid,low,high,fixed,fixed,2.1185,0.6368,0.9064,1.3656,0.2282,0.034,0.0301,0.0598,0.05,5.0,task,8042,79551.78,0.618695,132.0,1648.46,54.0,0.0,120.0,1498.6,313.931699,0.621739,1500.052652,66.0,1498.6,2,90.0,282.1,2,2,2,True,282.1,282.1,0.0,222464,148.12,269.0,13.1,0.869,0,0,0,0,20,0,0,3966659
778,instance_n=20_88_c08,instance_n=20_88,Otto,20,1000.0,OK,5,5,263.12,0.0,0.0,2026-05-19T10:50:09.092765,c08,8,high,mid,low,high,fixed,fixed,2.1185,0.6368,0.9064,1.3656,0.2282,0.034,0.0301,0.0598,0.05,5.0,task,8042,79551.78,0.618695,132.0,1648.46,54.0,0.0,120.0,1498.6,313.931699,0.621739,1500.052652,66.0,1498.6,3,72.0,777.55,4,1,4,True,777.55,777.55,0.0,41074,42.3,747.0,30.55,0.8473,0,8,0,0,12,0,0,1287237
779,instance_n=20_88_c08,instance_n=20_88,Otto,20,1000.0,OK,5,5,263.12,0.0,0.0,2026-05-19T10:50:09.092765,c08,8,high,mid,low,high,fixed,fixed,2.1185,0.6368,0.9064,1.3656,0.2282,0.034,0.0301,0.0598,0.05,5.0,task,8042,79551.78,0.618695,132.0,1648.46,54.0,0.0,120.0,1498.6,313.931699,0.621739,1500.052652,66.0,1498.6,4,54.0,1498.6000000000001,6,0,6,True,1498.6,1498.6,0.0,941,2.24,1491.0,7.6,0.9747,0,20,0,0,0,0,0,55333
780,instance_n=20_88_c09,instance_n=20_88,Otto,20,1000.0,OK,4,2,625.13,23.4302,51.533,2026-05-19T11:00:34.228684,c09,9,high,high,mid,low,fixed,fixed,2.1304,0.8895,1.0029,1.0461,0.1856,0.0438,0.026,0.0269,0.05,5.0,task,9042,83289.03,0.620932,132.0,1719.685,54.0,0.0,120.0,1563.35,231.52053,0.33943,1564.742542,66.0,1563.35,0,120.0,0.0,3,3,0,True,120.0,120.0,0.0,0,0.03,0.0,0.0,,20,0,0,0,0,0,0,0
781,instance_n=20_88_c09,instance_n=20_88,Otto,20,1000.0,OK,4,2,625.13,23.4302,51.533,2026-05-19T11:00:34.228684,c09,9,high,high,mid,low,fixed,fixed,2.1304,0.8895,1.0029,1.0461,0.1856,0.0438,0.026,0.0269,0.05,5.0,task,9042,83289.03,0.620932,132.0,1719.685,54.0,0.0,120.0,1563.35,231.52053,0.33943,1564.742542,66.0,1563.35,1,90.0,254.4,2,2,2,False,123.3,254.4,51.533,232575,300.38,247.0,7.4,0.926,0,0,0,0,0,13,7,6913918
782,instance_n=20_88_c09,instance_n=20_88,Otto,20,1000.0,OK,4,2,625.13,23.4302,51.533,2026-05-19T11:00:34.228684,c09,9,high,high,mid,low,fixed,fixed,2.1304,0.8895,1.0029,1.0461,0.1856,0.0438,0.026,0.0269,0.05,5.0,task,9042,83289.03,0.620932,132.0,1719.685,54.0,0.0,120.0,1563.35,231.52053,0.33943,1564.742542,66.0,1563.35,2,72.0,837.4499999999999,4,1,4,False,484.14711112,837.45,42.1879,347510,300.36,824.0,13.45,0.9327,0,10,0,0,0,6,4,10426446
783,instance_n=20_88_c09,instance_n=20_88,Otto,20,1000.0,OK,4,2,625.13,23.4302,51.533,2026-05-19T11:00:34.228684,c09,9,high,high,mid,low,fixed,fixed,2.1304,0.8895,1.0029,1.0461,0.1856,0.0438,0.026,0.0269,0.05,5.0,task,9042,83289.03,0.620932,132.0,1719.685,54.0,0.0,120.0,1563.35,231.52053,0.33943,1564.742542,66.0,1563.35,3,54.0,1563.35,6,0,6,True,1563.35,1563.35,0.0,30644,22.94,1559.0,4.35,0.9855,0,20,0,0,0,0,0,1016202
784,instance_n=20_91_c01,instance_n=20_91,Otto,20,1000.0,OK,12,3,3170.76,48.6871,84.1372,2026-05-19T11:53:24.988638,c01,1,low,low,low,low,fixed,fixed,0.9872,0.3753,0.8974,1.041,0.0714,0.0374,0.0307,0.0229,0.05,5.0,task,1042,854389.725,0.807998,484.0,2746.535,99.0,0.0,440.0,2496.85,212.749841,0.79979,2520.027961,341.0,2496.85,0,440.0,0.0,11,11,0,True,440.0,440.0,0.0,75,0.24,0.0,0.0,,20,0,0,0,0,0,0,4584
785,instance_n=20_91_c01,instance_n=20_91,Otto,20,1000.0,OK,12,3,3170.76,48.6871,84.1372,2026-05-19T11:53:24.988638,c01,1,low,low,low,low,fixed,fixed,0.9872,0.3753,0.8974,1.041,0.0714,0.0374,0.0307,0.0229,0.05,5.0,task,1042,854389.725,0.807998,484.0,2746.535,99.0,0.0,440.0,2496.85,212.749841,0.79979,2520.027961,341.0,2496.85,1,405.0,86.2,10,10,1,True,86.2,86.2,0.0,33508,55.54,60.0,26.2,0.476,18,0,0,0,0,1,1,1464502
786,instance_n=20_91_c01,instance_n=20_91,Otto,20,1000.0,OK,12,3,3170.76,48.6871,84.1372,2026-05-19T11:53:24.988638,c01,1,low,low,low,low,fixed,fixed,0.9872,0.3753,0.8974,1.041,0.0714,0.0374,0.0307,0.0229,0.05,5.0,task,1042,854389.725,0.807998,484.0,2746.535,99.0,0.0,440.0,2496.85,212.749841,0.79979,2520.027961,341.0,2496.85,2,365.0,126.85,9,9,1,False,93.77063492,126.85,26.0775,50467,300.38,114.0,12.85,0.743,16,0,0,0,4,0,0,5619619
787,instance_n=20_91_c01,instance_n=20_91,Otto,20,1000.0,OK,12,3,3170.76,48.6871,84.1372,2026-05-19T11:53:24.988638,c01,1,low,low,low,low,fixed,fixed,0.9872,0.3753,0.8974,1.041,0.0714,0.0374,0.0307,0.0229,0.05,5.0,task,1042,854389.725,0.807998,484.0,2746.535,99.0,0.0,440.0,2496.85,212.749841,0.79979,2520.027961,341.0,2496.85,3,330.0,233.25,8,8,2,False,37.0,233.25,84.1372,28486,300.41,205.0,28.25,0.7175,12,0,0,0,5,2,1,4667127
788,instance_n=20_91_c01,instance_n=20_91,Otto,20,1000.0,OK,12,3,3170.76,48.6871,84.1372,2026-05-19T11:53:24.988638,c01,1,low,low,low,low,fixed,fixed,0.9872,0.3753,0.8974,1.041,0.0714,0.0374,0.0307,0.0229,0.05,5.0,task,1042,854389.725,0.807998,484.0,2746.535,99.0,0.0,440.0,2496.85,212.749841,0.79979,2520.027961,341.0,2496.85,4,290.0,288.04999999999995,7,7,2,False,53.881071992,288.05,81.2945,31544,300.92,280.0,8.05,0.9195,10,0,0,0,10,0,0,4120165
789,instance_n=20_91_c01,instance_n=20_91,Otto,20,1000.0,OK,12,3,3170.76,48.6871,84.1372,2026-05-19T11:53:24.988638,c01,1,low,low,low,low,fixed,fixed,0.9872,0.3753,0.8974,1.041,0.0714,0.0374,0.0307,0.0229,0.05,5.0,task,1042,854389.725,0.807998,484.0,2746.535,99.0,0.0,440.0,2496.85,212.749841,0.79979,2520.027961,341.0,2496.85,5,255.0,384.75,6,6,3,False,88.065418477,384.75,77.111,43978,300.89,356.0,28.75,0.8083,7,0,0,0,10,2,1,4429636
790,instance_n=20_91_c01,instance_n=20_91,Otto,20,1000.0,OK,12,3,3170.76,48.6871,84.1372,2026-05-19T11:53:24.988638,c01,1,low,low,low,low,fixed,fixed,0.9872,0.3753,0.8974,1.041,0.0714,0.0374,0.0307,0.0229,0.05,5.0,task,1042,854389.725,0.807998,484.0,2746.535,99.0,0.0,440.0,2496.85,212.749841,0.79979,2520.027961,341.0,2496.85,6,215.0,434.29999999999995,5,5,3,False,116.84534528,434.3,73.0957,19951,300.41,425.0,9.3,0.938,4,0,0,0,16,0,0,3705866
791,instance_n=20_91_c01,instance_n=20_91,Otto,20,1000.0,OK,12,3,3170.76,48.6871,84.1372,2026-05-19T11:53:24.988638,c01,1,low,low,low,low,fixed,fixed,0.9872,0.3753,0.8974,1.041,0.0714,0.0374,0.0307,0.0229,0.05,5.0,task,1042,854389.725,0.807998,484.0,2746.535,99.0,0.0,440.0,2496.85,212.749841,0.79979,2520.027961,341.0,2496.85,7,180.0,539.15,4,4,4,False,322.56805555,539.15,40.171,41459,300.32,512.0,27.15,0.8642,0,0,0,0,17,2,1,5874946
792,instance_n=20_91_c01,instance_n=20_91,Otto,20,1000.0,OK,12,3,3170.76,48.6871,84.1372,2026-05-19T11:53:24.988638,c01,1,low,low,low,low,fixed,fixed,0.9872,0.3753,0.8974,1.041,0.0714,0.0374,0.0307,0.0229,0.05,5.0,task,1042,854389.725,0.807998,484.0,2746.535,99.0,0.0,440.0,2496.85,212.749841,0.79979,2520.027961,341.0,2496.85,8,153.0,822.9,5,3,5,False,236.23211604,822.9,71.2927,30228,300.33,793.0,29.9,0.8804,0,3,0,0,17,0,0,5858325
793,instance_n=20_91_c01,instance_n=20_91,Otto,20,1000.0,OK,12,3,3170.76,48.6871,84.1372,2026-05-19T11:53:24.988638,c01,1,low,low,low,low,fixed,fixed,0.9872,0.3753,0.8974,1.041,0.0714,0.0374,0.0307,0.0229,0.05,5.0,task,1042,854389.725,0.807998,484.0,2746.535,99.0,0.0,440.0,2496.85,212.749841,0.79979,2520.027961,341.0,2496.85,9,135.0,1362.45,7,2,7,False,495.88482373,1362.45,63.6034,28268,300.36,1315.0,47.45,0.8644,0,9,0,0,11,0,0,4500142
794,instance_n=20_91_c01,instance_n=20_91,Otto,20,1000.0,OK,12,3,3170.76,48.6871,84.1372,2026-05-19T11:53:24.988638,c01,1,low,low,low,low,fixed,fixed,0.9872,0.3753,0.8974,1.041,0.0714,0.0374,0.0307,0.0229,0.05,5.0,task,1042,854389.725,0.807998,484.0,2746.535,99.0,0.0,440.0,2496.85,212.749841,0.79979,2520.027961,341.0,2496.85,10,117.0,1880.85,9,1,9,False,611.99302517,1880.85,67.4619,22056,300.37,1813.0,67.85,0.8492,0,15,0,0,5,0,0,4551013
795,instance_n=20_91_c01,instance_n=20_91,Otto,20,1000.0,OK,12,3,3170.76,48.6871,84.1372,2026-05-19T11:53:24.988638,c01,1,low,low,low,low,fixed,fixed,0.9872,0.3753,0.8974,1.041,0.0714,0.0374,0.0307,0.0229,0.05,5.0,task,1042,854389.725,0.807998,484.0,2746.535,99.0,0.0,440.0,2496.85,212.749841,0.79979,2520.027961,341.0,2496.85,11,99.0,2496.8500000000004,11,0,11,True,2496.85,2496.85,0.0,21654,97.83,2417.0,79.85,0.8548,0,20,0,0,0,0,0,2253028
796,instance_n=20_91_c02,instance_n=20_91,Otto,20,1000.0,OK,15,4,7035.28,59.5213,93.6496,2026-05-19T15:15:37.548012,c02,2,low,mid,mid,mid,fixed,fixed,0.9747,0.6363,1.0065,1.1801,0.0751,0.0437,0.0322,0.0481,0.05,5.0,task,2042,674295.76,0.628198,484.0,2724.315,90.0,0.0,440.0,2476.65,87.952296,0.439479,2501.258728,350.0,2476.65,0,440.0,0.0,11,11,0,True,440.0,440.0,0.0,75,0.27,0.0,0.0,,20,0,0,0,0,0,0,4584
797,instance_n=20_91_c02,instance_n=20_91,Otto,20,1000.0,OK,15,4,7035.28,59.5213,93.6496,2026-05-19T15:15:37.548012,c02,2,low,mid,mid,mid,fixed,fixed,0.9747,0.6363,1.0065,1.1801,0.0751,0.0437,0.0322,0.0481,0.05,5.0,task,2042,674295.76,0.628198,484.0,2724.315,90.0,0.0,440.0,2476.65,87.952296,0.439479,2501.258728,350.0,2476.65,1,405.0,93.7,10,10,1,True,93.7,93.7,0.0,32620,109.91,73.0,20.7,0.586,18,0,0,0,0,1,1,2255359
798,instance_n=20_91_c02,instance_n=20_91,Otto,20,1000.0,OK,15,4,7035.28,59.5213,93.6496,2026-05-19T15:15:37.548012,c02,2,low,mid,mid,mid,fixed,fixed,0.9747,0.6363,1.0065,1.1801,0.0751,0.0437,0.0322,0.0481,0.05,5.0,task,2042,674295.76,0.628198,484.0,2724.315,90.0,0.0,440.0,2476.65,87.952296,0.439479,2501.258728,350.0,2476.65,2,370.0,208.79999999999998,9,9,2,False,75.75,208.8,63.7213,109915,300.36,181.0,27.8,0.722,14,0,0,0,0,4,2,9511586
799,instance_n=20_91_c02,instance_n=20_91,Otto,20,1000.0,OK,15,4,7035.28,59.5213,93.6496,2026-05-19T15:15:37.548012,c02,2,low,mid,mid,mid,fixed,fixed,0.9747,0.6363,1.0065,1.1801,0.0751,0.0437,0.0322,0.0481,0.05,5.0,task,2042,674295.76,0.628198,484.0,2724.315,90.0,0.0,440.0,2476.65,87.952296,0.439479,2501.258728,350.0,2476.65,3,339.0,390.45,9,8,3,False,83.15,390.45,78.7041,37855,300.33,346.0,44.45,0.7037,12,2,0,0,0,4,2,6854075
800,instance_n=20_91_c02,instance_n=20_91,Otto,20,1000.0,OK,15,4,7035.28,59.5213,93.6496,2026-05-19T15:15:37.548012,c02,2,low,mid,mid,mid,fixed,fixed,0.9747,0.6363,1.0065,1.1801,0.0751,0.0437,0.0322,0.0481,0.05,5.0,task,2042,674295.76,0.628198,484.0,2724.315,90.0,0.0,440.0,2476.65,87.952296,0.439479,2501.258728,350.0,2476.65,4,308.0,608.6,9,7,4,False,146.36845535,608.6,75.95,68081,300.7,555.0,53.6,0.732,10,4,0,0,0,4,2,4542705
801,instance_n=20_91_c02,instance_n=20_91,Otto,20,1000.0,OK,15,4,7035.28,59.5213,93.6496,2026-05-19T15:15:37.548012,c02,2,low,mid,mid,mid,fixed,fixed,0.9747,0.6363,1.0065,1.1801,0.0751,0.0437,0.0322,0.0481,0.05,5.0,task,2042,674295.76,0.628198,484.0,2724.315,90.0,0.0,440.0,2476.65,87.952296,0.439479,2501.258728,350.0,2476.65,5,277.0,922.0,9,6,5,False,75.75898353,922.0,91.7832,26596,300.33,887.0,35.0,0.86,8,5,0,0,0,4,3,5033732
802,instance_n=20_91_c02,instance_n=20_91,Otto,20,1000.0,OK,15,4,7035.28,59.5213,93.6496,2026-05-19T15:15:37.548012,c02,2,low,mid,mid,mid,fixed,fixed,0.9747,0.6363,1.0065,1.1801,0.0751,0.0437,0.0322,0.0481,0.05,5.0,task,2042,674295.76,0.628198,484.0,2724.315,90.0,0.0,440.0,2476.65,87.952296,0.439479,2501.258728,350.0,2476.65,6,243.0,1051.1,7,5,7,False,92.362291285,1051.1,91.2128,22572,300.42,999.0,52.1,0.8511,0,4,0,0,6,6,4,3528916
803,instance_n=20_91_c02,instance_n=20_91,Otto,20,1000.0,OK,15,4,7035.28,59.5213,93.6496,2026-05-19T15:15:37.548012,c02,2,low,mid,mid,mid,fixed,fixed,0.9747,0.6363,1.0065,1.1801,0.0751,0.0437,0.0322,0.0481,0.05,5.0,task,2042,674295.76,0.628198,484.0,2724.315,90.0,0.0,440.0,2476.65,87.952296,0.439479,2501.258728,350.0,2476.65,7,219.0,1373.85,10,4,7,False,125.445625,1373.85,90.869,44037,300.31,1302.0,71.85,0.7947,6,10,0,0,0,2,2,5498711
804,instance_n=20_91_c02,instance_n=20_91,Otto,20,1000.0,OK,15,4,7035.28,59.5213,93.6496,2026-05-19T15:15:37.548012,c02,2,low,mid,mid,mid,fixed,fixed,0.9747,0.6363,1.0065,1.1801,0.0751,0.0437,0.0322,0.0481,0.05,5.0,task,2042,674295.76,0.628198,484.0,2724.315,90.0,0.0,440.0,2476.65,87.952296,0.439479,2501.258728,350.0,2476.65,8,214.0,1458.65,10,4,6,False,92.62960335,1458.65,93.6496,14409,300.34,1436.0,22.65,0.9245,8,12,0,0,0,0,0,3198359
805,instance_n=20_91_c02,instance_n=20_91,Otto,20,1000.0,OK,15,4,7035.28,59.5213,93.6496,2026-05-19T15:15:37.548012,c02,2,low,mid,mid,mid,fixed,fixed,0.9747,0.6363,1.0065,1.1801,0.0751,0.0437,0.0322,0.0481,0.05,5.0,task,2042,674295.76,0.628198,484.0,2724.315,90.0,0.0,440.0,2476.65,87.952296,0.439479,2501.258728,350.0,2476.65,9,193.0,1648.85,10,3,9,False,300.80068346,1648.85,81.7569,28653,300.52,1547.0,101.85,0.7737,2,11,0,0,3,2,2,4006820
806,instance_n=20_91_c02,instance_n=20_91,Otto,20,1000.0,OK,15,4,7035.28,59.5213,93.6496,2026-05-19T15:15:37.548012,c02,2,low,mid,mid,mid,fixed,fixed,0.9747,0.6363,1.0065,1.1801,0.0751,0.0437,0.0322,0.0481,0.05,5.0,task,2042,674295.76,0.628198,484.0,2724.315,90.0,0.0,440.0,2476.65,87.952296,0.439479,2501.258728,350.0,2476.65,10,183.0,1661.6000000000001,10,3,7,False,246.47907103,1661.6,85.1662,28782,300.32,1626.0,35.6,0.8983,6,14,0,0,0,0,0,5670668
807,instance_n=20_91_c02,instance_n=20_91,Otto,20,1000.0,OK,15,4,7035.28,59.5213,93.6496,2026-05-19T15:15:37.548012,c02,2,low,mid,mid,mid,fixed,fixed,0.9747,0.6363,1.0065,1.1801,0.0751,0.0437,0.0322,0.0481,0.05,5.0,task,2042,674295.76,0.628198,484.0,2724.315,90.0,0.0,440.0,2476.65,87.952296,0.439479,2501.258728,350.0,2476.65,11,153.0,1891.3000000000002,9,2,9,False,437.34952064,1891.3,76.8757,30440,300.39,1843.0,48.3,0.8927,0,13,0,0,0,3,4,6523396
808,instance_n=20_91_c02,instance_n=20_91,Otto,20,1000.0,OK,15,4,7035.28,59.5213,93.6496,2026-05-19T15:15:37.548012,c02,2,low,mid,mid,mid,fixed,fixed,0.9747,0.6363,1.0065,1.1801,0.0751,0.0437,0.0322,0.0481,0.05,5.0,task,2042,674295.76,0.628198,484.0,2724.315,90.0,0.0,440.0,2476.65,87.952296,0.439479,2501.258728,350.0,2476.65,12,152.0,1960.6000000000001,10,2,8,False,722.85947118,1960.6,63.1307,27355,300.31,1927.0,33.6,0.916,4,16,0,0,0,0,0,4675396
809,instance_n=20_91_c02,instance_n=20_91,Otto,20,1000.0,OK,15,4,7035.28,59.5213,93.6496,2026-05-19T15:15:37.548012,c02,2,low,mid,mid,mid,fixed,fixed,0.9747,0.6363,1.0065,1.1801,0.0751,0.0437,0.0322,0.0481,0.05,5.0,task,2042,674295.76,0.628198,484.0,2724.315,90.0,0.0,440.0,2476.65,87.952296,0.439479,2501.258728,350.0,2476.65,13,117.0,2175.1499999999996,9,1,9,True,2175.1499999999996,2175.1499999999996,0.0,40266,200.1,2152.0,23.15,0.9486,0,16,0,0,0,2,2,3125665
810,instance_n=20_91_c02,instance_n=20_91,Otto,20,1000.0,OK,15,4,7035.28,59.5213,93.6496,2026-05-19T15:15:37.548012,c02,2,low,mid,mid,mid,fixed,fixed,0.9747,0.6363,1.0065,1.1801,0.0751,0.0437,0.0322,0.0481,0.05,5.0,task,2042,674295.76,0.628198,484.0,2724.315,90.0,0.0,440.0,2476.65,87.952296,0.439479,2501.258728,350.0,2476.65,14,90.0,2476.6499999999996,10,0,10,True,2476.65,2476.65,0.0,14224,106.54,2437.0,39.65,0.9207,0,20,0,0,0,0,0,2226855
811,instance_n=20_91_c03,instance_n=20_91,Otto,20,1079.4,OK,10,2,3428.67,54.5292,84.277,2026-05-19T16:12:46.225530,c03,3,low,high,high,high,fixed,fixed,0.976,0.8664,1.0726,1.3583,0.0685,0.0356,0.0126,0.0461,0.05,5.0,task,3042,477537.495,0.569228,396.0,2663.243,81.0,0.0,360.0,2421.13,24.340872,0.076603,2437.152329,279.0,2421.13,0,360.0,0.0,9,9,0,True,360.0,360.0,0.0,0,0.12,0.0,0.0,,20,0,0,0,0,0,0,1193
812,instance_n=20_91_c03,instance_n=20_91,Otto,20,1079.4,OK,10,2,3428.67,54.5292,84.277,2026-05-19T16:12:46.225530,c03,3,low,high,high,high,fixed,fixed,0.976,0.8664,1.0726,1.3583,0.0685,0.0356,0.0126,0.0461,0.05,5.0,task,3042,477537.495,0.569228,396.0,2663.243,81.0,0.0,360.0,2421.13,24.340872,0.076603,2437.152329,279.0,2421.13,1,329.0,242.27,9,8,1,False,92.249459817,242.27,61.9229,51307,301.22,240.0,2.27,0.9579,17,3,0,0,0,0,0,5029798
813,instance_n=20_91_c03,instance_n=20_91,Otto,20,1079.4,OK,10,2,3428.67,54.5292,84.277,2026-05-19T16:12:46.225530,c03,3,low,high,high,high,fixed,fixed,0.976,0.8664,1.0726,1.3583,0.0685,0.0356,0.0126,0.0461,0.05,5.0,task,3042,477537.495,0.569228,396.0,2663.243,81.0,0.0,360.0,2421.13,24.340872,0.076603,2437.152329,279.0,2421.13,2,298.0,472.59,9,7,2,False,84.764155987,472.59,82.0639,74260,300.31,465.0,7.59,0.9297,15,5,0,0,0,0,0,6315245
814,instance_n=20_91_c03,instance_n=20_91,Otto,20,1079.4,OK,10,2,3428.67,54.5292,84.277,2026-05-19T16:12:46.225530,c03,3,low,high,high,high,fixed,fixed,0.976,0.8664,1.0726,1.3583,0.0685,0.0356,0.0126,0.0461,0.05,5.0,task,3042,477537.495,0.569228,396.0,2663.243,81.0,0.0,360.0,2421.13,24.340872,0.076603,2437.152329,279.0,2421.13,3,267.0,739.76,9,6,3,False,132.59,739.76,82.0766,43171,300.33,731.0,8.76,0.9459,12,8,0,0,0,0,0,6757991
815,instance_n=20_91_c03,instance_n=20_91,Otto,20,1079.4,OK,10,2,3428.67,54.5292,84.277,2026-05-19T16:12:46.225530,c03,3,low,high,high,high,fixed,fixed,0.976,0.8664,1.0726,1.3583,0.0685,0.0356,0.0126,0.0461,0.05,5.0,task,3042,477537.495,0.569228,396.0,2663.243,81.0,0.0,360.0,2421.13,24.340872,0.076603,2437.152329,279.0,2421.13,4,236.0,1024.8799999999999,9,5,4,False,161.14164925,1024.88,84.277,58143,300.32,1011.0,13.88,0.9357,11,9,0,0,0,0,0,6784807
816,instance_n=20_91_c03,instance_n=20_91,Otto,20,1079.4,OK,10,2,3428.67,54.5292,84.277,2026-05-19T16:12:46.225530,c03,3,low,high,high,high,fixed,fixed,0.976,0.8664,1.0726,1.3583,0.0685,0.0356,0.0126,0.0461,0.05,5.0,task,3042,477537.495,0.569228,396.0,2663.243,81.0,0.0,360.0,2421.13,24.340872,0.076603,2437.152329,279.0,2421.13,5,205.0,1270.65,9,4,5,False,277.28255807,1270.65,78.1779,30358,300.31,1252.0,18.65,0.9309,8,12,0,0,0,0,0,5963918
817,instance_n=20_91_c03,instance_n=20_91,Otto,20,1079.4,OK,10,2,3428.67,54.5292,84.277,2026-05-19T16:12:46.225530,c03,3,low,high,high,high,fixed,fixed,0.976,0.8664,1.0726,1.3583,0.0685,0.0356,0.0126,0.0461,0.05,5.0,task,3042,477537.495,0.569228,396.0,2663.243,81.0,0.0,360.0,2421.13,24.340872,0.076603,2437.152329,279.0,2421.13,6,174.0,1536.2200000000003,9,3,6,False,333.60535282,1536.22,78.284,31297,300.3,1516.0,20.22,0.9376,6,14,0,0,0,0,0,5642952
818,instance_n=20_91_c03,instance_n=20_91,Otto,20,1079.4,OK,10,2,3428.67,54.5292,84.277,2026-05-19T16:12:46.225530,c03,3,low,high,high,high,fixed,fixed,0.976,0.8664,1.0726,1.3583,0.0685,0.0356,0.0126,0.0461,0.05,5.0,task,3042,477537.495,0.569228,396.0,2663.243,81.0,0.0,360.0,2421.13,24.340872,0.076603,2437.152329,279.0,2421.13,7,143.0,1821.54,9,2,7,False,724.34515322,1821.54,60.2345,37937,300.32,1797.0,24.54,0.935,4,16,0,0,0,0,0,5511049
819,instance_n=20_91_c03,instance_n=20_91,Otto,20,1079.4,OK,10,2,3428.67,54.5292,84.277,2026-05-19T16:12:46.225530,c03,3,low,high,high,high,fixed,fixed,0.976,0.8664,1.0726,1.3583,0.0685,0.0356,0.0126,0.0461,0.05,5.0,task,3042,477537.495,0.569228,396.0,2663.243,81.0,0.0,360.0,2421.13,24.340872,0.076603,2437.152329,279.0,2421.13,8,112.0,2128.51,9,1,8,False,1739.94,2128.51,18.2555,165313,300.33,2106.0,22.51,0.9479,2,18,0,0,0,0,0,6954429
820,instance_n=20_91_c03,instance_n=20_91,Otto,20,1079.4,OK,10,2,3428.67,54.5292,84.277,2026-05-19T16:12:46.225530,c03,3,low,high,high,high,fixed,fixed,0.976,0.8664,1.0726,1.3583,0.0685,0.0356,0.0126,0.0461,0.05,5.0,task,3042,477537.495,0.569228,396.0,2663.243,81.0,0.0,360.0,2421.13,24.340872,0.076603,2437.152329,279.0,2421.13,9,81.0,2421.1299999999987,9,0,9,True,2421.1299999999987,2421.1299999999987,0.0,23034,119.84,2400.0,21.13,0.9565,0,20,0,0,0,0,0,2040952
821,instance_n=20_91_c04,instance_n=20_91,Otto,20,1593.9,OK,8,8,252.97,0.0,0.0,2026-05-19T16:16:59.199512,c04,4,mid,low,mid,high,fixed,fixed,1.4377,0.3723,1.0021,1.3683,0.1027,0.0414,0.0209,0.043,0.05,5.0,task,4042,770995.1085,0.864933,308.0,3926.8405,81.0,0.0,280.0,3569.855,579.574638,0.96369,3575.397282,199.0,3569.855,0,280.0,0.0,7,7,0,True,280.0,280.0,0.0,0,0.09,0.0,0.0,,20,0,0,0,0,0,0,1205
822,instance_n=20_91_c04,instance_n=20_91,Otto,20,1593.9,OK,8,8,252.97,0.0,0.0,2026-05-19T16:16:59.199512,c04,4,mid,low,mid,high,fixed,fixed,1.4377,0.3723,1.0021,1.3683,0.1027,0.0414,0.0209,0.043,0.05,5.0,task,4042,770995.1085,0.864933,308.0,3926.8405,81.0,0.0,280.0,3569.855,579.574638,0.96369,3575.397282,199.0,3569.855,1,245.0,136.995,6,6,1,True,136.995,136.995,0.0,19326,31.13,86.0,51.0,0.3601,16,0,0,0,4,0,0,709529
823,instance_n=20_91_c04,instance_n=20_91,Otto,20,1593.9,OK,8,8,252.97,0.0,0.0,2026-05-19T16:16:59.199512,c04,4,mid,low,mid,high,fixed,fixed,1.4377,0.3723,1.0021,1.3683,0.1027,0.0414,0.0209,0.043,0.05,5.0,task,4042,770995.1085,0.864933,308.0,3926.8405,81.0,0.0,280.0,3569.855,579.574638,0.96369,3575.397282,199.0,3569.855,2,205.0,194.695,5,5,1,True,194.695,194.695,0.0,13100,56.38,171.0,23.7,0.7027,13,0,0,0,7,0,0,1214073
824,instance_n=20_91_c04,instance_n=20_91,Otto,20,1593.9,OK,8,8,252.97,0.0,0.0,2026-05-19T16:16:59.199512,c04,4,mid,low,mid,high,fixed,fixed,1.4377,0.3723,1.0021,1.3683,0.1027,0.0414,0.0209,0.043,0.05,5.0,task,4042,770995.1085,0.864933,308.0,3926.8405,81.0,0.0,280.0,3569.855,579.574638,0.96369,3575.397282,199.0,3569.855,3,170.0,388.89,4,4,2,True,388.89,388.89,0.0,26360,82.6,344.0,44.89,0.7184,7,0,0,0,13,0,0,1562763
825,instance_n=20_91_c04,instance_n=20_91,Otto,20,1593.9,OK,8,8,252.97,0.0,0.0,2026-05-19T16:16:59.199512,c04,4,mid,low,mid,high,fixed,fixed,1.4377,0.3723,1.0021,1.3683,0.1027,0.0414,0.0209,0.043,0.05,5.0,task,4042,770995.1085,0.864933,308.0,3926.8405,81.0,0.0,280.0,3569.855,579.574638,0.96369,3575.397282,199.0,3569.855,4,130.0,453.99,3,3,2,True,453.99,453.99,0.0,4831,52.22,439.0,14.99,0.906,3,0,0,0,17,0,0,936793
826,instance_n=20_91_c04,instance_n=20_91,Otto,20,1593.9,OK,8,8,252.97,0.0,0.0,2026-05-19T16:16:59.199512,c04,4,mid,low,mid,high,fixed,fixed,1.4377,0.3723,1.0021,1.3683,0.1027,0.0414,0.0209,0.043,0.05,5.0,task,4042,770995.1085,0.864933,308.0,3926.8405,81.0,0.0,280.0,3569.855,579.574638,0.96369,3575.397282,199.0,3569.855,5,99.0,804.6850000000001,3,2,3,True,804.685,804.685,0.0,3671,14.93,791.0,13.69,0.9428,0,2,0,0,18,0,0,380324
827,instance_n=20_91_c04,instance_n=20_91,Otto,20,1593.9,OK,8,8,252.97,0.0,0.0,2026-05-19T16:16:59.199512,c04,4,mid,low,mid,high,fixed,fixed,1.4377,0.3723,1.0021,1.3683,0.1027,0.0414,0.0209,0.043,0.05,5.0,task,4042,770995.1085,0.864933,308.0,3926.8405,81.0,0.0,280.0,3569.855,579.574638,0.96369,3575.397282,199.0,3569.855,6,90.0,2107.82,6,1,6,True,2107.82,2107.82,0.0,1613,6.76,2071.0,36.82,0.923,0,10,0,0,10,0,0,156825
828,instance_n=20_91_c04,instance_n=20_91,Otto,20,1593.9,OK,8,8,252.97,0.0,0.0,2026-05-19T16:16:59.199512,c04,4,mid,low,mid,high,fixed,fixed,1.4377,0.3723,1.0021,1.3683,0.1027,0.0414,0.0209,0.043,0.05,5.0,task,4042,770995.1085,0.864933,308.0,3926.8405,81.0,0.0,280.0,3569.855,579.574638,0.96369,3575.397282,199.0,3569.855,7,81.0,3569.8550000000005,9,0,9,True,3569.855,3569.855,0.0,952,4.93,3535.0,34.86,0.9514,0,20,0,0,0,0,0,65687
829,instance_n=20_91_c05,instance_n=20_91,Otto,20,1131.9,OK,9,1,6611.25,70.872,92.0798,2026-05-19T18:07:10.453185,c05,5,mid,mid,high,low,fixed,fixed,1.4094,0.6231,1.0757,1.0525,0.0963,0.0379,0.0142,0.0279,0.05,5.0,task,5042,554138.177,0.701332,396.0,3376.593,162.0,0.0,360.0,3069.63,107.43826,0.353374,3076.009157,198.0,3069.63,0,360.0,0.0,9,9,0,True,360.0,360.0,0.0,0,0.09,0.0,0.0,,20,0,0,0,0,0,0,1071
830,instance_n=20_91_c05,instance_n=20_91,Otto,20,1131.9,OK,9,1,6611.25,70.872,92.0798,2026-05-19T18:07:10.453185,c05,5,mid,mid,high,low,fixed,fixed,1.4094,0.6231,1.0757,1.0525,0.0963,0.0379,0.0142,0.0279,0.05,5.0,task,5042,554138.177,0.701332,396.0,3376.593,162.0,0.0,360.0,3069.63,107.43826,0.353374,3076.009157,198.0,3069.63,1,330.0,218.19,8,8,2,False,82.645,218.19,62.1225,45744,300.36,167.0,51.19,0.5478,14,0,0,0,0,4,2,5471639
831,instance_n=20_91_c05,instance_n=20_91,Otto,20,1131.9,OK,9,1,6611.25,70.872,92.0798,2026-05-19T18:07:10.453185,c05,5,mid,mid,high,low,fixed,fixed,1.4094,0.6231,1.0757,1.0525,0.0963,0.0379,0.0142,0.0279,0.05,5.0,task,5042,554138.177,0.701332,396.0,3376.593,162.0,0.0,360.0,3069.63,107.43826,0.353374,3076.009157,198.0,3069.63,2,295.0,418.435,7,7,3,False,82.645,418.435,80.249,64602,301.7,390.0,28.44,0.8325,10,0,0,0,0,6,4,4389317
832,instance_n=20_91_c05,instance_n=20_91,Otto,20,1131.9,OK,9,1,6611.25,70.872,92.0798,2026-05-19T18:07:10.453185,c05,5,mid,mid,high,low,fixed,fixed,1.4094,0.6231,1.0757,1.0525,0.0963,0.0379,0.0142,0.0279,0.05,5.0,task,5042,554138.177,0.701332,396.0,3376.593,162.0,0.0,360.0,3069.63,107.43826,0.353374,3076.009157,198.0,3069.63,3,260.0,651.28,6,6,4,False,139.24,651.28,78.6206,30009,300.31,639.0,12.28,0.9458,5,0,0,0,11,2,2,5810646
833,instance_n=20_91_c05,instance_n=20_91,Otto,20,1131.9,OK,9,1,6611.25,70.872,92.0798,2026-05-19T18:07:10.453185,c05,5,mid,mid,high,low,fixed,fixed,1.4094,0.6231,1.0757,1.0525,0.0963,0.0379,0.0142,0.0279,0.05,5.0,task,5042,554138.177,0.701332,396.0,3376.593,162.0,0.0,360.0,3069.63,107.43826,0.353374,3076.009157,198.0,3069.63,4,234.0,986.97,6,5,6,False,187.79,986.97,80.9731,68227,300.33,958.0,28.97,0.9147,0,1,0,0,4,8,7,6914576
834,instance_n=20_91_c05,instance_n=20_91,Otto,20,1131.9,OK,9,1,6611.25,70.872,92.0798,2026-05-19T18:07:10.453185,c05,5,mid,mid,high,low,fixed,fixed,1.4094,0.6231,1.0757,1.0525,0.0963,0.0379,0.0142,0.0279,0.05,5.0,task,5042,554138.177,0.701332,396.0,3376.593,162.0,0.0,360.0,3069.63,107.43826,0.353374,3076.009157,198.0,3069.63,5,216.0,1565.9100000000003,8,4,8,False,124.0228084,1565.91,92.0798,23054,300.42,1496.0,69.91,0.8456,0,5,0,0,8,4,3,3302860
835,instance_n=20_91_c05,instance_n=20_91,Otto,20,1131.9,OK,9,1,6611.25,70.872,92.0798,2026-05-19T18:07:10.453185,c05,5,mid,mid,high,low,fixed,fixed,1.4094,0.6231,1.0757,1.0525,0.0963,0.0379,0.0142,0.0279,0.05,5.0,task,5042,554138.177,0.701332,396.0,3376.593,162.0,0.0,360.0,3069.63,107.43826,0.353374,3076.009157,198.0,3069.63,6,198.0,1992.4,10,3,10,False,393.60987602,1992.4,80.2444,75840,300.4,1879.0,113.4,0.7996,0,8,0,0,4,4,4,7016118
836,instance_n=20_91_c05,instance_n=20_91,Otto,20,1131.9,OK,9,1,6611.25,70.872,92.0798,2026-05-19T18:07:10.453185,c05,5,mid,mid,high,low,fixed,fixed,1.4094,0.6231,1.0757,1.0525,0.0963,0.0379,0.0142,0.0279,0.05,5.0,task,5042,554138.177,0.701332,396.0,3376.593,162.0,0.0,360.0,3069.63,107.43826,0.353374,3076.009157,198.0,3069.63,7,180.0,2613.04,12,2,12,False,408.68454533,2613.04,84.3598,45818,600.32,2456.0,157.04,0.7688,0,13,0,0,0,4,3,9863056
837,instance_n=20_91_c05,instance_n=20_91,Otto,20,1131.9,OK,9,1,6611.25,70.872,92.0798,2026-05-19T18:07:10.453185,c05,5,mid,mid,high,low,fixed,fixed,1.4094,0.6231,1.0757,1.0525,0.0963,0.0379,0.0142,0.0279,0.05,5.0,task,5042,554138.177,0.701332,396.0,3376.593,162.0,0.0,360.0,3069.63,107.43826,0.353374,3076.009157,198.0,3069.63,8,162.0,3069.6299999999997,14,1,14,False,638.51478665,3069.63,79.199,43679,600.3,2878.0,191.63,0.7581,0,16,0,0,0,2,2,9815568
838,instance_n=20_91_c06,instance_n=20_91,Otto,20,1269.45,OK,9,2,4798.58,59.433,87.2377,2026-05-19T19:27:09.032269,c06,6,mid,high,low,mid,fixed,fixed,1.4015,0.8585,0.9059,1.1681,0.1146,0.0461,0.0257,0.0498,0.05,5.0,task,6042,562377.76125,0.61437,352.0,3895.2018,117.0,0.0,320.0,3541.0925,80.010114,0.139517,3546.906412,203.0,3541.0925,0,320.0,0.0,8,8,0,True,320.0,320.0,0.0,0,0.05,0.0,0.0,,20,0,0,0,0,0,0,527
839,instance_n=20_91_c06,instance_n=20_91,Otto,20,1269.45,OK,9,2,4798.58,59.433,87.2377,2026-05-19T19:27:09.032269,c06,6,mid,high,low,mid,fixed,fixed,1.4015,0.8585,0.9059,1.1681,0.1146,0.0461,0.0257,0.0498,0.05,5.0,task,6042,562377.76125,0.61437,352.0,3895.2018,117.0,0.0,320.0,3541.0925,80.010114,0.139517,3546.906412,203.0,3541.0925,1,289.0,290.7225,8,7,1,False,94.097677663,290.7225,67.6332,72366,300.32,290.0,0.72,0.9886,18,2,0,0,0,0,0,6297258
840,instance_n=20_91_c06,instance_n=20_91,Otto,20,1269.45,OK,9,2,4798.58,59.433,87.2377,2026-05-19T19:27:09.032269,c06,6,mid,high,low,mid,fixed,fixed,1.4015,0.8585,0.9059,1.1681,0.1146,0.0461,0.0257,0.0498,0.05,5.0,task,6042,562377.76125,0.61437,352.0,3895.2018,117.0,0.0,320.0,3541.0925,80.010114,0.139517,3546.906412,203.0,3541.0925,2,267.0,733.8175,9,6,3,False,127.26369561,733.8175,82.6573,44812,300.43,684.0,49.82,0.7384,16,4,0,0,0,0,0,5068798
841,instance_n=20_91_c06,instance_n=20_91,Otto,20,1269.45,OK,9,2,4798.58,59.433,87.2377,2026-05-19T19:27:09.032269,c06,6,mid,high,low,mid,fixed,fixed,1.4015,0.8585,0.9059,1.1681,0.1146,0.0461,0.0257,0.0498,0.05,5.0,task,6042,562377.76125,0.61437,352.0,3895.2018,117.0,0.0,320.0,3541.0925,80.010114,0.139517,3546.906412,203.0,3541.0925,3,233.0,1084.6125,7,5,5,False,247.4227087,1084.6125,77.1879,70554,300.33,1052.0,32.61,0.8972,5,4,0,0,0,6,5,6171715
842,instance_n=20_91_c06,instance_n=20_91,Otto,20,1269.45,OK,9,2,4798.58,59.433,87.2377,2026-05-19T19:27:09.032269,c06,6,mid,high,low,mid,fixed,fixed,1.4015,0.8585,0.9059,1.1681,0.1146,0.0461,0.0257,0.0498,0.05,5.0,task,6042,562377.76125,0.61437,352.0,3895.2018,117.0,0.0,320.0,3541.0925,80.010114,0.139517,3546.906412,203.0,3541.0925,4,210.0,1613.135,9,4,6,False,205.8725767,1613.135,87.2377,42406,300.31,1560.0,53.14,0.8605,8,9,0,0,0,2,1,5452016
843,instance_n=20_91_c06,instance_n=20_91,Otto,20,1269.45,OK,9,2,4798.58,59.433,87.2377,2026-05-19T19:27:09.032269,c06,6,mid,high,low,mid,fixed,fixed,1.4015,0.8585,0.9059,1.1681,0.1146,0.0461,0.0257,0.0498,0.05,5.0,task,6042,562377.76125,0.61437,352.0,3895.2018,117.0,0.0,320.0,3541.0925,80.010114,0.139517,3546.906412,203.0,3541.0925,5,184.0,2050.48,9,3,8,False,647.0666901,2050.48,68.4432,50294,300.3,1976.0,74.48,0.8533,3,10,0,0,0,4,3,6539589
844,instance_n=20_91_c06,instance_n=20_91,Otto,20,1269.45,OK,9,2,4798.58,59.433,87.2377,2026-05-19T19:27:09.032269,c06,6,mid,high,low,mid,fixed,fixed,1.4015,0.8585,0.9059,1.1681,0.1146,0.0461,0.0257,0.0498,0.05,5.0,task,6042,562377.76125,0.61437,352.0,3895.2018,117.0,0.0,320.0,3541.0925,80.010114,0.139517,3546.906412,203.0,3541.0925,6,161.0,2545.7025000000003,11,2,9,False,563.00782456,2545.7025,77.884,39526,300.3,2468.0,77.7,0.864,4,16,0,0,0,0,0,6422938
845,instance_n=20_91_c06,instance_n=20_91,Otto,20,1269.45,OK,9,2,4798.58,59.433,87.2377,2026-05-19T19:27:09.032269,c06,6,mid,high,low,mid,fixed,fixed,1.4015,0.8585,0.9059,1.1681,0.1146,0.0461,0.0257,0.0498,0.05,5.0,task,6042,562377.76125,0.61437,352.0,3895.2018,117.0,0.0,320.0,3541.0925,80.010114,0.139517,3546.906412,203.0,3541.0925,7,135.0,3009.8475000000008,11,1,11,False,786.96292069,3009.8475,73.8537,36570,300.41,2907.0,102.85,0.8527,0,17,0,0,0,2,1,4576050
846,instance_n=20_91_c06,instance_n=20_91,Otto,20,1269.45,OK,9,2,4798.58,59.433,87.2377,2026-05-19T19:27:09.032269,c06,6,mid,high,low,mid,fixed,fixed,1.4015,0.8585,0.9059,1.1681,0.1146,0.0461,0.0257,0.0498,0.05,5.0,task,6042,562377.76125,0.61437,352.0,3895.2018,117.0,0.0,320.0,3541.0925,80.010114,0.139517,3546.906412,203.0,3541.0925,8,117.0,3541.092500000001,13,0,13,True,3541.092500000001,3541.092500000001,0.0,190888,271.71,3377.0,164.09,0.8011,0,20,0,0,0,0,0,6092611
847,instance_n=20_91_c07,instance_n=20_91,Otto,20,1982.4,OK,5,5,208.03,0.0,0.0,2026-05-19T19:30:37.067486,c07,7,high,low,high,mid,fixed,fixed,2.1571,0.3772,1.0761,1.1891,0.1865,0.0405,0.0125,0.0392,0.05,5.0,task,7042,33377.92,0.416109,220.0,617.034,90.0,0.0,200.0,560.94,125.09125,0.648649,571.623726,110.0,560.94,0,200.0,0.0,5,5,0,True,200.0,200.0,0.0,0,0.05,0.0,0.0,,20,0,0,0,0,0,0,954
848,instance_n=20_91_c07,instance_n=20_91,Otto,20,1982.4,OK,5,5,208.03,0.0,0.0,2026-05-19T19:30:37.067486,c07,7,high,low,high,mid,fixed,fixed,2.1571,0.3772,1.0761,1.1891,0.1865,0.0405,0.0125,0.0392,0.05,5.0,task,7042,33377.92,0.416109,220.0,617.034,90.0,0.0,200.0,560.94,125.09125,0.648649,571.623726,110.0,560.94,1,165.0,226.37,4,4,1,True,226.37,226.37,0.0,8902,24.87,191.0,35.37,0.6432,12,0,0,0,8,0,0,498811
849,instance_n=20_91_c07,instance_n=20_91,Otto,20,1982.4,OK,5,5,208.03,0.0,0.0,2026-05-19T19:30:37.067486,c07,7,high,low,high,mid,fixed,fixed,2.1571,0.3772,1.0761,1.1891,0.1865,0.0405,0.0125,0.0392,0.05,5.0,task,7042,33377.92,0.416109,220.0,617.034,90.0,0.0,200.0,560.94,125.09125,0.648649,571.623726,110.0,560.94,2,134.0,469.89000000000004,4,3,2,True,469.89,469.89,0.0,45555,77.8,392.0,77.89,0.6071,7,1,0,0,12,0,0,959634
850,instance_n=20_91_c07,instance_n=20_91,Otto,20,1982.4,OK,5,5,208.03,0.0,0.0,2026-05-19T19:30:37.067486,c07,7,high,low,high,mid,fixed,fixed,2.1571,0.3772,1.0761,1.1891,0.1865,0.0405,0.0125,0.0392,0.05,5.0,task,7042,33377.92,0.416109,220.0,617.034,90.0,0.0,200.0,560.94,125.09125,0.648649,571.623726,110.0,560.94,3,130.0,477.34,3,3,2,True,477.34,477.34,0.0,82053,91.72,419.0,58.34,0.7057,5,0,0,0,15,0,0,1296711
851,instance_n=20_91_c07,instance_n=20_91,Otto,20,1982.4,OK,5,5,208.03,0.0,0.0,2026-05-19T19:30:37.067486,c07,7,high,low,high,mid,fixed,fixed,2.1571,0.3772,1.0761,1.1891,0.1865,0.0405,0.0125,0.0392,0.05,5.0,task,7042,33377.92,0.416109,220.0,617.034,90.0,0.0,200.0,560.94,125.09125,0.648649,571.623726,110.0,560.94,4,90.0,560.9399999999999,2,2,2,True,560.94,560.94,0.0,2146,7.27,542.0,18.94,0.9045,0,0,0,0,20,0,0,167453
852,instance_n=20_91_c08,instance_n=20_91,Otto,20,2143.05,OK,6,4,888.55,8.4683,25.7169,2026-05-19T19:45:25.620249,c08,8,high,mid,low,high,fixed,fixed,2.1185,0.6368,0.9064,1.3656,0.2282,0.034,0.0301,0.0598,0.05,5.0,task,8042,545707.64025,0.779245,220.0,5787.6253,99.0,0.0,200.0,5261.4775,597.789585,0.444601,5262.446815,101.0,5261.4775,0,200.0,0.0,5,5,0,True,200.0,200.0,0.0,0,0.03,0.0,0.0,,20,0,0,0,0,0,0,609
853,instance_n=20_91_c08,instance_n=20_91,Otto,20,2143.05,OK,6,4,888.55,8.4683,25.7169,2026-05-19T19:45:25.620249,c08,8,high,mid,low,high,fixed,fixed,2.1185,0.6368,0.9064,1.3656,0.2282,0.034,0.0301,0.0598,0.05,5.0,task,8042,545707.64025,0.779245,220.0,5787.6253,99.0,0.0,200.0,5261.4775,597.789585,0.444601,5262.446815,101.0,5261.4775,1,165.0,293.2525,4,4,1,True,293.2525,293.2525,0.0,11204,29.81,281.0,12.25,0.8857,14,0,0,0,6,0,0,559068
854,instance_n=20_91_c08,instance_n=20_91,Otto,20,2143.05,OK,6,4,888.55,8.4683,25.7169,2026-05-19T19:45:25.620249,c08,8,high,mid,low,high,fixed,fixed,2.1185,0.6368,0.9064,1.3656,0.2282,0.034,0.0301,0.0598,0.05,5.0,task,8042,545707.64025,0.779245,220.0,5787.6253,99.0,0.0,200.0,5261.4775,597.789585,0.444601,5262.446815,101.0,5261.4775,2,135.0,932.7075000000001,3,3,3,False,692.84409046,932.7075,25.7169,92335,300.46,913.0,19.71,0.9387,0,0,0,0,20,0,0,5006368
855,instance_n=20_91_c08,instance_n=20_91,Otto,20,2143.05,OK,6,4,888.55,8.4683,25.7169,2026-05-19T19:45:25.620249,c08,8,high,mid,low,high,fixed,fixed,2.1185,0.6368,0.9064,1.3656,0.2282,0.034,0.0301,0.0598,0.05,5.0,task,8042,545707.64025,0.779245,220.0,5787.6253,99.0,0.0,200.0,5261.4775,597.789585,0.444601,5262.446815,101.0,5261.4775,3,117.0,2044.2124999999999,5,2,5,False,1531.265,2044.2125,25.0927,121294,300.31,2004.0,40.21,0.9249,0,6,0,0,14,0,0,7390635
856,instance_n=20_91_c08,instance_n=20_91,Otto,20,2143.05,OK,6,4,888.55,8.4683,25.7169,2026-05-19T19:45:25.620249,c08,8,high,mid,low,high,fixed,fixed,2.1185,0.6368,0.9064,1.3656,0.2282,0.034,0.0301,0.0598,0.05,5.0,task,8042,545707.64025,0.779245,220.0,5787.6253,99.0,0.0,200.0,5261.4775,597.789585,0.444601,5262.446815,101.0,5261.4775,4,108.0,3577.87,8,1,8,True,3577.87,3577.87,0.0,68144,228.2,3466.0,111.87,0.8695,0,13,0,0,7,0,0,4152544
857,instance_n=20_91_c08,instance_n=20_91,Otto,20,2143.05,OK,6,4,888.55,8.4683,25.7169,2026-05-19T19:45:25.620249,c08,8,high,mid,low,high,fixed,fixed,2.1185,0.6368,0.9064,1.3656,0.2282,0.034,0.0301,0.0598,0.05,5.0,task,8042,545707.64025,0.779245,220.0,5787.6253,99.0,0.0,200.0,5261.4775,597.789585,0.444601,5262.446815,101.0,5261.4775,5,99.0,5261.4775,11,0,11,True,5261.4775,5261.4775,0.0,10880,16.22,5086.0,175.48,0.8511,0,20,0,0,0,0,0,544161
858,instance_n=20_91_c09,instance_n=20_91,Otto,20,1618.0500000000002,OK,4,1,1504.96,63.0827,87.7842,2026-05-19T20:10:30.582271,c09,9,high,high,mid,low,fixed,fixed,2.1304,0.8895,1.0029,1.0461,0.1856,0.0438,0.026,0.0269,0.05,5.0,task,9042,136632.5175,0.644954,264.0,2648.107,184.0,0.0,240.0,2407.37,228.799562,0.220162,2408.021245,56.0,2407.37,0,240.0,0.0,6,6,0,True,240.0,240.0,0.0,0,0.09,0.0,0.0,,20,0,0,0,0,0,0,902
859,instance_n=20_91_c09,instance_n=20_91,Otto,20,1618.0500000000002,OK,4,1,1504.96,63.0827,87.7842,2026-05-19T20:10:30.582271,c09,9,high,high,mid,low,fixed,fixed,2.1304,0.8895,1.0029,1.0461,0.1856,0.0438,0.026,0.0269,0.05,5.0,task,9042,136632.5175,0.644954,264.0,2648.107,184.0,0.0,240.0,2407.37,228.799562,0.220162,2408.021245,56.0,2407.37,1,215.0,537.0575,5,5,3,False,120.2525,537.0575,77.609,64684,300.34,479.0,58.06,0.7608,7,0,0,0,0,10,3,5837470
860,instance_n=20_91_c09,instance_n=20_91,Otto,20,1618.0500000000002,OK,4,1,1504.96,63.0827,87.7842,2026-05-19T20:10:30.582271,c09,9,high,high,mid,low,fixed,fixed,2.1304,0.8895,1.0029,1.0461,0.1856,0.0438,0.026,0.0269,0.05,5.0,task,9042,136632.5175,0.644954,264.0,2648.107,184.0,0.0,240.0,2407.37,228.799562,0.220162,2408.021245,56.0,2407.37,2,202.0,1419.765,7,4,6,False,185.4525,1419.765,86.9378,125599,300.4,1281.0,138.76,0.7141,4,4,0,0,0,9,3,6644809
861,instance_n=20_91_c09,instance_n=20_91,Otto,20,1618.0500000000002,OK,4,1,1504.96,63.0827,87.7842,2026-05-19T20:10:30.582271,c09,9,high,high,mid,low,fixed,fixed,2.1304,0.8895,1.0029,1.0461,0.1856,0.0438,0.026,0.0269,0.05,5.0,task,9042,136632.5175,0.644954,264.0,2648.107,184.0,0.0,240.0,2407.37,228.799562,0.220162,2408.021245,56.0,2407.37,3,184.0,2407.3699999999994,9,3,8,False,294.07990332,2407.37,87.7842,111874,302.4,2284.0,123.37,0.8094,4,8,0,0,0,6,2,3482089
862,instance_n=20_97_c01,instance_n=20_97,Otto,20,1000.0,OK,16,3,16521.13,62.3531,99.8609,2026-05-11T21:18:25.405970,c01,1,low,low,low,low,fixed,fixed,0.9872,0.3753,0.8974,1.041,0.0714,0.0374,0.0307,0.0229,0.05,5.0,task,1042,1424627.67,0.85491,660.0,3068.89,117.0,0.0,600.0,2789.9,208.678543,0.885488,2831.400892,483.0,2789.9,0,600.0,0.0,15,15,0,True,600.0,600.0,0.0,134,0.14,0.0,0.0,,20,0,0,0,0,0,0,
863,instance_n=20_97_c01,instance_n=20_97,Otto,20,1000.0,OK,16,3,16521.13,62.3531,99.8609,2026-05-11T21:18:25.405970,c01,1,low,low,low,low,fixed,fixed,0.9872,0.3753,0.8974,1.041,0.0714,0.0374,0.0307,0.0229,0.05,5.0,task,1042,1424627.67,0.85491,660.0,3068.89,117.0,0.0,600.0,2789.9,208.678543,0.885488,2831.400892,483.0,2789.9,1,565.0,83.15,14,14,1,True,83.15,83.15,0.0,272521,174.17,50.0,33.15,0.337,18,0,0,0,2,0,0,
864,instance_n=20_97_c01,instance_n=20_97,Otto,20,1000.0,OK,16,3,16521.13,62.3531,99.8609,2026-05-11T21:18:25.405970,c01,1,low,low,low,low,fixed,fixed,0.9872,0.3753,0.8974,1.041,0.0714,0.0374,0.0307,0.0229,0.05,5.0,task,1042,1424627.67,0.85491,660.0,3068.89,117.0,0.0,600.0,2789.9,208.678543,0.885488,2831.400892,483.0,2789.9,2,525.0,101.25,13,13,1,False,3.615065101,101.25,96.4296,62393,1163.06,77.0,24.25,0.515,17,0,0,0,3,0,0,
865,instance_n=20_97_c01,instance_n=20_97,Otto,20,1000.0,OK,16,3,16521.13,62.3531,99.8609,2026-05-11T21:18:25.405970,c01,1,low,low,low,low,fixed,fixed,0.9872,0.3753,0.8974,1.041,0.0714,0.0374,0.0307,0.0229,0.05,5.0,task,1042,1424627.67,0.85491,660.0,3068.89,117.0,0.0,600.0,2789.9,208.678543,0.885488,2831.400892,483.0,2789.9,3,485.0,122.3,12,12,1,False,0.1701591364,122.3,99.8609,38558,1150.74,109.0,13.3,0.734,16,0,0,0,4,0,0,
866,instance_n=20_97_c01,instance_n=20_97,Otto,20,1000.0,OK,16,3,16521.13,62.3531,99.8609,2026-05-11T21:18:25.405970,c01,1,low,low,low,low,fixed,fixed,0.9872,0.3753,0.8974,1.041,0.0714,0.0374,0.0307,0.0229,0.05,5.0,task,1042,1424627.67,0.85491,660.0,3068.89,117.0,0.0,600.0,2789.9,208.678543,0.885488,2831.400892,483.0,2789.9,4,445.0,142.15,11,11,1,False,0.85008044708,142.15,99.402,11519,982.36,138.0,4.15,0.917,15,0,0,0,5,0,0,
867,instance_n=20_97_c01,instance_n=20_97,Otto,20,1000.0,OK,16,3,16521.13,62.3531,99.8609,2026-05-11T21:18:25.405970,c01,1,low,low,low,low,fixed,fixed,0.9872,0.3753,0.8974,1.041,0.0714,0.0374,0.0307,0.0229,0.05,5.0,task,1042,1424627.67,0.85491,660.0,3068.89,117.0,0.0,600.0,2789.9,208.678543,0.885488,2831.400892,483.0,2789.9,5,410.0,234.45,10,10,2,False,47.6,234.45,79.6972,15730,1173.78,205.0,29.45,0.7055,13,0,0,0,5,1,1,
868,instance_n=20_97_c01,instance_n=20_97,Otto,20,1000.0,OK,16,3,16521.13,62.3531,99.8609,2026-05-11T21:18:25.405970,c01,1,low,low,low,low,fixed,fixed,0.9872,0.3753,0.8974,1.041,0.0714,0.0374,0.0307,0.0229,0.05,5.0,task,1042,1424627.67,0.85491,660.0,3068.89,117.0,0.0,600.0,2789.9,208.678543,0.885488,2831.400892,483.0,2789.9,6,370.0,261.5,9,9,2,False,71.50040043,261.5,72.6576,9837,1114.83,242.0,19.5,0.805,12,0,0,0,8,0,0,
869,instance_n=20_97_c01,instance_n=20_97,Otto,20,1000.0,OK,16,3,16521.13,62.3531,99.8609,2026-05-11T21:18:25.405970,c01,1,low,low,low,low,fixed,fixed,0.9872,0.3753,0.8974,1.041,0.0714,0.0374,0.0307,0.0229,0.05,5.0,task,1042,1424627.67,0.85491,660.0,3068.89,117.0,0.0,600.0,2789.9,208.678543,0.885488,2831.400892,483.0,2789.9,7,330.0,290.85,8,8,2,False,73.430066603,290.85,74.7533,5092,973.65,285.0,5.85,0.9415,11,0,0,0,9,0,0,
870,instance_n=20_97_c01,instance_n=20_97,Otto,20,1000.0,OK,16,3,16521.13,62.3531,99.8609,2026-05-11T21:18:25.405970,c01,1,low,low,low,low,fixed,fixed,0.9872,0.3753,0.8974,1.041,0.0714,0.0374,0.0307,0.0229,0.05,5.0,task,1042,1424627.67,0.85491,660.0,3068.89,117.0,0.0,600.0,2789.9,208.678543,0.885488,2831.400892,483.0,2789.9,8,295.0,392.34999999999997,7,7,3,False,64.8,392.35,83.4841,5795,615.8,365.0,27.35,0.8177,8,0,0,0,12,0,0,
871,instance_n=20_97_c01,instance_n=20_97,Otto,20,1000.0,OK,16,3,16521.13,62.3531,99.8609,2026-05-11T21:18:25.405970,c01,1,low,low,low,low,fixed,fixed,0.9872,0.3753,0.8974,1.041,0.0714,0.0374,0.0307,0.0229,0.05,5.0,task,1042,1424627.67,0.85491,660.0,3068.89,117.0,0.0,600.0,2789.9,208.678543,0.885488,2831.400892,483.0,2789.9,9,255.0,433.25,6,6,3,False,131.81856026,433.25,69.5745,32156,1093.63,425.0,8.25,0.945,6,0,0,0,14,0,0,
872,instance_n=20_97_c01,instance_n=20_97,Otto,20,1000.0,OK,16,3,16521.13,62.3531,99.8609,2026-05-11T21:18:25.405970,c01,1,low,low,low,low,fixed,fixed,0.9872,0.3753,0.8974,1.041,0.0714,0.0374,0.0307,0.0229,0.05,5.0,task,1042,1424627.67,0.85491,660.0,3068.89,117.0,0.0,600.0,2789.9,208.678543,0.885488,2831.400892,483.0,2789.9,10,220.0,559.25,5,5,4,False,76.873020398,559.25,86.2543,6929,1072.8,538.0,21.25,0.8938,2,0,0,0,18,0,0,
873,instance_n=20_97_c01,instance_n=20_97,Otto,20,1000.0,OK,16,3,16521.13,62.3531,99.8609,2026-05-11T21:18:25.405970,c01,1,low,low,low,low,fixed,fixed,0.9872,0.3753,0.8974,1.041,0.0714,0.0374,0.0307,0.0229,0.05,5.0,task,1042,1424627.67,0.85491,660.0,3068.89,117.0,0.0,600.0,2789.9,208.678543,0.885488,2831.400892,483.0,2789.9,11,189.0,697.6,5,4,5,False,75.398994719,697.6,89.1917,3301,1040.46,656.0,41.6,0.8336,0,1,0,0,19,0,0,
874,instance_n=20_97_c01,instance_n=20_97,Otto,20,1000.0,OK,16,3,16521.13,62.3531,99.8609,2026-05-11T21:18:25.405970,c01,1,low,low,low,low,fixed,fixed,0.9872,0.3753,0.8974,1.041,0.0714,0.0374,0.0307,0.0229,0.05,5.0,task,1042,1424627.67,0.85491,660.0,3068.89,117.0,0.0,600.0,2789.9,208.678543,0.885488,2831.400892,483.0,2789.9,12,162.0,1089.3000000000002,6,3,6,False,184.02915771,1089.3,83.1057,10110,447.16,1064.0,25.3,0.9157,0,5,0,0,15,0,0,
875,instance_n=20_97_c01,instance_n=20_97,Otto,20,1000.0,OK,16,3,16521.13,62.3531,99.8609,2026-05-11T21:18:25.405970,c01,1,low,low,low,low,fixed,fixed,0.9872,0.3753,0.8974,1.041,0.0714,0.0374,0.0307,0.0229,0.05,5.0,task,1042,1424627.67,0.85491,660.0,3068.89,117.0,0.0,600.0,2789.9,208.678543,0.885488,2831.400892,483.0,2789.9,13,144.0,1615.5499999999997,8,2,8,False,639.81343596,1615.55,60.3966,7648,1003.08,1568.0,47.55,0.8811,0,10,0,0,10,0,0,
876,instance_n=20_97_c01,instance_n=20_97,Otto,20,1000.0,OK,16,3,16521.13,62.3531,99.8609,2026-05-11T21:18:25.405970,c01,1,low,low,low,low,fixed,fixed,0.9872,0.3753,0.8974,1.041,0.0714,0.0374,0.0307,0.0229,0.05,5.0,task,1042,1424627.67,0.85491,660.0,3068.89,117.0,0.0,600.0,2789.9,208.678543,0.885488,2831.400892,483.0,2789.9,14,126.0,2115.55,10,1,10,True,2115.55,2115.55,0.0,42507,166.78,2040.0,75.55,0.8489,0,15,0,0,5,0,0,
877,instance_n=20_97_c01,instance_n=20_97,Otto,20,1000.0,OK,16,3,16521.13,62.3531,99.8609,2026-05-11T21:18:25.405970,c01,1,low,low,low,low,fixed,fixed,0.9872,0.3753,0.8974,1.041,0.0714,0.0374,0.0307,0.0229,0.05,5.0,task,1042,1424627.67,0.85491,660.0,3068.89,117.0,0.0,600.0,2789.9,208.678543,0.885488,2831.400892,483.0,2789.9,15,117.0,2789.9,13,0,13,False,2710.6,2789.9,2.8424,8834,1661.63,2654.0,135.9,0.7909,0,20,0,0,0,0,0,
878,instance_n=20_97_c02,instance_n=20_97,Otto,20,1000.0,OK,16,1,29505.41,83.3586,100.0,2026-05-12T05:30:10.817827,c02,2,low,mid,mid,mid,fixed,fixed,0.9747,0.6363,1.0065,1.1801,0.0751,0.0437,0.0322,0.0481,0.05,5.0,task,2042,994216.58,0.689938,660.0,2792.68,144.0,0.0,600.0,2538.8,85.437008,0.474233,2579.426572,456.0,2538.8,0,600.0,0.0,15,15,0,True,600.0,600.0,0.0,134,0.17,0.0,0.0,,20,0,0,0,0,0,0,
879,instance_n=20_97_c02,instance_n=20_97,Otto,20,1000.0,OK,16,1,29505.41,83.3586,100.0,2026-05-12T05:30:10.817827,c02,2,low,mid,mid,mid,fixed,fixed,0.9747,0.6363,1.0065,1.1801,0.0751,0.0437,0.0322,0.0481,0.05,5.0,task,2042,994216.58,0.689938,660.0,2792.68,144.0,0.0,600.0,2538.8,85.437008,0.474233,2579.426572,456.0,2538.8,1,565.0,92.05,14,14,1,False,7.1203310364,92.05,92.2647,66761,1050.7,70.0,22.05,0.559,18,0,0,0,0,1,1,
880,instance_n=20_97_c02,instance_n=20_97,Otto,20,1000.0,OK,16,1,29505.41,83.3586,100.0,2026-05-12T05:30:10.817827,c02,2,low,mid,mid,mid,fixed,fixed,0.9747,0.6363,1.0065,1.1801,0.0751,0.0437,0.0322,0.0481,0.05,5.0,task,2042,994216.58,0.689938,660.0,2792.68,144.0,0.0,600.0,2538.8,85.437008,0.474233,2579.426572,456.0,2538.8,2,525.0,149.5,13,13,1,False,0.0,149.5,100.0,24672,742.82,149.0,0.5,0.99,17,0,0,0,3,0,0,
881,instance_n=20_97_c02,instance_n=20_97,Otto,20,1000.0,OK,16,1,29505.41,83.3586,100.0,2026-05-12T05:30:10.817827,c02,2,low,mid,mid,mid,fixed,fixed,0.9747,0.6363,1.0065,1.1801,0.0751,0.0437,0.0322,0.0481,0.05,5.0,task,2042,994216.58,0.689938,660.0,2792.68,144.0,0.0,600.0,2538.8,85.437008,0.474233,2579.426572,456.0,2538.8,3,490.0,246.20000000000002,12,12,2,False,0.41130546059,246.2,99.8329,38078,1130.74,224.0,22.2,0.778,15,0,0,0,3,1,1,
882,instance_n=20_97_c02,instance_n=20_97,Otto,20,1000.0,OK,16,1,29505.41,83.3586,100.0,2026-05-12T05:30:10.817827,c02,2,low,mid,mid,mid,fixed,fixed,0.9747,0.6363,1.0065,1.1801,0.0751,0.0437,0.0322,0.0481,0.05,5.0,task,2042,994216.58,0.689938,660.0,2792.68,144.0,0.0,600.0,2538.8,85.437008,0.474233,2579.426572,456.0,2538.8,4,455.0,341.1,11,11,3,False,46.437874113,341.1,86.3858,6579,985.62,299.0,42.1,0.7193,13,0,0,0,3,2,2,
883,instance_n=20_97_c02,instance_n=20_97,Otto,20,1000.0,OK,16,1,29505.41,83.3586,100.0,2026-05-12T05:30:10.817827,c02,2,low,mid,mid,mid,fixed,fixed,0.9747,0.6363,1.0065,1.1801,0.0751,0.0437,0.0322,0.0481,0.05,5.0,task,2042,994216.58,0.689938,660.0,2792.68,144.0,0.0,600.0,2538.8,85.437008,0.474233,2579.426572,456.0,2538.8,5,419.0,487.79999999999995,11,10,3,False,81.033242564,487.8,83.388,35149,571.87,464.0,23.8,0.8413,13,2,0,0,3,1,1,
884,instance_n=20_97_c02,instance_n=20_97,Otto,20,1000.0,OK,16,1,29505.41,83.3586,100.0,2026-05-12T05:30:10.817827,c02,2,low,mid,mid,mid,fixed,fixed,0.9747,0.6363,1.0065,1.1801,0.0751,0.0437,0.0322,0.0481,0.05,5.0,task,2042,994216.58,0.689938,660.0,2792.68,144.0,0.0,600.0,2538.8,85.437008,0.474233,2579.426572,456.0,2538.8,6,385.0,636.85,9,9,5,False,53.954886615,636.85,91.5279,8020,1104.5,588.0,48.85,0.8046,7,0,0,0,9,2,2,
885,instance_n=20_97_c02,instance_n=20_97,Otto,20,1000.0,OK,16,1,29505.41,83.3586,100.0,2026-05-12T05:30:10.817827,c02,2,low,mid,mid,mid,fixed,fixed,0.9747,0.6363,1.0065,1.1801,0.0751,0.0437,0.0322,0.0481,0.05,5.0,task,2042,994216.58,0.689938,660.0,2792.68,144.0,0.0,600.0,2538.8,85.437008,0.474233,2579.426572,456.0,2538.8,7,349.0,724.3,9,8,5,False,80.1,724.3,88.941,20140,1123.58,675.0,49.3,0.8028,8,2,0,0,3,4,3,
886,instance_n=20_97_c02,instance_n=20_97,Otto,20,1000.0,OK,16,1,29505.41,83.3586,100.0,2026-05-12T05:30:10.817827,c02,2,low,mid,mid,mid,fixed,fixed,0.9747,0.6363,1.0065,1.1801,0.0751,0.0437,0.0322,0.0481,0.05,5.0,task,2042,994216.58,0.689938,660.0,2792.68,144.0,0.0,600.0,2538.8,85.437008,0.474233,2579.426572,456.0,2538.8,8,322.0,971.9,10,7,6,False,114.53374254,971.9,88.2155,54257,614.17,904.0,67.9,0.7737,8,4,0,0,3,3,2,
887,instance_n=20_97_c02,instance_n=20_97,Otto,20,1000.0,OK,16,1,29505.41,83.3586,100.0,2026-05-12T05:30:10.817827,c02,2,low,mid,mid,mid,fixed,fixed,0.9747,0.6363,1.0065,1.1801,0.0751,0.0437,0.0322,0.0481,0.05,5.0,task,2042,994216.58,0.689938,660.0,2792.68,144.0,0.0,600.0,2538.8,85.437008,0.474233,2579.426572,456.0,2538.8,9,295.0,1237.0,11,6,7,False,118.91830373,1237.0,90.3866,19377,1110.03,1150.0,87.0,0.7514,8,7,0,0,0,2,3,
888,instance_n=20_97_c02,instance_n=20_97,Otto,20,1000.0,OK,16,1,29505.41,83.3586,100.0,2026-05-12T05:30:10.817827,c02,2,low,mid,mid,mid,fixed,fixed,0.9747,0.6363,1.0065,1.1801,0.0751,0.0437,0.0322,0.0481,0.05,5.0,task,2042,994216.58,0.689938,660.0,2792.68,144.0,0.0,600.0,2538.8,85.437008,0.474233,2579.426572,456.0,2538.8,10,260.0,1371.6999999999998,10,5,8,False,184.0437175,1371.7,86.5828,44652,572.08,1275.0,96.7,0.7582,4,8,0,0,0,5,3,
889,instance_n=20_97_c02,instance_n=20_97,Otto,20,1000.0,OK,16,1,29505.41,83.3586,100.0,2026-05-12T05:30:10.817827,c02,2,low,mid,mid,mid,fixed,fixed,0.9747,0.6363,1.0065,1.1801,0.0751,0.0437,0.0322,0.0481,0.05,5.0,task,2042,994216.58,0.689938,660.0,2792.68,144.0,0.0,600.0,2538.8,85.437008,0.474233,2579.426572,456.0,2538.8,11,233.0,1733.95,11,4,9,False,151.96164079,1733.95,91.2361,7529,1036.09,1642.0,91.95,0.7957,4,11,0,0,3,1,1,
890,instance_n=20_97_c02,instance_n=20_97,Otto,20,1000.0,OK,16,1,29505.41,83.3586,100.0,2026-05-12T05:30:10.817827,c02,2,low,mid,mid,mid,fixed,fixed,0.9747,0.6363,1.0065,1.1801,0.0751,0.0437,0.0322,0.0481,0.05,5.0,task,2042,994216.58,0.689938,660.0,2792.68,144.0,0.0,600.0,2538.8,85.437008,0.474233,2579.426572,456.0,2538.8,12,202.0,1957.65,11,3,10,False,136.92118354,1957.65,93.0058,3411,972.58,1857.0,100.65,0.7987,2,12,0,0,0,3,3,
891,instance_n=20_97_c02,instance_n=20_97,Otto,20,1000.0,OK,16,1,29505.41,83.3586,100.0,2026-05-12T05:30:10.817827,c02,2,low,mid,mid,mid,fixed,fixed,0.9747,0.6363,1.0065,1.1801,0.0751,0.0437,0.0322,0.0481,0.05,5.0,task,2042,994216.58,0.689938,660.0,2792.68,144.0,0.0,600.0,2538.8,85.437008,0.474233,2579.426572,456.0,2538.8,13,198.0,1990.35,10,3,10,False,419.88284177,1990.35,78.9041,16777,1096.84,1914.0,76.35,0.8473,0,12,0,0,3,3,2,
892,instance_n=20_97_c02,instance_n=20_97,Otto,20,1000.0,OK,16,1,29505.41,83.3586,100.0,2026-05-12T05:30:10.817827,c02,2,low,mid,mid,mid,fixed,fixed,0.9747,0.6363,1.0065,1.1801,0.0751,0.0437,0.0322,0.0481,0.05,5.0,task,2042,994216.58,0.689938,660.0,2792.68,144.0,0.0,600.0,2538.8,85.437008,0.474233,2579.426572,456.0,2538.8,14,171.0,2225.8499999999995,11,2,11,False,341.73096697,2225.85,84.6472,6394,1026.97,2124.0,101.85,0.8148,0,14,0,0,3,1,2,
893,instance_n=20_97_c02,instance_n=20_97,Otto,20,1000.0,OK,16,1,29505.41,83.3586,100.0,2026-05-12T05:30:10.817827,c02,2,low,mid,mid,mid,fixed,fixed,0.9747,0.6363,1.0065,1.1801,0.0751,0.0437,0.0322,0.0481,0.05,5.0,task,2042,994216.58,0.689938,660.0,2792.68,144.0,0.0,600.0,2538.8,85.437008,0.474233,2579.426572,456.0,2538.8,15,144.0,2538.7999999999993,12,1,12,False,547.90649461,2538.8,78.4187,13933,1113.74,2417.0,121.8,0.797,0,17,0,0,3,0,0,
894,instance_n=20_97_c03,instance_n=20_97,Otto,20,1086.75,OK,12,3,15664.38,60.3721,93.5615,2026-05-12T09:51:15.207101,c03,3,low,high,high,high,fixed,fixed,0.976,0.8664,1.0726,1.3583,0.0685,0.0356,0.0126,0.0461,0.05,5.0,task,3042,710606.6075,0.611983,484.0,2947.0925,90.0,0.0,440.0,2679.175,62.164994,0.15909,2701.9398,350.0,2679.175,0,440.0,0.0,11,11,0,True,440.0,440.0,0.0,0,0.09,0.0,0.0,,20,0,0,0,0,0,0,
895,instance_n=20_97_c03,instance_n=20_97,Otto,20,1086.75,OK,12,3,15664.38,60.3721,93.5615,2026-05-12T09:51:15.207101,c03,3,low,high,high,high,fixed,fixed,0.976,0.8664,1.0726,1.3583,0.0685,0.0356,0.0126,0.0461,0.05,5.0,task,3042,710606.6075,0.611983,484.0,2947.0925,90.0,0.0,440.0,2679.175,62.164994,0.15909,2701.9398,350.0,2679.175,1,405.0,104.7875,10,10,1,True,104.7875,104.7875,0.0,16025,39.1,82.0,22.79,0.5806,18,0,0,0,0,1,1,
896,instance_n=20_97_c03,instance_n=20_97,Otto,20,1086.75,OK,12,3,15664.38,60.3721,93.5615,2026-05-12T09:51:15.207101,c03,3,low,high,high,high,fixed,fixed,0.976,0.8664,1.0726,1.3583,0.0685,0.0356,0.0126,0.0461,0.05,5.0,task,3042,710606.6075,0.611983,484.0,2947.0925,90.0,0.0,440.0,2679.175,62.164994,0.15909,2701.9398,350.0,2679.175,2,369.0,282.2875,10,9,1,False,86.274879387,282.2875,69.4372,43476,867.94,281.0,1.29,0.9763,18,2,0,0,0,0,0,
897,instance_n=20_97_c03,instance_n=20_97,Otto,20,1086.75,OK,12,3,15664.38,60.3721,93.5615,2026-05-12T09:51:15.207101,c03,3,low,high,high,high,fixed,fixed,0.976,0.8664,1.0726,1.3583,0.0685,0.0356,0.0126,0.0461,0.05,5.0,task,3042,710606.6075,0.611983,484.0,2947.0925,90.0,0.0,440.0,2679.175,62.164994,0.15909,2701.9398,350.0,2679.175,3,338.0,518.325,10,8,2,False,87.476771696,518.325,83.1232,71328,1082.61,511.0,7.33,0.9326,16,4,0,0,0,0,0,
898,instance_n=20_97_c03,instance_n=20_97,Otto,20,1086.75,OK,12,3,15664.38,60.3721,93.5615,2026-05-12T09:51:15.207101,c03,3,low,high,high,high,fixed,fixed,0.976,0.8664,1.0726,1.3583,0.0685,0.0356,0.0126,0.0461,0.05,5.0,task,3042,710606.6075,0.611983,484.0,2947.0925,90.0,0.0,440.0,2679.175,62.164994,0.15909,2701.9398,350.0,2679.175,4,307.0,762.0625,10,7,3,False,84.480863296,762.0625,88.9142,67136,1117.85,749.0,13.06,0.9199,14,6,0,0,0,0,0,
899,instance_n=20_97_c03,instance_n=20_97,Otto,20,1086.75,OK,12,3,15664.38,60.3721,93.5615,2026-05-12T09:51:15.207101,c03,3,low,high,high,high,fixed,fixed,0.976,0.8664,1.0726,1.3583,0.0685,0.0356,0.0126,0.0461,0.05,5.0,task,3042,710606.6075,0.611983,484.0,2947.0925,90.0,0.0,440.0,2679.175,62.164994,0.15909,2701.9398,350.0,2679.175,5,276.0,1012.75,10,6,4,False,81.675969499,1012.75,91.9352,15779,1113.74,996.0,16.75,0.9229,12,8,0,0,0,0,0,
900,instance_n=20_97_c03,instance_n=20_97,Otto,20,1086.75,OK,12,3,15664.38,60.3721,93.5615,2026-05-12T09:51:15.207101,c03,3,low,high,high,high,fixed,fixed,0.976,0.8664,1.0726,1.3583,0.0685,0.0356,0.0126,0.0461,0.05,5.0,task,3042,710606.6075,0.611983,484.0,2947.0925,90.0,0.0,440.0,2679.175,62.164994,0.15909,2701.9398,350.0,2679.175,6,245.0,1292.1875000000002,10,5,5,False,83.197235782,1292.1875,93.5615,12360,824.84,1271.0,21.19,0.922,10,10,0,0,0,0,0,
901,instance_n=20_97_c03,instance_n=20_97,Otto,20,1086.75,OK,12,3,15664.38,60.3721,93.5615,2026-05-12T09:51:15.207101,c03,3,low,high,high,high,fixed,fixed,0.976,0.8664,1.0726,1.3583,0.0685,0.0356,0.0126,0.0461,0.05,5.0,task,3042,710606.6075,0.611983,484.0,2947.0925,90.0,0.0,440.0,2679.175,62.164994,0.15909,2701.9398,350.0,2679.175,7,214.0,1529.125,10,4,6,False,114.06484447,1529.125,92.5405,18786,1055.75,1509.0,20.12,0.9383,8,12,0,0,0,0,0,
902,instance_n=20_97_c03,instance_n=20_97,Otto,20,1086.75,OK,12,3,15664.38,60.3721,93.5615,2026-05-12T09:51:15.207101,c03,3,low,high,high,high,fixed,fixed,0.976,0.8664,1.0726,1.3583,0.0685,0.0356,0.0126,0.0461,0.05,5.0,task,3042,710606.6075,0.611983,484.0,2947.0925,90.0,0.0,440.0,2679.175,62.164994,0.15909,2701.9398,350.0,2679.175,8,183.0,1811.6125000000002,10,3,7,False,365.9261615,1811.6125,79.8011,29080,300.29,1781.0,30.61,0.9195,6,14,0,0,0,0,0,
903,instance_n=20_97_c03,instance_n=20_97,Otto,20,1086.75,OK,12,3,15664.38,60.3721,93.5615,2026-05-12T09:51:15.207101,c03,3,low,high,high,high,fixed,fixed,0.976,0.8664,1.0726,1.3583,0.0685,0.0356,0.0126,0.0461,0.05,5.0,task,3042,710606.6075,0.611983,484.0,2947.0925,90.0,0.0,440.0,2679.175,62.164994,0.15909,2701.9398,350.0,2679.175,9,152.0,2117.3,10,2,8,False,334.40681867,2117.3,84.206,20862,300.31,2088.0,29.3,0.9326,4,16,0,0,0,0,0,
904,instance_n=20_97_c03,instance_n=20_97,Otto,20,1086.75,OK,12,3,15664.38,60.3721,93.5615,2026-05-12T09:51:15.207101,c03,3,low,high,high,high,fixed,fixed,0.976,0.8664,1.0726,1.3583,0.0685,0.0356,0.0126,0.0461,0.05,5.0,task,3042,710606.6075,0.611983,484.0,2947.0925,90.0,0.0,440.0,2679.175,62.164994,0.15909,2701.9398,350.0,2679.175,10,121.0,2365.1375000000003,10,1,9,False,1396.6981773,2365.1375,40.9464,5325,1008.12,2335.0,30.14,0.9384,2,18,0,0,0,0,0,
905,instance_n=20_97_c03,instance_n=20_97,Otto,20,1086.75,OK,12,3,15664.38,60.3721,93.5615,2026-05-12T09:51:15.207101,c03,3,low,high,high,high,fixed,fixed,0.976,0.8664,1.0726,1.3583,0.0685,0.0356,0.0126,0.0461,0.05,5.0,task,3042,710606.6075,0.611983,484.0,2947.0925,90.0,0.0,440.0,2679.175,62.164994,0.15909,2701.9398,350.0,2679.175,11,90.0,2679.1750000000006,10,0,10,True,2679.175,2679.175,0.0,32630,148.71,2648.0,31.18,0.9426,0,20,0,0,0,0,0,
906,instance_n=20_97_c04,instance_n=20_97,Otto,20,1644.3000000000002,OK,8,5,3237.35,12.5077,34.8341,2026-05-12T10:45:12.565902,c04,4,mid,low,mid,high,fixed,fixed,1.4377,0.3723,1.0021,1.3683,0.1027,0.0414,0.0209,0.043,0.05,5.0,task,4042,822542.53,0.862511,308.0,4374.59,90.0,0.0,280.0,3976.9,603.925035,0.882731,3981.436124,190.0,3976.9,0,280.0,0.0,7,7,0,True,280.0,280.0,0.0,0,0.03,0.0,0.0,,20,0,0,0,0,0,0,
907,instance_n=20_97_c04,instance_n=20_97,Otto,20,1644.3000000000002,OK,8,5,3237.35,12.5077,34.8341,2026-05-12T10:45:12.565902,c04,4,mid,low,mid,high,fixed,fixed,1.4377,0.3723,1.0021,1.3683,0.1027,0.0414,0.0209,0.043,0.05,5.0,task,4042,822542.53,0.862511,308.0,4374.59,90.0,0.0,280.0,3976.9,603.925035,0.882731,3981.436124,190.0,3976.9,1,245.0,162.165,6,6,1,False,105.67621149,162.165,34.8341,6330,943.25,120.0,42.16,0.4871,15,0,0,0,5,0,0,
908,instance_n=20_97_c04,instance_n=20_97,Otto,20,1644.3000000000002,OK,8,5,3237.35,12.5077,34.8341,2026-05-12T10:45:12.565902,c04,4,mid,low,mid,high,fixed,fixed,1.4377,0.3723,1.0021,1.3683,0.1027,0.0414,0.0209,0.043,0.05,5.0,task,4042,822542.53,0.862511,308.0,4374.59,90.0,0.0,280.0,3976.9,603.925035,0.882731,3981.436124,190.0,3976.9,2,205.0,222.665,5,5,1,True,222.665,222.665,0.0,6809,32.0,210.0,12.66,0.846,12,0,0,0,8,0,0,
909,instance_n=20_97_c04,instance_n=20_97,Otto,20,1644.3000000000002,OK,8,5,3237.35,12.5077,34.8341,2026-05-12T10:45:12.565902,c04,4,mid,low,mid,high,fixed,fixed,1.4377,0.3723,1.0021,1.3683,0.1027,0.0414,0.0209,0.043,0.05,5.0,task,4042,822542.53,0.862511,308.0,4374.59,90.0,0.0,280.0,3976.9,603.925035,0.882731,3981.436124,190.0,3976.9,3,170.0,426.63,4,4,2,False,295.08557911,426.63,30.8334,24519,1110.82,391.0,35.63,0.7833,6,0,0,0,14,0,0,
910,instance_n=20_97_c04,instance_n=20_97,Otto,20,1644.3000000000002,OK,8,5,3237.35,12.5077,34.8341,2026-05-12T10:45:12.565902,c04,4,mid,low,mid,high,fixed,fixed,1.4377,0.3723,1.0021,1.3683,0.1027,0.0414,0.0209,0.043,0.05,5.0,task,4042,822542.53,0.862511,308.0,4374.59,90.0,0.0,280.0,3976.9,603.925035,0.882731,3981.436124,190.0,3976.9,4,130.0,491.08,3,3,2,True,491.08,491.08,0.0,5466,16.81,489.0,2.08,0.9874,3,0,0,0,17,0,0,
911,instance_n=20_97_c04,instance_n=20_97,Otto,20,1644.3000000000002,OK,8,5,3237.35,12.5077,34.8341,2026-05-12T10:45:12.565902,c04,4,mid,low,mid,high,fixed,fixed,1.4377,0.3723,1.0021,1.3683,0.1027,0.0414,0.0209,0.043,0.05,5.0,task,4042,822542.53,0.862511,308.0,4374.59,90.0,0.0,280.0,3976.9,603.925035,0.882731,3981.436124,190.0,3976.9,5,108.0,1125.66,4,2,4,False,738.49833116,1125.66,34.3942,10788,1087.6,1084.0,41.66,0.8733,0,3,0,0,17,0,0,
912,instance_n=20_97_c04,instance_n=20_97,Otto,20,1644.3000000000002,OK,8,5,3237.35,12.5077,34.8341,2026-05-12T10:45:12.565902,c04,4,mid,low,mid,high,fixed,fixed,1.4377,0.3723,1.0021,1.3683,0.1027,0.0414,0.0209,0.043,0.05,5.0,task,4042,822542.53,0.862511,308.0,4374.59,90.0,0.0,280.0,3976.9,603.925035,0.882731,3981.436124,190.0,3976.9,6,99.0,2378.2049999999995,7,1,7,True,2378.205,2378.205,0.0,3915,14.67,2298.0,80.2,0.8606,0,11,0,0,9,0,0,
913,instance_n=20_97_c04,instance_n=20_97,Otto,20,1644.3000000000002,OK,8,5,3237.35,12.5077,34.8341,2026-05-12T10:45:12.565902,c04,4,mid,low,mid,high,fixed,fixed,1.4377,0.3723,1.0021,1.3683,0.1027,0.0414,0.0209,0.043,0.05,5.0,task,4042,822542.53,0.862511,308.0,4374.59,90.0,0.0,280.0,3976.9,603.925035,0.882731,3981.436124,190.0,3976.9,7,90.0,3976.899999999999,10,0,10,True,3976.9,3976.9,0.0,5023,24.5,3906.0,70.9,0.9138,0,20,0,0,0,0,0,
914,instance_n=20_97_c05,instance_n=20_97,Otto,20,1141.3500000000001,OK,10,2,7559.86,69.4663,95.8224,2026-05-12T12:51:12.434424,c05,5,mid,mid,high,low,fixed,fixed,1.4094,0.6231,1.0757,1.0525,0.0963,0.0379,0.0142,0.0279,0.05,5.0,task,5042,564268.68025,0.702964,440.0,3198.0053,189.0,0.0,400.0,2907.2775,177.953987,0.534605,2914.924264,211.0,2907.2775,0,400.0,0.0,10,10,0,True,400.0,400.0,0.0,0,0.05,0.0,0.0,,20,0,0,0,0,0,0,
915,instance_n=20_97_c05,instance_n=20_97,Otto,20,1141.3500000000001,OK,10,2,7559.86,69.4663,95.8224,2026-05-12T12:51:12.434424,c05,5,mid,mid,high,low,fixed,fixed,1.4094,0.6231,1.0757,1.0525,0.0963,0.0379,0.0142,0.0279,0.05,5.0,task,5042,564268.68025,0.702964,440.0,3198.0053,189.0,0.0,400.0,2907.2775,177.953987,0.534605,2914.924264,211.0,2907.2775,1,365.0,119.36749999999999,9,9,1,True,119.3675,119.3675,0.0,20639,39.04,105.0,14.37,0.7482,17,0,0,0,0,2,1,
916,instance_n=20_97_c05,instance_n=20_97,Otto,20,1141.3500000000001,OK,10,2,7559.86,69.4663,95.8224,2026-05-12T12:51:12.434424,c05,5,mid,mid,high,low,fixed,fixed,1.4094,0.6231,1.0757,1.0525,0.0963,0.0379,0.0142,0.0279,0.05,5.0,task,5042,564268.68025,0.702964,440.0,3198.0053,189.0,0.0,400.0,2907.2775,177.953987,0.534605,2914.924264,211.0,2907.2775,2,335.0,362.2525,8,8,3,False,69.0,362.2525,80.9525,13891,996.71,313.0,49.25,0.7123,10,0,0,0,0,6,4,
917,instance_n=20_97_c05,instance_n=20_97,Otto,20,1141.3500000000001,OK,10,2,7559.86,69.4663,95.8224,2026-05-12T12:51:12.434424,c05,5,mid,mid,high,low,fixed,fixed,1.4094,0.6231,1.0757,1.0525,0.0963,0.0379,0.0142,0.0279,0.05,5.0,task,5042,564268.68025,0.702964,440.0,3198.0053,189.0,0.0,400.0,2907.2775,177.953987,0.534605,2914.924264,211.0,2907.2775,3,334.0,445.78499999999997,9,8,2,False,74.961847569,445.785,83.1843,43612,589.8,440.0,5.78,0.9493,14,2,0,0,4,0,0,
918,instance_n=20_97_c05,instance_n=20_97,Otto,20,1141.3500000000001,OK,10,2,7559.86,69.4663,95.8224,2026-05-12T12:51:12.434424,c05,5,mid,mid,high,low,fixed,fixed,1.4094,0.6231,1.0757,1.0525,0.0963,0.0379,0.0142,0.0279,0.05,5.0,task,5042,564268.68025,0.702964,440.0,3198.0053,189.0,0.0,400.0,2907.2775,177.953987,0.534605,2914.924264,211.0,2907.2775,4,309.0,682.3375,8,7,5,False,71.191191345,682.3375,89.5666,10343,1002.74,583.0,99.34,0.6519,6,1,0,0,0,9,4,
919,instance_n=20_97_c05,instance_n=20_97,Otto,20,1141.3500000000001,OK,10,2,7559.86,69.4663,95.8224,2026-05-12T12:51:12.434424,c05,5,mid,mid,high,low,fixed,fixed,1.4094,0.6231,1.0757,1.0525,0.0963,0.0379,0.0142,0.0279,0.05,5.0,task,5042,564268.68025,0.702964,440.0,3198.0053,189.0,0.0,400.0,2907.2775,177.953987,0.534605,2914.924264,211.0,2907.2775,5,270.0,907.3549999999999,6,6,6,False,217.46648962,907.355,76.0329,40210,1153.83,866.0,41.35,0.8792,0,0,0,0,11,6,3,
920,instance_n=20_97_c05,instance_n=20_97,Otto,20,1141.3500000000001,OK,10,2,7559.86,69.4663,95.8224,2026-05-12T12:51:12.434424,c05,5,mid,mid,high,low,fixed,fixed,1.4094,0.6231,1.0757,1.0525,0.0963,0.0379,0.0142,0.0279,0.05,5.0,task,5042,564268.68025,0.702964,440.0,3198.0053,189.0,0.0,400.0,2907.2775,177.953987,0.534605,2914.924264,211.0,2907.2775,6,252.0,1541.84,8,5,8,False,64.412660757,1541.84,95.8224,14775,472.82,1478.0,63.84,0.8602,0,5,0,0,9,4,2,
921,instance_n=20_97_c05,instance_n=20_97,Otto,20,1141.3500000000001,OK,10,2,7559.86,69.4663,95.8224,2026-05-12T12:51:12.434424,c05,5,mid,mid,high,low,fixed,fixed,1.4094,0.6231,1.0757,1.0525,0.0963,0.0379,0.0142,0.0279,0.05,5.0,task,5042,564268.68025,0.702964,440.0,3198.0053,189.0,0.0,400.0,2907.2775,177.953987,0.534605,2914.924264,211.0,2907.2775,7,225.0,1788.0575,9,4,9,False,249.12244474,1788.0575,86.0674,54252,300.29,1714.0,74.06,0.8558,0,7,0,0,7,4,2,
922,instance_n=20_97_c05,instance_n=20_97,Otto,20,1141.3500000000001,OK,10,2,7559.86,69.4663,95.8224,2026-05-12T12:51:12.434424,c05,5,mid,mid,high,low,fixed,fixed,1.4094,0.6231,1.0757,1.0525,0.0963,0.0379,0.0142,0.0279,0.05,5.0,task,5042,564268.68025,0.702964,440.0,3198.0053,189.0,0.0,400.0,2907.2775,177.953987,0.534605,2914.924264,211.0,2907.2775,8,207.0,2340.6924999999997,11,3,11,False,161.35839685,2340.6925,93.1064,21041,300.29,2231.0,109.69,0.8253,0,9,0,0,4,4,3,
923,instance_n=20_97_c05,instance_n=20_97,Otto,20,1141.3500000000001,OK,10,2,7559.86,69.4663,95.8224,2026-05-12T12:51:12.434424,c05,5,mid,mid,high,low,fixed,fixed,1.4094,0.6231,1.0757,1.0525,0.0963,0.0379,0.0142,0.0279,0.05,5.0,task,5042,564268.68025,0.702964,440.0,3198.0053,189.0,0.0,400.0,2907.2775,177.953987,0.534605,2914.924264,211.0,2907.2775,9,189.0,2907.2775,13,2,13,False,292.75899831,2907.2775,89.9301,20939,300.31,2753.0,154.28,0.792,0,14,0,0,3,2,1,
924,instance_n=20_97_c06,instance_n=20_97,Otto,20,1258.95,OK,10,1,6668.99,74.6471,95.3462,2026-05-12T14:42:21.427386,c06,6,mid,high,low,mid,fixed,fixed,1.4015,0.8585,0.9059,1.1681,0.1146,0.0461,0.0257,0.0498,0.05,5.0,task,6042,449568.7065,0.633555,396.0,3347.157,184.0,0.0,360.0,3042.87,169.937079,0.379376,3047.955682,176.0,3042.87,0,360.0,0.0,9,9,0,True,360.0,360.0,0.0,0,0.27,0.0,0.0,,20,0,0,0,0,0,0,
925,instance_n=20_97_c06,instance_n=20_97,Otto,20,1258.95,OK,10,1,6668.99,74.6471,95.3462,2026-05-12T14:42:21.427386,c06,6,mid,high,low,mid,fixed,fixed,1.4015,0.8585,0.9059,1.1681,0.1146,0.0461,0.0257,0.0498,0.05,5.0,task,6042,449568.7065,0.633555,396.0,3347.157,184.0,0.0,360.0,3042.87,169.937079,0.379376,3047.955682,176.0,3042.87,1,330.0,290.495,8,8,2,False,108.85239988,290.495,62.5286,70219,300.29,265.0,25.5,0.7975,14,0,0,0,0,4,2,
926,instance_n=20_97_c06,instance_n=20_97,Otto,20,1258.95,OK,10,1,6668.99,74.6471,95.3462,2026-05-12T14:42:21.427386,c06,6,mid,high,low,mid,fixed,fixed,1.4015,0.8585,0.9059,1.1681,0.1146,0.0461,0.0257,0.0498,0.05,5.0,task,6042,449568.7065,0.633555,396.0,3347.157,184.0,0.0,360.0,3042.87,169.937079,0.379376,3047.955682,176.0,3042.87,2,303.0,680.8425,9,7,3,False,105.5975,680.8425,84.4902,77979,300.35,648.0,32.84,0.8261,13,3,0,0,0,2,2,
927,instance_n=20_97_c06,instance_n=20_97,Otto,20,1258.95,OK,10,1,6668.99,74.6471,95.3462,2026-05-12T14:42:21.427386,c06,6,mid,high,low,mid,fixed,fixed,1.4015,0.8585,0.9059,1.1681,0.1146,0.0461,0.0257,0.0498,0.05,5.0,task,6042,449568.7065,0.633555,396.0,3347.157,184.0,0.0,360.0,3042.87,169.937079,0.379376,3047.955682,176.0,3042.87,3,273.0,1033.2375000000002,8,6,5,False,114.76119217,1033.2375,88.893,57804,300.32,991.0,42.24,0.8658,7,3,0,0,0,6,4,
928,instance_n=20_97_c06,instance_n=20_97,Otto,20,1258.95,OK,10,1,6668.99,74.6471,95.3462,2026-05-12T14:42:21.427386,c06,6,mid,high,low,mid,fixed,fixed,1.4015,0.8585,0.9059,1.1681,0.1146,0.0461,0.0257,0.0498,0.05,5.0,task,6042,449568.7065,0.633555,396.0,3347.157,184.0,0.0,360.0,3042.87,169.937079,0.379376,3047.955682,176.0,3042.87,4,251.0,1491.9325,9,5,7,False,245.90255679,1491.9325,83.5178,103907,301.6,1412.0,79.93,0.8186,5,5,0,0,0,6,4,
929,instance_n=20_97_c06,instance_n=20_97,Otto,20,1258.95,OK,10,1,6668.99,74.6471,95.3462,2026-05-12T14:42:21.427386,c06,6,mid,high,low,mid,fixed,fixed,1.4015,0.8585,0.9059,1.1681,0.1146,0.0461,0.0257,0.0498,0.05,5.0,task,6042,449568.7065,0.633555,396.0,3347.157,184.0,0.0,360.0,3042.87,169.937079,0.379376,3047.955682,176.0,3042.87,5,233.0,1995.5775,11,4,9,False,199.23347518,1995.5775,90.0162,39738,300.29,1852.0,143.58,0.7466,5,8,0,0,0,4,3,
930,instance_n=20_97_c06,instance_n=20_97,Otto,20,1258.95,OK,10,1,6668.99,74.6471,95.3462,2026-05-12T14:42:21.427386,c06,6,mid,high,low,mid,fixed,fixed,1.4015,0.8585,0.9059,1.1681,0.1146,0.0461,0.0257,0.0498,0.05,5.0,task,6042,449568.7065,0.633555,396.0,3347.157,184.0,0.0,360.0,3042.87,169.937079,0.379376,3047.955682,176.0,3042.87,6,215.0,2438.9225000000006,13,3,11,False,113.50141016,2438.9225,95.3462,20954,300.29,2234.0,204.92,0.704,4,12,0,0,0,3,1,
931,instance_n=20_97_c06,instance_n=20_97,Otto,20,1258.95,OK,10,1,6668.99,74.6471,95.3462,2026-05-12T14:42:21.427386,c06,6,mid,high,low,mid,fixed,fixed,1.4015,0.8585,0.9059,1.1681,0.1146,0.0461,0.0257,0.0498,0.05,5.0,task,6042,449568.7065,0.633555,396.0,3347.157,184.0,0.0,360.0,3042.87,169.937079,0.379376,3047.955682,176.0,3042.87,7,207.0,2533.5725000000007,11,3,11,False,305.5874179,2533.5725,87.9385,37741,958.54,2384.0,149.57,0.784,0,11,0,0,0,6,3,
932,instance_n=20_97_c06,instance_n=20_97,Otto,20,1258.95,OK,10,1,6668.99,74.6471,95.3462,2026-05-12T14:42:21.427386,c06,6,mid,high,low,mid,fixed,fixed,1.4015,0.8585,0.9059,1.1681,0.1146,0.0461,0.0257,0.0498,0.05,5.0,task,6042,449568.7065,0.633555,396.0,3347.157,184.0,0.0,360.0,3042.87,169.937079,0.379376,3047.955682,176.0,3042.87,8,188.0,2992.120000000001,14,2,12,False,784.68299751,2992.12,73.775,44023,600.32,2796.0,196.12,0.7404,4,16,0,0,0,0,0,
933,instance_n=20_97_c06,instance_n=20_97,Otto,20,1258.95,OK,10,1,6668.99,74.6471,95.3462,2026-05-12T14:42:21.427386,c06,6,mid,high,low,mid,fixed,fixed,1.4015,0.8585,0.9059,1.1681,0.1146,0.0461,0.0257,0.0498,0.05,5.0,task,6042,449568.7065,0.633555,396.0,3347.157,184.0,0.0,360.0,3042.87,169.937079,0.379376,3047.955682,176.0,3042.87,9,184.0,3042.8700000000003,13,2,12,False,609.6206868,3042.87,79.9656,32954,300.39,2880.0,162.87,0.7844,2,15,0,0,0,2,1,
934,instance_n=20_97_c07,instance_n=20_97,Otto,20,2116.8,OK,4,4,96.82,0.0,0.0,2026-05-12T14:43:58.254091,c07,7,high,low,high,mid,fixed,fixed,2.1571,0.3772,1.0761,1.1891,0.1865,0.0405,0.0125,0.0392,0.05,5.0,task,7042,35953.64,0.409632,220.0,675.158,90.0,0.0,200.0,613.78,92.514607,0.35572,623.55905,110.0,613.78,0,200.0,0.0,5,5,0,True,200.0,200.0,0.0,0,0.06,0.0,0.0,,20,0,0,0,0,0,0,
935,instance_n=20_97_c07,instance_n=20_97,Otto,20,2116.8,OK,4,4,96.82,0.0,0.0,2026-05-12T14:43:58.254091,c07,7,high,low,high,mid,fixed,fixed,2.1571,0.3772,1.0761,1.1891,0.1865,0.0405,0.0125,0.0392,0.05,5.0,task,7042,35953.64,0.409632,220.0,675.158,90.0,0.0,200.0,613.78,92.514607,0.35572,623.55905,110.0,613.78,1,165.0,254.14000000000001,4,4,1,True,254.14,254.14,0.0,6500,24.81,224.0,30.14,0.7152,13,0,0,0,7,0,0,
936,instance_n=20_97_c07,instance_n=20_97,Otto,20,2116.8,OK,4,4,96.82,0.0,0.0,2026-05-12T14:43:58.254091,c07,7,high,low,high,mid,fixed,fixed,2.1571,0.3772,1.0761,1.1891,0.1865,0.0405,0.0125,0.0392,0.05,5.0,task,7042,35953.64,0.409632,220.0,675.158,90.0,0.0,200.0,613.78,92.514607,0.35572,623.55905,110.0,613.78,2,130.0,524.8800000000001,3,3,2,True,524.8800000000001,524.8800000000001,0.0,57759,59.67,468.0,56.88,0.7313,4,0,0,0,16,0,0,
937,instance_n=20_97_c07,instance_n=20_97,Otto,20,2116.8,OK,4,4,96.82,0.0,0.0,2026-05-12T14:43:58.254091,c07,7,high,low,high,mid,fixed,fixed,2.1571,0.3772,1.0761,1.1891,0.1865,0.0405,0.0125,0.0392,0.05,5.0,task,7042,35953.64,0.409632,220.0,675.158,90.0,0.0,200.0,613.78,92.514607,0.35572,623.55905,110.0,613.78,3,90.0,613.78,2,2,2,True,613.78,613.78,0.0,1247,6.79,600.0,13.78,0.9349,0,0,0,0,20,0,0,
938,instance_n=20_97_c08,instance_n=20_97,Otto,20,2249.1,OK,6,4,3498.32,13.1538,47.2629,2026-05-12T15:42:16.580115,c08,8,high,mid,low,high,fixed,fixed,2.1185,0.6368,0.9064,1.3656,0.2282,0.034,0.0301,0.0598,0.05,5.0,task,8042,341547.493,0.701459,220.0,4347.409,108.0,0.0,200.0,3952.19,672.850672,0.692302,3953.260654,92.0,3952.19,0,200.0,0.0,5,5,0,True,200.0,200.0,0.0,0,0.03,0.0,0.0,,20,0,0,0,0,0,0,
939,instance_n=20_97_c08,instance_n=20_97,Otto,20,2249.1,OK,6,4,3498.32,13.1538,47.2629,2026-05-12T15:42:16.580115,c08,8,high,mid,low,high,fixed,fixed,2.1185,0.6368,0.9064,1.3656,0.2282,0.034,0.0301,0.0598,0.05,5.0,task,8042,341547.493,0.701459,220.0,4347.409,108.0,0.0,200.0,3952.19,672.850672,0.692302,3953.260654,92.0,3952.19,1,174.0,582.9100000000001,5,4,2,False,398.36,582.91,31.6601,92052,301.12,499.0,83.91,0.6269,12,1,0,0,7,0,0,
940,instance_n=20_97_c08,instance_n=20_97,Otto,20,2249.1,OK,6,4,3498.32,13.1538,47.2629,2026-05-12T15:42:16.580115,c08,8,high,mid,low,high,fixed,fixed,2.1185,0.6368,0.9064,1.3656,0.2282,0.034,0.0301,0.0598,0.05,5.0,task,8042,341547.493,0.701459,220.0,4347.409,108.0,0.0,200.0,3952.19,672.850672,0.692302,3953.260654,92.0,3952.19,2,170.0,595.21,4,4,2,True,595.21,595.21,0.0,279072,228.58,559.0,36.21,0.839,9,0,0,0,11,0,0,
941,instance_n=20_97_c08,instance_n=20_97,Otto,20,2249.1,OK,6,4,3498.32,13.1538,47.2629,2026-05-12T15:42:16.580115,c08,8,high,mid,low,high,fixed,fixed,2.1185,0.6368,0.9064,1.3656,0.2282,0.034,0.0301,0.0598,0.05,5.0,task,8042,341547.493,0.701459,220.0,4347.409,108.0,0.0,200.0,3952.19,672.850672,0.692302,3953.260654,92.0,3952.19,3,135.0,1001.265,3,3,3,True,1001.265,1001.265,0.0,77249,270.41,996.0,5.26,0.9844,0,0,0,0,20,0,0,
942,instance_n=20_97_c08,instance_n=20_97,Otto,20,2249.1,OK,6,4,3498.32,13.1538,47.2629,2026-05-12T15:42:16.580115,c08,8,high,mid,low,high,fixed,fixed,2.1185,0.6368,0.9064,1.3656,0.2282,0.034,0.0301,0.0598,0.05,5.0,task,8042,341547.493,0.701459,220.0,4347.409,108.0,0.0,200.0,3952.19,672.850672,0.692302,3953.260654,92.0,3952.19,4,126.0,2404.6800000000003,6,2,6,False,1268.1588216,2404.68,47.2629,19800,1035.79,2283.0,121.68,0.8197,0,6,0,0,14,0,0,
943,instance_n=20_97_c08,instance_n=20_97,Otto,20,2249.1,OK,6,4,3498.32,13.1538,47.2629,2026-05-12T15:42:16.580115,c08,8,high,mid,low,high,fixed,fixed,2.1185,0.6368,0.9064,1.3656,0.2282,0.034,0.0301,0.0598,0.05,5.0,task,8042,341547.493,0.701459,220.0,4347.409,108.0,0.0,200.0,3952.19,672.850672,0.692302,3953.260654,92.0,3952.19,5,108.0,3952.19,8,1,8,True,3952.19,3952.19,0.0,20344,663.12,3881.0,71.19,0.9209,0,13,0,0,7,0,0,
944,instance_n=20_97_c09,instance_n=20_97,Otto,20,1977.15,OK,3,1,3292.58,32.8075,61.3159,2026-05-12T16:37:09.158327,c09,9,high,high,mid,low,fixed,fixed,2.1304,0.8895,1.0029,1.0461,0.1856,0.0438,0.026,0.0269,0.05,5.0,task,9042,60534.8395,0.634222,264.0,1136.278,180.0,0.0,240.0,1032.98,290.791123,0.494067,1034.721064,60.0,1032.98,0,240.0,0.0,6,6,0,True,240.0,240.0,0.0,0,0.03,0.0,0.0,,20,0,0,0,0,0,0,
945,instance_n=20_97_c09,instance_n=20_97,Otto,20,1977.15,OK,3,1,3292.58,32.8075,61.3159,2026-05-12T16:37:09.158327,c09,9,high,high,mid,low,fixed,fixed,2.1304,0.8895,1.0029,1.0461,0.1856,0.0438,0.026,0.0269,0.05,5.0,task,9042,60534.8395,0.634222,264.0,1136.278,180.0,0.0,240.0,1032.98,290.791123,0.494067,1034.721064,60.0,1032.98,1,205.0,259.6575,5,5,1,False,163.3075,259.6575,37.1066,174581,300.31,256.0,3.66,0.963,15,0,0,0,0,3,2,
946,instance_n=20_97_c09,instance_n=20_97,Otto,20,1977.15,OK,3,1,3292.58,32.8075,61.3159,2026-05-12T16:37:09.158327,c09,9,high,high,mid,low,fixed,fixed,2.1304,0.8895,1.0029,1.0461,0.1856,0.0438,0.026,0.0269,0.05,5.0,task,9042,60534.8395,0.634222,264.0,1136.278,180.0,0.0,240.0,1032.98,290.791123,0.494067,1034.721064,60.0,1032.98,2,180.0,1032.98,4,4,4,False,399.59935335,1032.98,61.3159,204265,1268.1,1001.0,31.98,0.9191,0,0,0,0,0,12,8,
947,instance_n=20_99_c01,instance_n=20_99,Otto,20,1000.0,OK,13,2,18262.09,57.3179,100.0,2026-05-13T11:05:24.006801,c01,1,low,low,low,low,fixed,fixed,0.9872,0.3753,0.8974,1.041,0.0714,0.0374,0.0307,0.0229,0.05,5.0,task,1042,1011044.7,0.81744,528.0,2944.865,108.0,0.0,480.0,2677.15,209.189132,0.836709,2702.871829,372.0,2677.15,0,480.0,0.0,12,12,0,True,480.0,480.0,0.0,359,0.14,0.0,0.0,,20,0,0,0,0,0,0,19917
948,instance_n=20_99_c01,instance_n=20_99,Otto,20,1000.0,OK,13,2,18262.09,57.3179,100.0,2026-05-13T11:05:24.006801,c01,1,low,low,low,low,fixed,fixed,0.9872,0.3753,0.8974,1.041,0.0714,0.0374,0.0307,0.0229,0.05,5.0,task,1042,1011044.7,0.81744,528.0,2944.865,108.0,0.0,480.0,2677.15,209.189132,0.836709,2702.871829,372.0,2677.15,1,445.0,86.0,11,11,1,False,41.135618521,86.0,52.1679,60668,1016.38,58.0,28.0,0.44,18,0,0,0,0,1,1,2993121
949,instance_n=20_99_c01,instance_n=20_99,Otto,20,1000.0,OK,13,2,18262.09,57.3179,100.0,2026-05-13T11:05:24.006801,c01,1,low,low,low,low,fixed,fixed,0.9872,0.3753,0.8974,1.041,0.0714,0.0374,0.0307,0.0229,0.05,5.0,task,1042,1011044.7,0.81744,528.0,2944.865,108.0,0.0,480.0,2677.15,209.189132,0.836709,2702.871829,372.0,2677.15,2,405.0,127.15,10,10,1,False,0.0,127.15,100.0,11594,958.79,116.0,11.15,0.777,16,0,0,0,4,0,0,1272603
950,instance_n=20_99_c01,instance_n=20_99,Otto,20,1000.0,OK,13,2,18262.09,57.3179,100.0,2026-05-13T11:05:24.006801,c01,1,low,low,low,low,fixed,fixed,0.9872,0.3753,0.8974,1.041,0.0714,0.0374,0.0307,0.0229,0.05,5.0,task,1042,1011044.7,0.81744,528.0,2944.865,108.0,0.0,480.0,2677.15,209.189132,0.836709,2702.871829,372.0,2677.15,3,365.0,150.0,9,9,1,True,150.0,150.0,0.0,34609,121.58,149.0,1.0,0.98,15,0,0,0,5,0,0,3691114
951,instance_n=20_99_c01,instance_n=20_99,Otto,20,1000.0,OK,13,2,18262.09,57.3179,100.0,2026-05-13T11:05:24.006801,c01,1,low,low,low,low,fixed,fixed,0.9872,0.3753,0.8974,1.041,0.0714,0.0374,0.0307,0.0229,0.05,5.0,task,1042,1011044.7,0.81744,528.0,2944.865,108.0,0.0,480.0,2677.15,209.189132,0.836709,2702.871829,372.0,2677.15,4,330.0,252.95,8,8,2,False,54.31,252.95,78.5294,6829,1009.94,229.0,23.95,0.7605,12,0,0,0,8,0,0,1138015
952,instance_n=20_99_c01,instance_n=20_99,Otto,20,1000.0,OK,13,2,18262.09,57.3179,100.0,2026-05-13T11:05:24.006801,c01,1,low,low,low,low,fixed,fixed,0.9872,0.3753,0.8974,1.041,0.0714,0.0374,0.0307,0.0229,0.05,5.0,task,1042,1011044.7,0.81744,528.0,2944.865,108.0,0.0,480.0,2677.15,209.189132,0.836709,2702.871829,372.0,2677.15,5,295.0,381.85,7,7,3,False,72.449881015,381.85,81.0266,12030,1191.92,350.0,31.85,0.7877,8,0,0,0,10,1,1,3523289
953,instance_n=20_99_c01,instance_n=20_99,Otto,20,1000.0,OK,13,2,18262.09,57.3179,100.0,2026-05-13T11:05:24.006801,c01,1,low,low,low,low,fixed,fixed,0.9872,0.3753,0.8974,1.041,0.0714,0.0374,0.0307,0.0229,0.05,5.0,task,1042,1011044.7,0.81744,528.0,2944.865,108.0,0.0,480.0,2677.15,209.189132,0.836709,2702.871829,372.0,2677.15,6,260.0,518.7,6,6,4,False,71.55,518.7,86.2059,15534,957.62,484.0,34.7,0.8265,4,0,0,0,10,4,2,2489189
954,instance_n=20_99_c01,instance_n=20_99,Otto,20,1000.0,OK,13,2,18262.09,57.3179,100.0,2026-05-13T11:05:24.006801,c01,1,low,low,low,low,fixed,fixed,0.9872,0.3753,0.8974,1.041,0.0714,0.0374,0.0307,0.0229,0.05,5.0,task,1042,1011044.7,0.81744,528.0,2944.865,108.0,0.0,480.0,2677.15,209.189132,0.836709,2702.871829,372.0,2677.15,7,220.0,557.5,5,5,4,False,74.900744791,557.5,86.5649,3452,1037.07,532.0,25.5,0.8725,2,0,0,0,18,0,0,914407
955,instance_n=20_99_c01,instance_n=20_99,Otto,20,1000.0,OK,13,2,18262.09,57.3179,100.0,2026-05-13T11:05:24.006801,c01,1,low,low,low,low,fixed,fixed,0.9872,0.3753,0.8974,1.041,0.0714,0.0374,0.0307,0.0229,0.05,5.0,task,1042,1011044.7,0.81744,528.0,2944.865,108.0,0.0,480.0,2677.15,209.189132,0.836709,2702.871829,372.0,2677.15,8,180.0,593.1,4,4,4,False,114.37743223,593.1,80.7153,7757,670.28,585.0,8.1,0.9595,0,0,0,0,20,0,0,2994651
956,instance_n=20_99_c01,instance_n=20_99,Otto,20,1000.0,OK,13,2,18262.09,57.3179,100.0,2026-05-13T11:05:24.006801,c01,1,low,low,low,low,fixed,fixed,0.9872,0.3753,0.8974,1.041,0.0714,0.0374,0.0307,0.0229,0.05,5.0,task,1042,1011044.7,0.81744,528.0,2944.865,108.0,0.0,480.0,2677.15,209.189132,0.836709,2702.871829,372.0,2677.15,9,171.0,1120.2499999999998,7,3,7,False,81.606260313,1120.25,92.7154,3515,1036.49,1041.0,79.25,0.7736,0,5,0,0,15,0,0,944654
957,instance_n=20_99_c01,instance_n=20_99,Otto,20,1000.0,OK,13,2,18262.09,57.3179,100.0,2026-05-13T11:05:24.006801,c01,1,low,low,low,low,fixed,fixed,0.9872,0.3753,0.8974,1.041,0.0714,0.0374,0.0307,0.0229,0.05,5.0,task,1042,1011044.7,0.81744,528.0,2944.865,108.0,0.0,480.0,2677.15,209.189132,0.836709,2702.871829,372.0,2677.15,10,135.0,1513.3999999999996,7,2,7,False,649.12792932,1513.4,57.108,4983,494.19,1497.0,16.4,0.9531,0,9,0,0,11,0,0,969529
958,instance_n=20_99_c01,instance_n=20_99,Otto,20,1000.0,OK,13,2,18262.09,57.3179,100.0,2026-05-13T11:05:24.006801,c01,1,low,low,low,low,fixed,fixed,0.9872,0.3753,0.8974,1.041,0.0714,0.0374,0.0307,0.0229,0.05,5.0,task,1042,1011044.7,0.81744,528.0,2944.865,108.0,0.0,480.0,2677.15,209.189132,0.836709,2702.871829,372.0,2677.15,11,117.0,2035.9499999999998,9,1,9,False,1483.3441248,2035.95,27.1424,5426,1006.07,2002.0,33.95,0.9246,0,15,0,0,5,0,0,704533
959,instance_n=20_99_c01,instance_n=20_99,Otto,20,1000.0,OK,13,2,18262.09,57.3179,100.0,2026-05-13T11:05:24.006801,c01,1,low,low,low,low,fixed,fixed,0.9872,0.3753,0.8974,1.041,0.0714,0.0374,0.0307,0.0229,0.05,5.0,task,1042,1011044.7,0.81744,528.0,2944.865,108.0,0.0,480.0,2677.15,209.189132,0.836709,2702.871829,372.0,2677.15,12,108.0,2677.149999999999,12,0,12,False,2597.9954545,2677.15,2.9567,8829,693.37,2585.0,92.15,0.8464,0,20,0,0,0,0,0,1591863
960,instance_n=20_99_c02,instance_n=20_99,Otto,20,1000.0,OK,18,1,22298.9,80.8227,100.0,2026-05-13T17:17:02.911899,c02,2,low,mid,mid,mid,fixed,fixed,0.9747,0.6363,1.0065,1.1801,0.0751,0.0437,0.0322,0.0481,0.05,5.0,task,2042,825639.95,0.651786,528.0,3016.035,108.0,0.0,480.0,2741.85,102.045216,0.565518,2766.970441,372.0,2741.85,0,480.0,0.0,12,12,0,True,480.0,480.0,0.0,359,0.15,0.0,0.0,,20,0,0,0,0,0,0,19917
961,instance_n=20_99_c02,instance_n=20_99,Otto,20,1000.0,OK,18,1,22298.9,80.8227,100.0,2026-05-13T17:17:02.911899,c02,2,low,mid,mid,mid,fixed,fixed,0.9747,0.6363,1.0065,1.1801,0.0751,0.0437,0.0322,0.0481,0.05,5.0,task,2042,825639.95,0.651786,528.0,3016.035,108.0,0.0,480.0,2741.85,102.045216,0.565518,2766.970441,372.0,2741.85,1,445.0,86.9,11,11,1,False,0.0,86.9,100.0,14160,1106.84,60.0,26.9,0.462,18,0,0,0,0,1,1,892149
962,instance_n=20_99_c02,instance_n=20_99,Otto,20,1000.0,OK,18,1,22298.9,80.8227,100.0,2026-05-13T17:17:02.911899,c02,2,low,mid,mid,mid,fixed,fixed,0.9747,0.6363,1.0065,1.1801,0.0751,0.0437,0.0322,0.0481,0.05,5.0,task,2042,825639.95,0.651786,528.0,3016.035,108.0,0.0,480.0,2741.85,102.045216,0.565518,2766.970441,372.0,2741.85,2,410.0,185.35,10,10,2,False,0.0,185.35,100.0,20052,1082.9,141.0,44.35,0.5565,16,0,0,0,0,2,2,1037799
963,instance_n=20_99_c02,instance_n=20_99,Otto,20,1000.0,OK,18,1,22298.9,80.8227,100.0,2026-05-13T17:17:02.911899,c02,2,low,mid,mid,mid,fixed,fixed,0.9747,0.6363,1.0065,1.1801,0.0751,0.0437,0.0322,0.0481,0.05,5.0,task,2042,825639.95,0.651786,528.0,3016.035,108.0,0.0,480.0,2741.85,102.045216,0.565518,2766.970441,372.0,2741.85,3,409.0,228.05,11,10,1,False,10.490273331,228.05,95.4,8029,972.62,224.0,4.05,0.919,18,2,0,0,0,0,0,1233403
964,instance_n=20_99_c02,instance_n=20_99,Otto,20,1000.0,OK,18,1,22298.9,80.8227,100.0,2026-05-13T17:17:02.911899,c02,2,low,mid,mid,mid,fixed,fixed,0.9747,0.6363,1.0065,1.1801,0.0751,0.0437,0.0322,0.0481,0.05,5.0,task,2042,825639.95,0.651786,528.0,3016.035,108.0,0.0,480.0,2741.85,102.045216,0.565518,2766.970441,372.0,2741.85,4,374.0,368.15000000000003,10,9,2,False,30.052897301,368.15,91.8368,37026,484.79,364.0,4.15,0.9585,15,2,0,0,0,1,2,2619234
965,instance_n=20_99_c02,instance_n=20_99,Otto,20,1000.0,OK,18,1,22298.9,80.8227,100.0,2026-05-13T17:17:02.911899,c02,2,low,mid,mid,mid,fixed,fixed,0.9747,0.6363,1.0065,1.1801,0.0751,0.0437,0.0322,0.0481,0.05,5.0,task,2042,825639.95,0.651786,528.0,3016.035,108.0,0.0,480.0,2741.85,102.045216,0.565518,2766.970441,372.0,2741.85,5,352.0,644.0500000000001,11,8,4,False,11.876523948,644.05,98.156,6132,1002.93,587.0,57.05,0.7147,13,4,0,0,3,0,0,944571
966,instance_n=20_99_c02,instance_n=20_99,Otto,20,1000.0,OK,18,1,22298.9,80.8227,100.0,2026-05-13T17:17:02.911899,c02,2,low,mid,mid,mid,fixed,fixed,0.9747,0.6363,1.0065,1.1801,0.0751,0.0437,0.0322,0.0481,0.05,5.0,task,2042,825639.95,0.651786,528.0,3016.035,108.0,0.0,480.0,2741.85,102.045216,0.565518,2766.970441,372.0,2741.85,6,347.0,666.3,11,8,3,False,2.1239100991,666.3,99.6812,5712,1053.6,646.0,20.3,0.8647,15,5,0,0,0,0,0,903604
967,instance_n=20_99_c02,instance_n=20_99,Otto,20,1000.0,OK,18,1,22298.9,80.8227,100.0,2026-05-13T17:17:02.911899,c02,2,low,mid,mid,mid,fixed,fixed,0.9747,0.6363,1.0065,1.1801,0.0751,0.0437,0.0322,0.0481,0.05,5.0,task,2042,825639.95,0.651786,528.0,3016.035,108.0,0.0,480.0,2741.85,102.045216,0.565518,2766.970441,372.0,2741.85,7,312.0,830.35,10,7,4,False,50.551722879,830.35,93.912,4821,642.85,812.0,18.35,0.9083,12,5,0,0,3,0,0,787477
968,instance_n=20_99_c02,instance_n=20_99,Otto,20,1000.0,OK,18,1,22298.9,80.8227,100.0,2026-05-13T17:17:02.911899,c02,2,low,mid,mid,mid,fixed,fixed,0.9747,0.6363,1.0065,1.1801,0.0751,0.0437,0.0322,0.0481,0.05,5.0,task,2042,825639.95,0.651786,528.0,3016.035,108.0,0.0,480.0,2741.85,102.045216,0.565518,2766.970441,372.0,2741.85,8,286.0,1051.8999999999999,10,6,6,False,38.764097744,1051.9,96.3148,4936,988.81,993.0,58.9,0.8037,8,6,0,0,3,2,1,631909
969,instance_n=20_99_c02,instance_n=20_99,Otto,20,1000.0,OK,18,1,22298.9,80.8227,100.0,2026-05-13T17:17:02.911899,c02,2,low,mid,mid,mid,fixed,fixed,0.9747,0.6363,1.0065,1.1801,0.0751,0.0437,0.0322,0.0481,0.05,5.0,task,2042,825639.95,0.651786,528.0,3016.035,108.0,0.0,480.0,2741.85,102.045216,0.565518,2766.970441,372.0,2741.85,9,285.0,1172.35,11,6,5,False,22.946505404,1172.35,98.0427,4263,1052.91,1144.0,28.35,0.8866,11,9,0,0,0,0,0,662293
970,instance_n=20_99_c02,instance_n=20_99,Otto,20,1000.0,OK,18,1,22298.9,80.8227,100.0,2026-05-13T17:17:02.911899,c02,2,low,mid,mid,mid,fixed,fixed,0.9747,0.6363,1.0065,1.1801,0.0751,0.0437,0.0322,0.0481,0.05,5.0,task,2042,825639.95,0.651786,528.0,3016.035,108.0,0.0,480.0,2741.85,102.045216,0.565518,2766.970441,372.0,2741.85,10,250.0,1250.4499999999998,10,5,6,False,73.390398551,1250.45,94.1309,5186,439.98,1219.0,31.45,0.8952,8,9,0,0,0,2,1,811070
971,instance_n=20_99_c02,instance_n=20_99,Otto,20,1000.0,OK,18,1,22298.9,80.8227,100.0,2026-05-13T17:17:02.911899,c02,2,low,mid,mid,mid,fixed,fixed,0.9747,0.6363,1.0065,1.1801,0.0751,0.0437,0.0322,0.0481,0.05,5.0,task,2042,825639.95,0.651786,528.0,3016.035,108.0,0.0,480.0,2741.85,102.045216,0.565518,2766.970441,372.0,2741.85,11,216.0,1539.7999999999997,8,4,8,False,90.427714012,1539.8,94.1273,3346,911.9,1518.0,21.8,0.9455,0,8,0,0,3,4,5,647108
972,instance_n=20_99_c02,instance_n=20_99,Otto,20,1000.0,OK,18,1,22298.9,80.8227,100.0,2026-05-13T17:17:02.911899,c02,2,low,mid,mid,mid,fixed,fixed,0.9747,0.6363,1.0065,1.1801,0.0751,0.0437,0.0322,0.0481,0.05,5.0,task,2042,825639.95,0.651786,528.0,3016.035,108.0,0.0,480.0,2741.85,102.045216,0.565518,2766.970441,372.0,2741.85,12,207.0,1863.85,11,3,11,False,49.757062648,1863.85,97.3304,2727,955.75,1712.0,151.85,0.7239,0,10,0,0,3,4,3,713975
973,instance_n=20_99_c02,instance_n=20_99,Otto,20,1000.0,OK,18,1,22298.9,80.8227,100.0,2026-05-13T17:17:02.911899,c02,2,low,mid,mid,mid,fixed,fixed,0.9747,0.6363,1.0065,1.1801,0.0751,0.0437,0.0322,0.0481,0.05,5.0,task,2042,825639.95,0.651786,528.0,3016.035,108.0,0.0,480.0,2741.85,102.045216,0.565518,2766.970441,372.0,2741.85,13,193.0,1911.5,10,3,9,False,201.40369651,1911.5,89.4636,3944,657.56,1866.0,45.5,0.8989,2,13,0,0,0,2,3,866066
974,instance_n=20_99_c02,instance_n=20_99,Otto,20,1000.0,OK,18,1,22298.9,80.8227,100.0,2026-05-13T17:17:02.911899,c02,2,low,mid,mid,mid,fixed,fixed,0.9747,0.6363,1.0065,1.1801,0.0751,0.0437,0.0322,0.0481,0.05,5.0,task,2042,825639.95,0.651786,528.0,3016.035,108.0,0.0,480.0,2741.85,102.045216,0.565518,2766.970441,372.0,2741.85,14,162.0,2162.8499999999995,10,2,10,False,299.94310288,2162.85,86.132,3252,1055.78,2116.0,46.85,0.9063,0,14,0,0,3,1,2,828129
975,instance_n=20_99_c02,instance_n=20_99,Otto,20,1000.0,OK,18,1,22298.9,80.8227,100.0,2026-05-13T17:17:02.911899,c02,2,low,mid,mid,mid,fixed,fixed,0.9747,0.6363,1.0065,1.1801,0.0751,0.0437,0.0322,0.0481,0.05,5.0,task,2042,825639.95,0.651786,528.0,3016.035,108.0,0.0,480.0,2741.85,102.045216,0.565518,2766.970441,372.0,2741.85,15,135.0,2382.3499999999995,11,1,11,False,1272.9927394,2382.35,46.5657,48444,300.39,2298.0,84.35,0.8466,0,16,0,0,0,2,2,4007902
976,instance_n=20_99_c02,instance_n=20_99,Otto,20,1000.0,OK,18,1,22298.9,80.8227,100.0,2026-05-13T17:17:02.911899,c02,2,low,mid,mid,mid,fixed,fixed,0.9747,0.6363,1.0065,1.1801,0.0751,0.0437,0.0322,0.0481,0.05,5.0,task,2042,825639.95,0.651786,528.0,3016.035,108.0,0.0,480.0,2741.85,102.045216,0.565518,2766.970441,372.0,2741.85,16,130.0,2404.1999999999994,11,1,10,False,1865.132559,2404.2,22.4219,112570,300.31,2352.0,52.2,0.8956,2,18,0,0,0,0,0,6368058
977,instance_n=20_99_c02,instance_n=20_99,Otto,20,1000.0,OK,18,1,22298.9,80.8227,100.0,2026-05-13T17:17:02.911899,c02,2,low,mid,mid,mid,fixed,fixed,0.9747,0.6363,1.0065,1.1801,0.0751,0.0437,0.0322,0.0481,0.05,5.0,task,2042,825639.95,0.651786,528.0,3016.035,108.0,0.0,480.0,2741.85,102.045216,0.565518,2766.970441,372.0,2741.85,17,108.0,2741.8499999999995,12,0,12,False,1335.4627246,2741.85,51.2934,5414,465.08,2643.0,98.85,0.8352,0,20,0,0,0,0,0,770685
978,instance_n=20_99_c03,instance_n=20_99,Otto,20,1092.0,OK,13,3,5346.27,58.7413,92.4531,2026-05-13T18:46:09.191737,c03,3,low,high,high,high,fixed,fixed,0.976,0.8664,1.0726,1.3583,0.0685,0.0356,0.0126,0.0461,0.05,5.0,task,3042,687676.07,0.614334,484.0,2841.08,90.0,0.0,440.0,2582.8,109.78857,0.284066,2606.406691,350.0,2582.8,0,440.0,0.0,11,11,0,True,440.0,440.0,0.0,46,0.12,0.0,0.0,,20,0,0,0,0,0,0,2544
979,instance_n=20_99_c03,instance_n=20_99,Otto,20,1092.0,OK,13,3,5346.27,58.7413,92.4531,2026-05-13T18:46:09.191737,c03,3,low,high,high,high,fixed,fixed,0.976,0.8664,1.0726,1.3583,0.0685,0.0356,0.0126,0.0461,0.05,5.0,task,3042,687676.07,0.614334,484.0,2841.08,90.0,0.0,440.0,2582.8,109.78857,0.284066,2606.406691,350.0,2582.8,1,405.0,98.3,10,10,1,True,98.3,98.3,0.0,20072,25.85,72.0,26.3,0.5183,18,0,0,0,0,1,1,676156
980,instance_n=20_99_c03,instance_n=20_99,Otto,20,1092.0,OK,13,3,5346.27,58.7413,92.4531,2026-05-13T18:46:09.191737,c03,3,low,high,high,high,fixed,fixed,0.976,0.8664,1.0726,1.3583,0.0685,0.0356,0.0126,0.0461,0.05,5.0,task,3042,687676.07,0.614334,484.0,2841.08,90.0,0.0,440.0,2582.8,109.78857,0.284066,2606.406691,350.0,2582.8,2,369.0,267.45,10,9,1,False,107.88296453,267.45,59.6624,72205,300.32,264.0,3.45,0.9368,18,2,0,0,0,0,0,7398529
981,instance_n=20_99_c03,instance_n=20_99,Otto,20,1092.0,OK,13,3,5346.27,58.7413,92.4531,2026-05-13T18:46:09.191737,c03,3,low,high,high,high,fixed,fixed,0.976,0.8664,1.0726,1.3583,0.0685,0.0356,0.0126,0.0461,0.05,5.0,task,3042,687676.07,0.614334,484.0,2841.08,90.0,0.0,440.0,2582.8,109.78857,0.284066,2606.406691,350.0,2582.8,3,338.0,492.25,10,8,2,False,94.35,492.25,80.8329,73635,300.29,481.0,11.25,0.897,16,4,0,0,0,0,0,7508714
982,instance_n=20_99_c03,instance_n=20_99,Otto,20,1092.0,OK,13,3,5346.27,58.7413,92.4531,2026-05-13T18:46:09.191737,c03,3,low,high,high,high,fixed,fixed,0.976,0.8664,1.0726,1.3583,0.0685,0.0356,0.0126,0.0461,0.05,5.0,task,3042,687676.07,0.614334,484.0,2841.08,90.0,0.0,440.0,2582.8,109.78857,0.284066,2606.406691,350.0,2582.8,4,308.0,725.15,9,7,4,False,94.218881119,725.15,87.007,98697,300.33,697.0,28.15,0.8711,10,4,0,0,0,3,3,8115205
983,instance_n=20_99_c03,instance_n=20_99,Otto,20,1092.0,OK,13,3,5346.27,58.7413,92.4531,2026-05-13T18:46:09.191737,c03,3,low,high,high,high,fixed,fixed,0.976,0.8664,1.0726,1.3583,0.0685,0.0356,0.0126,0.0461,0.05,5.0,task,3042,687676.07,0.614334,484.0,2841.08,90.0,0.0,440.0,2582.8,109.78857,0.284066,2606.406691,350.0,2582.8,5,307.0,729.5,10,7,3,False,133.90975476,729.5,81.6436,57971,300.32,707.0,22.5,0.8626,14,6,0,0,0,0,0,7793649
984,instance_n=20_99_c03,instance_n=20_99,Otto,20,1092.0,OK,13,3,5346.27,58.7413,92.4531,2026-05-13T18:46:09.191737,c03,3,low,high,high,high,fixed,fixed,0.976,0.8664,1.0726,1.3583,0.0685,0.0356,0.0126,0.0461,0.05,5.0,task,3042,687676.07,0.614334,484.0,2841.08,90.0,0.0,440.0,2582.8,109.78857,0.284066,2606.406691,350.0,2582.8,6,276.0,968.5999999999999,10,6,4,False,107.59435972,968.6,88.8918,21458,1067.43,942.0,26.6,0.8782,12,8,0,0,0,0,0,2089388
985,instance_n=20_99_c03,instance_n=20_99,Otto,20,1092.0,OK,13,3,5346.27,58.7413,92.4531,2026-05-13T18:46:09.191737,c03,3,low,high,high,high,fixed,fixed,0.976,0.8664,1.0726,1.3583,0.0685,0.0356,0.0126,0.0461,0.05,5.0,task,3042,687676.07,0.614334,484.0,2841.08,90.0,0.0,440.0,2582.8,109.78857,0.284066,2606.406691,350.0,2582.8,7,245.0,1245.55,10,5,5,False,94.0,1245.55,92.4531,35815,301.18,1221.0,24.55,0.9101,10,10,0,0,0,0,0,3859869
986,instance_n=20_99_c03,instance_n=20_99,Otto,20,1092.0,OK,13,3,5346.27,58.7413,92.4531,2026-05-13T18:46:09.191737,c03,3,low,high,high,high,fixed,fixed,0.976,0.8664,1.0726,1.3583,0.0685,0.0356,0.0126,0.0461,0.05,5.0,task,3042,687676.07,0.614334,484.0,2841.08,90.0,0.0,440.0,2582.8,109.78857,0.284066,2606.406691,350.0,2582.8,8,214.0,1469.25,10,4,6,False,184.60601751,1469.25,87.4354,33164,300.63,1433.0,36.25,0.8893,8,12,0,0,0,0,0,4270310
987,instance_n=20_99_c03,instance_n=20_99,Otto,20,1092.0,OK,13,3,5346.27,58.7413,92.4531,2026-05-13T18:46:09.191737,c03,3,low,high,high,high,fixed,fixed,0.976,0.8664,1.0726,1.3583,0.0685,0.0356,0.0126,0.0461,0.05,5.0,task,3042,687676.07,0.614334,484.0,2841.08,90.0,0.0,440.0,2582.8,109.78857,0.284066,2606.406691,350.0,2582.8,9,183.0,1724.6,10,3,7,False,282.56162323,1724.6,83.6158,56499,300.3,1684.0,40.6,0.8938,6,14,0,0,0,0,0,7987928
988,instance_n=20_99_c03,instance_n=20_99,Otto,20,1092.0,OK,13,3,5346.27,58.7413,92.4531,2026-05-13T18:46:09.191737,c03,3,low,high,high,high,fixed,fixed,0.976,0.8664,1.0726,1.3583,0.0685,0.0356,0.0126,0.0461,0.05,5.0,task,3042,687676.07,0.614334,484.0,2841.08,90.0,0.0,440.0,2582.8,109.78857,0.284066,2606.406691,350.0,2582.8,10,152.0,2008.4499999999998,10,2,8,False,359.52145287,2008.45,82.0996,26277,1182.18,1961.0,47.45,0.8914,4,16,0,0,0,0,0,3699278
989,instance_n=20_99_c03,instance_n=20_99,Otto,20,1092.0,OK,13,3,5346.27,58.7413,92.4531,2026-05-13T18:46:09.191737,c03,3,low,high,high,high,fixed,fixed,0.976,0.8664,1.0726,1.3583,0.0685,0.0356,0.0126,0.0461,0.05,5.0,task,3042,687676.07,0.614334,484.0,2841.08,90.0,0.0,440.0,2582.8,109.78857,0.284066,2606.406691,350.0,2582.8,11,121.0,2287.7500000000005,10,1,9,False,1830.3066659,2287.75,19.9953,219489,300.4,2241.0,46.75,0.9049,2,18,0,0,0,0,0,6065578
990,instance_n=20_99_c03,instance_n=20_99,Otto,20,1092.0,OK,13,3,5346.27,58.7413,92.4531,2026-05-13T18:46:09.191737,c03,3,low,high,high,high,fixed,fixed,0.976,0.8664,1.0726,1.3583,0.0685,0.0356,0.0126,0.0461,0.05,5.0,task,3042,687676.07,0.614334,484.0,2841.08,90.0,0.0,440.0,2582.8,109.78857,0.284066,2606.406691,350.0,2582.8,12,90.0,2582.8,10,0,10,True,2582.8,2582.8,0.0,166356,207.24,2534.0,48.8,0.9106,0,20,0,0,0,0,0,5160741
991,instance_n=20_99_c04,instance_n=20_99,Otto,20,1562.4,OK,8,7,590.76,1.7655,14.1237,2026-05-13T18:55:59.954621,c04,4,mid,low,mid,high,fixed,fixed,1.4377,0.3723,1.0021,1.3683,0.1027,0.0414,0.0209,0.043,0.05,5.0,task,4042,787855.83,0.853258,308.0,4235.55,90.0,0.0,280.0,3850.5,562.154643,0.867966,3855.184853,190.0,3850.5,0,280.0,0.0,7,7,0,True,280.0,280.0,0.0,0,0.07,0.0,0.0,,20,0,0,0,0,0,0,901
992,instance_n=20_99_c04,instance_n=20_99,Otto,20,1562.4,OK,8,7,590.76,1.7655,14.1237,2026-05-13T18:55:59.954621,c04,4,mid,low,mid,high,fixed,fixed,1.4377,0.3723,1.0021,1.3683,0.1027,0.0414,0.0209,0.043,0.05,5.0,task,4042,787855.83,0.853258,308.0,4235.55,90.0,0.0,280.0,3850.5,562.154643,0.867966,3855.184853,190.0,3850.5,1,245.0,166.02,6,6,1,True,166.02,166.02,0.0,24303,42.36,132.0,34.02,0.5645,15,0,0,0,5,0,0,967312
993,instance_n=20_99_c04,instance_n=20_99,Otto,20,1562.4,OK,8,7,590.76,1.7655,14.1237,2026-05-13T18:55:59.954621,c04,4,mid,low,mid,high,fixed,fixed,1.4377,0.3723,1.0021,1.3683,0.1027,0.0414,0.0209,0.043,0.05,5.0,task,4042,787855.83,0.853258,308.0,4235.55,90.0,0.0,280.0,3850.5,562.154643,0.867966,3855.184853,190.0,3850.5,2,205.0,221.82,5,5,1,True,221.82,221.82,0.0,6577,32.55,213.0,8.82,0.8871,12,0,0,0,8,0,0,578936
994,instance_n=20_99_c04,instance_n=20_99,Otto,20,1562.4,OK,8,7,590.76,1.7655,14.1237,2026-05-13T18:55:59.954621,c04,4,mid,low,mid,high,fixed,fixed,1.4377,0.3723,1.0021,1.3683,0.1027,0.0414,0.0209,0.043,0.05,5.0,task,4042,787855.83,0.853258,308.0,4235.55,90.0,0.0,280.0,3850.5,562.154643,0.867966,3855.184853,190.0,3850.5,3,170.0,417.09,4,4,2,True,417.09,417.09,0.0,30487,93.14,389.0,28.09,0.8202,6,0,0,0,14,0,0,2082363
995,instance_n=20_99_c04,instance_n=20_99,Otto,20,1562.4,OK,8,7,590.76,1.7655,14.1237,2026-05-13T18:55:59.954621,c04,4,mid,low,mid,high,fixed,fixed,1.4377,0.3723,1.0021,1.3683,0.1027,0.0414,0.0209,0.043,0.05,5.0,task,4042,787855.83,0.853258,308.0,4235.55,90.0,0.0,280.0,3850.5,562.154643,0.867966,3855.184853,190.0,3850.5,4,135.0,622.71,3,3,3,False,534.76,622.71,14.1237,31551,300.32,579.0,43.71,0.8135,0,0,0,0,20,0,0,3800204
996,instance_n=20_99_c04,instance_n=20_99,Otto,20,1562.4,OK,8,7,590.76,1.7655,14.1237,2026-05-13T18:55:59.954621,c04,4,mid,low,mid,high,fixed,fixed,1.4377,0.3723,1.0021,1.3683,0.1027,0.0414,0.0209,0.043,0.05,5.0,task,4042,787855.83,0.853258,308.0,4235.55,90.0,0.0,280.0,3850.5,562.154643,0.867966,3855.184853,190.0,3850.5,5,108.0,1062.48,4,2,4,True,1062.48,1062.48,0.0,10752,74.07,1026.0,36.48,0.8833,0,3,0,0,17,0,0,1101271
997,instance_n=20_99_c04,instance_n=20_99,Otto,20,1562.4,OK,8,7,590.76,1.7655,14.1237,2026-05-13T18:55:59.954621,c04,4,mid,low,mid,high,fixed,fixed,1.4377,0.3723,1.0021,1.3683,0.1027,0.0414,0.0209,0.043,0.05,5.0,task,4042,787855.83,0.853258,308.0,4235.55,90.0,0.0,280.0,3850.5,562.154643,0.867966,3855.184853,190.0,3850.5,6,99.0,2341.7900000000004,7,1,7,True,2341.79,2341.79,0.0,9257,30.83,2287.0,54.79,0.8998,0,11,0,0,9,0,0,733794
998,instance_n=20_99_c04,instance_n=20_99,Otto,20,1562.4,OK,8,7,590.76,1.7655,14.1237,2026-05-13T18:55:59.954621,c04,4,mid,low,mid,high,fixed,fixed,1.4377,0.3723,1.0021,1.3683,0.1027,0.0414,0.0209,0.043,0.05,5.0,task,4042,787855.83,0.853258,308.0,4235.55,90.0,0.0,280.0,3850.5,562.154643,0.867966,3855.184853,190.0,3850.5,7,90.0,3850.5,10,0,10,True,3850.5,3850.5,0.0,3877,11.16,3803.0,47.5,0.9392,0,20,0,0,0,0,0,467501
999,instance_n=20_99_c05,instance_n=20_99,Otto,20,1135.05,OK,11,1,5714.21,71.9689,96.5988,2026-05-18T16:39:16.520982,c05,5,mid,mid,high,low,fixed,fixed,1.4094,0.6231,1.0757,1.0525,0.0963,0.0379,0.0142,0.0279,0.05,5.0,task,5042,866330.52025,0.727906,440.0,4424.4172,171.0,0.0,400.0,4022.1975,157.296793,0.373699,4028.711175,229.0,4022.1975,0,400.0,0.0,10,10,0,True,400.0,400.0,0.0,0,0.1,0.0,0.0,,20,0,0,0,0,0,0,278
1000,instance_n=20_99_c05,instance_n=20_99,Otto,20,1135.05,OK,11,1,5714.21,71.9689,96.5988,2026-05-18T16:39:16.520982,c05,5,mid,mid,high,low,fixed,fixed,1.4094,0.6231,1.0757,1.0525,0.0963,0.0379,0.0142,0.0279,0.05,5.0,task,5042,866330.52025,0.727906,440.0,4424.4172,171.0,0.0,400.0,4022.1975,157.296793,0.373699,4028.711175,229.0,4022.1975,1,365.0,138.7025,9,9,1,False,109.2025,138.7025,21.2685,192503,300.36,135.0,3.7,0.9348,16,0,0,0,0,2,2,5754510
1001,instance_n=20_99_c05,instance_n=20_99,Otto,20,1135.05,OK,11,1,5714.21,71.9689,96.5988,2026-05-18T16:39:16.520982,c05,5,mid,mid,high,low,fixed,fixed,1.4094,0.6231,1.0757,1.0525,0.0963,0.0379,0.0142,0.0279,0.05,5.0,task,5042,866330.52025,0.727906,440.0,4424.4172,171.0,0.0,400.0,4022.1975,157.296793,0.373699,4028.711175,229.0,4022.1975,2,335.0,363.20750000000004,8,8,3,False,90.1525,363.2075,75.1788,70170,300.33,315.0,48.21,0.7169,10,0,0,0,0,6,4,6016112
1002,instance_n=20_99_c05,instance_n=20_99,Otto,20,1135.05,OK,11,1,5714.21,71.9689,96.5988,2026-05-18T16:39:16.520982,c05,5,mid,mid,high,low,fixed,fixed,1.4094,0.6231,1.0757,1.0525,0.0963,0.0379,0.0142,0.0279,0.05,5.0,task,5042,866330.52025,0.727906,440.0,4424.4172,171.0,0.0,400.0,4022.1975,157.296793,0.373699,4028.711175,229.0,4022.1975,3,300.0,608.96,7,7,4,False,90.710960004,608.96,85.104,52746,301.54,596.0,12.96,0.9429,6,0,0,0,4,6,4,4237456
1003,instance_n=20_99_c05,instance_n=20_99,Otto,20,1135.05,OK,11,1,5714.21,71.9689,96.5988,2026-05-18T16:39:16.520982,c05,5,mid,mid,high,low,fixed,fixed,1.4094,0.6231,1.0757,1.0525,0.0963,0.0379,0.0142,0.0279,0.05,5.0,task,5042,866330.52025,0.727906,440.0,4424.4172,171.0,0.0,400.0,4022.1975,157.296793,0.373699,4028.711175,229.0,4022.1975,4,270.0,849.265,6,6,6,False,264.10187593,849.265,68.9023,126511,300.33,804.0,45.26,0.8671,0,0,0,0,4,10,6,7093671
1004,instance_n=20_99_c05,instance_n=20_99,Otto,20,1135.05,OK,11,1,5714.21,71.9689,96.5988,2026-05-18T16:39:16.520982,c05,5,mid,mid,high,low,fixed,fixed,1.4094,0.6231,1.0757,1.0525,0.0963,0.0379,0.0142,0.0279,0.05,5.0,task,5042,866330.52025,0.727906,440.0,4424.4172,171.0,0.0,400.0,4022.1975,157.296793,0.373699,4028.711175,229.0,4022.1975,5,252.0,1299.0200000000002,8,5,8,False,201.91563804,1299.02,84.4563,64039,301.04,1207.0,92.02,0.7973,0,3,0,0,4,8,5,4580900
1005,instance_n=20_99_c05,instance_n=20_99,Otto,20,1135.05,OK,11,1,5714.21,71.9689,96.5988,2026-05-18T16:39:16.520982,c05,5,mid,mid,high,low,fixed,fixed,1.4094,0.6231,1.0757,1.0525,0.0963,0.0379,0.0142,0.0279,0.05,5.0,task,5042,866330.52025,0.727906,440.0,4424.4172,171.0,0.0,400.0,4022.1975,157.296793,0.373699,4028.711175,229.0,4022.1975,6,234.0,1872.8749999999998,10,4,10,False,148.58801407,1872.875,92.0663,21446,300.33,1733.0,139.87,0.7535,0,6,0,0,4,6,4,2886159
1006,instance_n=20_99_c05,instance_n=20_99,Otto,20,1135.05,OK,11,1,5714.21,71.9689,96.5988,2026-05-18T16:39:16.520982,c05,5,mid,mid,high,low,fixed,fixed,1.4094,0.6231,1.0757,1.0525,0.0963,0.0379,0.0142,0.0279,0.05,5.0,task,5042,866330.52025,0.727906,440.0,4424.4172,171.0,0.0,400.0,4022.1975,157.296793,0.373699,4028.711175,229.0,4022.1975,7,216.0,2395.3799999999997,12,3,12,False,180.75465222,2395.38,92.454,17291,300.34,2219.0,176.38,0.741,0,9,0,0,7,2,2,3211716
1007,instance_n=20_99_c05,instance_n=20_99,Otto,20,1135.05,OK,11,1,5714.21,71.9689,96.5988,2026-05-18T16:39:16.520982,c05,5,mid,mid,high,low,fixed,fixed,1.4094,0.6231,1.0757,1.0525,0.0963,0.0379,0.0142,0.0279,0.05,5.0,task,5042,866330.52025,0.727906,440.0,4424.4172,171.0,0.0,400.0,4022.1975,157.296793,0.373699,4028.711175,229.0,4022.1975,8,207.0,2884.587499999999,15,2,15,False,431.90071028,2884.5875,85.0273,43836,301.14,2611.0,273.59,0.6786,0,13,0,0,0,4,3,4154984
1008,instance_n=20_99_c05,instance_n=20_99,Otto,20,1135.05,OK,11,1,5714.21,71.9689,96.5988,2026-05-18T16:39:16.520982,c05,5,mid,mid,high,low,fixed,fixed,1.4094,0.6231,1.0757,1.0525,0.0963,0.0379,0.0142,0.0279,0.05,5.0,task,5042,866330.52025,0.727906,440.0,4424.4172,171.0,0.0,400.0,4022.1975,157.296793,0.373699,4028.711175,229.0,4022.1975,9,189.0,3484.6424999999995,17,1,17,False,118.51983866,3484.6425,96.5988,19830,300.4,3169.0,315.64,0.6728,0,17,0,0,0,2,1,3536252
1009,instance_n=20_99_c05,instance_n=20_99,Otto,20,1135.05,OK,11,1,5714.21,71.9689,96.5988,2026-05-18T16:39:16.520982,c05,5,mid,mid,high,low,fixed,fixed,1.4094,0.6231,1.0757,1.0525,0.0963,0.0379,0.0142,0.0279,0.05,5.0,task,5042,866330.52025,0.727906,440.0,4424.4172,171.0,0.0,400.0,4022.1975,157.296793,0.373699,4028.711175,229.0,4022.1975,10,171.0,4022.1974999999993,19,0,19,False,378.02171507,4022.1975,90.6016,19202,300.3,3665.0,357.2,0.6687,0,20,0,0,0,0,0,3639729
1010,instance_n=20_99_c06,instance_n=20_99,Otto,20,1370.25,OK,11,1,4831.39,68.629,86.363,2026-05-18T17:59:47.912135,c06,6,mid,high,low,mid,fixed,fixed,1.4015,0.8585,0.9059,1.1681,0.1146,0.0461,0.0257,0.0498,0.05,5.0,task,6042,609792.435,0.6015,352.0,4154.865,108.0,0.0,320.0,3777.15,202.953703,0.353539,3783.094781,212.0,3777.15,0,320.0,0.0,8,8,0,True,320.0,320.0,0.0,147,0.24,0.0,0.0,,20,0,0,0,0,0,0,1875
1011,instance_n=20_99_c06,instance_n=20_99,Otto,20,1370.25,OK,11,1,4831.39,68.629,86.363,2026-05-18T17:59:47.912135,c06,6,mid,high,low,mid,fixed,fixed,1.4015,0.8585,0.9059,1.1681,0.1146,0.0461,0.0257,0.0498,0.05,5.0,task,6042,609792.435,0.6015,352.0,4154.865,108.0,0.0,320.0,3777.15,202.953703,0.353539,3783.094781,212.0,3777.15,1,290.0,310.125,7,7,2,False,104.5125,310.125,66.2999,74419,300.36,279.0,31.12,0.7729,13,0,0,0,0,4,3,6390812
1012,instance_n=20_99_c06,instance_n=20_99,Otto,20,1370.25,OK,11,1,4831.39,68.629,86.363,2026-05-18T17:59:47.912135,c06,6,mid,high,low,mid,fixed,fixed,1.4015,0.8585,0.9059,1.1681,0.1146,0.0461,0.0257,0.0498,0.05,5.0,task,6042,609792.435,0.6015,352.0,4154.865,108.0,0.0,320.0,3777.15,202.953703,0.353539,3783.094781,212.0,3777.15,2,263.0,766.3875,8,6,3,False,104.5125,766.3875,86.363,148735,304.74,728.0,38.39,0.8132,13,4,0,0,0,2,1,4017445
1013,instance_n=20_99_c06,instance_n=20_99,Otto,20,1370.25,OK,11,1,4831.39,68.629,86.363,2026-05-18T17:59:47.912135,c06,6,mid,high,low,mid,fixed,fixed,1.4015,0.8585,0.9059,1.1681,0.1146,0.0461,0.0257,0.0498,0.05,5.0,task,6042,609792.435,0.6015,352.0,4154.865,108.0,0.0,320.0,3777.15,202.953703,0.353539,3783.094781,212.0,3777.15,3,233.0,1177.7124999999999,7,5,5,False,232.76842822,1177.7125,80.2355,62232,300.32,1141.0,36.71,0.8928,5,4,0,0,0,6,5,6698782
1014,instance_n=20_99_c06,instance_n=20_99,Otto,20,1370.25,OK,11,1,4831.39,68.629,86.363,2026-05-18T17:59:47.912135,c06,6,mid,high,low,mid,fixed,fixed,1.4015,0.8585,0.9059,1.1681,0.1146,0.0461,0.0257,0.0498,0.05,5.0,task,6042,609792.435,0.6015,352.0,4154.865,108.0,0.0,320.0,3777.15,202.953703,0.353539,3783.094781,212.0,3777.15,4,211.0,1642.2375,8,4,7,False,261.73493953,1642.2375,84.0623,99267,301.48,1555.0,87.24,0.8181,3,6,0,0,0,6,5,5028207
1015,instance_n=20_99_c06,instance_n=20_99,Otto,20,1370.25,OK,11,1,4831.39,68.629,86.363,2026-05-18T17:59:47.912135,c06,6,mid,high,low,mid,fixed,fixed,1.4015,0.8585,0.9059,1.1681,0.1146,0.0461,0.0257,0.0498,0.05,5.0,task,6042,609792.435,0.6015,352.0,4154.865,108.0,0.0,320.0,3777.15,202.953703,0.353539,3783.094781,212.0,3777.15,5,210.0,1705.075,9,4,6,False,278.51709127,1705.075,83.6654,44332,300.42,1656.0,49.08,0.8806,7,9,0,0,0,2,2,3728046
1016,instance_n=20_99_c06,instance_n=20_99,Otto,20,1370.25,OK,11,1,4831.39,68.629,86.363,2026-05-18T17:59:47.912135,c06,6,mid,high,low,mid,fixed,fixed,1.4015,0.8585,0.9059,1.1681,0.1146,0.0461,0.0257,0.0498,0.05,5.0,task,6042,609792.435,0.6015,352.0,4154.865,108.0,0.0,320.0,3777.15,202.953703,0.353539,3783.094781,212.0,3777.15,6,184.0,2151.1,9,3,8,False,393.5875,2151.1,81.703,68975,300.32,2070.0,81.1,0.852,2,11,0,0,0,4,3,7096158
1017,instance_n=20_99_c06,instance_n=20_99,Otto,20,1370.25,OK,11,1,4831.39,68.629,86.363,2026-05-18T17:59:47.912135,c06,6,mid,high,low,mid,fixed,fixed,1.4015,0.8585,0.9059,1.1681,0.1146,0.0461,0.0257,0.0498,0.05,5.0,task,6042,609792.435,0.6015,352.0,4154.865,108.0,0.0,320.0,3777.15,202.953703,0.353539,3783.094781,212.0,3777.15,7,183.0,2242.9375,10,3,7,False,372.29903846,2242.9375,83.4013,26146,300.33,2183.0,59.94,0.875,8,12,0,0,0,0,0,3458728
1018,instance_n=20_99_c06,instance_n=20_99,Otto,20,1370.25,OK,11,1,4831.39,68.629,86.363,2026-05-18T17:59:47.912135,c06,6,mid,high,low,mid,fixed,fixed,1.4015,0.8585,0.9059,1.1681,0.1146,0.0461,0.0257,0.0498,0.05,5.0,task,6042,609792.435,0.6015,352.0,4154.865,108.0,0.0,320.0,3777.15,202.953703,0.353539,3783.094781,212.0,3777.15,8,157.0,2691.2124999999996,10,2,9,False,812.21140894,2691.2125,69.8199,79008,300.33,2633.0,58.21,0.9056,2,14,0,0,0,2,2,7778294
1019,instance_n=20_99_c06,instance_n=20_99,Otto,20,1370.25,OK,11,1,4831.39,68.629,86.363,2026-05-18T17:59:47.912135,c06,6,mid,high,low,mid,fixed,fixed,1.4015,0.8585,0.9059,1.1681,0.1146,0.0461,0.0257,0.0498,0.05,5.0,task,6042,609792.435,0.6015,352.0,4154.865,108.0,0.0,320.0,3777.15,202.953703,0.353539,3783.094781,212.0,3777.15,9,135.0,3213.9375,11,1,11,False,1170.4483554,3213.9375,63.5821,66401,301.08,3107.0,106.94,0.8581,0,16,0,0,0,2,2,5079545
1020,instance_n=20_99_c06,instance_n=20_99,Otto,20,1370.25,OK,11,1,4831.39,68.629,86.363,2026-05-18T17:59:47.912135,c06,6,mid,high,low,mid,fixed,fixed,1.4015,0.8585,0.9059,1.1681,0.1146,0.0461,0.0257,0.0498,0.05,5.0,task,6042,609792.435,0.6015,352.0,4154.865,108.0,0.0,320.0,3777.15,202.953703,0.353539,3783.094781,212.0,3777.15,10,108.0,3777.149999999999,12,0,12,False,1670.0158221,3777.15,55.7864,47106,300.3,3675.0,102.15,0.8758,0,20,0,0,0,0,0,5341994
1021,instance_n=20_99_c07,instance_n=20_99,Otto,20,2060.1,OK,4,4,303.86,0.0,0.0,2026-05-18T18:04:51.775599,c07,7,high,low,high,mid,fixed,fixed,2.1571,0.3772,1.0761,1.1891,0.1865,0.0405,0.0125,0.0392,0.05,5.0,task,7042,35122.305,0.41013,220.0,658.746,90.0,0.0,200.0,598.86,89.492178,0.354541,608.878723,110.0,598.86,0,200.0,0.0,5,5,0,True,200.0,200.0,0.0,316,0.27,0.0,0.0,,20,0,0,0,0,0,0,3637
1022,instance_n=20_99_c07,instance_n=20_99,Otto,20,2060.1,OK,4,4,303.86,0.0,0.0,2026-05-18T18:04:51.775599,c07,7,high,low,high,mid,fixed,fixed,2.1571,0.3772,1.0761,1.1891,0.1865,0.0405,0.0125,0.0392,0.05,5.0,task,7042,35122.305,0.41013,220.0,658.746,90.0,0.0,200.0,598.86,89.492178,0.354541,608.878723,110.0,598.86,1,165.0,246.805,4,4,1,True,246.805,246.805,0.0,8228,22.78,217.0,29.8,0.7106,12,0,0,0,8,0,0,318009
1023,instance_n=20_99_c07,instance_n=20_99,Otto,20,2060.1,OK,4,4,303.86,0.0,0.0,2026-05-18T18:04:51.775599,c07,7,high,low,high,mid,fixed,fixed,2.1571,0.3772,1.0761,1.1891,0.1865,0.0405,0.0125,0.0392,0.05,5.0,task,7042,35122.305,0.41013,220.0,658.746,90.0,0.0,200.0,598.86,89.492178,0.354541,608.878723,110.0,598.86,2,130.0,512.06,3,3,2,True,512.06,512.06,0.0,327175,269.85,457.0,55.06,0.7327,4,0,0,0,16,0,0,4267450
1024,instance_n=20_99_c07,instance_n=20_99,Otto,20,2060.1,OK,4,4,303.86,0.0,0.0,2026-05-18T18:04:51.775599,c07,7,high,low,high,mid,fixed,fixed,2.1571,0.3772,1.0761,1.1891,0.1865,0.0405,0.0125,0.0392,0.05,5.0,task,7042,35122.305,0.41013,220.0,658.746,90.0,0.0,200.0,598.86,89.492178,0.354541,608.878723,110.0,598.86,3,90.0,598.86,2,2,2,True,598.86,598.86,0.0,832,6.38,586.0,12.86,0.9376,0,0,0,0,20,0,0,127965
1025,instance_n=20_99_c08,instance_n=20_99,Otto,20,2743.65,OK,6,2,1240.56,18.2065,32.9942,2026-05-18T18:25:32.335644,c08,8,high,mid,low,high,fixed,fixed,2.1185,0.6368,0.9064,1.3656,0.2282,0.034,0.0301,0.0598,0.05,5.0,task,8042,417458.93875,0.705345,176.0,6230.0068,81.0,0.0,160.0,5663.6425,877.411769,0.568359,5664.193444,79.0,5663.6425,0,160.0,0.0,4,4,0,True,160.0,160.0,0.0,0,0.03,0.0,0.0,,20,0,0,0,0,0,0,594
1026,instance_n=20_99_c08,instance_n=20_99,Otto,20,2743.65,OK,6,2,1240.56,18.2065,32.9942,2026-05-18T18:25:32.335644,c08,8,high,mid,low,high,fixed,fixed,2.1185,0.6368,0.9064,1.3656,0.2282,0.034,0.0301,0.0598,0.05,5.0,task,8042,417458.93875,0.705345,176.0,6230.0068,81.0,0.0,160.0,5663.6425,877.411769,0.568359,5664.193444,79.0,5663.6425,1,134.0,711.865,4,3,2,False,496.25403473,711.865,30.2882,160687,300.33,623.0,88.87,0.6761,10,1,0,0,9,0,0,6289684
1027,instance_n=20_99_c08,instance_n=20_99,Otto,20,2743.65,OK,6,2,1240.56,18.2065,32.9942,2026-05-18T18:25:32.335644,c08,8,high,mid,low,high,fixed,fixed,2.1185,0.6368,0.9064,1.3656,0.2282,0.034,0.0301,0.0598,0.05,5.0,task,8042,417458.93875,0.705345,176.0,6230.0068,81.0,0.0,160.0,5663.6425,877.411769,0.568359,5664.193444,79.0,5663.6425,2,130.0,744.6650000000001,3,3,2,False,590.665,744.665,20.6804,271441,300.34,707.0,37.67,0.8627,5,0,0,0,15,0,0,5014404
1028,instance_n=20_99_c08,instance_n=20_99,Otto,20,2743.65,OK,6,2,1240.56,18.2065,32.9942,2026-05-18T18:25:32.335644,c08,8,high,mid,low,high,fixed,fixed,2.1185,0.6368,0.9064,1.3656,0.2282,0.034,0.0301,0.0598,0.05,5.0,task,8042,417458.93875,0.705345,176.0,6230.0068,81.0,0.0,160.0,5663.6425,877.411769,0.568359,5664.193444,79.0,5663.6425,3,108.0,1788.08,4,2,4,False,1198.1181251,1788.08,32.9942,131822,300.32,1682.0,106.08,0.8067,0,3,0,0,17,0,0,6975419
1029,instance_n=20_99_c08,instance_n=20_99,Otto,20,2743.65,OK,6,2,1240.56,18.2065,32.9942,2026-05-18T18:25:32.335644,c08,8,high,mid,low,high,fixed,fixed,2.1185,0.6368,0.9064,1.3656,0.2282,0.034,0.0301,0.0598,0.05,5.0,task,8042,417458.93875,0.705345,176.0,6230.0068,81.0,0.0,160.0,5663.6425,877.411769,0.568359,5664.193444,79.0,5663.6425,4,90.0,3477.445,6,1,6,False,2598.4800788,3477.445,25.2762,160771,301.14,3398.0,79.45,0.9035,0,12,0,0,8,0,0,5946966
1030,instance_n=20_99_c08,instance_n=20_99,Otto,20,2743.65,OK,6,2,1240.56,18.2065,32.9942,2026-05-18T18:25:32.335644,c08,8,high,mid,low,high,fixed,fixed,2.1185,0.6368,0.9064,1.3656,0.2282,0.034,0.0301,0.0598,0.05,5.0,task,8042,417458.93875,0.705345,176.0,6230.0068,81.0,0.0,160.0,5663.6425,877.411769,0.568359,5664.193444,79.0,5663.6425,5,81.0,5663.642500000001,9,0,9,True,5663.6425,5663.6425,0.0,15735,32.29,5518.0,145.64,0.882,0,20,0,0,0,0,0,941416
1031,instance_n=20_99_c09,instance_n=20_99,Otto,20,1684.2,OK,5,2,2128.44,53.9568,94.8704,2026-05-19T09:54:07.673353,c09,9,high,high,mid,low,fixed,fixed,2.1304,0.8895,1.0029,1.0461,0.1856,0.0438,0.026,0.0269,0.05,5.0,task,9042,261742.39,0.791873,308.0,3004.87,198.0,0.0,280.0,2731.7,423.650064,0.483005,2732.930458,82.0,2731.7,0,280.0,0.0,7,7,0,True,280.0,280.0,0.0,0,0.05,0.0,0.0,,20,0,0,0,0,0,0,917
1032,instance_n=20_99_c09,instance_n=20_99,Otto,20,1684.2,OK,5,2,2128.44,53.9568,94.8704,2026-05-19T09:54:07.673353,c09,9,high,high,mid,low,fixed,fixed,2.1304,0.8895,1.0029,1.0461,0.1856,0.0438,0.026,0.0269,0.05,5.0,task,9042,261742.39,0.791873,308.0,3004.87,198.0,0.0,280.0,2731.7,423.650064,0.483005,2732.930458,82.0,2731.7,1,245.0,148.71,6,6,1,True,148.71,148.71,0.0,17677,23.73,110.0,38.71,0.5403,16,0,0,0,0,3,1,347774
1033,instance_n=20_99_c09,instance_n=20_99,Otto,20,1684.2,OK,5,2,2128.44,53.9568,94.8704,2026-05-19T09:54:07.673353,c09,9,high,high,mid,low,fixed,fixed,2.1304,0.8895,1.0029,1.0461,0.1856,0.0438,0.026,0.0269,0.05,5.0,task,9042,261742.39,0.791873,308.0,3004.87,198.0,0.0,280.0,2731.7,423.650064,0.483005,2732.930458,82.0,2731.7,2,220.0,702.74,5,5,4,False,123.61,702.74,82.4103,94512,300.33,606.0,96.74,0.7128,3,0,0,0,0,12,5,5484353
1034,instance_n=20_99_c09,instance_n=20_99,Otto,20,1684.2,OK,5,2,2128.44,53.9568,94.8704,2026-05-19T09:54:07.673353,c09,9,high,high,mid,low,fixed,fixed,2.1304,0.8895,1.0029,1.0461,0.1856,0.0438,0.026,0.0269,0.05,5.0,task,9042,261742.39,0.791873,308.0,3004.87,198.0,0.0,280.0,2731.7,423.650064,0.483005,2732.930458,82.0,2731.7,3,207.0,1648.82,7,4,7,False,123.61,1648.82,92.5031,47270,301.54,1475.0,173.82,0.7051,0,3,0,0,0,12,5,2875793
1035,instance_n=20_99_c09,instance_n=20_99,Otto,20,1684.2,OK,5,2,2128.44,53.9568,94.8704,2026-05-19T09:54:07.673353,c09,9,high,high,mid,low,fixed,fixed,2.1304,0.8895,1.0029,1.0461,0.1856,0.0438,0.026,0.0269,0.05,5.0,task,9042,261742.39,0.791873,308.0,3004.87,198.0,0.0,280.0,2731.7,423.650064,0.483005,2732.930458,82.0,2731.7,4,198.0,2731.7000000000003,10,3,10,False,140.12547637,2731.7,94.8704,52402,300.32,2464.0,267.7,0.6821,0,7,0,0,0,9,4,4872739
