run_name,base_instance,source,n_tasks,T,config_name,config_id,alpha_level,beta_level,gamma_level,sigma_level,seed,source_file,row_in_file,step_type,iteration,cost_limit,feasible,stop_reason,dominated,added_to_pareto,removed_existing_points,cost,energy,stations,workers,cobots,valid,certified,lb,ub,mip_gap_pct,n_nodes,solver_iterations,cpu_point_s,energy_tasks,energy_idle,cobot_util,HI,CI,SEH,SEC,SU,SIH,SIC
Scholl_ARC111_c01,Scholl_ARC111,Scholl,111,5838.0,c01,1,low,low,low,low,1042,published_results/full_campaign_median_T_252_2026-06-04/solutions/Scholl_ARC111_c01/epsilon_trace.csv,1,E0_HI_only,0,,True,,False,True,0,1080.0,0.0,27,27,0,True,True,1080.0,1080.0,0.0,0,21720,5.717189073562622,0.0,0.0,,111,0,0,0,0,0,0
Scholl_ARC111_c01,Scholl_ARC111,Scholl,111,5838.0,c01,1,low,low,low,low,1042,published_results/full_campaign_median_T_252_2026-06-04/solutions/Scholl_ARC111_c01/epsilon_trace.csv,2,epsilon,1,1079,False,infeasible,,,0,,,,,,,,,,,,,,,,,,,,,,,
Scholl_ARC111_c02,Scholl_ARC111,Scholl,111,5838.0,c02,2,low,mid,mid,mid,2042,published_results/full_campaign_median_T_252_2026-06-04/solutions/Scholl_ARC111_c02/epsilon_trace.csv,1,E0_HI_only,0,,True,,False,True,0,1080.0,0.0,27,27,0,True,True,1080.0,1080.0,0.0,0,21720,5.681916952133179,0.0,0.0,,111,0,0,0,0,0,0
Scholl_ARC111_c02,Scholl_ARC111,Scholl,111,5838.0,c02,2,low,mid,mid,mid,2042,published_results/full_campaign_median_T_252_2026-06-04/solutions/Scholl_ARC111_c02/epsilon_trace.csv,2,epsilon,1,1079,False,infeasible,,,0,,,,,,,,,,,,,,,,,,,,,,,
Scholl_ARC111_c03,Scholl_ARC111,Scholl,111,5838.0,c03,3,low,high,high,high,3042,published_results/full_campaign_median_T_252_2026-06-04/solutions/Scholl_ARC111_c03/epsilon_trace.csv,1,E0_HI_only,0,,True,,False,True,0,1080.0,0.0,27,27,0,True,True,1080.0,1080.0,0.0,0,21720,5.790021896362305,0.0,0.0,,111,0,0,0,0,0,0
Scholl_ARC111_c03,Scholl_ARC111,Scholl,111,5838.0,c03,3,low,high,high,high,3042,published_results/full_campaign_median_T_252_2026-06-04/solutions/Scholl_ARC111_c03/epsilon_trace.csv,2,epsilon,1,1079,False,infeasible,,,0,,,,,,,,,,,,,,,,,,,,,,,
Scholl_ARC111_c04,Scholl_ARC111,Scholl,111,5838.0,c04,4,mid,low,mid,high,4042,published_results/full_campaign_median_T_252_2026-06-04/solutions/Scholl_ARC111_c04/epsilon_trace.csv,1,E0_HI_only,0,,True,,False,True,0,1080.0,0.0,27,27,0,True,True,1080.0,1080.0,0.0,0,21720,5.685402870178223,0.0,0.0,,111,0,0,0,0,0,0
Scholl_ARC111_c04,Scholl_ARC111,Scholl,111,5838.0,c04,4,mid,low,mid,high,4042,published_results/full_campaign_median_T_252_2026-06-04/solutions/Scholl_ARC111_c04/epsilon_trace.csv,2,epsilon,1,1079,False,infeasible,,,0,,,,,,,,,,,,,,,,,,,,,,,
Scholl_ARC111_c05,Scholl_ARC111,Scholl,111,5838.0,c05,5,mid,mid,high,low,5042,published_results/full_campaign_median_T_252_2026-06-04/solutions/Scholl_ARC111_c05/epsilon_trace.csv,1,E0_HI_only,0,,True,,False,True,0,1080.0,0.0,27,27,0,True,True,1080.0,1080.0,0.0,0,21720,5.6726908683776855,0.0,0.0,,111,0,0,0,0,0,0
Scholl_ARC111_c05,Scholl_ARC111,Scholl,111,5838.0,c05,5,mid,mid,high,low,5042,published_results/full_campaign_median_T_252_2026-06-04/solutions/Scholl_ARC111_c05/epsilon_trace.csv,2,epsilon,1,1079,False,infeasible,,,0,,,,,,,,,,,,,,,,,,,,,,,
Scholl_ARC111_c06,Scholl_ARC111,Scholl,111,5838.0,c06,6,mid,high,low,mid,6042,published_results/full_campaign_median_T_252_2026-06-04/solutions/Scholl_ARC111_c06/epsilon_trace.csv,1,E0_HI_only,0,,True,,False,True,0,1080.0,0.0,27,27,0,True,True,1080.0,1080.0,0.0,0,21720,5.687211036682129,0.0,0.0,,111,0,0,0,0,0,0
Scholl_ARC111_c06,Scholl_ARC111,Scholl,111,5838.0,c06,6,mid,high,low,mid,6042,published_results/full_campaign_median_T_252_2026-06-04/solutions/Scholl_ARC111_c06/epsilon_trace.csv,2,epsilon,1,1079,False,infeasible,,,0,,,,,,,,,,,,,,,,,,,,,,,
Scholl_ARC111_c07,Scholl_ARC111,Scholl,111,5838.0,c07,7,high,low,high,mid,7042,published_results/full_campaign_median_T_252_2026-06-04/solutions/Scholl_ARC111_c07/epsilon_trace.csv,1,E0_HI_only,0,,True,,False,True,0,1080.0,0.0,27,27,0,True,True,1080.0,1080.0,0.0,0,21720,5.772847890853882,0.0,0.0,,111,0,0,0,0,0,0
Scholl_ARC111_c07,Scholl_ARC111,Scholl,111,5838.0,c07,7,high,low,high,mid,7042,published_results/full_campaign_median_T_252_2026-06-04/solutions/Scholl_ARC111_c07/epsilon_trace.csv,2,epsilon,1,1079,False,infeasible,,,0,,,,,,,,,,,,,,,,,,,,,,,
Scholl_ARC111_c08,Scholl_ARC111,Scholl,111,5838.0,c08,8,high,mid,low,high,8042,published_results/full_campaign_median_T_252_2026-06-04/solutions/Scholl_ARC111_c08/epsilon_trace.csv,1,E0_HI_only,0,,True,,False,True,0,1080.0,0.0,27,27,0,True,True,1080.0,1080.0,0.0,0,26212,7.14143705368042,0.0,0.0,,111,0,0,0,0,0,0
Scholl_ARC111_c08,Scholl_ARC111,Scholl,111,5838.0,c08,8,high,mid,low,high,8042,published_results/full_campaign_median_T_252_2026-06-04/solutions/Scholl_ARC111_c08/epsilon_trace.csv,2,epsilon,1,1079,False,infeasible,,,0,,,,,,,,,,,,,,,,,,,,,,,
Scholl_ARC111_c09,Scholl_ARC111,Scholl,111,5838.0,c09,9,high,high,mid,low,9042,published_results/full_campaign_median_T_252_2026-06-04/solutions/Scholl_ARC111_c09/epsilon_trace.csv,1,E0_HI_only,0,,True,,False,True,0,1080.0,0.0,27,27,0,True,True,1080.0,1080.0,0.0,0,21720,5.668057918548584,0.0,0.0,,111,0,0,0,0,0,0
Scholl_ARC111_c09,Scholl_ARC111,Scholl,111,5838.0,c09,9,high,high,mid,low,9042,published_results/full_campaign_median_T_252_2026-06-04/solutions/Scholl_ARC111_c09/epsilon_trace.csv,2,epsilon,1,1079,False,infeasible,,,0,,,,,,,,,,,,,,,,,,,,,,,
Scholl_ARC83_c01,Scholl_ARC83,Scholl,83,7916.0,c01,1,low,low,low,low,1042,published_results/full_campaign_median_T_252_2026-06-04/solutions/Scholl_ARC83_c01/epsilon_trace.csv,1,E0_HI_only,0,,True,,False,True,0,400.0,0.0,10,10,0,True,True,400.0,400.0,0.0,1468,84551,7.474775075912476,0.0,0.0,,83,0,0,0,0,0,0
Scholl_ARC83_c01,Scholl_ARC83,Scholl,83,7916.0,c01,1,low,low,low,low,1042,published_results/full_campaign_median_T_252_2026-06-04/solutions/Scholl_ARC83_c01/epsilon_trace.csv,2,epsilon,1,399,False,infeasible,,,0,,,,,,,,,,,,,,,,,,,,,,,
Scholl_ARC83_c02,Scholl_ARC83,Scholl,83,7916.0,c02,2,low,mid,mid,mid,2042,published_results/full_campaign_median_T_252_2026-06-04/solutions/Scholl_ARC83_c02/epsilon_trace.csv,1,E0_HI_only,0,,True,,False,True,0,400.0,0.0,10,10,0,True,True,400.0,400.0,0.0,1468,84551,7.3403449058532715,0.0,0.0,,83,0,0,0,0,0,0
Scholl_ARC83_c02,Scholl_ARC83,Scholl,83,7916.0,c02,2,low,mid,mid,mid,2042,published_results/full_campaign_median_T_252_2026-06-04/solutions/Scholl_ARC83_c02/epsilon_trace.csv,2,epsilon,1,399,False,infeasible,,,0,,,,,,,,,,,,,,,,,,,,,,,
Scholl_ARC83_c03,Scholl_ARC83,Scholl,83,7916.0,c03,3,low,high,high,high,3042,published_results/full_campaign_median_T_252_2026-06-04/solutions/Scholl_ARC83_c03/epsilon_trace.csv,1,E0_HI_only,0,,True,,False,True,0,400.0,0.0,10,10,0,True,True,400.0,400.0,0.0,1468,84551,7.251590013504028,0.0,0.0,,83,0,0,0,0,0,0
Scholl_ARC83_c03,Scholl_ARC83,Scholl,83,7916.0,c03,3,low,high,high,high,3042,published_results/full_campaign_median_T_252_2026-06-04/solutions/Scholl_ARC83_c03/epsilon_trace.csv,2,epsilon,1,399,False,infeasible,,,0,,,,,,,,,,,,,,,,,,,,,,,
Scholl_ARC83_c04,Scholl_ARC83,Scholl,83,7916.0,c04,4,mid,low,mid,high,4042,published_results/full_campaign_median_T_252_2026-06-04/solutions/Scholl_ARC83_c04/epsilon_trace.csv,1,E0_HI_only,0,,True,,False,True,0,400.0,0.0,10,10,0,True,True,400.0,400.0,0.0,1468,84551,7.5054872035980225,0.0,0.0,,83,0,0,0,0,0,0
Scholl_ARC83_c04,Scholl_ARC83,Scholl,83,7916.0,c04,4,mid,low,mid,high,4042,published_results/full_campaign_median_T_252_2026-06-04/solutions/Scholl_ARC83_c04/epsilon_trace.csv,2,epsilon,1,399,False,infeasible,,,0,,,,,,,,,,,,,,,,,,,,,,,
Scholl_ARC83_c05,Scholl_ARC83,Scholl,83,7916.0,c05,5,mid,mid,high,low,5042,published_results/full_campaign_median_T_252_2026-06-04/solutions/Scholl_ARC83_c05/epsilon_trace.csv,1,E0_HI_only,0,,True,,False,True,0,400.0,0.0,10,10,0,True,True,400.0,400.0,0.0,1468,84551,7.30266809463501,0.0,0.0,,83,0,0,0,0,0,0
Scholl_ARC83_c05,Scholl_ARC83,Scholl,83,7916.0,c05,5,mid,mid,high,low,5042,published_results/full_campaign_median_T_252_2026-06-04/solutions/Scholl_ARC83_c05/epsilon_trace.csv,2,epsilon,1,399,False,infeasible,,,0,,,,,,,,,,,,,,,,,,,,,,,
Scholl_ARC83_c06,Scholl_ARC83,Scholl,83,7916.0,c06,6,mid,high,low,mid,6042,published_results/full_campaign_median_T_252_2026-06-04/solutions/Scholl_ARC83_c06/epsilon_trace.csv,1,E0_HI_only,0,,True,,False,True,0,400.0,0.0,10,10,0,True,True,400.0,400.0,0.0,1468,84551,7.402101755142212,0.0,0.0,,83,0,0,0,0,0,0
Scholl_ARC83_c06,Scholl_ARC83,Scholl,83,7916.0,c06,6,mid,high,low,mid,6042,published_results/full_campaign_median_T_252_2026-06-04/solutions/Scholl_ARC83_c06/epsilon_trace.csv,2,epsilon,1,399,False,infeasible,,,0,,,,,,,,,,,,,,,,,,,,,,,
Scholl_ARC83_c07,Scholl_ARC83,Scholl,83,7916.0,c07,7,high,low,high,mid,7042,published_results/full_campaign_median_T_252_2026-06-04/solutions/Scholl_ARC83_c07/epsilon_trace.csv,1,E0_HI_only,0,,True,,False,True,0,400.0,0.0,10,10,0,True,True,400.0,400.0,0.0,1468,84551,7.545021295547485,0.0,0.0,,83,0,0,0,0,0,0
Scholl_ARC83_c07,Scholl_ARC83,Scholl,83,7916.0,c07,7,high,low,high,mid,7042,published_results/full_campaign_median_T_252_2026-06-04/solutions/Scholl_ARC83_c07/epsilon_trace.csv,2,epsilon,1,399,False,infeasible,,,0,,,,,,,,,,,,,,,,,,,,,,,
Scholl_ARC83_c08,Scholl_ARC83,Scholl,83,7916.0,c08,8,high,mid,low,high,8042,published_results/full_campaign_median_T_252_2026-06-04/solutions/Scholl_ARC83_c08/epsilon_trace.csv,1,E0_HI_only,0,,True,,False,True,0,400.0,0.0,10,10,0,True,True,400.0,400.0,0.0,1468,84551,7.225539922714233,0.0,0.0,,83,0,0,0,0,0,0
Scholl_ARC83_c08,Scholl_ARC83,Scholl,83,7916.0,c08,8,high,mid,low,high,8042,published_results/full_campaign_median_T_252_2026-06-04/solutions/Scholl_ARC83_c08/epsilon_trace.csv,2,epsilon,1,399,False,infeasible,,,0,,,,,,,,,,,,,,,,,,,,,,,
Scholl_ARC83_c09,Scholl_ARC83,Scholl,83,7916.0,c09,9,high,high,mid,low,9042,published_results/full_campaign_median_T_252_2026-06-04/solutions/Scholl_ARC83_c09/epsilon_trace.csv,1,E0_HI_only,0,,True,,False,True,0,400.0,0.0,10,10,0,True,True,400.0,400.0,0.0,1468,84551,7.228661060333252,0.0,0.0,,83,0,0,0,0,0,0
Scholl_ARC83_c09,Scholl_ARC83,Scholl,83,7916.0,c09,9,high,high,mid,low,9042,published_results/full_campaign_median_T_252_2026-06-04/solutions/Scholl_ARC83_c09/epsilon_trace.csv,2,epsilon,1,399,False,infeasible,,,0,,,,,,,,,,,,,,,,,,,,,,,
Scholl_BUXEY_c01,Scholl_BUXEY,Scholl,29,36.0,c01,1,low,low,low,low,1042,published_results/full_campaign_median_T_252_2026-06-04/solutions/Scholl_BUXEY_c01/epsilon_trace.csv,1,E0_HI_only,0,,True,,False,True,0,400.0,0.0,10,10,0,True,True,400.0,400.0,0.0,0,1822,0.15790700912475586,0.0,0.0,,29,0,0,0,0,0,0
Scholl_BUXEY_c01,Scholl_BUXEY,Scholl,29,36.0,c01,1,low,low,low,low,1042,published_results/full_campaign_median_T_252_2026-06-04/solutions/Scholl_BUXEY_c01/epsilon_trace.csv,2,epsilon,1,399,True,,False,True,0,365.0,3.05,9,9,1,True,False,0.0,3.05,100.0,11229,1995233,300.7944378852844,2.0,1.05,0.4167,25,0,0,0,0,3,1
Scholl_BUXEY_c01,Scholl_BUXEY,Scholl,29,36.0,c01,1,low,low,low,low,1042,published_results/full_campaign_median_T_252_2026-06-04/solutions/Scholl_BUXEY_c01/epsilon_trace.csv,3,epsilon,2,364,True,,False,True,0,325.0,8.05,8,8,1,True,False,0.0,8.05,100.0,6297,2478069,300.78961300849915,8.0,0.05,0.9722,23,0,0,0,6,0,0
Scholl_BUXEY_c01,Scholl_BUXEY,Scholl,29,36.0,c01,1,low,low,low,low,1042,published_results/full_campaign_median_T_252_2026-06-04/solutions/Scholl_BUXEY_c01/epsilon_trace.csv,4,epsilon,3,324,True,,False,True,0,303.0,17.099999999999998,9,7,3,True,False,0.0,17.1,100.0,5449,2291387,300.8099298477173,15.0,2.1,0.6111,21,3,0,0,5,0,0
Scholl_BUXEY_c01,Scholl_BUXEY,Scholl,29,36.0,c01,1,low,low,low,low,1042,published_results/full_campaign_median_T_252_2026-06-04/solutions/Scholl_BUXEY_c01/epsilon_trace.csv,5,epsilon,4,302,True,,False,True,0,294.0,18.1,8,7,2,True,False,0.0,18.1,100.0,4484,1816825,300.7890999317169,18.0,0.1,0.9722,20,3,0,0,6,0,0
Scholl_BUXEY_c01,Scholl_BUXEY,Scholl,29,36.0,c01,1,low,low,low,low,1042,published_results/full_campaign_median_T_252_2026-06-04/solutions/Scholl_BUXEY_c01/epsilon_trace.csv,6,epsilon,5,293,True,,False,True,0,277.0,26.150000000000002,9,6,5,True,False,0.0,26.15,100.0,6618,1924663,300.83547592163086,22.0,4.15,0.5389,14,3,0,0,12,0,0
Scholl_BUXEY_c01,Scholl_BUXEY,Scholl,29,36.0,c01,1,low,low,low,low,1042,published_results/full_campaign_median_T_252_2026-06-04/solutions/Scholl_BUXEY_c01/epsilon_trace.csv,7,epsilon,6,276,True,,False,True,0,272.0,26.35,9,6,4,True,False,0.0,26.35,100.0,4489,1666183,300.7964029312134,24.0,2.35,0.6736,19,4,0,0,6,0,0
Scholl_BUXEY_c01,Scholl_BUXEY,Scholl,29,36.0,c01,1,low,low,low,low,1042,published_results/full_campaign_median_T_252_2026-06-04/solutions/Scholl_BUXEY_c01/epsilon_trace.csv,8,epsilon,7,271,True,,False,True,0,250.0,45.3,10,5,6,True,False,0.45543259557,45.3,98.9946,7831,1316585,300.7981379032135,43.0,2.3000000000000003,0.787,11,12,0,0,0,3,3
Scholl_BUXEY_c01,Scholl_BUXEY,Scholl,29,36.0,c01,1,low,low,low,low,1042,published_results/full_campaign_median_T_252_2026-06-04/solutions/Scholl_BUXEY_c01/epsilon_trace.csv,9,epsilon,8,249,True,,False,True,1,246.0,34.3,9,5,6,True,False,0.01007028259,34.3,99.9706,5649,1556557,300.79190826416016,30.0,4.3,0.6019,10,6,0,0,13,0,0
Scholl_BUXEY_c01,Scholl_BUXEY,Scholl,29,36.0,c01,1,low,low,low,low,1042,published_results/full_campaign_median_T_252_2026-06-04/solutions/Scholl_BUXEY_c01/epsilon_trace.csv,10,epsilon,9,245,True,,False,True,0,233.0,34.5,7,5,5,True,False,0.0035082401276,34.5,99.9898,6214,2073569,300.79940915107727,33.0,1.5,0.8333,8,4,0,0,6,7,4
Scholl_BUXEY_c01,Scholl_BUXEY,Scholl,29,36.0,c01,1,low,low,low,low,1042,published_results/full_campaign_median_T_252_2026-06-04/solutions/Scholl_BUXEY_c01/epsilon_trace.csv,11,epsilon,10,232,True,,False,True,0,228.0,37.5,7,5,4,True,False,2.45,37.5,93.4667,6356,1660098,300.8905439376831,37.0,0.5,0.9306,8,5,0,0,16,0,0
Scholl_BUXEY_c01,Scholl_BUXEY,Scholl,29,36.0,c01,1,low,low,low,low,1042,published_results/full_campaign_median_T_252_2026-06-04/solutions/Scholl_BUXEY_c01/epsilon_trace.csv,12,epsilon,11,227,True,,False,True,3,224.0,27.400000000000002,6,5,4,True,False,0.35574811128,27.4,98.7016,4518,1494975,300.800008058548,26.0,1.4000000000000001,0.8056,9,1,0,0,19,0,0
Scholl_BUXEY_c01,Scholl_BUXEY,Scholl,29,36.0,c01,1,low,low,low,low,1042,published_results/full_campaign_median_T_252_2026-06-04/solutions/Scholl_BUXEY_c01/epsilon_trace.csv,13,epsilon,12,223,True,,False,True,0,206.0,42.55,8,4,6,True,False,0.0,42.55,100.0,5172,1822022,300.922972202301,40.0,2.5500000000000003,0.7639,9,8,0,0,12,0,0
Scholl_BUXEY_c01,Scholl_BUXEY,Scholl,29,36.0,c01,1,low,low,low,low,1042,published_results/full_campaign_median_T_252_2026-06-04/solutions/Scholl_BUXEY_c01/epsilon_trace.csv,14,epsilon,13,205,True,,False,True,0,179.0,58.95,9,3,7,True,False,2.271364047,58.95,96.147,3507,1453512,300.830482006073,57.0,1.9500000000000002,0.8452,7,16,0,0,6,0,0
Scholl_BUXEY_c01,Scholl_BUXEY,Scholl,29,36.0,c01,1,low,low,low,low,1042,published_results/full_campaign_median_T_252_2026-06-04/solutions/Scholl_BUXEY_c01/epsilon_trace.csv,15,epsilon,14,178,True,,False,True,1,175.0,54.35,8,3,7,True,False,3.1477146945,54.35,94.2084,3431,1658728,300.78996992111206,52.0,2.35,0.8135,4,14,0,0,11,0,0
Scholl_BUXEY_c01,Scholl_BUXEY,Scholl,29,36.0,c01,1,low,low,low,low,1042,published_results/full_campaign_median_T_252_2026-06-04/solutions/Scholl_BUXEY_c01/epsilon_trace.csv,16,epsilon,15,174,True,,False,True,1,166.0,53.7,7,3,6,True,False,2.4551026066,53.7,95.4281,4395,1640428,300.8257169723511,53.0,0.7000000000000001,0.9352,3,13,0,0,13,0,0
Scholl_BUXEY_c01,Scholl_BUXEY,Scholl,29,36.0,c01,1,low,low,low,low,1042,published_results/full_campaign_median_T_252_2026-06-04/solutions/Scholl_BUXEY_c01/epsilon_trace.csv,17,epsilon,16,165,True,,False,True,0,153.0,69.85000000000001,9,2,9,True,False,2.7093827403,69.85,96.1211,3400,1633273,300.8013279438019,66.0,3.85,0.7623,0,14,0,0,7,5,3
Scholl_BUXEY_c01,Scholl_BUXEY,Scholl,29,36.0,c01,1,low,low,low,low,1042,published_results/full_campaign_median_T_252_2026-06-04/solutions/Scholl_BUXEY_c01/epsilon_trace.csv,18,epsilon,17,152,True,,False,True,1,144.0,66.9,8,2,8,True,False,3.2833124529,66.9,95.0922,3398,2084629,300.7564001083374,65.0,1.9000000000000001,0.8681,0,15,0,0,7,3,4
Scholl_BUXEY_c01,Scholl_BUXEY,Scholl,29,36.0,c01,1,low,low,low,low,1042,published_results/full_campaign_median_T_252_2026-06-04/solutions/Scholl_BUXEY_c01/epsilon_trace.csv,19,epsilon,18,143,True,,False,True,0,121.0,86.39999999999999,10,1,9,True,False,5.2102774241,86.4,93.9696,3648,1482279,300.7904360294342,85.0,1.4000000000000001,0.9136,6,23,0,0,0,0,0
Scholl_BUXEY_c01,Scholl_BUXEY,Scholl,29,36.0,c01,1,low,low,low,low,1042,published_results/full_campaign_median_T_252_2026-06-04/solutions/Scholl_BUXEY_c01/epsilon_trace.csv,20,epsilon,19,120,True,,False,True,1,117.0,79.99999999999999,9,1,9,True,False,31.494377219,80.0,60.632,12067,3137458,300.8101351261139,78.0,2.0,0.8765,0,22,0,0,7,0,0
Scholl_BUXEY_c01,Scholl_BUXEY,Scholl,29,36.0,c01,1,low,low,low,low,1042,published_results/full_campaign_median_T_252_2026-06-04/solutions/Scholl_BUXEY_c01/epsilon_trace.csv,21,epsilon,20,116,True,,False,True,0,90.0,99.39999999999999,10,0,10,True,False,51.88639988,99.4,47.8004,13054,3650907,300.76952505111694,98.0,1.4000000000000001,0.9222,0,29,0,0,0,0,0
Scholl_BUXEY_c01,Scholl_BUXEY,Scholl,29,36.0,c01,1,low,low,low,low,1042,published_results/full_campaign_median_T_252_2026-06-04/solutions/Scholl_BUXEY_c01/epsilon_trace.csv,22,epsilon,21,89,False,infeasible,,,0,,,,,,,,,,,,,,,,,,,,,,,
Scholl_BUXEY_c02,Scholl_BUXEY,Scholl,29,36.0,c02,2,low,mid,mid,mid,2042,published_results/full_campaign_median_T_252_2026-06-04/solutions/Scholl_BUXEY_c02/epsilon_trace.csv,1,E0_HI_only,0,,True,,False,True,0,400.0,0.0,10,10,0,True,True,400.0,400.0,0.0,0,1822,0.18516898155212402,0.0,0.0,,29,0,0,0,0,0,0
Scholl_BUXEY_c02,Scholl_BUXEY,Scholl,29,36.0,c02,2,low,mid,mid,mid,2042,published_results/full_campaign_median_T_252_2026-06-04/solutions/Scholl_BUXEY_c02/epsilon_trace.csv,2,epsilon,1,399,True,,False,True,0,369.0,3.4000000000000004,10,9,1,True,False,0.0,3.4,100.0,10856,2386456,301.0342288017273,2.0,1.4000000000000001,0.2222,28,1,0,0,0,0,0
Scholl_BUXEY_c02,Scholl_BUXEY,Scholl,29,36.0,c02,2,low,mid,mid,mid,2042,published_results/full_campaign_median_T_252_2026-06-04/solutions/Scholl_BUXEY_c02/epsilon_trace.csv,3,epsilon,2,368,True,,False,True,0,338.0,14.1,10,8,2,True,False,0.0,14.1,100.0,7492,2323418,300.84977889060974,13.0,1.1,0.6944,25,4,0,0,0,0,0
Scholl_BUXEY_c02,Scholl_BUXEY,Scholl,29,36.0,c02,2,low,mid,mid,mid,2042,published_results/full_campaign_median_T_252_2026-06-04/solutions/Scholl_BUXEY_c02/epsilon_trace.csv,4,epsilon,3,337,True,,False,True,0,307.0,23.35,10,7,3,True,False,0.0,23.35,100.0,6355,2129128,300.7934410572052,22.0,1.35,0.75,23,6,0,0,0,0,0
Scholl_BUXEY_c02,Scholl_BUXEY,Scholl,29,36.0,c02,2,low,mid,mid,mid,2042,published_results/full_campaign_median_T_252_2026-06-04/solutions/Scholl_BUXEY_c02/epsilon_trace.csv,5,epsilon,4,306,True,,False,True,0,276.0,34.25,10,6,4,True,False,0.0,34.25,100.0,5602,2268223,300.83435320854187,33.0,1.25,0.8264,20,9,0,0,0,0,0
Scholl_BUXEY_c02,Scholl_BUXEY,Scholl,29,36.0,c02,2,low,mid,mid,mid,2042,published_results/full_campaign_median_T_252_2026-06-04/solutions/Scholl_BUXEY_c02/epsilon_trace.csv,6,epsilon,5,275,True,,False,True,0,273.0,37.85,8,6,5,True,False,0.15869275115,37.85,99.5807,5444,2214770,300.80219197273254,37.0,0.8500000000000001,0.9056,9,5,0,0,8,4,3
Scholl_BUXEY_c02,Scholl_BUXEY,Scholl,29,36.0,c02,2,low,mid,mid,mid,2042,published_results/full_campaign_median_T_252_2026-06-04/solutions/Scholl_BUXEY_c02/epsilon_trace.csv,7,epsilon,6,272,True,,False,True,0,263.0,51.65,12,5,7,True,False,0.91810408595,51.65,98.2225,4929,1570119,300.8381772041321,47.0,4.65,0.631,15,14,0,0,0,0,0
Scholl_BUXEY_c02,Scholl_BUXEY,Scholl,29,36.0,c02,2,low,mid,mid,mid,2042,published_results/full_campaign_median_T_252_2026-06-04/solutions/Scholl_BUXEY_c02/epsilon_trace.csv,8,epsilon,7,262,True,,False,True,1,241.0,43.75,9,5,5,True,False,2.45,43.75,94.4,3507,1302145,300.80282521247864,43.0,0.75,0.9167,14,10,0,0,0,2,3
Scholl_BUXEY_c02,Scholl_BUXEY,Scholl,29,36.0,c02,2,low,mid,mid,mid,2042,published_results/full_campaign_median_T_252_2026-06-04/solutions/Scholl_BUXEY_c02/epsilon_trace.csv,9,epsilon,8,240,True,,False,True,0,223.0,57.15,11,4,7,True,False,1.942489584,57.15,96.6011,3911,1674722,300.8589870929718,54.0,3.1500000000000004,0.75,16,13,0,0,0,0,0
Scholl_BUXEY_c02,Scholl_BUXEY,Scholl,29,36.0,c02,2,low,mid,mid,mid,2042,published_results/full_campaign_median_T_252_2026-06-04/solutions/Scholl_BUXEY_c02/epsilon_trace.csv,10,epsilon,9,222,True,,False,True,1,214.0,55.449999999999996,10,4,6,True,False,0.51725556975,55.45,99.0672,3443,1342942,300.8096649646759,54.0,1.4500000000000002,0.8657,17,12,0,0,0,0,0
Scholl_BUXEY_c02,Scholl_BUXEY,Scholl,29,36.0,c02,2,low,mid,mid,mid,2042,published_results/full_campaign_median_T_252_2026-06-04/solutions/Scholl_BUXEY_c02/epsilon_trace.csv,11,epsilon,10,213,True,,False,True,0,183.0,67.45,10,3,7,True,False,1.14,67.45,98.3099,3336,1448574,300.7913281917572,66.0,1.4500000000000002,0.8849,13,16,0,0,0,0,0
Scholl_BUXEY_c02,Scholl_BUXEY,Scholl,29,36.0,c02,2,low,mid,mid,mid,2042,published_results/full_campaign_median_T_252_2026-06-04/solutions/Scholl_BUXEY_c02/epsilon_trace.csv,12,epsilon,11,182,True,,False,True,1,179.0,66.85,9,3,7,True,False,2.7,66.85,95.9611,3315,1331533,300.7991807460785,66.0,0.8500000000000001,0.9325,9,15,0,0,0,3,2
Scholl_BUXEY_c02,Scholl_BUXEY,Scholl,29,36.0,c02,2,low,mid,mid,mid,2042,published_results/full_campaign_median_T_252_2026-06-04/solutions/Scholl_BUXEY_c02/epsilon_trace.csv,13,epsilon,12,178,True,,False,True,0,161.0,78.35,11,2,9,True,False,5.4218811255,78.35,93.0799,3353,1631309,300.7791030406952,75.0,3.35,0.7932,10,19,0,0,0,0,0
Scholl_BUXEY_c02,Scholl_BUXEY,Scholl,29,36.0,c02,2,low,mid,mid,mid,2042,published_results/full_campaign_median_T_252_2026-06-04/solutions/Scholl_BUXEY_c02/epsilon_trace.csv,14,epsilon,13,160,True,,False,True,1,148.0,77.85,9,2,8,True,False,2.55,77.85,96.7245,5378,1808568,300.79155683517456,77.0,0.8500000000000001,0.941,5,18,0,0,0,3,3
Scholl_BUXEY_c02,Scholl_BUXEY,Scholl,29,36.0,c02,2,low,mid,mid,mid,2042,published_results/full_campaign_median_T_252_2026-06-04/solutions/Scholl_BUXEY_c02/epsilon_trace.csv,15,epsilon,14,147,True,,False,True,0,130.0,92.2,11,1,10,True,False,9.1171699576,92.2,90.1115,3532,2099355,300.7603991031647,89.0,3.2,0.8222,6,23,0,0,0,0,0
Scholl_BUXEY_c02,Scholl_BUXEY,Scholl,29,36.0,c02,2,low,mid,mid,mid,2042,published_results/full_campaign_median_T_252_2026-06-04/solutions/Scholl_BUXEY_c02/epsilon_trace.csv,16,epsilon,15,129,True,,False,True,1,117.0,90.65,9,1,9,True,False,29.858603927,90.65,67.0617,5726,2103378,300.77303099632263,90.0,0.65,0.9599,0,22,0,0,0,4,3
Scholl_BUXEY_c02,Scholl_BUXEY,Scholl,29,36.0,c02,2,low,mid,mid,mid,2042,published_results/full_campaign_median_T_252_2026-06-04/solutions/Scholl_BUXEY_c02/epsilon_trace.csv,17,epsilon,16,116,True,,False,True,0,90.0,103.39999999999999,10,0,10,True,False,68.137575758,103.4,34.1029,27253,5753113,600.7366302013397,102.0,1.4000000000000001,0.9222,0,29,0,0,0,0,0
Scholl_BUXEY_c02,Scholl_BUXEY,Scholl,29,36.0,c02,2,low,mid,mid,mid,2042,published_results/full_campaign_median_T_252_2026-06-04/solutions/Scholl_BUXEY_c02/epsilon_trace.csv,18,epsilon,17,89,False,infeasible,,,0,,,,,,,,,,,,,,,,,,,,,,,
Scholl_BUXEY_c03,Scholl_BUXEY,Scholl,29,36.0,c03,3,low,high,high,high,3042,published_results/full_campaign_median_T_252_2026-06-04/solutions/Scholl_BUXEY_c03/epsilon_trace.csv,1,E0_HI_only,0,,True,,False,True,0,400.0,0.0,10,10,0,True,True,400.0,400.0,0.0,0,1822,0.12310600280761719,0.0,0.0,,29,0,0,0,0,0,0
Scholl_BUXEY_c03,Scholl_BUXEY,Scholl,29,36.0,c03,3,low,high,high,high,3042,published_results/full_campaign_median_T_252_2026-06-04/solutions/Scholl_BUXEY_c03/epsilon_trace.csv,2,epsilon,1,399,True,,False,True,0,365.0,3.6,9,9,1,True,False,0.0,3.6,100.0,9555,3068884,300.9381070137024,3.0,0.6000000000000001,0.6667,26,0,0,0,0,2,1
Scholl_BUXEY_c03,Scholl_BUXEY,Scholl,29,36.0,c03,3,low,high,high,high,3042,published_results/full_campaign_median_T_252_2026-06-04/solutions/Scholl_BUXEY_c03/epsilon_trace.csv,3,epsilon,2,364,True,,False,True,0,338.0,12.65,10,8,2,True,False,0.0,12.65,100.0,11016,2191080,301.0424621105194,11.0,1.6500000000000001,0.5417,26,3,0,0,0,0,0
Scholl_BUXEY_c03,Scholl_BUXEY,Scholl,29,36.0,c03,3,low,high,high,high,3042,published_results/full_campaign_median_T_252_2026-06-04/solutions/Scholl_BUXEY_c03/epsilon_trace.csv,4,epsilon,3,337,True,,False,True,0,334.0,14.1,9,8,2,True,False,0.0,14.1,100.0,6709,1651165,300.80275082588196,14.0,0.1,0.9722,23,2,0,0,0,2,2
Scholl_BUXEY_c03,Scholl_BUXEY,Scholl,29,36.0,c03,3,low,high,high,high,3042,published_results/full_campaign_median_T_252_2026-06-04/solutions/Scholl_BUXEY_c03/epsilon_trace.csv,5,epsilon,4,333,True,,False,True,0,307.0,22.7,10,7,3,True,False,0.0,22.7,100.0,6124,2065202,300.82026195526123,21.0,1.7000000000000002,0.6852,24,5,0,0,0,0,0
Scholl_BUXEY_c03,Scholl_BUXEY,Scholl,29,36.0,c03,3,low,high,high,high,3042,published_results/full_campaign_median_T_252_2026-06-04/solutions/Scholl_BUXEY_c03/epsilon_trace.csv,6,epsilon,5,306,True,,False,True,0,303.0,24.4,9,7,3,True,False,0.0,24.4,100.0,6744,2510688,300.8353588581085,24.0,0.4,0.9259,20,4,0,0,0,3,2
Scholl_BUXEY_c03,Scholl_BUXEY,Scholl,29,36.0,c03,3,low,high,high,high,3042,published_results/full_campaign_median_T_252_2026-06-04/solutions/Scholl_BUXEY_c03/epsilon_trace.csv,7,epsilon,6,302,True,,False,True,0,276.0,33.699999999999996,10,6,4,True,False,0.0,33.7,100.0,13220,2576646,300.7922179698944,32.0,1.7000000000000002,0.7639,21,8,0,0,0,0,0
Scholl_BUXEY_c03,Scholl_BUXEY,Scholl,29,36.0,c03,3,low,high,high,high,3042,published_results/full_campaign_median_T_252_2026-06-04/solutions/Scholl_BUXEY_c03/epsilon_trace.csv,8,epsilon,7,275,True,,False,True,0,272.0,35.449999999999996,9,6,4,True,False,0.0,35.45,100.0,4006,1796870,300.7860760688782,35.0,0.45,0.9375,18,7,0,0,0,2,2
Scholl_BUXEY_c03,Scholl_BUXEY,Scholl,29,36.0,c03,3,low,high,high,high,3042,published_results/full_campaign_median_T_252_2026-06-04/solutions/Scholl_BUXEY_c03/epsilon_trace.csv,9,epsilon,8,271,True,,False,True,0,245.0,42.75,10,5,5,True,False,0.0,42.75,100.0,5040,1454333,300.79467487335205,41.0,1.75,0.8056,19,10,0,0,0,0,0
Scholl_BUXEY_c03,Scholl_BUXEY,Scholl,29,36.0,c03,3,low,high,high,high,3042,published_results/full_campaign_median_T_252_2026-06-04/solutions/Scholl_BUXEY_c03/epsilon_trace.csv,10,epsilon,9,244,True,,False,True,0,232.0,57.35,12,4,8,True,False,0.14872391414,57.35,99.7407,5482,1402495,300.7792718410492,52.0,5.3500000000000005,0.6285,17,12,0,0,0,0,0
Scholl_BUXEY_c03,Scholl_BUXEY,Scholl,29,36.0,c03,3,low,high,high,high,3042,published_results/full_campaign_median_T_252_2026-06-04/solutions/Scholl_BUXEY_c03/epsilon_trace.csv,11,epsilon,10,231,True,,False,True,1,223.0,55.50000000000001,11,4,7,True,False,0.79030099258,55.5,98.576,3575,1531349,300.78690695762634,52.0,3.5,0.7222,17,12,0,0,0,0,0
Scholl_BUXEY_c03,Scholl_BUXEY,Scholl,29,36.0,c03,3,low,high,high,high,3042,published_results/full_campaign_median_T_252_2026-06-04/solutions/Scholl_BUXEY_c03/epsilon_trace.csv,12,epsilon,11,222,True,,False,True,1,214.0,53.85,10,4,6,True,False,2.5,53.85,95.3575,3772,1199156,300.7816288471222,52.0,1.85,0.8287,16,13,0,0,0,0,0
Scholl_BUXEY_c03,Scholl_BUXEY,Scholl,29,36.0,c03,3,low,high,high,high,3042,published_results/full_campaign_median_T_252_2026-06-04/solutions/Scholl_BUXEY_c03/epsilon_trace.csv,13,epsilon,12,213,True,,False,True,0,210.0,56.4,9,4,6,True,False,2.3508822603,56.4,95.8318,6580,1813066,300.82604813575745,56.0,0.4,0.963,11,13,0,0,0,3,2
Scholl_BUXEY_c03,Scholl_BUXEY,Scholl,29,36.0,c03,3,low,high,high,high,3042,published_results/full_campaign_median_T_252_2026-06-04/solutions/Scholl_BUXEY_c03/epsilon_trace.csv,14,epsilon,13,209,True,,False,True,0,192.0,65.60000000000001,11,3,8,True,False,1.4890260623,65.6,97.7301,3414,1324817,300.9767282009125,62.0,3.6,0.75,13,16,0,0,0,0,0
Scholl_BUXEY_c03,Scholl_BUXEY,Scholl,29,36.0,c03,3,low,high,high,high,3042,published_results/full_campaign_median_T_252_2026-06-04/solutions/Scholl_BUXEY_c03/epsilon_trace.csv,15,epsilon,14,191,True,,False,True,0,188.0,67.5,10,3,8,True,False,3.6779928639,67.5,94.5511,6380,2013547,300.7893068790436,65.0,2.5,0.8264,9,14,0,0,0,3,3
Scholl_BUXEY_c03,Scholl_BUXEY,Scholl,29,36.0,c03,3,low,high,high,high,3042,published_results/full_campaign_median_T_252_2026-06-04/solutions/Scholl_BUXEY_c03/epsilon_trace.csv,16,epsilon,15,187,True,,False,True,1,183.0,67.5,10,3,7,True,False,2.5,67.5,96.2963,5367,2005371,300.79296922683716,66.0,1.5,0.881,10,19,0,0,0,0,0
Scholl_BUXEY_c03,Scholl_BUXEY,Scholl,29,36.0,c03,3,low,high,high,high,3042,published_results/full_campaign_median_T_252_2026-06-04/solutions/Scholl_BUXEY_c03/epsilon_trace.csv,17,epsilon,16,182,True,,False,True,0,170.0,83.99999999999999,12,2,10,True,False,4.8764276625,84.0,94.1947,3464,1354335,300.8547058105469,79.0,5.0,0.7222,7,22,0,0,0,0,0
Scholl_BUXEY_c03,Scholl_BUXEY,Scholl,29,36.0,c03,3,low,high,high,high,3042,published_results/full_campaign_median_T_252_2026-06-04/solutions/Scholl_BUXEY_c03/epsilon_trace.csv,18,epsilon,17,169,True,,False,True,1,152.0,76.80000000000001,10,2,8,True,False,5.5437852484,76.8,92.7815,3486,1343525,300.8670611381531,75.0,1.8,0.875,8,21,0,0,0,0,0
Scholl_BUXEY_c03,Scholl_BUXEY,Scholl,29,36.0,c03,3,low,high,high,high,3042,published_results/full_campaign_median_T_252_2026-06-04/solutions/Scholl_BUXEY_c03/epsilon_trace.csv,19,epsilon,18,151,True,,False,True,0,148.0,94.10000000000001,13,1,12,True,False,5.15,94.1,94.5271,3361,1827824,300.78251123428345,87.0,7.1000000000000005,0.6713,5,24,0,0,0,0,0
Scholl_BUXEY_c03,Scholl_BUXEY,Scholl,29,36.0,c03,3,low,high,high,high,3042,published_results/full_campaign_median_T_252_2026-06-04/solutions/Scholl_BUXEY_c03/epsilon_trace.csv,20,epsilon,19,147,True,,False,True,1,121.0,87.85,10,1,9,True,False,15.467407455,87.85,82.3934,5602,2582312,301.0339708328247,86.0,1.85,0.8858,5,24,0,0,0,0,0
Scholl_BUXEY_c03,Scholl_BUXEY,Scholl,29,36.0,c03,3,low,high,high,high,3042,published_results/full_campaign_median_T_252_2026-06-04/solutions/Scholl_BUXEY_c03/epsilon_trace.csv,21,epsilon,20,120,True,,False,True,1,117.0,87.79999999999998,9,1,9,True,False,57.847872044,87.8,34.114,11958,3304470,300.7735970020294,87.0,0.8,0.9506,0,23,0,0,0,4,2
Scholl_BUXEY_c03,Scholl_BUXEY,Scholl,29,36.0,c03,3,low,high,high,high,3042,published_results/full_campaign_median_T_252_2026-06-04/solutions/Scholl_BUXEY_c03/epsilon_trace.csv,22,epsilon,21,116,True,,False,True,0,90.0,100.8,10,0,10,True,True,100.8,100.8,0.0,8331,806062,43.21174502372742,99.0,1.8,0.9,0,29,0,0,0,0,0
Scholl_BUXEY_c03,Scholl_BUXEY,Scholl,29,36.0,c03,3,low,high,high,high,3042,published_results/full_campaign_median_T_252_2026-06-04/solutions/Scholl_BUXEY_c03/epsilon_trace.csv,23,epsilon,22,89,False,infeasible,,,0,,,,,,,,,,,,,,,,,,,,,,,
Scholl_BUXEY_c04,Scholl_BUXEY,Scholl,29,36.0,c04,4,mid,low,mid,high,4042,published_results/full_campaign_median_T_252_2026-06-04/solutions/Scholl_BUXEY_c04/epsilon_trace.csv,1,E0_HI_only,0,,True,,False,True,0,400.0,0.0,10,10,0,True,True,400.0,400.0,0.0,0,1822,0.12435102462768555,0.0,0.0,,29,0,0,0,0,0,0
Scholl_BUXEY_c04,Scholl_BUXEY,Scholl,29,36.0,c04,4,mid,low,mid,high,4042,published_results/full_campaign_median_T_252_2026-06-04/solutions/Scholl_BUXEY_c04/epsilon_trace.csv,2,epsilon,1,399,True,,False,True,0,369.0,4.25,10,9,1,True,False,0.0,4.25,100.0,5146,1626826,300.78033900260925,3.0,1.25,0.3056,28,1,0,0,0,0,0
Scholl_BUXEY_c04,Scholl_BUXEY,Scholl,29,36.0,c04,4,mid,low,mid,high,4042,published_results/full_campaign_median_T_252_2026-06-04/solutions/Scholl_BUXEY_c04/epsilon_trace.csv,3,epsilon,2,368,True,,False,True,1,365.0,3.9,9,9,1,True,False,0.0,3.9,100.0,9215,2983722,300.8069591522217,3.0,0.9,0.5,26,0,0,0,3,0,0
Scholl_BUXEY_c04,Scholl_BUXEY,Scholl,29,36.0,c04,4,mid,low,mid,high,4042,published_results/full_campaign_median_T_252_2026-06-04/solutions/Scholl_BUXEY_c04/epsilon_trace.csv,4,epsilon,3,364,True,,False,True,0,325.0,6.15,8,8,1,True,False,0.0,6.15,100.0,13335,2071867,300.94202518463135,6.0,0.15000000000000002,0.9167,24,0,0,0,5,0,0
Scholl_BUXEY_c04,Scholl_BUXEY,Scholl,29,36.0,c04,4,mid,low,mid,high,4042,published_results/full_campaign_median_T_252_2026-06-04/solutions/Scholl_BUXEY_c04/epsilon_trace.csv,5,epsilon,4,324,True,,False,True,0,290.0,12.4,7,7,2,True,False,2.5560639376,12.4,79.3866,22007,4028304,300.7950527667999,12.0,0.4,0.8889,18,0,0,0,11,0,0
Scholl_BUXEY_c04,Scholl_BUXEY,Scholl,29,36.0,c04,4,mid,low,mid,high,4042,published_results/full_campaign_median_T_252_2026-06-04/solutions/Scholl_BUXEY_c04/epsilon_trace.csv,6,epsilon,5,289,True,,False,True,0,268.0,22.25,8,6,4,True,False,0.064491526582,22.25,99.7102,8771,3070483,300.77944779396057,19.0,3.25,0.5486,12,2,0,0,15,0,0
Scholl_BUXEY_c04,Scholl_BUXEY,Scholl,29,36.0,c04,4,mid,low,mid,high,4042,published_results/full_campaign_median_T_252_2026-06-04/solutions/Scholl_BUXEY_c04/epsilon_trace.csv,7,epsilon,6,267,True,,False,True,1,255.0,19.849999999999998,6,6,3,True,False,2.5,19.85,87.4055,6420,2571942,300.80901980400085,19.0,0.8500000000000001,0.8426,13,0,0,0,16,0,0
Scholl_BUXEY_c04,Scholl_BUXEY,Scholl,29,36.0,c04,4,mid,low,mid,high,4042,published_results/full_campaign_median_T_252_2026-06-04/solutions/Scholl_BUXEY_c04/epsilon_trace.csv,8,epsilon,7,254,True,,False,True,0,224.0,25.750000000000004,6,5,4,True,False,2.5471462631,25.75,90.1082,8521,2643238,300.7819781303406,24.0,1.75,0.7569,8,1,0,0,20,0,0
Scholl_BUXEY_c04,Scholl_BUXEY,Scholl,29,36.0,c04,4,mid,low,mid,high,4042,published_results/full_campaign_median_T_252_2026-06-04/solutions/Scholl_BUXEY_c04/epsilon_trace.csv,9,epsilon,8,223,True,,False,True,0,211.0,41.05,8,4,7,True,False,0.74226804124,41.05,98.1918,5916,1603968,300.79821395874023,36.0,5.050000000000001,0.5992,4,4,0,0,21,0,0
Scholl_BUXEY_c04,Scholl_BUXEY,Scholl,29,36.0,c04,4,mid,low,mid,high,4042,published_results/full_campaign_median_T_252_2026-06-04/solutions/Scholl_BUXEY_c04/epsilon_trace.csv,10,epsilon,9,210,True,,False,True,1,189.0,38.75,5,4,5,True,False,2.6,38.75,93.2903,3639,1737584,300.7745690345764,38.0,0.75,0.9167,0,1,0,0,22,4,2
Scholl_BUXEY_c04,Scholl_BUXEY,Scholl,29,36.0,c04,4,mid,low,mid,high,4042,published_results/full_campaign_median_T_252_2026-06-04/solutions/Scholl_BUXEY_c04/epsilon_trace.csv,11,epsilon,10,188,True,,False,True,0,175.0,62.05,8,3,7,True,False,3.476498268,62.05,94.3973,3483,1713136,300.79194688796997,61.0,1.05,0.9167,5,10,0,0,14,0,0
Scholl_BUXEY_c04,Scholl_BUXEY,Scholl,29,36.0,c04,4,mid,low,mid,high,4042,published_results/full_campaign_median_T_252_2026-06-04/solutions/Scholl_BUXEY_c04/epsilon_trace.csv,12,epsilon,11,174,True,,False,True,1,171.0,52.699999999999996,7,3,7,True,False,6.7385019658,52.7,87.2135,5158,2520783,300.7679228782654,50.0,2.7,0.7857,0,8,0,0,21,0,0
Scholl_BUXEY_c04,Scholl_BUXEY,Scholl,29,36.0,c04,4,mid,low,mid,high,4042,published_results/full_campaign_median_T_252_2026-06-04/solutions/Scholl_BUXEY_c04/epsilon_trace.csv,13,epsilon,12,170,True,,False,True,1,162.0,51.05,6,3,6,True,False,8.1485842503,51.05,84.038,3407,1700297,300.7968850135803,50.0,1.05,0.9028,0,5,0,0,24,0,0
Scholl_BUXEY_c04,Scholl_BUXEY,Scholl,29,36.0,c04,4,mid,low,mid,high,4042,published_results/full_campaign_median_T_252_2026-06-04/solutions/Scholl_BUXEY_c04/epsilon_trace.csv,14,epsilon,13,161,True,,False,True,0,144.0,74.6,8,2,8,True,False,15.210846047,74.6,79.6101,4952,1887095,300.78225803375244,74.0,0.6000000000000001,0.9583,0,12,0,0,17,0,0
Scholl_BUXEY_c04,Scholl_BUXEY,Scholl,29,36.0,c04,4,mid,low,mid,high,4042,published_results/full_campaign_median_T_252_2026-06-04/solutions/Scholl_BUXEY_c04/epsilon_trace.csv,15,epsilon,14,143,True,,False,True,0,135.0,138.30000000000004,15,0,15,True,False,47.02421065,138.3,65.9984,6856,2369055,300.8214180469513,135.0,3.3000000000000003,0.8778,0,29,0,0,0,0,0
Scholl_BUXEY_c04,Scholl_BUXEY,Scholl,29,36.0,c04,4,mid,low,mid,high,4042,published_results/full_campaign_median_T_252_2026-06-04/solutions/Scholl_BUXEY_c04/epsilon_trace.csv,16,epsilon,15,134,True,,False,True,1,126.0,136.50000000000003,14,0,14,True,True,136.5,136.5,0.0,1714,710503,41.18026900291443,135.0,1.5,0.9405,0,29,0,0,0,0,0
Scholl_BUXEY_c04,Scholl_BUXEY,Scholl,29,36.0,c04,4,mid,low,mid,high,4042,published_results/full_campaign_median_T_252_2026-06-04/solutions/Scholl_BUXEY_c04/epsilon_trace.csv,17,epsilon,16,125,False,infeasible,,,0,,,,,,,,,,,,,,,,,,,,,,,
Scholl_BUXEY_c05,Scholl_BUXEY,Scholl,29,36.0,c05,5,mid,mid,high,low,5042,published_results/full_campaign_median_T_252_2026-06-04/solutions/Scholl_BUXEY_c05/epsilon_trace.csv,1,E0_HI_only,0,,True,,False,True,0,400.0,0.0,10,10,0,True,True,400.0,400.0,0.0,0,1822,0.12337803840637207,0.0,0.0,,29,0,0,0,0,0,0
Scholl_BUXEY_c05,Scholl_BUXEY,Scholl,29,36.0,c05,5,mid,mid,high,low,5042,published_results/full_campaign_median_T_252_2026-06-04/solutions/Scholl_BUXEY_c05/epsilon_trace.csv,2,epsilon,1,399,True,,False,True,0,365.0,3.65,9,9,1,True,False,0.0,3.65,100.0,5482,2117824,300.9056649208069,3.0,0.65,0.6389,26,0,0,0,0,2,1
Scholl_BUXEY_c05,Scholl_BUXEY,Scholl,29,36.0,c05,5,mid,mid,high,low,5042,published_results/full_campaign_median_T_252_2026-06-04/solutions/Scholl_BUXEY_c05/epsilon_trace.csv,3,epsilon,2,364,True,,False,True,0,339.0,16.95,9,8,3,True,False,0.0,16.95,100.0,8994,2049790,300.85297083854675,15.0,1.9500000000000002,0.6389,21,2,0,0,3,2,1
Scholl_BUXEY_c05,Scholl_BUXEY,Scholl,29,36.0,c05,5,mid,mid,high,low,5042,published_results/full_campaign_median_T_252_2026-06-04/solutions/Scholl_BUXEY_c05/epsilon_trace.csv,4,epsilon,3,338,True,,False,True,1,338.0,16.6,10,8,2,True,False,0.0,16.6,100.0,10985,2170947,301.3035719394684,16.0,0.6000000000000001,0.8333,26,3,0,0,0,0,0
Scholl_BUXEY_c05,Scholl_BUXEY,Scholl,29,36.0,c05,5,mid,mid,high,low,5042,published_results/full_campaign_median_T_252_2026-06-04/solutions/Scholl_BUXEY_c05/epsilon_trace.csv,5,epsilon,4,337,True,,False,True,0,312.0,30.25,10,7,4,True,False,0.0,30.25,100.0,5524,1833923,300.89862394332886,29.0,1.25,0.8264,20,5,0,0,4,0,0
Scholl_BUXEY_c05,Scholl_BUXEY,Scholl,29,36.0,c05,5,mid,mid,high,low,5042,published_results/full_campaign_median_T_252_2026-06-04/solutions/Scholl_BUXEY_c05/epsilon_trace.csv,6,epsilon,5,311,True,,False,True,0,308.0,30.55,9,7,4,True,False,0.0,30.55,100.0,6228,2792123,300.7953317165375,30.0,0.55,0.9236,19,4,0,0,6,0,0
Scholl_BUXEY_c05,Scholl_BUXEY,Scholl,29,36.0,c05,5,mid,mid,high,low,5042,published_results/full_campaign_median_T_252_2026-06-04/solutions/Scholl_BUXEY_c05/epsilon_trace.csv,7,epsilon,6,307,True,,False,True,0,291.0,43.65,10,6,7,True,False,0.0,43.65,100.0,3900,1850325,300.7944829463959,40.0,3.6500000000000004,0.7103,12,5,0,0,12,0,0
Scholl_BUXEY_c05,Scholl_BUXEY,Scholl,29,36.0,c05,5,mid,mid,high,low,5042,published_results/full_campaign_median_T_252_2026-06-04/solutions/Scholl_BUXEY_c05/epsilon_trace.csv,8,epsilon,7,290,True,,False,True,0,285.0,44.25,11,6,5,True,False,0.0,44.25,100.0,4895,1643700,300.80880308151245,43.0,1.25,0.8611,20,9,0,0,0,0,0
Scholl_BUXEY_c05,Scholl_BUXEY,Scholl,29,36.0,c05,5,mid,mid,high,low,5042,published_results/full_campaign_median_T_252_2026-06-04/solutions/Scholl_BUXEY_c05/epsilon_trace.csv,9,epsilon,8,284,True,,False,True,1,282.0,44.050000000000004,9,6,6,True,False,0.0,44.05,100.0,4998,2217575,300.7945110797882,43.0,1.05,0.9028,10,5,0,0,9,3,2
Scholl_BUXEY_c05,Scholl_BUXEY,Scholl,29,36.0,c05,5,mid,mid,high,low,5042,published_results/full_campaign_median_T_252_2026-06-04/solutions/Scholl_BUXEY_c05/epsilon_trace.csv,10,epsilon,9,281,True,,False,True,0,281.0,63.4,14,5,9,True,False,0.0,63.4,100.0,4846,2082379,300.7856569290161,58.0,5.4,0.6667,18,11,0,0,0,0,0
Scholl_BUXEY_c05,Scholl_BUXEY,Scholl,29,36.0,c05,5,mid,mid,high,low,5042,published_results/full_campaign_median_T_252_2026-06-04/solutions/Scholl_BUXEY_c05/epsilon_trace.csv,11,epsilon,10,280,True,,False,True,1,259.0,56.89999999999999,11,5,7,True,False,1.0,56.9,98.2425,6581,2461004,300.8024263381958,55.0,1.9000000000000001,0.8492,15,10,0,0,4,0,0
Scholl_BUXEY_c05,Scholl_BUXEY,Scholl,29,36.0,c05,5,mid,mid,high,low,5042,published_results/full_campaign_median_T_252_2026-06-04/solutions/Scholl_BUXEY_c05/epsilon_trace.csv,12,epsilon,11,258,False,infeasible,,,0,,,,,,,,,,,,,,,,,,,,,,,
Scholl_BUXEY_c06,Scholl_BUXEY,Scholl,29,36.0,c06,6,mid,high,low,mid,6042,published_results/full_campaign_median_T_252_2026-06-04/solutions/Scholl_BUXEY_c06/epsilon_trace.csv,1,E0_HI_only,0,,True,,False,True,0,400.0,0.0,10,10,0,True,True,400.0,400.0,0.0,0,1822,0.12175107002258301,0.0,0.0,,29,0,0,0,0,0,0
Scholl_BUXEY_c06,Scholl_BUXEY,Scholl,29,36.0,c06,6,mid,high,low,mid,6042,published_results/full_campaign_median_T_252_2026-06-04/solutions/Scholl_BUXEY_c06/epsilon_trace.csv,2,epsilon,1,399,True,,False,True,0,369.0,5.75,10,9,1,True,False,0.0,5.75,100.0,6447,2648960,300.7811861038208,5.0,0.75,0.5833,28,1,0,0,0,0,0
Scholl_BUXEY_c06,Scholl_BUXEY,Scholl,29,36.0,c06,6,mid,high,low,mid,6042,published_results/full_campaign_median_T_252_2026-06-04/solutions/Scholl_BUXEY_c06/epsilon_trace.csv,3,epsilon,2,368,True,,False,True,1,365.0,3.65,9,9,1,True,False,0.0,3.65,100.0,17783,3479129,300.7840259075165,3.0,0.65,0.6389,25,0,0,0,0,3,1
Scholl_BUXEY_c06,Scholl_BUXEY,Scholl,29,36.0,c06,6,mid,high,low,mid,6042,published_results/full_campaign_median_T_252_2026-06-04/solutions/Scholl_BUXEY_c06/epsilon_trace.csv,4,epsilon,3,364,True,,False,True,0,338.0,16.6,10,8,2,True,False,0.0,16.6,100.0,12546,3577526,300.7777020931244,16.0,0.6000000000000001,0.8333,26,3,0,0,0,0,0
Scholl_BUXEY_c06,Scholl_BUXEY,Scholl,29,36.0,c06,6,mid,high,low,mid,6042,published_results/full_campaign_median_T_252_2026-06-04/solutions/Scholl_BUXEY_c06/epsilon_trace.csv,5,epsilon,4,337,True,,False,True,0,325.0,33.400000000000006,12,7,5,True,False,0.0,33.4,100.0,7405,2717430,300.82735800743103,30.0,3.4000000000000004,0.6222,23,6,0,0,0,0,0
Scholl_BUXEY_c06,Scholl_BUXEY,Scholl,29,36.0,c06,6,mid,high,low,mid,6042,published_results/full_campaign_median_T_252_2026-06-04/solutions/Scholl_BUXEY_c06/epsilon_trace.csv,6,epsilon,5,324,True,,False,True,1,312.0,31.0,10,7,4,True,False,0.0,31.0,100.0,10586,2772419,300.7769510746002,30.0,1.0,0.8611,18,5,0,0,0,4,2
Scholl_BUXEY_c06,Scholl_BUXEY,Scholl,29,36.0,c06,6,mid,high,low,mid,6042,published_results/full_campaign_median_T_252_2026-06-04/solutions/Scholl_BUXEY_c06/epsilon_trace.csv,7,epsilon,6,311,True,,False,True,0,294.0,46.05,12,6,6,True,False,0.39811318392,46.05,99.1355,6192,2721360,300.7996060848236,43.0,3.0500000000000003,0.7176,20,9,0,0,0,0,0
Scholl_BUXEY_c06,Scholl_BUXEY,Scholl,29,36.0,c06,6,mid,high,low,mid,6042,published_results/full_campaign_median_T_252_2026-06-04/solutions/Scholl_BUXEY_c06/epsilon_trace.csv,8,epsilon,7,293,True,,False,True,0,286.0,49.099999999999994,10,6,6,True,False,0.0,49.1,100.0,8041,1932332,300.79460191726685,48.0,1.1,0.8981,12,9,0,0,0,5,3
Scholl_BUXEY_c06,Scholl_BUXEY,Scholl,29,36.0,c06,6,mid,high,low,mid,6042,published_results/full_campaign_median_T_252_2026-06-04/solutions/Scholl_BUXEY_c06/epsilon_trace.csv,9,epsilon,8,285,True,,False,True,0,272.0,61.00000000000001,13,5,8,True,False,0.0,61.0,100.0,6048,2179957,300.7997419834137,57.0,4.0,0.7222,18,11,0,0,0,0,0
Scholl_BUXEY_c06,Scholl_BUXEY,Scholl,29,36.0,c06,6,mid,high,low,mid,6042,published_results/full_campaign_median_T_252_2026-06-04/solutions/Scholl_BUXEY_c06/epsilon_trace.csv,10,epsilon,9,271,True,,False,True,1,263.0,60.55,12,5,7,True,False,1.1852713931,60.55,98.0425,3679,2143570,300.77783012390137,58.0,2.5500000000000003,0.7976,19,10,0,0,0,0,0
Scholl_BUXEY_c06,Scholl_BUXEY,Scholl,29,36.0,c06,6,mid,high,low,mid,6042,published_results/full_campaign_median_T_252_2026-06-04/solutions/Scholl_BUXEY_c06/epsilon_trace.csv,11,epsilon,10,262,True,,False,True,1,259.0,59.74999999999999,11,5,7,True,False,2.6,59.75,95.6485,6287,2343892,300.79728507995605,58.0,1.75,0.8611,17,9,0,0,0,2,1
Scholl_BUXEY_c06,Scholl_BUXEY,Scholl,29,36.0,c06,6,mid,high,low,mid,6042,published_results/full_campaign_median_T_252_2026-06-04/solutions/Scholl_BUXEY_c06/epsilon_trace.csv,12,epsilon,11,258,True,,False,True,0,250.0,77.35000000000001,14,4,10,True,False,0.0,77.35,100.0,5121,1944606,300.8019640445709,72.0,5.3500000000000005,0.7028,15,14,0,0,0,0,0
Scholl_BUXEY_c06,Scholl_BUXEY,Scholl,29,36.0,c06,6,mid,high,low,mid,6042,published_results/full_campaign_median_T_252_2026-06-04/solutions/Scholl_BUXEY_c06/epsilon_trace.csv,13,epsilon,12,249,True,,False,True,1,246.0,76.3,13,4,10,True,False,2.4959628849,76.3,96.7288,3995,1488208,300.7890188694,72.0,4.3,0.7611,9,13,0,0,0,4,3
Scholl_BUXEY_c06,Scholl_BUXEY,Scholl,29,36.0,c06,6,mid,high,low,mid,6042,published_results/full_campaign_median_T_252_2026-06-04/solutions/Scholl_BUXEY_c06/epsilon_trace.csv,14,epsilon,13,245,True,,False,True,1,232.0,74.00000000000001,12,4,8,True,False,0.30687830688,74.0,99.5853,3692,1755965,300.76887607574463,72.0,2.0,0.8611,17,12,0,0,0,0,0
Scholl_BUXEY_c06,Scholl_BUXEY,Scholl,29,36.0,c06,6,mid,high,low,mid,6042,published_results/full_campaign_median_T_252_2026-06-04/solutions/Scholl_BUXEY_c06/epsilon_trace.csv,15,epsilon,14,231,True,,False,True,0,219.0,91.39999999999999,14,3,11,True,False,2.5,91.4,97.2648,12903,5068940,600.7444539070129,87.0,4.4,0.7778,12,17,0,0,0,0,0
Scholl_BUXEY_c06,Scholl_BUXEY,Scholl,29,36.0,c06,6,mid,high,low,mid,6042,published_results/full_campaign_median_T_252_2026-06-04/solutions/Scholl_BUXEY_c06/epsilon_trace.csv,16,epsilon,15,218,True,,False,True,0,215.0,92.45,13,3,11,True,False,3.3194002458,92.45,96.4095,7665,4392981,600.7452111244202,89.0,3.45,0.8258,9,16,0,0,0,1,3
Scholl_BUXEY_c06,Scholl_BUXEY,Scholl,29,36.0,c06,6,mid,high,low,mid,6042,published_results/full_campaign_median_T_252_2026-06-04/solutions/Scholl_BUXEY_c06/epsilon_trace.csv,17,epsilon,16,214,True,,False,True,2,210.0,89.9,13,3,10,True,False,2.6,89.9,97.1079,10818,5056647,600.734365940094,87.0,2.9000000000000004,0.8389,11,18,0,0,0,0,0
Scholl_BUXEY_c06,Scholl_BUXEY,Scholl,29,36.0,c06,6,mid,high,low,mid,6042,published_results/full_campaign_median_T_252_2026-06-04/solutions/Scholl_BUXEY_c06/epsilon_trace.csv,18,epsilon,17,209,True,,False,True,0,188.0,106.60000000000001,14,2,12,True,False,5.1220738664,106.6,95.1951,7673,5019743,600.7737801074982,103.0,3.6,0.8333,8,21,0,0,0,0,0
Scholl_BUXEY_c06,Scholl_BUXEY,Scholl,29,36.0,c06,6,mid,high,low,mid,6042,published_results/full_campaign_median_T_252_2026-06-04/solutions/Scholl_BUXEY_c06/epsilon_trace.csv,19,epsilon,18,187,True,,False,True,1,179.0,103.25,13,2,11,True,False,8.8905281711,103.25,91.3893,5291,2948006,300.7488009929657,101.0,2.25,0.8864,9,20,0,0,0,0,0
Scholl_BUXEY_c06,Scholl_BUXEY,Scholl,29,36.0,c06,6,mid,high,low,mid,6042,published_results/full_campaign_median_T_252_2026-06-04/solutions/Scholl_BUXEY_c06/epsilon_trace.csv,20,epsilon,19,178,False,infeasible,,,0,,,,,,,,,,,,,,,,,,,,,,,
Scholl_BUXEY_c07,Scholl_BUXEY,Scholl,29,36.0,c07,7,high,low,high,mid,7042,published_results/full_campaign_median_T_252_2026-06-04/solutions/Scholl_BUXEY_c07/epsilon_trace.csv,1,E0_HI_only,0,,True,,False,True,0,400.0,0.0,10,10,0,True,True,400.0,400.0,0.0,0,1822,0.12379693984985352,0.0,0.0,,29,0,0,0,0,0,0
Scholl_BUXEY_c07,Scholl_BUXEY,Scholl,29,36.0,c07,7,high,low,high,mid,7042,published_results/full_campaign_median_T_252_2026-06-04/solutions/Scholl_BUXEY_c07/epsilon_trace.csv,2,epsilon,1,399,True,,False,True,0,365.0,4.65,9,9,1,True,False,0.0,4.65,100.0,11379,2632047,300.7945342063904,4.0,0.65,0.6389,26,0,0,0,3,0,0
Scholl_BUXEY_c07,Scholl_BUXEY,Scholl,29,36.0,c07,7,high,low,high,mid,7042,published_results/full_campaign_median_T_252_2026-06-04/solutions/Scholl_BUXEY_c07/epsilon_trace.csv,3,epsilon,2,364,True,,False,True,0,325.0,7.1,8,8,1,True,False,0.0,7.1,100.0,10650,3837860,300.7996299266815,7.0,0.1,0.9444,24,0,0,0,5,0,0
Scholl_BUXEY_c07,Scholl_BUXEY,Scholl,29,36.0,c07,7,high,low,high,mid,7042,published_results/full_campaign_median_T_252_2026-06-04/solutions/Scholl_BUXEY_c07/epsilon_trace.csv,4,epsilon,3,324,True,,False,True,0,299.0,16.95,8,7,3,True,False,0.016229029905,16.95,99.9043,8202,1880775,300.81183791160583,15.0,1.9500000000000002,0.6389,16,1,0,0,12,0,0
Scholl_BUXEY_c07,Scholl_BUXEY,Scholl,29,36.0,c07,7,high,low,high,mid,7042,published_results/full_campaign_median_T_252_2026-06-04/solutions/Scholl_BUXEY_c07/epsilon_trace.csv,5,epsilon,4,298,True,,False,True,1,290.0,12.65,7,7,2,True,False,2.1804123711,12.65,82.7635,7226,2503983,300.78939509391785,12.0,0.65,0.8194,20,0,0,0,9,0,0
Scholl_BUXEY_c07,Scholl_BUXEY,Scholl,29,36.0,c07,7,high,low,high,mid,7042,published_results/full_campaign_median_T_252_2026-06-04/solutions/Scholl_BUXEY_c07/epsilon_trace.csv,6,epsilon,5,289,True,,False,True,0,259.0,22.75,7,6,3,True,False,0.093147216495,22.75,99.5906,4191,2070120,300.7827339172363,22.0,0.75,0.8611,16,1,0,0,12,0,0
Scholl_BUXEY_c07,Scholl_BUXEY,Scholl,29,36.0,c07,7,high,low,high,mid,7042,published_results/full_campaign_median_T_252_2026-06-04/solutions/Scholl_BUXEY_c07/epsilon_trace.csv,7,epsilon,6,258,True,,False,True,0,242.0,34.49999999999999,8,5,6,True,False,0.0,34.5,100.0,6939,2603213,300.8001310825348,30.0,4.5,0.5833,8,3,0,0,18,0,0
Scholl_BUXEY_c07,Scholl_BUXEY,Scholl,29,36.0,c07,7,high,low,high,mid,7042,published_results/full_campaign_median_T_252_2026-06-04/solutions/Scholl_BUXEY_c07/epsilon_trace.csv,8,epsilon,7,241,True,,False,True,1,215.0,24.2,5,5,3,True,False,2.083757716,24.2,91.3894,4578,2341062,300.7722477912903,24.0,0.2,0.963,11,0,0,0,18,0,0
Scholl_BUXEY_c07,Scholl_BUXEY,Scholl,29,36.0,c07,7,high,low,high,mid,7042,published_results/full_campaign_median_T_252_2026-06-04/solutions/Scholl_BUXEY_c07/epsilon_trace.csv,9,epsilon,8,214,True,,False,True,0,202.0,48.4,7,4,6,True,False,5.0559566075,48.4,89.5538,4082,2059205,300.7810709476471,47.0,1.4000000000000001,0.8704,5,6,0,0,18,0,0
Scholl_BUXEY_c07,Scholl_BUXEY,Scholl,29,36.0,c07,7,high,low,high,mid,7042,published_results/full_campaign_median_T_252_2026-06-04/solutions/Scholl_BUXEY_c07/epsilon_trace.csv,10,epsilon,9,201,True,,False,True,1,193.0,47.25,6,4,5,True,False,3.7456557119,47.25,92.0727,3971,2096147,300.77243518829346,47.0,0.25,0.9722,2,5,0,0,22,0,0
Scholl_BUXEY_c07,Scholl_BUXEY,Scholl,29,36.0,c07,7,high,low,high,mid,7042,published_results/full_campaign_median_T_252_2026-06-04/solutions/Scholl_BUXEY_c07/epsilon_trace.csv,11,epsilon,10,192,True,,False,True,1,180.0,35.349999999999994,4,4,4,True,False,6.7051948052,35.35,81.032,5075,2981112,300.7706391811371,35.0,0.35000000000000003,0.9514,0,0,0,0,29,0,0
Scholl_BUXEY_c07,Scholl_BUXEY,Scholl,29,36.0,c07,7,high,low,high,mid,7042,published_results/full_campaign_median_T_252_2026-06-04/solutions/Scholl_BUXEY_c07/epsilon_trace.csv,12,epsilon,11,179,True,,False,True,0,171.0,64.29999999999998,7,3,7,True,True,64.3,64.3,0.0,6436,2548551,122.1037871837616,64.0,0.30000000000000004,0.9762,0,10,0,0,19,0,0
Scholl_BUXEY_c07,Scholl_BUXEY,Scholl,29,36.0,c07,7,high,low,high,mid,7042,published_results/full_campaign_median_T_252_2026-06-04/solutions/Scholl_BUXEY_c07/epsilon_trace.csv,13,epsilon,12,170,False,infeasible,,,0,,,,,,,,,,,,,,,,,,,,,,,
Scholl_BUXEY_c08,Scholl_BUXEY,Scholl,29,36.0,c08,8,high,mid,low,high,8042,published_results/full_campaign_median_T_252_2026-06-04/solutions/Scholl_BUXEY_c08/epsilon_trace.csv,1,E0_HI_only,0,,True,,False,True,0,400.0,0.0,10,10,0,True,True,400.0,400.0,0.0,0,1822,0.12326383590698242,0.0,0.0,,29,0,0,0,0,0,0
Scholl_BUXEY_c08,Scholl_BUXEY,Scholl,29,36.0,c08,8,high,mid,low,high,8042,published_results/full_campaign_median_T_252_2026-06-04/solutions/Scholl_BUXEY_c08/epsilon_trace.csv,2,epsilon,1,399,True,,False,True,0,369.0,5.0,10,9,1,True,False,0.0,5.0,100.0,38135,2668301,300.8371329307556,4.0,1.0,0.4444,28,1,0,0,0,0,0
Scholl_BUXEY_c08,Scholl_BUXEY,Scholl,29,36.0,c08,8,high,mid,low,high,8042,published_results/full_campaign_median_T_252_2026-06-04/solutions/Scholl_BUXEY_c08/epsilon_trace.csv,3,epsilon,2,368,True,,False,True,0,365.0,5.3,9,9,1,True,False,2.5012111801,5.3,52.8073,20318,4262078,300.7984890937805,5.0,0.30000000000000004,0.8333,26,0,0,0,3,0,0
Scholl_BUXEY_c08,Scholl_BUXEY,Scholl,29,36.0,c08,8,high,mid,low,high,8042,published_results/full_campaign_median_T_252_2026-06-04/solutions/Scholl_BUXEY_c08/epsilon_trace.csv,4,epsilon,3,364,True,,False,True,0,339.0,19.0,9,8,3,True,False,0.0,19.0,100.0,10394,2973394,300.9569528102875,18.0,1.0,0.8148,20,1,0,0,8,0,0
Scholl_BUXEY_c08,Scholl_BUXEY,Scholl,29,36.0,c08,8,high,mid,low,high,8042,published_results/full_campaign_median_T_252_2026-06-04/solutions/Scholl_BUXEY_c08/epsilon_trace.csv,5,epsilon,4,338,True,,False,True,0,335.0,19.4,8,8,3,True,False,2.002173913,19.4,89.6795,8072,3431059,300.7832281589508,19.0,0.4,0.9259,17,0,0,0,12,0,0
Scholl_BUXEY_c08,Scholl_BUXEY,Scholl,29,36.0,c08,8,high,mid,low,high,8042,published_results/full_campaign_median_T_252_2026-06-04/solutions/Scholl_BUXEY_c08/epsilon_trace.csv,6,epsilon,5,334,True,,False,True,0,313.0,31.950000000000003,9,7,5,True,False,2.5,31.95,92.1753,24310,3716477,301.8036050796509,30.0,1.9500000000000002,0.7833,14,2,0,0,13,0,0
Scholl_BUXEY_c08,Scholl_BUXEY,Scholl,29,36.0,c08,8,high,mid,low,high,8042,published_results/full_campaign_median_T_252_2026-06-04/solutions/Scholl_BUXEY_c08/epsilon_trace.csv,7,epsilon,6,312,True,,False,True,0,304.0,68.14999999999999,12,6,8,True,False,0.8484995525,68.15,98.755,9853,4116550,600.7269370555878,67.0,1.1500000000000001,0.9201,12,8,0,0,4,3,2
Scholl_BUXEY_c08,Scholl_BUXEY,Scholl,29,36.0,c08,8,high,mid,low,high,8042,published_results/full_campaign_median_T_252_2026-06-04/solutions/Scholl_BUXEY_c08/epsilon_trace.csv,8,epsilon,7,303,False,infeasible,,,0,,,,,,,,,,,,,,,,,,,,,,,
Scholl_BUXEY_c09,Scholl_BUXEY,Scholl,29,36.0,c09,9,high,high,mid,low,9042,published_results/full_campaign_median_T_252_2026-06-04/solutions/Scholl_BUXEY_c09/epsilon_trace.csv,1,E0_HI_only,0,,True,,False,True,0,400.0,0.0,10,10,0,True,True,400.0,400.0,0.0,0,1822,0.12307405471801758,0.0,0.0,,29,0,0,0,0,0,0
Scholl_BUXEY_c09,Scholl_BUXEY,Scholl,29,36.0,c09,9,high,high,mid,low,9042,published_results/full_campaign_median_T_252_2026-06-04/solutions/Scholl_BUXEY_c09/epsilon_trace.csv,2,epsilon,1,399,True,,False,True,0,365.0,4.25,9,9,1,True,False,0.0,4.25,100.0,7436,3057641,300.7867941856384,4.0,0.25,0.8611,25,0,0,0,0,3,1
Scholl_BUXEY_c09,Scholl_BUXEY,Scholl,29,36.0,c09,9,high,high,mid,low,9042,published_results/full_campaign_median_T_252_2026-06-04/solutions/Scholl_BUXEY_c09/epsilon_trace.csv,3,epsilon,2,364,True,,False,True,0,343.0,22.55,10,8,3,True,False,0.14814814815,22.55,99.343,20014,2656959,301.87689995765686,22.0,0.55,0.8981,22,3,0,0,0,3,1
Scholl_BUXEY_c09,Scholl_BUXEY,Scholl,29,36.0,c09,9,high,high,mid,low,9042,published_results/full_campaign_median_T_252_2026-06-04/solutions/Scholl_BUXEY_c09/epsilon_trace.csv,4,epsilon,3,342,True,,False,True,0,335.0,56.44999999999999,12,7,7,True,False,0.0,56.45,100.0,6540,2582970,300.7895450592041,54.0,2.45,0.8056,14,8,2,1,0,3,1
Scholl_BUXEY_c09,Scholl_BUXEY,Scholl,29,36.0,c09,9,high,high,mid,low,9042,published_results/full_campaign_median_T_252_2026-06-04/solutions/Scholl_BUXEY_c09/epsilon_trace.csv,5,epsilon,4,334,True,,False,True,1,334.0,46.599999999999994,13,7,6,True,False,0.20534429599,46.6,99.5593,9571,2711823,301.16996908187866,44.0,2.6,0.7593,22,7,0,0,0,0,0
Scholl_BUXEY_c09,Scholl_BUXEY,Scholl,29,36.0,c09,9,high,high,mid,low,9042,published_results/full_campaign_median_T_252_2026-06-04/solutions/Scholl_BUXEY_c09/epsilon_trace.csv,6,epsilon,5,333,True,,False,True,1,330.0,44.949999999999996,12,7,6,True,False,0.15696677385,44.95,99.6508,8170,4897685,600.737074136734,43.0,1.9500000000000002,0.8194,19,6,0,0,0,3,1
Scholl_BUXEY_c09,Scholl_BUXEY,Scholl,29,36.0,c09,9,high,high,mid,low,9042,published_results/full_campaign_median_T_252_2026-06-04/solutions/Scholl_BUXEY_c09/epsilon_trace.csv,7,epsilon,6,329,False,infeasible,,,0,,,,,,,,,,,,,,,,,,,,,,,
Scholl_GUNTHER_c01,Scholl_GUNTHER,Scholl,35,54.0,c01,1,low,low,low,low,1042,published_results/full_campaign_median_T_252_2026-06-04/solutions/Scholl_GUNTHER_c01/epsilon_trace.csv,1,E0_HI_only,0,,True,,False,True,0,360.0,0.0,9,9,0,True,True,360.0,360.0,0.0,0,2181,0.1967623233795166,0.0,0.0,,35,0,0,0,0,0,0
Scholl_GUNTHER_c01,Scholl_GUNTHER,Scholl,35,54.0,c01,1,low,low,low,low,1042,published_results/full_campaign_median_T_252_2026-06-04/solutions/Scholl_GUNTHER_c01/epsilon_trace.csv,2,epsilon,1,359,True,,False,True,0,347.0,21.549999999999997,11,8,3,True,False,0.0,21.55,100.0,3758,1429126,301.32391810417175,17.0,4.55,0.4383,32,3,0,0,0,0,0
Scholl_GUNTHER_c01,Scholl_GUNTHER,Scholl,35,54.0,c01,1,low,low,low,low,1042,published_results/full_campaign_median_T_252_2026-06-04/solutions/Scholl_GUNTHER_c01/epsilon_trace.csv,3,epsilon,2,346,True,,False,True,1,338.0,18.3,10,8,2,True,False,0.0,18.3,100.0,3891,1352653,301.31754899024963,16.0,2.3000000000000003,0.5741,30,5,0,0,0,0,0
Scholl_GUNTHER_c01,Scholl_GUNTHER,Scholl,35,54.0,c01,1,low,low,low,low,1042,published_results/full_campaign_median_T_252_2026-06-04/solutions/Scholl_GUNTHER_c01/epsilon_trace.csv,4,epsilon,3,337,True,,False,True,0,312.0,30.25,10,7,4,True,False,0.0,30.25,100.0,3578,1578035,301.30321192741394,24.0,6.25,0.4213,22,3,0,0,10,0,0
Scholl_GUNTHER_c01,Scholl_GUNTHER,Scholl,35,54.0,c01,1,low,low,low,low,1042,published_results/full_campaign_median_T_252_2026-06-04/solutions/Scholl_GUNTHER_c01/epsilon_trace.csv,5,epsilon,4,311,True,,False,True,1,307.0,29.9,10,7,3,True,False,0.0,29.9,100.0,3702,1604223,301.3181493282318,27.0,2.9000000000000004,0.642,30,5,0,0,0,0,0
Scholl_GUNTHER_c01,Scholl_GUNTHER,Scholl,35,54.0,c01,1,low,low,low,low,1042,published_results/full_campaign_median_T_252_2026-06-04/solutions/Scholl_GUNTHER_c01/epsilon_trace.csv,6,epsilon,5,306,True,,False,True,1,303.0,25.049999999999997,9,7,3,True,False,0.0,25.05,100.0,3245,1403909,301.35806488990784,21.0,4.05,0.5,25,2,0,0,8,0,0
Scholl_GUNTHER_c01,Scholl_GUNTHER,Scholl,35,54.0,c01,1,low,low,low,low,1042,published_results/full_campaign_median_T_252_2026-06-04/solutions/Scholl_GUNTHER_c01/epsilon_trace.csv,7,epsilon,6,302,True,,False,True,0,286.0,40.349999999999994,10,6,6,True,False,0.0,40.35,100.0,3573,1185423,301.32405400276184,31.0,9.35,0.4228,17,5,0,0,7,4,2
Scholl_GUNTHER_c01,Scholl_GUNTHER,Scholl,35,54.0,c01,1,low,low,low,low,1042,published_results/full_campaign_median_T_252_2026-06-04/solutions/Scholl_GUNTHER_c01/epsilon_trace.csv,8,epsilon,7,285,True,,False,True,0,277.0,44.44999999999999,9,6,5,True,False,0.0021626297578,44.45,99.9951,2583,1344626,301.30870485305786,40.0,4.45,0.6704,15,6,0,0,6,2,6
Scholl_GUNTHER_c01,Scholl_GUNTHER,Scholl,35,54.0,c01,1,low,low,low,low,1042,published_results/full_campaign_median_T_252_2026-06-04/solutions/Scholl_GUNTHER_c01/epsilon_trace.csv,9,epsilon,8,276,True,,False,True,0,276.0,49.5,10,6,4,True,False,0.22302158273,49.5,99.5495,1780,1619379,601.2690649032593,47.0,2.5,0.7685,25,10,0,0,0,0,0
Scholl_GUNTHER_c01,Scholl_GUNTHER,Scholl,35,54.0,c01,1,low,low,low,low,1042,published_results/full_campaign_median_T_252_2026-06-04/solutions/Scholl_GUNTHER_c01/epsilon_trace.csv,10,epsilon,9,275,True,,False,True,3,264.0,37.05,7,6,4,True,False,0.16381448413,37.05,99.5579,3447,2708661,601.1955139636993,34.0,3.0500000000000003,0.7176,12,2,0,0,9,8,4
Scholl_GUNTHER_c01,Scholl_GUNTHER,Scholl,35,54.0,c01,1,low,low,low,low,1042,published_results/full_campaign_median_T_252_2026-06-04/solutions/Scholl_GUNTHER_c01/epsilon_trace.csv,11,epsilon,10,263,True,,False,True,0,263.0,37.25,8,6,3,True,False,0.0,37.25,100.0,3617,1278509,301.2800278663635,36.0,1.25,0.8457,23,4,0,0,8,0,0
Scholl_GUNTHER_c01,Scholl_GUNTHER,Scholl,35,54.0,c01,1,low,low,low,low,1042,published_results/full_campaign_median_T_252_2026-06-04/solutions/Scholl_GUNTHER_c01/epsilon_trace.csv,12,epsilon,11,262,True,,False,True,0,241.0,59.15,9,5,5,True,False,0.16666666667,59.15,99.7182,3466,1403351,301.284481048584,56.0,3.1500000000000004,0.7667,17,13,0,0,5,0,0
Scholl_GUNTHER_c01,Scholl_GUNTHER,Scholl,35,54.0,c01,1,low,low,low,low,1042,published_results/full_campaign_median_T_252_2026-06-04/solutions/Scholl_GUNTHER_c01/epsilon_trace.csv,13,epsilon,12,240,True,,False,True,1,228.0,49.0,7,5,4,True,False,0.43433238792,49.0,99.1136,3452,2414385,601.1986780166626,48.0,1.0,0.9074,12,6,0,0,9,5,3
Scholl_GUNTHER_c01,Scholl_GUNTHER,Scholl,35,54.0,c01,1,low,low,low,low,1042,published_results/full_campaign_median_T_252_2026-06-04/solutions/Scholl_GUNTHER_c01/epsilon_trace.csv,14,epsilon,13,227,True,,False,True,0,214.0,77.64999999999999,10,4,6,True,False,0.22186191734,77.65,99.7143,78,670985,301.29869198799133,75.0,2.6500000000000004,0.8364,20,15,0,0,0,0,0
Scholl_GUNTHER_c01,Scholl_GUNTHER,Scholl,35,54.0,c01,1,low,low,low,low,1042,published_results/full_campaign_median_T_252_2026-06-04/solutions/Scholl_GUNTHER_c01/epsilon_trace.csv,15,epsilon,14,213,True,,False,True,0,211.0,97.59999999999998,12,3,11,True,False,0.28571428571,97.6,99.7073,347,702992,301.3707900047302,84.0,13.600000000000001,0.5421,2,16,0,0,10,4,3
Scholl_GUNTHER_c01,Scholl_GUNTHER,Scholl,35,54.0,c01,1,low,low,low,low,1042,published_results/full_campaign_median_T_252_2026-06-04/solutions/Scholl_GUNTHER_c01/epsilon_trace.csv,16,epsilon,15,210,True,,False,True,1,202.0,95.60000000000001,11,3,10,True,False,0.29071854545,95.6,99.6959,986,1340476,301.3314440250397,86.0,9.600000000000001,0.6444,3,18,0,0,0,11,3
Scholl_GUNTHER_c01,Scholl_GUNTHER,Scholl,35,54.0,c01,1,low,low,low,low,1042,published_results/full_campaign_median_T_252_2026-06-04/solutions/Scholl_GUNTHER_c01/epsilon_trace.csv,17,epsilon,16,201,True,,False,True,2,197.0,59.0,7,4,5,True,False,0.3074872591,59.0,99.4788,23,471194,301.2980799674988,57.0,2.0,0.8519,16,6,0,0,13,0,0
Scholl_GUNTHER_c01,Scholl_GUNTHER,Scholl,35,54.0,c01,1,low,low,low,low,1042,published_results/full_campaign_median_T_252_2026-06-04/solutions/Scholl_GUNTHER_c01/epsilon_trace.csv,18,epsilon,17,196,True,,False,True,0,193.0,86.95,10,3,9,True,False,0.33333333333,86.95,99.6166,116,469354,301.29610085487366,78.0,8.950000000000001,0.6317,5,15,0,0,7,4,4
Scholl_GUNTHER_c01,Scholl_GUNTHER,Scholl,35,54.0,c01,1,low,low,low,low,1042,published_results/full_campaign_median_T_252_2026-06-04/solutions/Scholl_GUNTHER_c01/epsilon_trace.csv,19,epsilon,18,192,True,,False,True,0,179.0,93.35,9,3,7,True,False,0.42857142857,93.35,99.5409,273,714367,301.56875109672546,92.0,1.35,0.9286,9,19,0,0,0,4,3
Scholl_GUNTHER_c01,Scholl_GUNTHER,Scholl,35,54.0,c01,1,low,low,low,low,1042,published_results/full_campaign_median_T_252_2026-06-04/solutions/Scholl_GUNTHER_c01/epsilon_trace.csv,20,epsilon,19,178,True,,False,True,2,170.0,85.80000000000001,8,3,6,True,False,0.65529695228,85.8,99.2363,1090,1262537,301.3182690143585,84.0,1.8,0.8889,7,19,0,0,9,0,0
Scholl_GUNTHER_c01,Scholl_GUNTHER,Scholl,35,54.0,c01,1,low,low,low,low,1042,published_results/full_campaign_median_T_252_2026-06-04/solutions/Scholl_GUNTHER_c01/epsilon_trace.csv,21,epsilon,20,169,True,,False,True,0,157.0,104.84999999999998,10,2,9,True,False,1.892886831,104.85,98.1947,2761,1984660,601.1978380680084,98.0,6.8500000000000005,0.7181,7,19,0,0,9,0,0
Scholl_GUNTHER_c01,Scholl_GUNTHER,Scholl,35,54.0,c01,1,low,low,low,low,1042,published_results/full_campaign_median_T_252_2026-06-04/solutions/Scholl_GUNTHER_c01/epsilon_trace.csv,22,epsilon,21,156,True,,False,True,1,139.0,96.95000000000002,8,2,7,True,False,3.5414558981,96.95,96.3471,3355,1838320,301.2706367969513,95.0,1.9500000000000002,0.8968,5,19,0,0,11,0,0
Scholl_GUNTHER_c01,Scholl_GUNTHER,Scholl,35,54.0,c01,1,low,low,low,low,1042,published_results/full_campaign_median_T_252_2026-06-04/solutions/Scholl_GUNTHER_c01/epsilon_trace.csv,23,epsilon,22,138,True,,False,True,0,135.0,98.89999999999999,7,2,7,True,False,6.1081897926,98.9,93.8239,3543,1804406,301.29069995880127,98.0,0.9,0.9524,0,20,0,0,10,2,3
Scholl_GUNTHER_c01,Scholl_GUNTHER,Scholl,35,54.0,c01,1,low,low,low,low,1042,published_results/full_campaign_median_T_252_2026-06-04/solutions/Scholl_GUNTHER_c01/epsilon_trace.csv,24,epsilon,23,134,True,,False,True,0,117.0,120.60000000000001,9,1,9,True,False,12.621736078,120.6,89.5342,3417,1989280,301.27992129325867,117.0,3.6,0.8519,0,25,0,0,10,0,0
Scholl_GUNTHER_c01,Scholl_GUNTHER,Scholl,35,54.0,c01,1,low,low,low,low,1042,published_results/full_campaign_median_T_252_2026-06-04/solutions/Scholl_GUNTHER_c01/epsilon_trace.csv,25,epsilon,24,116,True,,False,True,1,108.0,115.35,8,1,8,True,False,61.120157455,115.35,47.0133,7352,2799454,301.2861750125885,114.0,1.35,0.9375,0,26,0,0,9,0,0
Scholl_GUNTHER_c01,Scholl_GUNTHER,Scholl,35,54.0,c01,1,low,low,low,low,1042,published_results/full_campaign_median_T_252_2026-06-04/solutions/Scholl_GUNTHER_c01/epsilon_trace.csv,26,epsilon,25,107,True,,False,True,0,90.0,144.50000000000003,10,0,10,True,True,144.5,144.5,0.0,1822,507072,46.940489768981934,142.0,2.5,0.9074,0,35,0,0,0,0,0
Scholl_GUNTHER_c01,Scholl_GUNTHER,Scholl,35,54.0,c01,1,low,low,low,low,1042,published_results/full_campaign_median_T_252_2026-06-04/solutions/Scholl_GUNTHER_c01/epsilon_trace.csv,27,epsilon,26,89,False,infeasible,,,0,,,,,,,,,,,,,,,,,,,,,,,
Scholl_GUNTHER_c02,Scholl_GUNTHER,Scholl,35,54.0,c02,2,low,mid,mid,mid,2042,published_results/full_campaign_median_T_252_2026-06-04/solutions/Scholl_GUNTHER_c02/epsilon_trace.csv,1,E0_HI_only,0,,True,,False,True,0,360.0,0.0,9,9,0,True,True,360.0,360.0,0.0,0,2181,0.1895129680633545,0.0,0.0,,35,0,0,0,0,0,0
Scholl_GUNTHER_c02,Scholl_GUNTHER,Scholl,35,54.0,c02,2,low,mid,mid,mid,2042,published_results/full_campaign_median_T_252_2026-06-04/solutions/Scholl_GUNTHER_c02/epsilon_trace.csv,2,epsilon,1,359,True,,False,True,0,338.0,17.650000000000002,10,8,2,True,False,0.0,17.65,100.0,3779,1820522,301.29689717292786,15.0,2.6500000000000004,0.5093,31,4,0,0,0,0,0
Scholl_GUNTHER_c02,Scholl_GUNTHER,Scholl,35,54.0,c02,2,low,mid,mid,mid,2042,published_results/full_campaign_median_T_252_2026-06-04/solutions/Scholl_GUNTHER_c02/epsilon_trace.csv,3,epsilon,2,337,True,,False,True,0,307.0,33.650000000000006,10,7,3,True,False,0.0,33.65,100.0,3450,2036154,301.3235740661621,31.0,2.6500000000000004,0.6728,27,8,0,0,0,0,0
Scholl_GUNTHER_c02,Scholl_GUNTHER,Scholl,35,54.0,c02,2,low,mid,mid,mid,2042,published_results/full_campaign_median_T_252_2026-06-04/solutions/Scholl_GUNTHER_c02/epsilon_trace.csv,4,epsilon,3,306,True,,False,True,1,299.0,33.650000000000006,8,7,3,True,False,0.0,33.65,100.0,3671,1173567,301.3833677768707,33.0,0.65,0.9198,22,2,0,0,4,5,2
Scholl_GUNTHER_c02,Scholl_GUNTHER,Scholl,35,54.0,c02,2,low,mid,mid,mid,2042,published_results/full_campaign_median_T_252_2026-06-04/solutions/Scholl_GUNTHER_c02/epsilon_trace.csv,5,epsilon,4,298,True,,False,True,0,286.0,48.24999999999999,10,6,6,True,False,0.0,48.25,100.0,3530,1327125,301.3688111305237,42.0,6.25,0.6142,15,6,0,0,0,10,4
Scholl_GUNTHER_c02,Scholl_GUNTHER,Scholl,35,54.0,c02,2,low,mid,mid,mid,2042,published_results/full_campaign_median_T_252_2026-06-04/solutions/Scholl_GUNTHER_c02/epsilon_trace.csv,6,epsilon,5,285,True,,False,True,0,276.0,49.15,10,6,4,True,False,0.0,49.15,100.0,3418,1020417,301.3135738372803,47.0,2.15,0.8009,27,8,0,0,0,0,0
Scholl_GUNTHER_c02,Scholl_GUNTHER,Scholl,35,54.0,c02,2,low,mid,mid,mid,2042,published_results/full_campaign_median_T_252_2026-06-04/solutions/Scholl_GUNTHER_c02/epsilon_trace.csv,7,epsilon,6,275,True,,False,True,1,272.0,48.45,9,6,4,True,False,0.048138564597,48.45,99.9006,3411,1573479,301.27480387687683,47.0,1.4500000000000002,0.8657,21,9,0,0,0,2,3
Scholl_GUNTHER_c02,Scholl_GUNTHER,Scholl,35,54.0,c02,2,low,mid,mid,mid,2042,published_results/full_campaign_median_T_252_2026-06-04/solutions/Scholl_GUNTHER_c02/epsilon_trace.csv,8,epsilon,7,271,True,,False,True,0,246.0,93.05,13,4,10,True,False,0.14303982463,93.05,99.8463,3368,1337434,301.30679988861084,81.0,12.05,0.5537,12,17,0,0,0,4,2
Scholl_GUNTHER_c02,Scholl_GUNTHER,Scholl,35,54.0,c02,2,low,mid,mid,mid,2042,published_results/full_campaign_median_T_252_2026-06-04/solutions/Scholl_GUNTHER_c02/epsilon_trace.csv,9,epsilon,8,245,True,,False,True,1,245.0,64.85000000000001,10,5,5,True,False,0.049795874079,64.85,99.9232,4085,2431119,601.6440808773041,62.0,2.85,0.7889,24,11,0,0,0,0,0
Scholl_GUNTHER_c02,Scholl_GUNTHER,Scholl,35,54.0,c02,2,low,mid,mid,mid,2042,published_results/full_campaign_median_T_252_2026-06-04/solutions/Scholl_GUNTHER_c02/epsilon_trace.csv,10,epsilon,9,244,True,,False,True,0,241.0,71.14999999999999,9,5,5,True,False,0.043138867627,71.15,99.9394,1766,1435843,301.32088589668274,70.0,1.1500000000000001,0.9148,14,13,0,0,0,3,5
Scholl_GUNTHER_c02,Scholl_GUNTHER,Scholl,35,54.0,c02,2,low,mid,mid,mid,2042,published_results/full_campaign_median_T_252_2026-06-04/solutions/Scholl_GUNTHER_c02/epsilon_trace.csv,11,epsilon,10,240,True,,False,True,0,233.0,95.89999999999999,11,4,9,True,False,0.15913693474,95.9,99.8341,1346,1355075,301.3177752494812,88.0,7.9,0.6749,7,18,0,0,0,6,4
Scholl_GUNTHER_c02,Scholl_GUNTHER,Scholl,35,54.0,c02,2,low,mid,mid,mid,2042,published_results/full_campaign_median_T_252_2026-06-04/solutions/Scholl_GUNTHER_c02/epsilon_trace.csv,12,epsilon,11,232,True,,False,True,1,232.0,92.2,12,4,8,True,False,0.22268509163,92.2,99.7585,1371,1395705,301.31927824020386,85.0,7.2,0.6667,17,18,0,0,0,0,0
Scholl_GUNTHER_c02,Scholl_GUNTHER,Scholl,35,54.0,c02,2,low,mid,mid,mid,2042,published_results/full_campaign_median_T_252_2026-06-04/solutions/Scholl_GUNTHER_c02/epsilon_trace.csv,13,epsilon,12,231,True,,False,True,1,228.0,83.6,11,4,8,True,False,1.7639699519,83.6,97.89,3463,1853748,601.2140610218048,76.0,7.6000000000000005,0.6481,13,14,0,0,0,6,2
Scholl_GUNTHER_c02,Scholl_GUNTHER,Scholl,35,54.0,c02,2,low,mid,mid,mid,2042,published_results/full_campaign_median_T_252_2026-06-04/solutions/Scholl_GUNTHER_c02/epsilon_trace.csv,14,epsilon,13,227,True,,False,True,0,223.0,84.8,11,4,7,True,False,0.36018957346,84.8,99.5752,1426,1470924,301.3124747276306,79.0,5.800000000000001,0.6931,16,19,0,0,0,0,0
Scholl_GUNTHER_c02,Scholl_GUNTHER,Scholl,35,54.0,c02,2,low,mid,mid,mid,2042,published_results/full_campaign_median_T_252_2026-06-04/solutions/Scholl_GUNTHER_c02/epsilon_trace.csv,15,epsilon,14,222,False,infeasible,,,0,,,,,,,,,,,,,,,,,,,,,,,
Scholl_GUNTHER_c03,Scholl_GUNTHER,Scholl,35,54.0,c03,3,low,high,high,high,3042,published_results/full_campaign_median_T_252_2026-06-04/solutions/Scholl_GUNTHER_c03/epsilon_trace.csv,1,E0_HI_only,0,,True,,False,True,0,360.0,0.0,9,9,0,True,True,360.0,360.0,0.0,0,2181,0.18770098686218262,0.0,0.0,,35,0,0,0,0,0,0
Scholl_GUNTHER_c03,Scholl_GUNTHER,Scholl,35,54.0,c03,3,low,high,high,high,3042,published_results/full_campaign_median_T_252_2026-06-04/solutions/Scholl_GUNTHER_c03/epsilon_trace.csv,2,epsilon,1,359,True,,False,True,0,347.0,21.85,11,8,3,True,False,0.0,21.85,100.0,3584,1618838,301.34010004997253,17.0,4.8500000000000005,0.4012,31,4,0,0,0,0,0
Scholl_GUNTHER_c03,Scholl_GUNTHER,Scholl,35,54.0,c03,3,low,high,high,high,3042,published_results/full_campaign_median_T_252_2026-06-04/solutions/Scholl_GUNTHER_c03/epsilon_trace.csv,3,epsilon,2,346,True,,False,True,1,334.0,15.4,9,8,2,True,False,0.0,15.4,100.0,6156,1432246,301.3283290863037,14.0,1.4000000000000001,0.7407,30,1,0,0,0,2,2
Scholl_GUNTHER_c03,Scholl_GUNTHER,Scholl,35,54.0,c03,3,low,high,high,high,3042,published_results/full_campaign_median_T_252_2026-06-04/solutions/Scholl_GUNTHER_c03/epsilon_trace.csv,4,epsilon,3,333,True,,False,True,0,325.0,39.35,12,7,5,True,False,0.0,39.35,100.0,4570,2088935,301.3164281845093,31.0,8.35,0.3815,27,8,0,0,0,0,0
Scholl_GUNTHER_c03,Scholl_GUNTHER,Scholl,35,54.0,c03,3,low,high,high,high,3042,published_results/full_campaign_median_T_252_2026-06-04/solutions/Scholl_GUNTHER_c03/epsilon_trace.csv,5,epsilon,4,324,True,,False,True,1,307.0,29.8,10,7,3,True,False,0.0,29.8,100.0,4458,1374146,301.30914425849915,27.0,2.8000000000000003,0.6543,30,5,0,0,0,0,0
Scholl_GUNTHER_c03,Scholl_GUNTHER,Scholl,35,54.0,c03,3,low,high,high,high,3042,published_results/full_campaign_median_T_252_2026-06-04/solutions/Scholl_GUNTHER_c03/epsilon_trace.csv,6,epsilon,5,306,True,,False,True,0,276.0,45.1,10,6,4,True,False,5.9164567892e-31,45.1,100.0,4038,1777281,301.3347852230072,42.0,3.1,0.713,26,9,0,0,0,0,0
Scholl_GUNTHER_c03,Scholl_GUNTHER,Scholl,35,54.0,c03,3,low,high,high,high,3042,published_results/full_campaign_median_T_252_2026-06-04/solutions/Scholl_GUNTHER_c03/epsilon_trace.csv,7,epsilon,6,275,True,,False,True,1,272.0,42.65,9,6,4,True,False,0.0,42.65,100.0,3547,1294253,301.36482405662537,41.0,1.6500000000000001,0.8472,25,6,0,0,0,2,2
Scholl_GUNTHER_c03,Scholl_GUNTHER,Scholl,35,54.0,c03,3,low,high,high,high,3042,published_results/full_campaign_median_T_252_2026-06-04/solutions/Scholl_GUNTHER_c03/epsilon_trace.csv,8,epsilon,7,271,True,,False,True,0,245.0,60.75000000000001,10,5,5,True,False,0.15958295142,60.75,99.7373,3541,1140117,301.3110489845276,58.0,2.75,0.7963,25,10,0,0,0,0,0
Scholl_GUNTHER_c03,Scholl_GUNTHER,Scholl,35,54.0,c03,3,low,high,high,high,3042,published_results/full_campaign_median_T_252_2026-06-04/solutions/Scholl_GUNTHER_c03/epsilon_trace.csv,9,epsilon,8,244,True,,False,True,0,223.0,80.05,11,4,7,True,False,0.39384546065,80.05,99.508,3321,1356698,301.27982783317566,74.0,6.050000000000001,0.6799,19,16,0,0,0,0,0
Scholl_GUNTHER_c03,Scholl_GUNTHER,Scholl,35,54.0,c03,3,low,high,high,high,3042,published_results/full_campaign_median_T_252_2026-06-04/solutions/Scholl_GUNTHER_c03/epsilon_trace.csv,10,epsilon,9,222,True,,False,True,1,214.0,79.0,10,4,6,True,False,1.4241666667,79.0,98.1973,3016,1277029,301.36558508872986,76.0,3.0,0.8148,19,16,0,0,0,0,0
Scholl_GUNTHER_c03,Scholl_GUNTHER,Scholl,35,54.0,c03,3,low,high,high,high,3042,published_results/full_campaign_median_T_252_2026-06-04/solutions/Scholl_GUNTHER_c03/epsilon_trace.csv,11,epsilon,10,213,True,,False,True,0,202.0,131.45,15,2,14,True,False,1.1099658677,131.45,99.1556,2583,1664841,301.311115026474,113.0,18.45,0.5119,3,28,2,2,0,0,0
Scholl_GUNTHER_c03,Scholl_GUNTHER,Scholl,35,54.0,c03,3,low,high,high,high,3042,published_results/full_campaign_median_T_252_2026-06-04/solutions/Scholl_GUNTHER_c03/epsilon_trace.csv,12,epsilon,11,201,True,,False,True,1,192.0,93.9,11,3,8,True,False,0.84343884472,93.9,99.1018,42,396245,301.325147151947,88.0,5.9,0.7269,19,16,0,0,0,0,0
Scholl_GUNTHER_c03,Scholl_GUNTHER,Scholl,35,54.0,c03,3,low,high,high,high,3042,published_results/full_campaign_median_T_252_2026-06-04/solutions/Scholl_GUNTHER_c03/epsilon_trace.csv,13,epsilon,12,191,True,,False,True,0,183.0,95.10000000000001,10,3,7,True,False,0.51708333333,95.1,99.4563,408,650710,301.30617117881775,92.0,3.1,0.836,17,18,0,0,0,0,0
Scholl_GUNTHER_c03,Scholl_GUNTHER,Scholl,35,54.0,c03,3,low,high,high,high,3042,published_results/full_campaign_median_T_252_2026-06-04/solutions/Scholl_GUNTHER_c03/epsilon_trace.csv,14,epsilon,13,182,True,,False,True,0,166.0,117.00000000000001,11,2,10,True,False,0.34501264492,117.0,99.7051,1767,1109794,301.30883598327637,110.0,7.0,0.7407,5,23,0,0,0,4,3
Scholl_GUNTHER_c03,Scholl_GUNTHER,Scholl,35,54.0,c03,3,low,high,high,high,3042,published_results/full_campaign_median_T_252_2026-06-04/solutions/Scholl_GUNTHER_c03/epsilon_trace.csv,15,epsilon,14,165,True,,False,True,1,152.0,113.49999999999999,10,2,8,True,False,6.1045817563,113.5,94.6215,1120,1550602,301.2910211086273,111.0,2.5,0.8843,8,27,0,0,0,0,0
Scholl_GUNTHER_c03,Scholl_GUNTHER,Scholl,35,54.0,c03,3,low,high,high,high,3042,published_results/full_campaign_median_T_252_2026-06-04/solutions/Scholl_GUNTHER_c03/epsilon_trace.csv,16,epsilon,15,151,True,,False,True,1,143.0,109.39999999999999,9,2,7,True,False,14.294363245,109.4,86.9339,3321,2067466,301.291198015213,109.0,0.4,0.9788,7,28,0,0,0,0,0
Scholl_GUNTHER_c03,Scholl_GUNTHER,Scholl,35,54.0,c03,3,low,high,high,high,3042,published_results/full_campaign_median_T_252_2026-06-04/solutions/Scholl_GUNTHER_c03/epsilon_trace.csv,17,epsilon,16,142,True,,False,True,0,121.0,128.20000000000002,10,1,9,True,False,19.035722179,128.2,85.1515,3643,1633477,301.26101303100586,125.0,3.2,0.8683,7,28,0,0,0,0,0
Scholl_GUNTHER_c03,Scholl_GUNTHER,Scholl,35,54.0,c03,3,low,high,high,high,3042,published_results/full_campaign_median_T_252_2026-06-04/solutions/Scholl_GUNTHER_c03/epsilon_trace.csv,18,epsilon,17,120,True,,False,True,1,112.0,125.3,9,1,8,True,False,51.439936632,125.3,58.9466,8938,2416394,301.28596591949463,125.0,0.30000000000000004,0.9861,3,32,0,0,0,0,0
Scholl_GUNTHER_c03,Scholl_GUNTHER,Scholl,35,54.0,c03,3,low,high,high,high,3042,published_results/full_campaign_median_T_252_2026-06-04/solutions/Scholl_GUNTHER_c03/epsilon_trace.csv,19,epsilon,18,111,True,,False,True,0,81.0,142.35000000000002,9,0,9,True,True,142.35,142.35,0.0,6877,1019458,74.11053800582886,142.0,0.35000000000000037,0.9856,0,35,0,0,0,0,0
Scholl_GUNTHER_c03,Scholl_GUNTHER,Scholl,35,54.0,c03,3,low,high,high,high,3042,published_results/full_campaign_median_T_252_2026-06-04/solutions/Scholl_GUNTHER_c03/epsilon_trace.csv,20,epsilon,19,80,False,infeasible,,,0,,,,,,,,,,,,,,,,,,,,,,,
Scholl_GUNTHER_c04,Scholl_GUNTHER,Scholl,35,54.0,c04,4,mid,low,mid,high,4042,published_results/full_campaign_median_T_252_2026-06-04/solutions/Scholl_GUNTHER_c04/epsilon_trace.csv,1,E0_HI_only,0,,True,,False,True,0,360.0,0.0,9,9,0,True,True,360.0,360.0,0.0,0,2181,0.19342684745788574,0.0,0.0,,35,0,0,0,0,0,0
Scholl_GUNTHER_c04,Scholl_GUNTHER,Scholl,35,54.0,c04,4,mid,low,mid,high,4042,published_results/full_campaign_median_T_252_2026-06-04/solutions/Scholl_GUNTHER_c04/epsilon_trace.csv,2,epsilon,1,359,True,,False,True,0,343.0,18.25,10,8,3,True,False,0.0,18.25,100.0,3767,1210506,301.3504090309143,13.0,5.25,0.3519,27,2,0,0,6,0,0
Scholl_GUNTHER_c04,Scholl_GUNTHER,Scholl,35,54.0,c04,4,mid,low,mid,high,4042,published_results/full_campaign_median_T_252_2026-06-04/solutions/Scholl_GUNTHER_c04/epsilon_trace.csv,3,epsilon,2,342,True,,False,True,1,325.0,11.3,8,8,1,True,False,0.0,11.3,100.0,5138,1972199,301.31834864616394,11.0,0.30000000000000004,0.8889,29,0,0,0,6,0,0
Scholl_GUNTHER_c04,Scholl_GUNTHER,Scholl,35,54.0,c04,4,mid,low,mid,high,4042,published_results/full_campaign_median_T_252_2026-06-04/solutions/Scholl_GUNTHER_c04/epsilon_trace.csv,4,epsilon,3,324,True,,False,True,0,303.0,27.2,9,7,3,True,False,0.0,27.2,100.0,3774,1443919,301.3003010749817,24.0,3.2,0.6049,25,2,0,0,8,0,0
Scholl_GUNTHER_c04,Scholl_GUNTHER,Scholl,35,54.0,c04,4,mid,low,mid,high,4042,published_results/full_campaign_median_T_252_2026-06-04/solutions/Scholl_GUNTHER_c04/epsilon_trace.csv,5,epsilon,4,302,True,,False,True,1,290.0,20.900000000000002,7,7,2,True,False,0.1275,20.9,99.39,4017,1225935,301.2911651134491,20.0,0.9,0.8333,23,0,0,0,12,0,0
Scholl_GUNTHER_c04,Scholl_GUNTHER,Scholl,35,54.0,c04,4,mid,low,mid,high,4042,published_results/full_campaign_median_T_252_2026-06-04/solutions/Scholl_GUNTHER_c04/epsilon_trace.csv,6,epsilon,5,289,True,,False,True,0,255.0,28.6,6,6,3,True,False,0.0,28.6,100.0,3430,1861939,301.2688298225403,27.0,1.6,0.8025,20,0,0,0,15,0,0
Scholl_GUNTHER_c04,Scholl_GUNTHER,Scholl,35,54.0,c04,4,mid,low,mid,high,4042,published_results/full_campaign_median_T_252_2026-06-04/solutions/Scholl_GUNTHER_c04/epsilon_trace.csv,7,epsilon,6,254,True,,False,True,0,215.0,35.4,5,5,3,True,False,0.17592592593,35.4,99.503,510,1133225,301.3021562099457,35.0,0.4,0.9506,14,0,0,0,21,0,0
Scholl_GUNTHER_c04,Scholl_GUNTHER,Scholl,35,54.0,c04,4,mid,low,mid,high,4042,published_results/full_campaign_median_T_252_2026-06-04/solutions/Scholl_GUNTHER_c04/epsilon_trace.csv,8,epsilon,7,214,True,,False,True,0,193.0,55.699999999999996,6,4,5,True,False,3.537037037,55.7,93.6498,2846,3592375,601.3862552642822,53.0,2.7,0.8,9,3,0,0,23,0,0
Scholl_GUNTHER_c04,Scholl_GUNTHER,Scholl,35,54.0,c04,4,mid,low,mid,high,4042,published_results/full_campaign_median_T_252_2026-06-04/solutions/Scholl_GUNTHER_c04/epsilon_trace.csv,9,epsilon,8,192,True,,False,True,0,184.0,94.25,9,3,8,True,False,6.7731341047,94.25,92.8137,3293,2048780,301.28156995773315,90.0,4.25,0.8032,6,15,0,0,14,0,0
Scholl_GUNTHER_c04,Scholl_GUNTHER,Scholl,35,54.0,c04,4,mid,low,mid,high,4042,published_results/full_campaign_median_T_252_2026-06-04/solutions/Scholl_GUNTHER_c04/epsilon_trace.csv,10,epsilon,9,183,True,,False,True,0,175.0,95.2,8,3,7,True,False,7.0036707921,95.2,92.6432,4909,2112199,301.3021960258484,94.0,1.2000000000000002,0.9365,4,11,0,0,20,0,0
Scholl_GUNTHER_c04,Scholl_GUNTHER,Scholl,35,54.0,c04,4,mid,low,mid,high,4042,published_results/full_campaign_median_T_252_2026-06-04/solutions/Scholl_GUNTHER_c04/epsilon_trace.csv,11,epsilon,10,174,False,infeasible,,,0,,,,,,,,,,,,,,,,,,,,,,,
Scholl_GUNTHER_c05,Scholl_GUNTHER,Scholl,35,54.0,c05,5,mid,mid,high,low,5042,published_results/full_campaign_median_T_252_2026-06-04/solutions/Scholl_GUNTHER_c05/epsilon_trace.csv,1,E0_HI_only,0,,True,,False,True,0,360.0,0.0,9,9,0,True,True,360.0,360.0,0.0,0,2181,0.19426894187927246,0.0,0.0,,35,0,0,0,0,0,0
Scholl_GUNTHER_c05,Scholl_GUNTHER,Scholl,35,54.0,c05,5,mid,mid,high,low,5042,published_results/full_campaign_median_T_252_2026-06-04/solutions/Scholl_GUNTHER_c05/epsilon_trace.csv,2,epsilon,1,359,True,,False,True,0,356.0,34.300000000000004,12,8,4,True,False,0.0,34.3,100.0,3735,1181423,301.3276948928833,29.0,5.300000000000001,0.5093,30,5,0,0,0,0,0
Scholl_GUNTHER_c05,Scholl_GUNTHER,Scholl,35,54.0,c05,5,mid,mid,high,low,5042,published_results/full_campaign_median_T_252_2026-06-04/solutions/Scholl_GUNTHER_c05/epsilon_trace.csv,3,epsilon,2,355,True,,False,True,1,334.0,19.099999999999998,9,8,2,True,False,0.0,19.1,100.0,3360,1596070,301.508474111557,18.0,1.1,0.7963,29,1,0,0,0,2,3
Scholl_GUNTHER_c05,Scholl_GUNTHER,Scholl,35,54.0,c05,5,mid,mid,high,low,5042,published_results/full_campaign_median_T_252_2026-06-04/solutions/Scholl_GUNTHER_c05/epsilon_trace.csv,4,epsilon,3,333,True,,False,True,0,326.0,47.449999999999996,11,7,6,True,False,0.0,47.45,100.0,4221,2223538,301.325945854187,41.0,6.45,0.6019,23,6,0,0,6,0,0
Scholl_GUNTHER_c05,Scholl_GUNTHER,Scholl,35,54.0,c05,5,mid,mid,high,low,5042,published_results/full_campaign_median_T_252_2026-06-04/solutions/Scholl_GUNTHER_c05/epsilon_trace.csv,5,epsilon,4,325,True,,False,True,1,308.0,38.95,9,7,4,True,False,0.0,38.95,100.0,3572,1623074,301.33045387268066,37.0,1.9500000000000002,0.8194,21,5,0,0,0,6,3
Scholl_GUNTHER_c05,Scholl_GUNTHER,Scholl,35,54.0,c05,5,mid,mid,high,low,5042,published_results/full_campaign_median_T_252_2026-06-04/solutions/Scholl_GUNTHER_c05/epsilon_trace.csv,6,epsilon,5,307,True,,False,True,0,303.0,74.70000000000002,13,6,7,True,False,0.0,74.7,100.0,3972,2882968,601.273209810257,69.0,5.7,0.6984,27,8,0,0,0,0,0
Scholl_GUNTHER_c05,Scholl_GUNTHER,Scholl,35,54.0,c05,5,mid,mid,high,low,5042,published_results/full_campaign_median_T_252_2026-06-04/solutions/Scholl_GUNTHER_c05/epsilon_trace.csv,7,epsilon,6,302,True,,False,True,1,290.0,63.849999999999994,11,6,6,True,False,0.0,63.85,100.0,3546,1789180,301.3081810474396,60.0,3.85,0.7623,23,10,0,0,2,0,0
Scholl_GUNTHER_c05,Scholl_GUNTHER,Scholl,35,54.0,c05,5,mid,mid,high,low,5042,published_results/full_campaign_median_T_252_2026-06-04/solutions/Scholl_GUNTHER_c05/epsilon_trace.csv,8,epsilon,7,289,False,infeasible,,,0,,,,,,,,,,,,,,,,,,,,,,,
Scholl_GUNTHER_c06,Scholl_GUNTHER,Scholl,35,54.0,c06,6,mid,high,low,mid,6042,published_results/full_campaign_median_T_252_2026-06-04/solutions/Scholl_GUNTHER_c06/epsilon_trace.csv,1,E0_HI_only,0,,True,,False,True,0,360.0,0.0,9,9,0,True,True,360.0,360.0,0.0,0,2181,0.5612330436706543,0.0,0.0,,35,0,0,0,0,0,0
Scholl_GUNTHER_c06,Scholl_GUNTHER,Scholl,35,54.0,c06,6,mid,high,low,mid,6042,published_results/full_campaign_median_T_252_2026-06-04/solutions/Scholl_GUNTHER_c06/epsilon_trace.csv,2,epsilon,1,359,True,,False,True,0,338.0,21.65,10,8,2,True,False,0.0,21.65,100.0,5944,2452156,301.2997839450836,20.0,1.6500000000000001,0.6944,33,2,0,0,0,0,0
Scholl_GUNTHER_c06,Scholl_GUNTHER,Scholl,35,54.0,c06,6,mid,high,low,mid,6042,published_results/full_campaign_median_T_252_2026-06-04/solutions/Scholl_GUNTHER_c06/epsilon_trace.csv,3,epsilon,2,337,True,,False,True,0,321.0,81.69999999999999,15,6,9,True,False,0.0,81.7,100.0,3688,1758378,301.2689769268036,71.0,10.700000000000001,0.5597,24,11,0,0,0,0,0
Scholl_GUNTHER_c06,Scholl_GUNTHER,Scholl,35,54.0,c06,6,mid,high,low,mid,6042,published_results/full_campaign_median_T_252_2026-06-04/solutions/Scholl_GUNTHER_c06/epsilon_trace.csv,4,epsilon,3,320,True,,False,True,1,299.0,68.5,12,6,7,True,False,0.0,68.5,100.0,3470,2093088,301.33029103279114,62.0,6.5,0.6561,20,9,0,0,0,4,2
Scholl_GUNTHER_c06,Scholl_GUNTHER,Scholl,35,54.0,c06,6,mid,high,low,mid,6042,published_results/full_campaign_median_T_252_2026-06-04/solutions/Scholl_GUNTHER_c06/epsilon_trace.csv,5,epsilon,4,298,True,,False,True,1,285.0,64.30000000000001,11,6,5,True,False,0.0,64.3,100.0,3791,1953361,301.3259947299957,62.0,2.3000000000000003,0.8296,24,11,0,0,0,0,0
Scholl_GUNTHER_c06,Scholl_GUNTHER,Scholl,35,54.0,c06,6,mid,high,low,mid,6042,published_results/full_campaign_median_T_252_2026-06-04/solutions/Scholl_GUNTHER_c06/epsilon_trace.csv,6,epsilon,5,284,True,,False,True,0,259.0,82.55000000000001,11,5,7,True,False,0.014882708585,82.55,99.982,1729,2807708,601.215852022171,80.0,2.5500000000000003,0.8651,18,13,0,0,0,2,2
Scholl_GUNTHER_c06,Scholl_GUNTHER,Scholl,35,54.0,c06,6,mid,high,low,mid,6042,published_results/full_campaign_median_T_252_2026-06-04/solutions/Scholl_GUNTHER_c06/epsilon_trace.csv,7,epsilon,6,258,False,infeasible,,,0,,,,,,,,,,,,,,,,,,,,,,,
Scholl_GUNTHER_c07,Scholl_GUNTHER,Scholl,35,54.0,c07,7,high,low,high,mid,7042,published_results/full_campaign_median_T_252_2026-06-04/solutions/Scholl_GUNTHER_c07/epsilon_trace.csv,1,E0_HI_only,0,,True,,False,True,0,360.0,0.0,9,9,0,True,True,360.0,360.0,0.0,0,2181,0.19570493698120117,0.0,0.0,,35,0,0,0,0,0,0
Scholl_GUNTHER_c07,Scholl_GUNTHER,Scholl,35,54.0,c07,7,high,low,high,mid,7042,published_results/full_campaign_median_T_252_2026-06-04/solutions/Scholl_GUNTHER_c07/epsilon_trace.csv,2,epsilon,1,359,True,,False,True,0,334.0,16.55,9,8,2,True,False,0.0,16.55,100.0,3609,2126470,301.2943091392517,14.0,2.5500000000000003,0.5278,26,1,0,0,8,0,0
Scholl_GUNTHER_c07,Scholl_GUNTHER,Scholl,35,54.0,c07,7,high,low,high,mid,7042,published_results/full_campaign_median_T_252_2026-06-04/solutions/Scholl_GUNTHER_c07/epsilon_trace.csv,3,epsilon,2,333,True,,False,True,1,325.0,9.45,8,8,1,True,False,0.0,9.45,100.0,6979,1899268,301.32144808769226,9.0,0.45,0.8333,30,0,0,0,5,0,0
Scholl_GUNTHER_c07,Scholl_GUNTHER,Scholl,35,54.0,c07,7,high,low,high,mid,7042,published_results/full_campaign_median_T_252_2026-06-04/solutions/Scholl_GUNTHER_c07/epsilon_trace.csv,4,epsilon,3,324,True,,False,True,0,308.0,26.400000000000002,9,7,4,True,False,0.0,26.4,100.0,4984,2042238,301.32408118247986,20.0,6.4,0.4074,23,2,0,0,10,0,0
Scholl_GUNTHER_c07,Scholl_GUNTHER,Scholl,35,54.0,c07,7,high,low,high,mid,7042,published_results/full_campaign_median_T_252_2026-06-04/solutions/Scholl_GUNTHER_c07/epsilon_trace.csv,5,epsilon,4,307,True,,False,True,0,303.0,35.0,9,7,3,True,False,0.0,35.0,100.0,3718,2753549,301.3501467704773,34.0,1.0,0.8765,25,2,0,0,8,0,0
Scholl_GUNTHER_c07,Scholl_GUNTHER,Scholl,35,54.0,c07,7,high,low,high,mid,7042,published_results/full_campaign_median_T_252_2026-06-04/solutions/Scholl_GUNTHER_c07/epsilon_trace.csv,6,epsilon,5,302,True,,False,True,1,299.0,26.6,8,7,3,True,False,0.0,26.6,100.0,4145,1754258,301.35213804244995,23.0,3.6,0.5556,18,2,0,0,15,0,0
Scholl_GUNTHER_c07,Scholl_GUNTHER,Scholl,35,54.0,c07,7,high,low,high,mid,7042,published_results/full_campaign_median_T_252_2026-06-04/solutions/Scholl_GUNTHER_c07/epsilon_trace.csv,7,epsilon,6,298,True,,False,True,0,277.0,35.5,9,6,5,True,False,0.0,35.5,100.0,3803,1751956,301.3076419830322,28.0,7.5,0.4444,17,3,0,0,15,0,0
Scholl_GUNTHER_c07,Scholl_GUNTHER,Scholl,35,54.0,c07,7,high,low,high,mid,7042,published_results/full_campaign_median_T_252_2026-06-04/solutions/Scholl_GUNTHER_c07/epsilon_trace.csv,8,epsilon,7,276,True,,False,True,1,259.0,28.6,7,6,3,True,False,0.072246497893,28.6,99.7474,3477,1706288,301.28574895858765,26.0,2.6,0.679,18,1,0,0,16,0,0
Scholl_GUNTHER_c07,Scholl_GUNTHER,Scholl,35,54.0,c07,7,high,low,high,mid,7042,published_results/full_campaign_median_T_252_2026-06-04/solutions/Scholl_GUNTHER_c07/epsilon_trace.csv,9,epsilon,8,258,True,,False,True,3,250.0,23.1,6,6,2,True,False,0.50663366337,23.1,97.8068,2640,2288627,301.2966299057007,23.0,0.1,0.9815,19,0,0,0,16,0,0
Scholl_GUNTHER_c07,Scholl_GUNTHER,Scholl,35,54.0,c07,7,high,low,high,mid,7042,published_results/full_campaign_median_T_252_2026-06-04/solutions/Scholl_GUNTHER_c07/epsilon_trace.csv,10,epsilon,9,249,True,,False,True,0,224.0,36.2,6,5,4,True,False,0.37990108855,36.2,98.9505,5043,2340356,301.2790410518646,33.0,3.2,0.7037,15,1,0,0,19,0,0
Scholl_GUNTHER_c07,Scholl_GUNTHER,Scholl,35,54.0,c07,7,high,low,high,mid,7042,published_results/full_campaign_median_T_252_2026-06-04/solutions/Scholl_GUNTHER_c07/epsilon_trace.csv,11,epsilon,10,223,True,,False,True,0,215.0,38.449999999999996,5,5,3,True,False,0.82952278988,38.45,97.8426,2231,2187297,301.30144476890564,38.0,0.45,0.9444,9,0,0,0,26,0,0
Scholl_GUNTHER_c07,Scholl_GUNTHER,Scholl,35,54.0,c07,7,high,low,high,mid,7042,published_results/full_campaign_median_T_252_2026-06-04/solutions/Scholl_GUNTHER_c07/epsilon_trace.csv,12,epsilon,11,214,True,,False,True,0,184.0,49.699999999999996,5,4,4,True,False,4.0728964025,49.7,91.805,3683,2381951,301.2764401435852,49.0,0.7000000000000001,0.9352,8,1,0,0,26,0,0
Scholl_GUNTHER_c07,Scholl_GUNTHER,Scholl,35,54.0,c07,7,high,low,high,mid,7042,published_results/full_campaign_median_T_252_2026-06-04/solutions/Scholl_GUNTHER_c07/epsilon_trace.csv,13,epsilon,12,183,True,,False,True,0,180.0,83.69999999999999,8,3,8,True,False,13.579721854,83.7,83.7757,5268,2465966,301.26471400260925,77.0,6.7,0.6898,0,10,0,0,25,0,0
Scholl_GUNTHER_c07,Scholl_GUNTHER,Scholl,35,54.0,c07,7,high,low,high,mid,7042,published_results/full_campaign_median_T_252_2026-06-04/solutions/Scholl_GUNTHER_c07/epsilon_trace.csv,14,epsilon,13,179,True,,False,True,0,171.0,87.85000000000001,7,3,7,True,False,8.544185719,87.85,90.2741,2462,2854263,301.29044580459595,85.0,2.85,0.8492,0,6,0,0,29,0,0
Scholl_GUNTHER_c07,Scholl_GUNTHER,Scholl,35,54.0,c07,7,high,low,high,mid,7042,published_results/full_campaign_median_T_252_2026-06-04/solutions/Scholl_GUNTHER_c07/epsilon_trace.csv,15,epsilon,14,170,True,,False,True,2,162.0,80.89999999999999,6,3,6,True,True,80.9,80.9,0.0,2981,2567581,220.1136977672577,80.0,0.9,0.9444,0,8,0,0,27,0,0
Scholl_GUNTHER_c07,Scholl_GUNTHER,Scholl,35,54.0,c07,7,high,low,high,mid,7042,published_results/full_campaign_median_T_252_2026-06-04/solutions/Scholl_GUNTHER_c07/epsilon_trace.csv,16,epsilon,15,161,False,infeasible,,,0,,,,,,,,,,,,,,,,,,,,,,,
Scholl_GUNTHER_c08,Scholl_GUNTHER,Scholl,35,54.0,c08,8,high,mid,low,high,8042,published_results/full_campaign_median_T_252_2026-06-04/solutions/Scholl_GUNTHER_c08/epsilon_trace.csv,1,E0_HI_only,0,,True,,False,True,0,360.0,0.0,9,9,0,True,True,360.0,360.0,0.0,0,2181,0.1962890625,0.0,0.0,,35,0,0,0,0,0,0
Scholl_GUNTHER_c08,Scholl_GUNTHER,Scholl,35,54.0,c08,8,high,mid,low,high,8042,published_results/full_campaign_median_T_252_2026-06-04/solutions/Scholl_GUNTHER_c08/epsilon_trace.csv,2,epsilon,1,359,True,,False,True,0,330.0,20.1,8,8,2,True,False,0.030291970803,20.1,99.8493,3361,1665553,301.2885711193085,20.0,0.1,0.9815,26,0,0,0,9,0,0
Scholl_GUNTHER_c08,Scholl_GUNTHER,Scholl,35,54.0,c08,8,high,mid,low,high,8042,published_results/full_campaign_median_T_252_2026-06-04/solutions/Scholl_GUNTHER_c08/epsilon_trace.csv,3,epsilon,2,329,False,infeasible,,,0,,,,,,,,,,,,,,,,,,,,,,,
Scholl_GUNTHER_c09,Scholl_GUNTHER,Scholl,35,54.0,c09,9,high,high,mid,low,9042,published_results/full_campaign_median_T_252_2026-06-04/solutions/Scholl_GUNTHER_c09/epsilon_trace.csv,1,E0_HI_only,0,,True,,False,True,0,360.0,0.0,9,9,0,True,True,360.0,360.0,0.0,0,2181,0.19514107704162598,0.0,0.0,,35,0,0,0,0,0,0
Scholl_GUNTHER_c09,Scholl_GUNTHER,Scholl,35,54.0,c09,9,high,high,mid,low,9042,published_results/full_campaign_median_T_252_2026-06-04/solutions/Scholl_GUNTHER_c09/epsilon_trace.csv,2,epsilon,1,359,True,,False,True,0,348.0,52.2,10,8,4,True,False,0.0,52.2,100.0,6593,2621816,601.236888885498,52.0,0.2,0.9815,24,3,0,0,8,0,0
Scholl_GUNTHER_c09,Scholl_GUNTHER,Scholl,35,54.0,c09,9,high,high,mid,low,9042,published_results/full_campaign_median_T_252_2026-06-04/solutions/Scholl_GUNTHER_c09/epsilon_trace.csv,3,epsilon,2,347,False,infeasible,,,0,,,,,,,,,,,,,,,,,,,,,,,
Scholl_HAHN_c01,Scholl_HAHN,Scholl,53,2806.0,c01,1,low,low,low,low,1042,published_results/full_campaign_median_T_252_2026-06-04/solutions/Scholl_HAHN_c01/epsilon_trace.csv,1,E0_HI_only,0,,True,,False,True,0,240.0,0.0,6,6,0,True,True,240.0,240.0,0.0,0,2662,0.4682161808013916,0.0,0.0,,53,0,0,0,0,0,0
Scholl_HAHN_c01,Scholl_HAHN,Scholl,53,2806.0,c01,1,low,low,low,low,1042,published_results/full_campaign_median_T_252_2026-06-04/solutions/Scholl_HAHN_c01/epsilon_trace.csv,2,epsilon,1,239,True,,False,True,0,205.0,156.20000000000002,5,5,1,True,False,0.0,156.2,100.0,2343,800451,304.3949909210205,21.0,135.20000000000002,0.0364,44,0,8,1,0,0,0
Scholl_HAHN_c01,Scholl_HAHN,Scholl,53,2806.0,c01,1,low,low,low,low,1042,published_results/full_campaign_median_T_252_2026-06-04/solutions/Scholl_HAHN_c01/epsilon_trace.csv,3,epsilon,2,204,True,,False,True,0,192.0,2322.6,11,3,8,True,False,0.0,2322.6,100.0,693,540263,304.2838261127472,1498.0,824.6,0.2653,27,26,0,0,0,0,0
Scholl_HAHN_c01,Scholl_HAHN,Scholl,53,2806.0,c01,1,low,low,low,low,1042,published_results/full_campaign_median_T_252_2026-06-04/solutions/Scholl_HAHN_c01/epsilon_trace.csv,4,epsilon,3,191,True,,False,True,1,183.0,793.85,6,4,3,True,False,0.0,793.85,100.0,1842,898129,304.2019131183624,530.0,263.85,0.3731,23,4,0,0,26,0,0
Scholl_HAHN_c01,Scholl_HAHN,Scholl,53,2806.0,c01,1,low,low,low,low,1042,published_results/full_campaign_median_T_252_2026-06-04/solutions/Scholl_HAHN_c01/epsilon_trace.csv,5,epsilon,4,182,True,,False,True,1,170.0,594.2,4,4,2,True,False,0.0,594.2,100.0,907,627174,304.24813199043274,461.0,133.20000000000002,0.5253,29,0,0,0,24,0,0
Scholl_HAHN_c01,Scholl_HAHN,Scholl,53,2806.0,c01,1,low,low,low,low,1042,published_results/full_campaign_median_T_252_2026-06-04/solutions/Scholl_HAHN_c01/epsilon_trace.csv,6,epsilon,5,169,True,,False,True,1,165.0,353.3,4,4,1,True,False,0.0,353.3,100.0,419,546440,304.2085781097412,315.0,38.300000000000004,0.727,38,0,0,0,15,0,0
Scholl_HAHN_c01,Scholl_HAHN,Scholl,53,2806.0,c01,1,low,low,low,low,1042,published_results/full_campaign_median_T_252_2026-06-04/solutions/Scholl_HAHN_c01/epsilon_trace.csv,7,epsilon,6,164,True,,False,True,0,130.0,684.75,3,3,2,True,False,21.625094963,684.75,96.8419,1189,764752,304.22996973991394,604.0,80.75,0.7122,6,0,0,0,33,12,2
Scholl_HAHN_c01,Scholl_HAHN,Scholl,53,2806.0,c01,1,low,low,low,low,1042,published_results/full_campaign_median_T_252_2026-06-04/solutions/Scholl_HAHN_c01/epsilon_trace.csv,8,epsilon,7,129,True,,False,True,0,103.0,1526.35,4,2,3,True,False,146.75576229,1526.35,90.3852,3510,1192784,304.1424648761749,1435.0,91.35000000000001,0.783,9,7,0,0,37,0,0
Scholl_HAHN_c01,Scholl_HAHN,Scholl,53,2806.0,c01,1,low,low,low,low,1042,published_results/full_campaign_median_T_252_2026-06-04/solutions/Scholl_HAHN_c01/epsilon_trace.csv,9,epsilon,8,102,True,,False,True,1,99.0,1131.8999999999999,3,2,3,True,False,220.6336911,1131.9,80.5077,2724,1948907,304.1445128917694,998.0,133.9,0.6819,0,1,0,0,52,0,0
Scholl_HAHN_c01,Scholl_HAHN,Scholl,53,2806.0,c01,1,low,low,low,low,1042,published_results/full_campaign_median_T_252_2026-06-04/solutions/Scholl_HAHN_c01/epsilon_trace.csv,10,epsilon,9,98,True,,False,True,1,90.0,824.95,2,2,2,True,False,317.2798276,824.95,61.5395,2023,2021580,304.1872138977051,798.0,26.950000000000003,0.904,0,0,0,0,53,0,0
Scholl_HAHN_c01,Scholl_HAHN,Scholl,53,2806.0,c01,1,low,low,low,low,1042,published_results/full_campaign_median_T_252_2026-06-04/solutions/Scholl_HAHN_c01/epsilon_trace.csv,11,epsilon,10,89,True,,False,True,0,72.0,2128.6,4,1,4,True,False,145.84839109,2128.6,93.1482,2172,1387294,304.112184047699,2021.0,107.60000000000001,0.8083,0,24,0,0,29,0,0
Scholl_HAHN_c01,Scholl_HAHN,Scholl,53,2806.0,c01,1,low,low,low,low,1042,published_results/full_campaign_median_T_252_2026-06-04/solutions/Scholl_HAHN_c01/epsilon_trace.csv,12,epsilon,11,71,True,,False,True,0,54.0,3794.9000000000005,6,0,6,True,True,3794.9,3794.9,0.0,134,158430,35.923325061798096,3654.0,140.9,0.8326,0,53,0,0,0,0,0
Scholl_HAHN_c01,Scholl_HAHN,Scholl,53,2806.0,c01,1,low,low,low,low,1042,published_results/full_campaign_median_T_252_2026-06-04/solutions/Scholl_HAHN_c01/epsilon_trace.csv,13,epsilon,12,53,False,infeasible,,,0,,,,,,,,,,,,,,,,,,,,,,,
Scholl_HAHN_c02,Scholl_HAHN,Scholl,53,2806.0,c02,2,low,mid,mid,mid,2042,published_results/full_campaign_median_T_252_2026-06-04/solutions/Scholl_HAHN_c02/epsilon_trace.csv,1,E0_HI_only,0,,True,,False,True,0,240.0,0.0,6,6,0,True,True,240.0,240.0,0.0,0,2662,0.47223901748657227,0.0,0.0,,53,0,0,0,0,0,0
Scholl_HAHN_c02,Scholl_HAHN,Scholl,53,2806.0,c02,2,low,mid,mid,mid,2042,published_results/full_campaign_median_T_252_2026-06-04/solutions/Scholl_HAHN_c02/epsilon_trace.csv,2,epsilon,1,239,True,,False,True,0,205.0,331.2,5,5,1,True,False,0.0,331.2,100.0,3520,1706810,603.8681600093842,280.0,51.2,0.6351,34,0,0,0,19,0,0
Scholl_HAHN_c02,Scholl_HAHN,Scholl,53,2806.0,c02,2,low,mid,mid,mid,2042,published_results/full_campaign_median_T_252_2026-06-04/solutions/Scholl_HAHN_c02/epsilon_trace.csv,3,epsilon,2,204,True,,False,True,0,187.0,1061.95,7,4,3,True,False,0.0,1061.95,100.0,815,834821,304.2295470237732,799.0,262.95,0.3753,42,11,0,0,0,0,0
Scholl_HAHN_c02,Scholl_HAHN,Scholl,53,2806.0,c02,2,low,mid,mid,mid,2042,published_results/full_campaign_median_T_252_2026-06-04/solutions/Scholl_HAHN_c02/epsilon_trace.csv,4,epsilon,3,186,True,,False,True,1,174.0,800.6999999999999,5,4,2,True,False,0.0,800.7,100.0,506,577778,304.1995129585266,716.0,84.7,0.6981,24,11,0,0,18,0,0
Scholl_HAHN_c02,Scholl_HAHN,Scholl,53,2806.0,c02,2,low,mid,mid,mid,2042,published_results/full_campaign_median_T_252_2026-06-04/solutions/Scholl_HAHN_c02/epsilon_trace.csv,5,epsilon,4,173,True,,False,True,0,156.0,1761.95,7,3,4,True,False,0.0,1761.95,100.0,1009,678326,304.22756004333496,1477.0,284.95,0.4922,27,26,0,0,0,0,0
Scholl_HAHN_c02,Scholl_HAHN,Scholl,53,2806.0,c02,2,low,mid,mid,mid,2042,published_results/full_campaign_median_T_252_2026-06-04/solutions/Scholl_HAHN_c02/epsilon_trace.csv,6,epsilon,5,155,True,,False,True,1,143.0,1685.6,5,3,3,True,False,31.66462842,1685.6,98.1215,436,659678,304.2060978412628,1631.0,54.6,0.8703,16,13,0,0,24,0,0
Scholl_HAHN_c02,Scholl_HAHN,Scholl,53,2806.0,c02,2,low,mid,mid,mid,2042,published_results/full_campaign_median_T_252_2026-06-04/solutions/Scholl_HAHN_c02/epsilon_trace.csv,7,epsilon,6,142,True,,False,True,1,138.0,1522.15,5,3,2,True,False,0.0,1522.15,100.0,757,753784,304.1715078353882,1515.0,7.15,0.9745,38,15,0,0,0,0,0
Scholl_HAHN_c02,Scholl_HAHN,Scholl,53,2806.0,c02,2,low,mid,mid,mid,2042,published_results/full_campaign_median_T_252_2026-06-04/solutions/Scholl_HAHN_c02/epsilon_trace.csv,8,epsilon,7,137,True,,False,True,0,116.0,2379.0,6,2,4,True,False,0.0,2379.0,100.0,1824,997664,304.2511479854584,2234.0,145.0,0.7416,30,23,0,0,0,0,0
Scholl_HAHN_c02,Scholl_HAHN,Scholl,53,2806.0,c02,2,low,mid,mid,mid,2042,published_results/full_campaign_median_T_252_2026-06-04/solutions/Scholl_HAHN_c02/epsilon_trace.csv,9,epsilon,8,115,True,,False,True,1,112.0,2246.55,5,2,4,True,False,150.17802464,2246.55,93.3152,1830,1013180,304.17835879325867,2150.0,96.55000000000001,0.828,23,15,0,0,0,11,4
Scholl_HAHN_c02,Scholl_HAHN,Scholl,53,2806.0,c02,2,low,mid,mid,mid,2042,published_results/full_campaign_median_T_252_2026-06-04/solutions/Scholl_HAHN_c02/epsilon_trace.csv,10,epsilon,9,111,True,,False,True,1,107.0,2227.0000000000005,5,2,3,True,False,285.25986282,2227.0,87.1908,2336,1546641,304.17153692245483,2223.0,4.0,0.9905,16,37,0,0,0,0,0
Scholl_HAHN_c02,Scholl_HAHN,Scholl,53,2806.0,c02,2,low,mid,mid,mid,2042,published_results/full_campaign_median_T_252_2026-06-04/solutions/Scholl_HAHN_c02/epsilon_trace.csv,11,epsilon,10,106,True,,False,True,0,81.0,2983.8,5,1,5,True,False,311.72248227,2983.8,89.5528,3492,1785418,304.16327595710754,2888.0,95.80000000000001,0.8634,0,38,0,0,0,10,5
Scholl_HAHN_c02,Scholl_HAHN,Scholl,53,2806.0,c02,2,low,mid,mid,mid,2042,published_results/full_campaign_median_T_252_2026-06-04/solutions/Scholl_HAHN_c02/epsilon_trace.csv,12,epsilon,11,80,True,,False,True,0,76.0,2994.35,5,1,4,True,True,2994.35,2994.35,0.0,1422,508561,83.79931998252869,2988.0,6.3500000000000005,0.9887,8,45,0,0,0,0,0
Scholl_HAHN_c02,Scholl_HAHN,Scholl,53,2806.0,c02,2,low,mid,mid,mid,2042,published_results/full_campaign_median_T_252_2026-06-04/solutions/Scholl_HAHN_c02/epsilon_trace.csv,13,epsilon,12,75,True,,False,True,0,54.0,3863.15,6,0,6,True,True,3863.15,3863.15,0.0,404,291570,52.40750002861023,3721.0,142.15,0.8311,0,53,0,0,0,0,0
Scholl_HAHN_c02,Scholl_HAHN,Scholl,53,2806.0,c02,2,low,mid,mid,mid,2042,published_results/full_campaign_median_T_252_2026-06-04/solutions/Scholl_HAHN_c02/epsilon_trace.csv,14,epsilon,13,53,False,infeasible,,,0,,,,,,,,,,,,,,,,,,,,,,,
Scholl_HAHN_c03,Scholl_HAHN,Scholl,53,2806.0,c03,3,low,high,high,high,3042,published_results/full_campaign_median_T_252_2026-06-04/solutions/Scholl_HAHN_c03/epsilon_trace.csv,1,E0_HI_only,0,,True,,False,True,0,240.0,0.0,6,6,0,True,True,240.0,240.0,0.0,0,2662,0.467914342880249,0.0,0.0,,53,0,0,0,0,0,0
Scholl_HAHN_c03,Scholl_HAHN,Scholl,53,2806.0,c03,3,low,high,high,high,3042,published_results/full_campaign_median_T_252_2026-06-04/solutions/Scholl_HAHN_c03/epsilon_trace.csv,2,epsilon,1,239,False,infeasible,,,0,,,,,,,,,,,,,,,,,,,,,,,
Scholl_HAHN_c04,Scholl_HAHN,Scholl,53,2806.0,c04,4,mid,low,mid,high,4042,published_results/full_campaign_median_T_252_2026-06-04/solutions/Scholl_HAHN_c04/epsilon_trace.csv,1,E0_HI_only,0,,True,,False,True,0,240.0,0.0,6,6,0,True,True,240.0,240.0,0.0,0,2662,0.4721190929412842,0.0,0.0,,53,0,0,0,0,0,0
Scholl_HAHN_c04,Scholl_HAHN,Scholl,53,2806.0,c04,4,mid,low,mid,high,4042,published_results/full_campaign_median_T_252_2026-06-04/solutions/Scholl_HAHN_c04/epsilon_trace.csv,2,epsilon,1,239,True,,False,True,0,205.0,330.15,5,5,1,True,False,0.0,330.15,100.0,610,942747,604.095113992691,276.0,54.150000000000006,0.614,41,0,0,0,12,0,0
Scholl_HAHN_c04,Scholl_HAHN,Scholl,53,2806.0,c04,4,mid,low,mid,high,4042,published_results/full_campaign_median_T_252_2026-06-04/solutions/Scholl_HAHN_c04/epsilon_trace.csv,3,epsilon,2,204,True,,False,True,0,130.0,744.85,3,3,2,True,False,0.0,744.85,100.0,182,498052,304.2305836677551,684.0,60.85,0.7831,8,0,0,0,45,0,0
Scholl_HAHN_c04,Scholl_HAHN,Scholl,53,2806.0,c04,4,mid,low,mid,high,4042,published_results/full_campaign_median_T_252_2026-06-04/solutions/Scholl_HAHN_c04/epsilon_trace.csv,4,epsilon,3,129,True,,False,True,0,90.0,845.9,2,2,2,True,False,19.310278511,845.9,97.7172,324,860669,304.1802108287811,831.0,14.9,0.9469,0,0,0,0,53,0,0
Scholl_HAHN_c04,Scholl_HAHN,Scholl,53,2806.0,c04,4,mid,low,mid,high,4042,published_results/full_campaign_median_T_252_2026-06-04/solutions/Scholl_HAHN_c04/epsilon_trace.csv,5,epsilon,4,89,True,,False,True,0,81.0,2977.8,5,1,5,True,True,2977.8,2977.8,0.0,152,268534,63.68358898162842,2881.0,96.80000000000001,0.862,0,20,0,0,33,0,0
Scholl_HAHN_c04,Scholl_HAHN,Scholl,53,2806.0,c04,4,mid,low,mid,high,4042,published_results/full_campaign_median_T_252_2026-06-04/solutions/Scholl_HAHN_c04/epsilon_trace.csv,6,epsilon,5,80,True,,False,True,0,72.0,5492.950000000001,8,0,8,True,True,5492.95,5492.95,0.0,99,150852,32.94962215423584,5386.0,106.95,0.9047,0,53,0,0,0,0,0
Scholl_HAHN_c04,Scholl_HAHN,Scholl,53,2806.0,c04,4,mid,low,mid,high,4042,published_results/full_campaign_median_T_252_2026-06-04/solutions/Scholl_HAHN_c04/epsilon_trace.csv,7,epsilon,6,71,False,infeasible,,,0,,,,,,,,,,,,,,,,,,,,,,,
Scholl_HAHN_c05,Scholl_HAHN,Scholl,53,2806.0,c05,5,mid,mid,high,low,5042,published_results/full_campaign_median_T_252_2026-06-04/solutions/Scholl_HAHN_c05/epsilon_trace.csv,1,E0_HI_only,0,,True,,False,True,0,240.0,0.0,6,6,0,True,True,240.0,240.0,0.0,0,2662,0.5685000419616699,0.0,0.0,,53,0,0,0,0,0,0
Scholl_HAHN_c05,Scholl_HAHN,Scholl,53,2806.0,c05,5,mid,mid,high,low,5042,published_results/full_campaign_median_T_252_2026-06-04/solutions/Scholl_HAHN_c05/epsilon_trace.csv,2,epsilon,1,239,True,,False,True,0,233.0,2209.15,11,4,9,True,False,0.0,2209.15,100.0,214,385452,304.29397106170654,1232.0,977.1500000000001,0.2261,14,10,5,1,23,0,0
Scholl_HAHN_c05,Scholl_HAHN,Scholl,53,2806.0,c05,5,mid,mid,high,low,5042,published_results/full_campaign_median_T_252_2026-06-04/solutions/Scholl_HAHN_c05/epsilon_trace.csv,3,epsilon,2,232,True,,False,True,1,205.0,360.9,5,5,1,True,False,0.0,360.9,100.0,2280,1764001,603.9612858295441,326.0,34.9,0.7512,43,0,0,0,10,0,0
Scholl_HAHN_c05,Scholl_HAHN,Scholl,53,2806.0,c05,5,mid,mid,high,low,5042,published_results/full_campaign_median_T_252_2026-06-04/solutions/Scholl_HAHN_c05/epsilon_trace.csv,4,epsilon,3,204,True,,False,True,0,201.0,2952.5000000000005,12,3,9,True,False,0.0,2952.5,100.0,2885,1641826,604.060870885849,2094.0,858.5,0.3201,27,26,0,0,0,0,0
Scholl_HAHN_c05,Scholl_HAHN,Scholl,53,2806.0,c05,5,mid,mid,high,low,5042,published_results/full_campaign_median_T_252_2026-06-04/solutions/Scholl_HAHN_c05/epsilon_trace.csv,5,epsilon,4,200,True,,False,True,1,174.0,941.9000000000001,5,4,2,True,False,0.0,941.9,100.0,1865,966625,304.5791320800781,898.0,43.900000000000006,0.8435,37,5,0,0,11,0,0
Scholl_HAHN_c05,Scholl_HAHN,Scholl,53,2806.0,c05,5,mid,mid,high,low,5042,published_results/full_campaign_median_T_252_2026-06-04/solutions/Scholl_HAHN_c05/epsilon_trace.csv,6,epsilon,5,173,True,,False,True,0,165.0,2344.4000000000005,8,3,5,True,False,16.916321458,2344.4,99.2784,1702,1394272,603.9199769496918,2040.0,304.40000000000003,0.5661,26,27,0,0,0,0,0
Scholl_HAHN_c05,Scholl_HAHN,Scholl,53,2806.0,c05,5,mid,mid,high,low,5042,published_results/full_campaign_median_T_252_2026-06-04/solutions/Scholl_HAHN_c05/epsilon_trace.csv,7,epsilon,6,164,True,,False,True,1,156.0,2272.6000000000004,7,3,4,True,False,142.20148303,2272.6,93.7428,1737,1058358,304.22650694847107,2120.0,152.6,0.7281,37,16,0,0,0,0,0
Scholl_HAHN_c05,Scholl_HAHN,Scholl,53,2806.0,c05,5,mid,mid,high,low,5042,published_results/full_campaign_median_T_252_2026-06-04/solutions/Scholl_HAHN_c05/epsilon_trace.csv,8,epsilon,7,155,True,,False,True,0,143.0,3481.35,9,2,7,True,False,0.25457285482,3481.35,99.9927,957,863062,304.1935176849365,3088.0,393.35,0.5995,31,22,0,0,0,0,0
Scholl_HAHN_c05,Scholl_HAHN,Scholl,53,2806.0,c05,5,mid,mid,high,low,5042,published_results/full_campaign_median_T_252_2026-06-04/solutions/Scholl_HAHN_c05/epsilon_trace.csv,9,epsilon,8,142,True,,False,True,1,134.0,3235.2500000000005,8,2,6,True,False,16.944261232,3235.25,99.4763,762,925730,304.2009711265564,2975.0,260.25,0.6908,24,29,0,0,0,0,0
Scholl_HAHN_c05,Scholl_HAHN,Scholl,53,2806.0,c05,5,mid,mid,high,low,5042,published_results/full_campaign_median_T_252_2026-06-04/solutions/Scholl_HAHN_c05/epsilon_trace.csv,10,epsilon,9,133,True,,False,True,0,130.0,3462.6,7,2,6,True,False,19.524366345,3462.6,99.4361,1597,1107015,304.2933349609375,3253.0,209.60000000000002,0.751,7,37,0,0,0,7,2
Scholl_HAHN_c05,Scholl_HAHN,Scholl,53,2806.0,c05,5,mid,mid,high,low,5042,published_results/full_campaign_median_T_252_2026-06-04/solutions/Scholl_HAHN_c05/epsilon_trace.csv,11,epsilon,10,129,True,,False,True,2,121.0,2979.4,6,2,5,True,False,468.6141559,2979.4,84.2715,3130,2632255,603.8485472202301,2882.0,97.4,0.8612,7,30,0,0,16,0,0
Scholl_HAHN_c05,Scholl_HAHN,Scholl,53,2806.0,c05,5,mid,mid,high,low,5042,published_results/full_campaign_median_T_252_2026-06-04/solutions/Scholl_HAHN_c05/epsilon_trace.csv,12,epsilon,11,120,True,,False,True,1,117.0,2943.2,5,2,5,True,False,156.29115152,2943.2,94.6898,2044,1383373,304.1689021587372,2891.0,52.2,0.9256,0,18,0,0,35,0,0
Scholl_HAHN_c05,Scholl_HAHN,Scholl,53,2806.0,c05,5,mid,mid,high,low,5042,published_results/full_campaign_median_T_252_2026-06-04/solutions/Scholl_HAHN_c05/epsilon_trace.csv,13,epsilon,12,116,True,,False,True,0,108.0,4166.15,8,1,8,True,False,145.9,4166.15,96.498,985,1196462,304.3262720108032,3837.0,329.15000000000003,0.7067,0,30,0,0,23,0,0
Scholl_HAHN_c05,Scholl_HAHN,Scholl,53,2806.0,c05,5,mid,mid,high,low,5042,published_results/full_campaign_median_T_252_2026-06-04/solutions/Scholl_HAHN_c05/epsilon_trace.csv,14,epsilon,13,107,True,,False,True,1,99.0,4058.8500000000004,7,1,7,True,False,297.75939411,4058.85,92.6639,3594,1989216,304.16563510894775,3863.0,195.85000000000002,0.8006,0,27,0,0,0,18,8
Scholl_HAHN_c05,Scholl_HAHN,Scholl,53,2806.0,c05,5,mid,mid,high,low,5042,published_results/full_campaign_median_T_252_2026-06-04/solutions/Scholl_HAHN_c05/epsilon_trace.csv,15,epsilon,14,98,True,,False,True,1,90.0,3885.6,6,1,6,True,False,1580.3257074,3885.6,59.3287,3780,2306263,304.14793515205383,3837.0,48.6,0.9423,0,29,0,0,24,0,0
Scholl_HAHN_c05,Scholl_HAHN,Scholl,53,2806.0,c05,5,mid,mid,high,low,5042,published_results/full_campaign_median_T_252_2026-06-04/solutions/Scholl_HAHN_c05/epsilon_trace.csv,16,epsilon,15,89,True,,False,True,0,72.0,5204.049999999999,8,0,8,True,True,5204.05,5204.05,0.0,234,393297,78.43768882751465,5045.0,159.05,0.8583,0,53,0,0,0,0,0
Scholl_HAHN_c05,Scholl_HAHN,Scholl,53,2806.0,c05,5,mid,mid,high,low,5042,published_results/full_campaign_median_T_252_2026-06-04/solutions/Scholl_HAHN_c05/epsilon_trace.csv,17,epsilon,16,71,False,infeasible,,,0,,,,,,,,,,,,,,,,,,,,,,,
Scholl_HAHN_c06,Scholl_HAHN,Scholl,53,2806.0,c06,6,mid,high,low,mid,6042,published_results/full_campaign_median_T_252_2026-06-04/solutions/Scholl_HAHN_c06/epsilon_trace.csv,1,E0_HI_only,0,,True,,False,True,0,240.0,0.0,6,6,0,True,True,240.0,240.0,0.0,0,2662,0.4861760139465332,0.0,0.0,,53,0,0,0,0,0,0
Scholl_HAHN_c06,Scholl_HAHN,Scholl,53,2806.0,c06,6,mid,high,low,mid,6042,published_results/full_campaign_median_T_252_2026-06-04/solutions/Scholl_HAHN_c06/epsilon_trace.csv,2,epsilon,1,239,True,,False,True,0,205.0,149.35,5,5,1,True,False,0.0,149.35,100.0,3541,1182407,304.2575726509094,12.0,137.35,0.021,41,0,11,1,0,0,0
Scholl_HAHN_c06,Scholl_HAHN,Scholl,53,2806.0,c06,6,mid,high,low,mid,6042,published_results/full_campaign_median_T_252_2026-06-04/solutions/Scholl_HAHN_c06/epsilon_trace.csv,3,epsilon,2,204,True,,False,True,0,183.0,1446.15,6,4,3,True,False,0.0,1446.15,100.0,3313,1882793,603.9183201789856,1288.0,158.15,0.6243,32,11,9,1,0,0,0
Scholl_HAHN_c06,Scholl_HAHN,Scholl,53,2806.0,c06,6,mid,high,low,mid,6042,published_results/full_campaign_median_T_252_2026-06-04/solutions/Scholl_HAHN_c06/epsilon_trace.csv,4,epsilon,3,182,True,,False,True,0,174.0,2343.5,9,3,6,True,False,0.0,2343.5,100.0,341,806147,304.1905379295349,1911.0,432.5,0.4862,42,11,0,0,0,0,0
Scholl_HAHN_c06,Scholl_HAHN,Scholl,53,2806.0,c06,6,mid,high,low,mid,6042,published_results/full_campaign_median_T_252_2026-06-04/solutions/Scholl_HAHN_c06/epsilon_trace.csv,5,epsilon,4,173,True,,False,True,0,165.0,2658.3500000000004,8,3,5,True,False,0.0,2658.35,100.0,662,892964,304.2425231933594,2468.0,190.35000000000002,0.7287,38,15,0,0,0,0,0
Scholl_HAHN_c06,Scholl_HAHN,Scholl,53,2806.0,c06,6,mid,high,low,mid,6042,published_results/full_campaign_median_T_252_2026-06-04/solutions/Scholl_HAHN_c06/epsilon_trace.csv,6,epsilon,5,164,True,,False,True,2,156.0,2089.4,7,3,4,True,False,0.0,2089.4,100.0,713,679390,304.2605650424957,1939.0,150.4,0.732,39,14,0,0,0,0,0
Scholl_HAHN_c06,Scholl_HAHN,Scholl,53,2806.0,c06,6,mid,high,low,mid,6042,published_results/full_campaign_median_T_252_2026-06-04/solutions/Scholl_HAHN_c06/epsilon_trace.csv,7,epsilon,6,155,True,,False,True,0,134.0,3580.7000000000007,8,2,6,True,False,0.0,3580.7,100.0,808,796118,304.2249484062195,3448.0,132.70000000000002,0.8424,28,25,0,0,0,0,0
Scholl_HAHN_c06,Scholl_HAHN,Scholl,53,2806.0,c06,6,mid,high,low,mid,6042,published_results/full_campaign_median_T_252_2026-06-04/solutions/Scholl_HAHN_c06/epsilon_trace.csv,8,epsilon,7,133,True,,False,True,1,125.0,3113.8,7,2,5,True,False,12.454545455,3113.8,99.6,999,973316,304.21777415275574,3017.0,96.80000000000001,0.862,17,36,0,0,0,0,0
Scholl_HAHN_c06,Scholl_HAHN,Scholl,53,2806.0,c06,6,mid,high,low,mid,6042,published_results/full_campaign_median_T_252_2026-06-04/solutions/Scholl_HAHN_c06/epsilon_trace.csv,9,epsilon,8,124,True,,False,True,0,108.0,4181.849999999999,8,1,8,True,False,317.62764984,4181.85,92.4046,911,1207424,304.4096908569336,3850.0,331.85,0.7043,0,30,22,1,0,0,0
Scholl_HAHN_c06,Scholl_HAHN,Scholl,53,2806.0,c06,6,mid,high,low,mid,6042,published_results/full_campaign_median_T_252_2026-06-04/solutions/Scholl_HAHN_c06/epsilon_trace.csv,10,epsilon,9,107,True,,False,True,1,103.0,4105.299999999999,8,1,7,True,False,2609.7398218,4105.3,36.43,4855,1400348,304.1176199913025,3917.0,188.3,0.8083,11,42,0,0,0,0,0
Scholl_HAHN_c06,Scholl_HAHN,Scholl,53,2806.0,c06,6,mid,high,low,mid,6042,published_results/full_campaign_median_T_252_2026-06-04/solutions/Scholl_HAHN_c06/epsilon_trace.csv,11,epsilon,10,102,True,,False,True,1,99.0,4059.1000000000004,7,1,7,True,False,70.699937424,4059.1,98.2582,989,952210,304.1666958332062,3859.0,200.10000000000002,0.7963,0,42,10,1,0,0,0
Scholl_HAHN_c06,Scholl_HAHN,Scholl,53,2806.0,c06,6,mid,high,low,mid,6042,published_results/full_campaign_median_T_252_2026-06-04/solutions/Scholl_HAHN_c06/epsilon_trace.csv,12,epsilon,11,98,True,,False,True,1,94.0,3974.1,7,1,6,True,True,3974.1,3974.1,0.0,2399,1038097,166.67372798919678,3928.0,46.1,0.9452,9,44,0,0,0,0,0
Scholl_HAHN_c06,Scholl_HAHN,Scholl,53,2806.0,c06,6,mid,high,low,mid,6042,published_results/full_campaign_median_T_252_2026-06-04/solutions/Scholl_HAHN_c06/epsilon_trace.csv,13,epsilon,12,93,True,,False,True,0,72.0,5074.0,8,0,8,True,True,5074.0,5074.0,0.0,265,445907,83.49423217773438,4949.0,125.0,0.8886,0,53,0,0,0,0,0
Scholl_HAHN_c06,Scholl_HAHN,Scholl,53,2806.0,c06,6,mid,high,low,mid,6042,published_results/full_campaign_median_T_252_2026-06-04/solutions/Scholl_HAHN_c06/epsilon_trace.csv,14,epsilon,13,71,False,infeasible,,,0,,,,,,,,,,,,,,,,,,,,,,,
Scholl_HAHN_c07,Scholl_HAHN,Scholl,53,2806.0,c07,7,high,low,high,mid,7042,published_results/full_campaign_median_T_252_2026-06-04/solutions/Scholl_HAHN_c07/epsilon_trace.csv,1,E0_HI_only,0,,True,,False,True,0,240.0,0.0,6,6,0,True,True,240.0,240.0,0.0,0,2662,0.5144531726837158,0.0,0.0,,53,0,0,0,0,0,0
Scholl_HAHN_c07,Scholl_HAHN,Scholl,53,2806.0,c07,7,high,low,high,mid,7042,published_results/full_campaign_median_T_252_2026-06-04/solutions/Scholl_HAHN_c07/epsilon_trace.csv,2,epsilon,1,239,True,,False,True,0,209.0,571.35,6,5,1,True,False,0.0,571.35,100.0,810,1180466,304.1956648826599,541.0,30.35,0.7837,51,2,0,0,0,0,0
Scholl_HAHN_c07,Scholl_HAHN,Scholl,53,2806.0,c07,7,high,low,high,mid,7042,published_results/full_campaign_median_T_252_2026-06-04/solutions/Scholl_HAHN_c07/epsilon_trace.csv,3,epsilon,2,208,True,,False,True,1,205.0,303.75,5,5,1,True,False,0.0,303.75,100.0,944,766637,304.54926323890686,244.0,59.75,0.5741,42,0,0,0,11,0,0
Scholl_HAHN_c07,Scholl_HAHN,Scholl,53,2806.0,c07,7,high,low,high,mid,7042,published_results/full_campaign_median_T_252_2026-06-04/solutions/Scholl_HAHN_c07/epsilon_trace.csv,4,epsilon,3,204,True,,False,True,0,165.0,348.15,4,4,1,True,False,0.0,348.15,100.0,3054,1448341,304.2109007835388,310.0,38.15,0.7281,37,0,0,0,16,0,0
Scholl_HAHN_c07,Scholl_HAHN,Scholl,53,2806.0,c07,7,high,low,high,mid,7042,published_results/full_campaign_median_T_252_2026-06-04/solutions/Scholl_HAHN_c07/epsilon_trace.csv,5,epsilon,4,164,True,,False,True,0,130.0,711.3000000000001,3,3,2,True,False,0.24848424353,711.3,99.9651,930,1013441,304.1533169746399,638.0,73.3,0.7388,9,0,0,0,44,0,0
Scholl_HAHN_c07,Scholl_HAHN,Scholl,53,2806.0,c07,7,high,low,high,mid,7042,published_results/full_campaign_median_T_252_2026-06-04/solutions/Scholl_HAHN_c07/epsilon_trace.csv,6,epsilon,5,129,True,,False,True,0,90.0,818.9499999999999,2,2,2,True,True,818.95,818.95,0.0,481,711917,146.44339084625244,797.0,21.950000000000003,0.9218,0,0,0,0,53,0,0
Scholl_HAHN_c07,Scholl_HAHN,Scholl,53,2806.0,c07,7,high,low,high,mid,7042,published_results/full_campaign_median_T_252_2026-06-04/solutions/Scholl_HAHN_c07/epsilon_trace.csv,7,epsilon,6,89,False,infeasible,,,0,,,,,,,,,,,,,,,,,,,,,,,
Scholl_HAHN_c08,Scholl_HAHN,Scholl,53,2806.0,c08,8,high,mid,low,high,8042,published_results/full_campaign_median_T_252_2026-06-04/solutions/Scholl_HAHN_c08/epsilon_trace.csv,1,E0_HI_only,0,,True,,False,True,0,240.0,0.0,6,6,0,True,True,240.0,240.0,0.0,0,2662,0.46375513076782227,0.0,0.0,,53,0,0,0,0,0,0
Scholl_HAHN_c08,Scholl_HAHN,Scholl,53,2806.0,c08,8,high,mid,low,high,8042,published_results/full_campaign_median_T_252_2026-06-04/solutions/Scholl_HAHN_c08/epsilon_trace.csv,2,epsilon,1,239,True,,False,True,0,237.0,2071.6000000000004,12,4,9,True,False,0.0,2071.6,100.0,2078,1272155,304.2890040874481,1079.0,992.6,0.2139,26,11,0,0,16,0,0
Scholl_HAHN_c08,Scholl_HAHN,Scholl,53,2806.0,c08,8,high,mid,low,high,8042,published_results/full_campaign_median_T_252_2026-06-04/solutions/Scholl_HAHN_c08/epsilon_trace.csv,3,epsilon,2,236,True,,False,True,0,224.0,2848.6,10,4,8,True,False,0.0,2848.6,100.0,1073,862019,304.23519682884216,2153.0,695.6,0.3803,30,9,10,1,3,0,0
Scholl_HAHN_c08,Scholl_HAHN,Scholl,53,2806.0,c08,8,high,mid,low,high,8042,published_results/full_campaign_median_T_252_2026-06-04/solutions/Scholl_HAHN_c08/epsilon_trace.csv,4,epsilon,3,223,True,,False,True,2,218.0,1195.2,7,5,2,True,False,0.0,1195.2,100.0,1119,1115602,304.2202000617981,1155.0,40.2,0.8567,48,5,0,0,0,0,0
Scholl_HAHN_c08,Scholl_HAHN,Scholl,53,2806.0,c08,8,high,mid,low,high,8042,published_results/full_campaign_median_T_252_2026-06-04/solutions/Scholl_HAHN_c08/epsilon_trace.csv,5,epsilon,4,217,True,,False,True,1,209.0,628.1,6,5,1,True,False,0.0,628.1,100.0,875,1085595,304.15977478027344,603.0,25.1,0.8211,52,1,0,0,0,0,0
Scholl_HAHN_c08,Scholl_HAHN,Scholl,53,2806.0,c08,8,high,mid,low,high,8042,published_results/full_campaign_median_T_252_2026-06-04/solutions/Scholl_HAHN_c08/epsilon_trace.csv,6,epsilon,5,208,True,,False,True,0,170.0,833.8,4,4,2,True,False,0.0,833.8,100.0,1132,1078160,304.21701192855835,820.0,13.8,0.9508,18,0,0,0,35,0,0
Scholl_HAHN_c08,Scholl_HAHN,Scholl,53,2806.0,c08,8,high,mid,low,high,8042,published_results/full_campaign_median_T_252_2026-06-04/solutions/Scholl_HAHN_c08/epsilon_trace.csv,7,epsilon,6,169,True,,False,True,0,166.0,2441.2,7,3,6,True,False,42.337774928,2441.2,98.2657,1742,1283275,304.15752482414246,2137.0,304.2,0.6386,7,14,0,0,32,0,0
Scholl_HAHN_c08,Scholl_HAHN,Scholl,53,2806.0,c08,8,high,mid,low,high,8042,published_results/full_campaign_median_T_252_2026-06-04/solutions/Scholl_HAHN_c08/epsilon_trace.csv,8,epsilon,7,165,True,,False,True,1,157.0,2408.7,6,3,5,True,False,162.41822588,2408.7,93.257,2639,1571361,304.18914818763733,2251.0,157.70000000000002,0.7752,21,3,0,0,29,0,0
Scholl_HAHN_c08,Scholl_HAHN,Scholl,53,2806.0,c08,8,high,mid,low,high,8042,published_results/full_campaign_median_T_252_2026-06-04/solutions/Scholl_HAHN_c08/epsilon_trace.csv,9,epsilon,8,156,True,,False,True,1,153.0,2219.0999999999995,5,3,5,True,False,486.93812844,2219.1,78.057,2717,2875998,603.8205637931824,2011.0,208.10000000000002,0.7033,0,3,10,1,39,0,0
Scholl_HAHN_c08,Scholl_HAHN,Scholl,53,2806.0,c08,8,high,mid,low,high,8042,published_results/full_campaign_median_T_252_2026-06-04/solutions/Scholl_HAHN_c08/epsilon_trace.csv,10,epsilon,9,152,True,,False,True,0,144.0,3866.95,8,2,8,True,False,365.03430459,3866.95,90.5601,1874,1779068,304.1720230579376,3544.0,322.95000000000005,0.7123,0,22,0,0,31,0,0
Scholl_HAHN_c08,Scholl_HAHN,Scholl,53,2806.0,c08,8,high,mid,low,high,8042,published_results/full_campaign_median_T_252_2026-06-04/solutions/Scholl_HAHN_c08/epsilon_trace.csv,11,epsilon,10,143,True,,False,True,0,135.0,3914.4,7,2,7,True,False,0.83582130471,3914.4,99.9786,943,1498119,304.1313819885254,3777.0,137.4,0.8601,0,21,0,0,32,0,0
Scholl_HAHN_c08,Scholl_HAHN,Scholl,53,2806.0,c08,8,high,mid,low,high,8042,published_results/full_campaign_median_T_252_2026-06-04/solutions/Scholl_HAHN_c08/epsilon_trace.csv,12,epsilon,11,134,False,infeasible,,,0,,,,,,,,,,,,,,,,,,,,,,,
Scholl_HAHN_c09,Scholl_HAHN,Scholl,53,2806.0,c09,9,high,high,mid,low,9042,published_results/full_campaign_median_T_252_2026-06-04/solutions/Scholl_HAHN_c09/epsilon_trace.csv,1,E0_HI_only,0,,True,,False,True,0,240.0,0.0,6,6,0,True,True,240.0,240.0,0.0,0,2662,0.46474289894104004,0.0,0.0,,53,0,0,0,0,0,0
Scholl_HAHN_c09,Scholl_HAHN,Scholl,53,2806.0,c09,9,high,high,mid,low,9042,published_results/full_campaign_median_T_252_2026-06-04/solutions/Scholl_HAHN_c09/epsilon_trace.csv,2,epsilon,1,239,True,,False,True,0,209.0,270.65,6,5,1,True,False,0.0,270.65,100.0,1067,1174877,304.4209039211273,161.0,109.65,0.2185,50,3,0,0,0,0,0
Scholl_HAHN_c09,Scholl_HAHN,Scholl,53,2806.0,c09,9,high,high,mid,low,9042,published_results/full_campaign_median_T_252_2026-06-04/solutions/Scholl_HAHN_c09/epsilon_trace.csv,3,epsilon,2,208,True,,False,True,1,205.0,165.45,5,5,1,True,False,0.0,165.45,100.0,3440,1921389,603.8990828990936,39.0,126.45,0.0987,44,0,0,0,0,8,1
Scholl_HAHN_c09,Scholl_HAHN,Scholl,53,2806.0,c09,9,high,high,mid,low,9042,published_results/full_campaign_median_T_252_2026-06-04/solutions/Scholl_HAHN_c09/epsilon_trace.csv,4,epsilon,3,204,True,,False,True,0,201.0,2134.05,8,4,5,True,False,0.0,2134.05,100.0,3490,2602999,603.8927690982819,1843.0,291.05,0.5851,24,7,0,0,22,0,0
Scholl_HAHN_c09,Scholl_HAHN,Scholl,53,2806.0,c09,9,high,high,mid,low,9042,published_results/full_campaign_median_T_252_2026-06-04/solutions/Scholl_HAHN_c09/epsilon_trace.csv,5,epsilon,4,200,False,infeasible,,,0,,,,,,,,,,,,,,,,,,,,,,,
Scholl_JAESCHKE_c01,Scholl_JAESCHKE,Scholl,9,8.0,c01,1,low,low,low,low,1042,published_results/full_campaign_median_T_252_2026-06-04/solutions/Scholl_JAESCHKE_c01/epsilon_trace.csv,1,E0_HI_only,0,,True,,False,True,0,240.0,0.0,6,6,0,True,True,240.0,240.0,0.0,0,0,0.013336181640625,0.0,0.0,,9,0,0,0,0,0,0
Scholl_JAESCHKE_c01,Scholl_JAESCHKE,Scholl,9,8.0,c01,1,low,low,low,low,1042,published_results/full_campaign_median_T_252_2026-06-04/solutions/Scholl_JAESCHKE_c01/epsilon_trace.csv,2,epsilon,1,239,True,,False,True,0,209.0,2.05,6,5,1,True,True,2.05,2.05,0.0,756,18808,0.3205862045288086,2.0,0.05,0.875,8,1,0,0,0,0,0
Scholl_JAESCHKE_c01,Scholl_JAESCHKE,Scholl,9,8.0,c01,1,low,low,low,low,1042,published_results/full_campaign_median_T_252_2026-06-04/solutions/Scholl_JAESCHKE_c01/epsilon_trace.csv,3,epsilon,2,208,True,,False,True,0,205.0,2.15,5,5,1,True,True,2.15,2.15,0.0,409,11938,0.3468790054321289,2.0,0.15000000000000002,0.625,7,0,0,0,2,0,0
Scholl_JAESCHKE_c01,Scholl_JAESCHKE,Scholl,9,8.0,c01,1,low,low,low,low,1042,published_results/full_campaign_median_T_252_2026-06-04/solutions/Scholl_JAESCHKE_c01/epsilon_trace.csv,4,epsilon,3,204,True,,False,True,0,165.0,3.1,4,4,1,True,True,3.1,3.1,0.0,1542,48181,0.563762903213501,3.0,0.1,0.75,6,0,0,0,3,0,0
Scholl_JAESCHKE_c01,Scholl_JAESCHKE,Scholl,9,8.0,c01,1,low,low,low,low,1042,published_results/full_campaign_median_T_252_2026-06-04/solutions/Scholl_JAESCHKE_c01/epsilon_trace.csv,5,epsilon,4,164,True,,False,True,0,134.0,6.05,4,3,2,True,True,6.05,6.05,0.0,2031,123830,1.3121318817138672,6.0,0.05,0.9375,4,1,0,0,4,0,0
Scholl_JAESCHKE_c01,Scholl_JAESCHKE,Scholl,9,8.0,c01,1,low,low,low,low,1042,published_results/full_campaign_median_T_252_2026-06-04/solutions/Scholl_JAESCHKE_c01/epsilon_trace.csv,6,epsilon,5,133,True,,False,True,0,130.0,7.05,3,3,2,True,True,7.05,7.05,0.0,425,32730,0.9333450794219971,7.0,0.05,0.9375,2,0,0,0,7,0,0
Scholl_JAESCHKE_c01,Scholl_JAESCHKE,Scholl,9,8.0,c01,1,low,low,low,low,1042,published_results/full_campaign_median_T_252_2026-06-04/solutions/Scholl_JAESCHKE_c01/epsilon_trace.csv,7,epsilon,6,129,True,,False,True,0,103.0,9.1,4,2,3,True,True,9.1,9.1,0.0,1228,75847,1.1246740818023682,9.0,0.1,0.9167,2,3,0,0,4,0,0
Scholl_JAESCHKE_c01,Scholl_JAESCHKE,Scholl,9,8.0,c01,1,low,low,low,low,1042,published_results/full_campaign_median_T_252_2026-06-04/solutions/Scholl_JAESCHKE_c01/epsilon_trace.csv,8,epsilon,7,102,True,,False,True,0,99.0,10.100000000000001,3,2,3,True,True,10.1,10.1,0.0,0,1817,0.32273197174072266,10.0,0.1,0.9167,0,1,0,0,8,0,0
Scholl_JAESCHKE_c01,Scholl_JAESCHKE,Scholl,9,8.0,c01,1,low,low,low,low,1042,published_results/full_campaign_median_T_252_2026-06-04/solutions/Scholl_JAESCHKE_c01/epsilon_trace.csv,9,epsilon,8,98,True,,False,True,0,81.0,12.45,5,1,5,True,True,12.45,12.45,0.0,0,2141,0.40653419494628906,12.0,0.45,0.775,0,5,0,0,4,0,0
Scholl_JAESCHKE_c01,Scholl_JAESCHKE,Scholl,9,8.0,c01,1,low,low,low,low,1042,published_results/full_campaign_median_T_252_2026-06-04/solutions/Scholl_JAESCHKE_c01/epsilon_trace.csv,10,epsilon,9,80,True,,False,True,0,72.0,17.099999999999998,8,0,8,True,True,17.1,17.1,0.0,0,1101,0.24232697486877441,16.0,1.1,0.6562,0,9,0,0,0,0,0
Scholl_JAESCHKE_c01,Scholl_JAESCHKE,Scholl,9,8.0,c01,1,low,low,low,low,1042,published_results/full_campaign_median_T_252_2026-06-04/solutions/Scholl_JAESCHKE_c01/epsilon_trace.csv,11,epsilon,10,71,False,infeasible,,,0,,,,,,,,,,,,,,,,,,,,,,,
Scholl_JAESCHKE_c02,Scholl_JAESCHKE,Scholl,9,8.0,c02,2,low,mid,mid,mid,2042,published_results/full_campaign_median_T_252_2026-06-04/solutions/Scholl_JAESCHKE_c02/epsilon_trace.csv,1,E0_HI_only,0,,True,,False,True,0,240.0,0.0,6,6,0,True,True,240.0,240.0,0.0,0,0,0.012822151184082031,0.0,0.0,,9,0,0,0,0,0,0
Scholl_JAESCHKE_c02,Scholl_JAESCHKE,Scholl,9,8.0,c02,2,low,mid,mid,mid,2042,published_results/full_campaign_median_T_252_2026-06-04/solutions/Scholl_JAESCHKE_c02/epsilon_trace.csv,2,epsilon,1,239,True,,False,True,0,205.0,2.0,5,5,1,True,True,2.0,2.0,0.0,381,10343,0.29007387161254883,2.0,0.0,1.0,7,0,0,0,2,0,0
Scholl_JAESCHKE_c02,Scholl_JAESCHKE,Scholl,9,8.0,c02,2,low,mid,mid,mid,2042,published_results/full_campaign_median_T_252_2026-06-04/solutions/Scholl_JAESCHKE_c02/epsilon_trace.csv,3,epsilon,2,204,True,,False,True,0,174.0,4.1,5,4,2,True,True,4.1,4.1,0.0,1061,30675,0.410045862197876,4.0,0.1,0.875,6,1,0,0,2,0,0
Scholl_JAESCHKE_c02,Scholl_JAESCHKE,Scholl,9,8.0,c02,2,low,mid,mid,mid,2042,published_results/full_campaign_median_T_252_2026-06-04/solutions/Scholl_JAESCHKE_c02/epsilon_trace.csv,4,epsilon,3,173,True,,False,True,0,147.0,6.299999999999999,6,3,3,True,True,6.3,6.3,0.0,2038,73531,0.9301161766052246,6.0,0.30000000000000004,0.75,6,3,0,0,0,0,0
Scholl_JAESCHKE_c02,Scholl_JAESCHKE,Scholl,9,8.0,c02,2,low,mid,mid,mid,2042,published_results/full_campaign_median_T_252_2026-06-04/solutions/Scholl_JAESCHKE_c02/epsilon_trace.csv,5,epsilon,4,146,True,,False,True,0,143.0,7.1,5,3,3,True,True,7.1,7.1,0.0,696,27453,0.7594597339630127,7.0,0.1,0.9167,4,3,0,0,2,0,0
Scholl_JAESCHKE_c02,Scholl_JAESCHKE,Scholl,9,8.0,c02,2,low,mid,mid,mid,2042,published_results/full_campaign_median_T_252_2026-06-04/solutions/Scholl_JAESCHKE_c02/epsilon_trace.csv,6,epsilon,5,142,True,,False,True,0,121.0,8.6,6,2,5,True,True,8.6,8.6,0.0,668,29154,0.6425740718841553,8.0,0.6000000000000001,0.7,2,4,0,0,0,2,1
Scholl_JAESCHKE_c02,Scholl_JAESCHKE,Scholl,9,8.0,c02,2,low,mid,mid,mid,2042,published_results/full_campaign_median_T_252_2026-06-04/solutions/Scholl_JAESCHKE_c02/epsilon_trace.csv,7,epsilon,6,120,True,,False,True,0,116.0,9.299999999999999,6,2,4,True,True,9.3,9.3,0.0,0,1318,0.3951411247253418,9.0,0.30000000000000004,0.8125,4,5,0,0,0,0,0
Scholl_JAESCHKE_c02,Scholl_JAESCHKE,Scholl,9,8.0,c02,2,low,mid,mid,mid,2042,published_results/full_campaign_median_T_252_2026-06-04/solutions/Scholl_JAESCHKE_c02/epsilon_trace.csv,8,epsilon,7,115,True,,False,True,0,112.0,10.15,5,2,4,True,True,10.15,10.15,0.0,0,1266,0.30660104751586914,10.0,0.15000000000000002,0.9062,2,5,0,0,2,0,0
Scholl_JAESCHKE_c02,Scholl_JAESCHKE,Scholl,9,8.0,c02,2,low,mid,mid,mid,2042,published_results/full_campaign_median_T_252_2026-06-04/solutions/Scholl_JAESCHKE_c02/epsilon_trace.csv,9,epsilon,8,111,True,,False,True,0,99.0,11.95,7,1,7,True,True,11.95,11.95,0.0,0,1048,0.34686779975891113,11.0,0.9500000000000001,0.6607,0,6,0,0,0,2,1
Scholl_JAESCHKE_c02,Scholl_JAESCHKE,Scholl,9,8.0,c02,2,low,mid,mid,mid,2042,published_results/full_campaign_median_T_252_2026-06-04/solutions/Scholl_JAESCHKE_c02/epsilon_trace.csv,10,epsilon,9,98,True,,False,True,0,85.0,12.4,6,1,5,True,True,12.4,12.4,0.0,0,992,0.24742388725280762,12.0,0.4,0.8,2,7,0,0,0,0,0
Scholl_JAESCHKE_c02,Scholl_JAESCHKE,Scholl,9,8.0,c02,2,low,mid,mid,mid,2042,published_results/full_campaign_median_T_252_2026-06-04/solutions/Scholl_JAESCHKE_c02/epsilon_trace.csv,11,epsilon,10,84,True,,False,True,0,63.0,15.75,7,0,7,True,True,15.75,15.75,0.0,0,972,0.2265169620513916,15.0,0.75,0.7321,0,9,0,0,0,0,0
Scholl_JAESCHKE_c02,Scholl_JAESCHKE,Scholl,9,8.0,c02,2,low,mid,mid,mid,2042,published_results/full_campaign_median_T_252_2026-06-04/solutions/Scholl_JAESCHKE_c02/epsilon_trace.csv,12,epsilon,11,62,False,infeasible,,,0,,,,,,,,,,,,,,,,,,,,,,,
Scholl_JAESCHKE_c03,Scholl_JAESCHKE,Scholl,9,8.0,c03,3,low,high,high,high,3042,published_results/full_campaign_median_T_252_2026-06-04/solutions/Scholl_JAESCHKE_c03/epsilon_trace.csv,1,E0_HI_only,0,,True,,False,True,0,240.0,0.0,6,6,0,True,True,240.0,240.0,0.0,0,0,0.012691974639892578,0.0,0.0,,9,0,0,0,0,0,0
Scholl_JAESCHKE_c03,Scholl_JAESCHKE,Scholl,9,8.0,c03,3,low,high,high,high,3042,published_results/full_campaign_median_T_252_2026-06-04/solutions/Scholl_JAESCHKE_c03/epsilon_trace.csv,2,epsilon,1,239,True,,False,True,0,209.0,2.05,6,5,1,True,True,2.05,2.05,0.0,0,576,0.20684814453125,2.0,0.05,0.875,8,1,0,0,0,0,0
Scholl_JAESCHKE_c03,Scholl_JAESCHKE,Scholl,9,8.0,c03,3,low,high,high,high,3042,published_results/full_campaign_median_T_252_2026-06-04/solutions/Scholl_JAESCHKE_c03/epsilon_trace.csv,3,epsilon,2,208,True,,False,True,0,178.0,4.2,6,4,2,True,True,4.2,4.2,0.0,514,12909,0.28957271575927734,4.0,0.2,0.75,7,2,0,0,0,0,0
Scholl_JAESCHKE_c03,Scholl_JAESCHKE,Scholl,9,8.0,c03,3,low,high,high,high,3042,published_results/full_campaign_median_T_252_2026-06-04/solutions/Scholl_JAESCHKE_c03/epsilon_trace.csv,4,epsilon,3,177,True,,False,True,0,147.0,6.3500000000000005,6,3,3,True,True,6.35,6.35,0.0,0,1380,0.377896785736084,6.0,0.35000000000000003,0.7083,6,3,0,0,0,0,0
Scholl_JAESCHKE_c03,Scholl_JAESCHKE,Scholl,9,8.0,c03,3,low,high,high,high,3042,published_results/full_campaign_median_T_252_2026-06-04/solutions/Scholl_JAESCHKE_c03/epsilon_trace.csv,5,epsilon,4,146,True,,False,True,0,116.0,9.350000000000001,6,2,4,True,True,9.35,9.35,0.0,0,1495,0.3513319492340088,9.0,0.35000000000000003,0.7812,4,5,0,0,0,0,0
Scholl_JAESCHKE_c03,Scholl_JAESCHKE,Scholl,9,8.0,c03,3,low,high,high,high,3042,published_results/full_campaign_median_T_252_2026-06-04/solutions/Scholl_JAESCHKE_c03/epsilon_trace.csv,6,epsilon,5,115,True,,False,True,0,85.0,12.450000000000001,6,1,5,True,True,12.45,12.45,0.0,0,1030,0.21466779708862305,12.0,0.45,0.775,2,7,0,0,0,0,0
Scholl_JAESCHKE_c03,Scholl_JAESCHKE,Scholl,9,8.0,c03,3,low,high,high,high,3042,published_results/full_campaign_median_T_252_2026-06-04/solutions/Scholl_JAESCHKE_c03/epsilon_trace.csv,7,epsilon,6,84,True,,False,True,0,63.0,16.749999999999996,7,0,7,True,True,16.75,16.75,0.0,0,1000,0.23062872886657715,16.0,0.75,0.7321,0,9,0,0,0,0,0
Scholl_JAESCHKE_c03,Scholl_JAESCHKE,Scholl,9,8.0,c03,3,low,high,high,high,3042,published_results/full_campaign_median_T_252_2026-06-04/solutions/Scholl_JAESCHKE_c03/epsilon_trace.csv,8,epsilon,7,62,False,infeasible,,,0,,,,,,,,,,,,,,,,,,,,,,,
Scholl_JAESCHKE_c04,Scholl_JAESCHKE,Scholl,9,8.0,c04,4,mid,low,mid,high,4042,published_results/full_campaign_median_T_252_2026-06-04/solutions/Scholl_JAESCHKE_c04/epsilon_trace.csv,1,E0_HI_only,0,,True,,False,True,0,240.0,0.0,6,6,0,True,True,240.0,240.0,0.0,0,0,0.01309967041015625,0.0,0.0,,9,0,0,0,0,0,0
Scholl_JAESCHKE_c04,Scholl_JAESCHKE,Scholl,9,8.0,c04,4,mid,low,mid,high,4042,published_results/full_campaign_median_T_252_2026-06-04/solutions/Scholl_JAESCHKE_c04/epsilon_trace.csv,2,epsilon,1,239,True,,False,True,0,209.0,2.0,6,5,1,True,True,2.0,2.0,0.0,464,8983,0.2515871524810791,2.0,0.0,1.0,8,1,0,0,0,0,0
Scholl_JAESCHKE_c04,Scholl_JAESCHKE,Scholl,9,8.0,c04,4,mid,low,mid,high,4042,published_results/full_campaign_median_T_252_2026-06-04/solutions/Scholl_JAESCHKE_c04/epsilon_trace.csv,3,epsilon,2,208,True,,False,True,0,205.0,2.1,5,5,1,True,True,2.1,2.1,0.0,307,6374,0.23035573959350586,2.0,0.1,0.75,7,0,0,0,2,0,0
Scholl_JAESCHKE_c04,Scholl_JAESCHKE,Scholl,9,8.0,c04,4,mid,low,mid,high,4042,published_results/full_campaign_median_T_252_2026-06-04/solutions/Scholl_JAESCHKE_c04/epsilon_trace.csv,4,epsilon,3,204,True,,False,True,0,165.0,3.0,4,4,1,True,True,3.0,3.0,0.0,358,11494,0.2564101219177246,3.0,0.0,1.0,6,0,0,0,3,0,0
Scholl_JAESCHKE_c04,Scholl_JAESCHKE,Scholl,9,8.0,c04,4,mid,low,mid,high,4042,published_results/full_campaign_median_T_252_2026-06-04/solutions/Scholl_JAESCHKE_c04/epsilon_trace.csv,5,epsilon,4,164,True,,False,True,0,147.0,6.1,6,3,3,True,True,6.1,6.1,0.0,561,27391,0.5118298530578613,6.0,0.1,0.9167,6,3,0,0,0,0,0
Scholl_JAESCHKE_c04,Scholl_JAESCHKE,Scholl,9,8.0,c04,4,mid,low,mid,high,4042,published_results/full_campaign_median_T_252_2026-06-04/solutions/Scholl_JAESCHKE_c04/epsilon_trace.csv,6,epsilon,5,146,True,,False,True,0,143.0,6.2,5,3,3,True,True,6.2,6.2,0.0,0,909,0.28032398223876953,6.0,0.2,0.8333,4,2,0,0,3,0,0
Scholl_JAESCHKE_c04,Scholl_JAESCHKE,Scholl,9,8.0,c04,4,mid,low,mid,high,4042,published_results/full_campaign_median_T_252_2026-06-04/solutions/Scholl_JAESCHKE_c04/epsilon_trace.csv,7,epsilon,6,142,True,,False,True,0,130.0,7.0,3,3,2,True,True,7.0,7.0,0.0,0,1273,0.33292293548583984,7.0,0.0,1.0,2,0,0,0,7,0,0
Scholl_JAESCHKE_c04,Scholl_JAESCHKE,Scholl,9,8.0,c04,4,mid,low,mid,high,4042,published_results/full_campaign_median_T_252_2026-06-04/solutions/Scholl_JAESCHKE_c04/epsilon_trace.csv,8,epsilon,7,129,True,,False,True,0,112.0,10.05,5,2,4,True,True,10.05,10.05,0.0,0,1244,0.32815098762512207,10.0,0.05,0.9688,2,4,0,0,3,0,0
Scholl_JAESCHKE_c04,Scholl_JAESCHKE,Scholl,9,8.0,c04,4,mid,low,mid,high,4042,published_results/full_campaign_median_T_252_2026-06-04/solutions/Scholl_JAESCHKE_c04/epsilon_trace.csv,9,epsilon,8,111,True,,False,True,0,108.0,10.2,4,2,4,True,True,10.2,10.2,0.0,0,1004,0.20464777946472168,10.0,0.2,0.875,0,2,0,0,7,0,0
Scholl_JAESCHKE_c04,Scholl_JAESCHKE,Scholl,9,8.0,c04,4,mid,low,mid,high,4042,published_results/full_campaign_median_T_252_2026-06-04/solutions/Scholl_JAESCHKE_c04/epsilon_trace.csv,10,epsilon,9,107,True,,False,True,0,90.0,14.3,6,1,6,True,True,14.3,14.3,0.0,0,888,0.20090389251708984,14.0,0.30000000000000004,0.875,0,6,0,0,3,0,0
Scholl_JAESCHKE_c04,Scholl_JAESCHKE,Scholl,9,8.0,c04,4,mid,low,mid,high,4042,published_results/full_campaign_median_T_252_2026-06-04/solutions/Scholl_JAESCHKE_c04/epsilon_trace.csv,11,epsilon,10,89,False,infeasible,,,0,,,,,,,,,,,,,,,,,,,,,,,
Scholl_JAESCHKE_c05,Scholl_JAESCHKE,Scholl,9,8.0,c05,5,mid,mid,high,low,5042,published_results/full_campaign_median_T_252_2026-06-04/solutions/Scholl_JAESCHKE_c05/epsilon_trace.csv,1,E0_HI_only,0,,True,,False,True,0,240.0,0.0,6,6,0,True,True,240.0,240.0,0.0,0,0,0.013149023056030273,0.0,0.0,,9,0,0,0,0,0,0
Scholl_JAESCHKE_c05,Scholl_JAESCHKE,Scholl,9,8.0,c05,5,mid,mid,high,low,5042,published_results/full_campaign_median_T_252_2026-06-04/solutions/Scholl_JAESCHKE_c05/epsilon_trace.csv,2,epsilon,1,239,True,,False,True,0,209.0,2.0,6,5,1,True,True,2.0,2.0,0.0,462,11330,0.24948406219482422,2.0,0.0,1.0,8,1,0,0,0,0,0
Scholl_JAESCHKE_c05,Scholl_JAESCHKE,Scholl,9,8.0,c05,5,mid,mid,high,low,5042,published_results/full_campaign_median_T_252_2026-06-04/solutions/Scholl_JAESCHKE_c05/epsilon_trace.csv,3,epsilon,2,208,True,,False,True,0,205.0,2.05,5,5,1,True,True,2.05,2.05,0.0,153,3173,0.22308969497680664,2.0,0.05,0.875,7,0,0,0,2,0,0
Scholl_JAESCHKE_c05,Scholl_JAESCHKE,Scholl,9,8.0,c05,5,mid,mid,high,low,5042,published_results/full_campaign_median_T_252_2026-06-04/solutions/Scholl_JAESCHKE_c05/epsilon_trace.csv,4,epsilon,3,204,True,,False,True,0,178.0,4.0,6,4,2,True,True,4.0,4.0,0.0,712,19527,0.3156452178955078,4.0,0.0,1.0,7,2,0,0,0,0,0
Scholl_JAESCHKE_c05,Scholl_JAESCHKE,Scholl,9,8.0,c05,5,mid,mid,high,low,5042,published_results/full_campaign_median_T_252_2026-06-04/solutions/Scholl_JAESCHKE_c05/epsilon_trace.csv,5,epsilon,4,177,True,,False,True,0,174.0,4.05,5,4,2,True,True,4.05,4.05,0.0,0,1247,0.3220200538635254,4.0,0.05,0.9375,6,1,0,0,2,0,0
Scholl_JAESCHKE_c05,Scholl_JAESCHKE,Scholl,9,8.0,c05,5,mid,mid,high,low,5042,published_results/full_campaign_median_T_252_2026-06-04/solutions/Scholl_JAESCHKE_c05/epsilon_trace.csv,6,epsilon,5,173,True,,False,True,0,170.0,5.05,4,4,2,True,True,5.05,5.05,0.0,644,20309,0.4395730495452881,5.0,0.05,0.9375,4,0,0,0,5,0,0
Scholl_JAESCHKE_c05,Scholl_JAESCHKE,Scholl,9,8.0,c05,5,mid,mid,high,low,5042,published_results/full_campaign_median_T_252_2026-06-04/solutions/Scholl_JAESCHKE_c05/epsilon_trace.csv,7,epsilon,6,169,True,,False,True,0,147.0,6.05,6,3,3,True,True,6.05,6.05,0.0,1345,29786,0.3816561698913574,6.0,0.05,0.9583,6,3,0,0,0,0,0
Scholl_JAESCHKE_c05,Scholl_JAESCHKE,Scholl,9,8.0,c05,5,mid,mid,high,low,5042,published_results/full_campaign_median_T_252_2026-06-04/solutions/Scholl_JAESCHKE_c05/epsilon_trace.csv,8,epsilon,7,146,True,,False,True,0,143.0,7.05,5,3,3,True,True,7.05,7.05,0.0,0,1655,0.30985188484191895,7.0,0.05,0.9583,4,2,0,0,3,0,0
Scholl_JAESCHKE_c05,Scholl_JAESCHKE,Scholl,9,8.0,c05,5,mid,mid,high,low,5042,published_results/full_campaign_median_T_252_2026-06-04/solutions/Scholl_JAESCHKE_c05/epsilon_trace.csv,9,epsilon,8,142,True,,False,True,0,121.0,10.150000000000002,6,2,5,True,True,10.15,10.15,0.0,853,17495,0.4244561195373535,10.0,0.15000000000000002,0.925,2,4,0,0,0,2,1
Scholl_JAESCHKE_c05,Scholl_JAESCHKE,Scholl,9,8.0,c05,5,mid,mid,high,low,5042,published_results/full_campaign_median_T_252_2026-06-04/solutions/Scholl_JAESCHKE_c05/epsilon_trace.csv,10,epsilon,9,120,True,,False,True,0,94.0,14.100000000000001,7,1,6,True,True,14.1,14.1,0.0,0,1504,0.3096959590911865,14.0,0.1,0.9583,2,7,0,0,0,0,0
Scholl_JAESCHKE_c05,Scholl_JAESCHKE,Scholl,9,8.0,c05,5,mid,mid,high,low,5042,published_results/full_campaign_median_T_252_2026-06-04/solutions/Scholl_JAESCHKE_c05/epsilon_trace.csv,11,epsilon,10,93,True,,False,True,0,72.0,18.4,8,0,8,True,True,18.4,18.4,0.0,0,1111,0.20738720893859863,18.0,0.4,0.875,0,9,0,0,0,0,0
Scholl_JAESCHKE_c05,Scholl_JAESCHKE,Scholl,9,8.0,c05,5,mid,mid,high,low,5042,published_results/full_campaign_median_T_252_2026-06-04/solutions/Scholl_JAESCHKE_c05/epsilon_trace.csv,12,epsilon,11,71,False,infeasible,,,0,,,,,,,,,,,,,,,,,,,,,,,
Scholl_JAESCHKE_c06,Scholl_JAESCHKE,Scholl,9,8.0,c06,6,mid,high,low,mid,6042,published_results/full_campaign_median_T_252_2026-06-04/solutions/Scholl_JAESCHKE_c06/epsilon_trace.csv,1,E0_HI_only,0,,True,,False,True,0,240.0,0.0,6,6,0,True,True,240.0,240.0,0.0,0,0,0.012642145156860352,0.0,0.0,,9,0,0,0,0,0,0
Scholl_JAESCHKE_c06,Scholl_JAESCHKE,Scholl,9,8.0,c06,6,mid,high,low,mid,6042,published_results/full_campaign_median_T_252_2026-06-04/solutions/Scholl_JAESCHKE_c06/epsilon_trace.csv,2,epsilon,1,239,True,,False,True,0,209.0,2.0,6,5,1,True,True,2.0,2.0,0.0,0,691,0.19949913024902344,2.0,0.0,1.0,8,1,0,0,0,0,0
Scholl_JAESCHKE_c06,Scholl_JAESCHKE,Scholl,9,8.0,c06,6,mid,high,low,mid,6042,published_results/full_campaign_median_T_252_2026-06-04/solutions/Scholl_JAESCHKE_c06/epsilon_trace.csv,3,epsilon,2,208,True,,False,True,0,178.0,4.05,6,4,2,True,True,4.05,4.05,0.0,354,5757,0.20301604270935059,4.0,0.05,0.9375,7,2,0,0,0,0,0
Scholl_JAESCHKE_c06,Scholl_JAESCHKE,Scholl,9,8.0,c06,6,mid,high,low,mid,6042,published_results/full_campaign_median_T_252_2026-06-04/solutions/Scholl_JAESCHKE_c06/epsilon_trace.csv,4,epsilon,3,177,True,,False,True,0,147.0,6.1499999999999995,6,3,3,True,True,6.15,6.15,0.0,0,1519,0.33127713203430176,6.0,0.15000000000000002,0.875,6,3,0,0,0,0,0
Scholl_JAESCHKE_c06,Scholl_JAESCHKE,Scholl,9,8.0,c06,6,mid,high,low,mid,6042,published_results/full_campaign_median_T_252_2026-06-04/solutions/Scholl_JAESCHKE_c06/epsilon_trace.csv,5,epsilon,4,146,True,,False,True,0,121.0,10.299999999999999,6,2,5,True,True,10.3,10.3,0.0,0,1637,0.32507801055908203,10.0,0.30000000000000004,0.85,2,4,0,0,0,2,1
Scholl_JAESCHKE_c06,Scholl_JAESCHKE,Scholl,9,8.0,c06,6,mid,high,low,mid,6042,published_results/full_campaign_median_T_252_2026-06-04/solutions/Scholl_JAESCHKE_c06/epsilon_trace.csv,6,epsilon,5,120,True,,False,True,0,94.0,14.3,7,1,6,True,True,14.3,14.3,0.0,0,1550,0.3066527843475342,14.0,0.30000000000000004,0.875,2,7,0,0,0,0,0
Scholl_JAESCHKE_c06,Scholl_JAESCHKE,Scholl,9,8.0,c06,6,mid,high,low,mid,6042,published_results/full_campaign_median_T_252_2026-06-04/solutions/Scholl_JAESCHKE_c06/epsilon_trace.csv,7,epsilon,6,93,True,,False,True,0,72.0,19.45,8,0,8,True,True,19.45,19.45,0.0,0,1025,0.21653103828430176,19.0,0.45,0.8594,0,9,0,0,0,0,0
Scholl_JAESCHKE_c06,Scholl_JAESCHKE,Scholl,9,8.0,c06,6,mid,high,low,mid,6042,published_results/full_campaign_median_T_252_2026-06-04/solutions/Scholl_JAESCHKE_c06/epsilon_trace.csv,8,epsilon,7,71,False,infeasible,,,0,,,,,,,,,,,,,,,,,,,,,,,
Scholl_JAESCHKE_c07,Scholl_JAESCHKE,Scholl,9,8.0,c07,7,high,low,high,mid,7042,published_results/full_campaign_median_T_252_2026-06-04/solutions/Scholl_JAESCHKE_c07/epsilon_trace.csv,1,E0_HI_only,0,,True,,False,True,0,240.0,0.0,6,6,0,True,True,240.0,240.0,0.0,0,0,0.01293802261352539,0.0,0.0,,9,0,0,0,0,0,0
Scholl_JAESCHKE_c07,Scholl_JAESCHKE,Scholl,9,8.0,c07,7,high,low,high,mid,7042,published_results/full_campaign_median_T_252_2026-06-04/solutions/Scholl_JAESCHKE_c07/epsilon_trace.csv,2,epsilon,1,239,True,,False,True,0,209.0,2.0,6,5,1,True,True,2.0,2.0,0.0,650,10682,0.16707491874694824,2.0,0.0,1.0,8,1,0,0,0,0,0
Scholl_JAESCHKE_c07,Scholl_JAESCHKE,Scholl,9,8.0,c07,7,high,low,high,mid,7042,published_results/full_campaign_median_T_252_2026-06-04/solutions/Scholl_JAESCHKE_c07/epsilon_trace.csv,3,epsilon,2,208,True,,False,True,0,205.0,2.15,5,5,1,True,True,2.15,2.15,0.0,0,659,0.15078973770141602,2.0,0.15000000000000002,0.625,7,0,0,0,2,0,0
Scholl_JAESCHKE_c07,Scholl_JAESCHKE,Scholl,9,8.0,c07,7,high,low,high,mid,7042,published_results/full_campaign_median_T_252_2026-06-04/solutions/Scholl_JAESCHKE_c07/epsilon_trace.csv,4,epsilon,3,204,True,,False,True,0,165.0,3.1,4,4,1,True,True,3.1,3.1,0.0,494,8974,0.18581771850585938,3.0,0.1,0.75,6,0,0,0,3,0,0
Scholl_JAESCHKE_c07,Scholl_JAESCHKE,Scholl,9,8.0,c07,7,high,low,high,mid,7042,published_results/full_campaign_median_T_252_2026-06-04/solutions/Scholl_JAESCHKE_c07/epsilon_trace.csv,5,epsilon,4,164,True,,False,True,0,134.0,6.0,4,3,2,True,True,6.0,6.0,0.0,0,1290,0.2147541046142578,6.0,0.0,1.0,4,1,0,0,4,0,0
Scholl_JAESCHKE_c07,Scholl_JAESCHKE,Scholl,9,8.0,c07,7,high,low,high,mid,7042,published_results/full_campaign_median_T_252_2026-06-04/solutions/Scholl_JAESCHKE_c07/epsilon_trace.csv,6,epsilon,5,133,True,,False,True,0,130.0,7.05,3,3,2,True,True,7.05,7.05,0.0,0,682,0.13664889335632324,7.0,0.05,0.9375,2,0,0,0,7,0,0
Scholl_JAESCHKE_c07,Scholl_JAESCHKE,Scholl,9,8.0,c07,7,high,low,high,mid,7042,published_results/full_campaign_median_T_252_2026-06-04/solutions/Scholl_JAESCHKE_c07/epsilon_trace.csv,7,epsilon,6,129,False,infeasible,,,0,,,,,,,,,,,,,,,,,,,,,,,
Scholl_JAESCHKE_c08,Scholl_JAESCHKE,Scholl,9,8.0,c08,8,high,mid,low,high,8042,published_results/full_campaign_median_T_252_2026-06-04/solutions/Scholl_JAESCHKE_c08/epsilon_trace.csv,1,E0_HI_only,0,,True,,False,True,0,240.0,0.0,6,6,0,True,True,240.0,240.0,0.0,0,0,0.013449907302856445,0.0,0.0,,9,0,0,0,0,0,0
Scholl_JAESCHKE_c08,Scholl_JAESCHKE,Scholl,9,8.0,c08,8,high,mid,low,high,8042,published_results/full_campaign_median_T_252_2026-06-04/solutions/Scholl_JAESCHKE_c08/epsilon_trace.csv,2,epsilon,1,239,True,,False,True,0,205.0,2.05,5,5,1,True,True,2.05,2.05,0.0,649,11162,0.19826364517211914,2.0,0.05,0.875,7,0,0,0,2,0,0
Scholl_JAESCHKE_c08,Scholl_JAESCHKE,Scholl,9,8.0,c08,8,high,mid,low,high,8042,published_results/full_campaign_median_T_252_2026-06-04/solutions/Scholl_JAESCHKE_c08/epsilon_trace.csv,3,epsilon,2,204,True,,False,True,0,170.0,5.05,4,4,2,True,True,5.05,5.05,0.0,603,12909,0.2294142246246338,5.0,0.05,0.9375,4,0,0,0,5,0,0
Scholl_JAESCHKE_c08,Scholl_JAESCHKE,Scholl,9,8.0,c08,8,high,mid,low,high,8042,published_results/full_campaign_median_T_252_2026-06-04/solutions/Scholl_JAESCHKE_c08/epsilon_trace.csv,4,epsilon,3,169,True,,False,True,0,144.0,10.0,4,3,4,True,True,10.0,10.0,0.0,0,1237,0.20228910446166992,10.0,0.0,1.0,0,1,0,0,8,0,0
Scholl_JAESCHKE_c08,Scholl_JAESCHKE,Scholl,9,8.0,c08,8,high,mid,low,high,8042,published_results/full_campaign_median_T_252_2026-06-04/solutions/Scholl_JAESCHKE_c08/epsilon_trace.csv,5,epsilon,4,143,False,infeasible,,,0,,,,,,,,,,,,,,,,,,,,,,,
Scholl_JAESCHKE_c09,Scholl_JAESCHKE,Scholl,9,8.0,c09,9,high,high,mid,low,9042,published_results/full_campaign_median_T_252_2026-06-04/solutions/Scholl_JAESCHKE_c09/epsilon_trace.csv,1,E0_HI_only,0,,True,,False,True,0,240.0,0.0,6,6,0,True,True,240.0,240.0,0.0,0,0,0.013248920440673828,0.0,0.0,,9,0,0,0,0,0,0
Scholl_JAESCHKE_c09,Scholl_JAESCHKE,Scholl,9,8.0,c09,9,high,high,mid,low,9042,published_results/full_campaign_median_T_252_2026-06-04/solutions/Scholl_JAESCHKE_c09/epsilon_trace.csv,2,epsilon,1,239,False,infeasible,,,0,,,,,,,,,,,,,,,,,,,,,,,
Scholl_KILBRID_c01,Scholl_KILBRID,Scholl,45,85.0,c01,1,low,low,low,low,1042,published_results/full_campaign_median_T_252_2026-06-04/solutions/Scholl_KILBRID_c01/epsilon_trace.csv,1,E0_HI_only,0,,True,,False,True,0,280.0,0.0,7,7,0,True,True,280.0,280.0,0.0,0,1935,0.25432801246643066,0.0,0.0,,45,0,0,0,0,0,0
Scholl_KILBRID_c01,Scholl_KILBRID,Scholl,45,85.0,c01,1,low,low,low,low,1042,published_results/full_campaign_median_T_252_2026-06-04/solutions/Scholl_KILBRID_c01/epsilon_trace.csv,2,epsilon,1,279,True,,False,True,0,254.0,23.35,7,6,2,True,False,0.0,23.35,100.0,905,857968,302.7204747200012,19.0,4.3500000000000005,0.4882,30,1,0,0,14,0,0
Scholl_KILBRID_c01,Scholl_KILBRID,Scholl,45,85.0,c01,1,low,low,low,low,1042,published_results/full_campaign_median_T_252_2026-06-04/solutions/Scholl_KILBRID_c01/epsilon_trace.csv,3,epsilon,2,253,True,,False,True,1,245.0,14.35,6,6,1,True,False,0.0,14.35,100.0,2974,597603,305.02265787124634,13.0,1.35,0.6824,34,0,0,0,11,0,0
Scholl_KILBRID_c01,Scholl_KILBRID,Scholl,45,85.0,c01,1,low,low,low,low,1042,published_results/full_campaign_median_T_252_2026-06-04/solutions/Scholl_KILBRID_c01/epsilon_trace.csv,4,epsilon,3,244,True,,False,True,0,223.0,43.99999999999999,7,5,3,True,False,0.0,44.0,100.0,1535,890446,302.6552429199219,39.0,5.0,0.6078,27,8,0,0,0,7,3
Scholl_KILBRID_c01,Scholl_KILBRID,Scholl,45,85.0,c01,1,low,low,low,low,1042,published_results/full_campaign_median_T_252_2026-06-04/solutions/Scholl_KILBRID_c01/epsilon_trace.csv,5,epsilon,4,222,True,,False,True,1,214.0,28.299999999999997,6,5,2,True,False,0.0,28.3,100.0,1378,1118346,302.62500405311584,25.0,3.3000000000000003,0.6118,29,3,0,0,13,0,0
Scholl_KILBRID_c01,Scholl_KILBRID,Scholl,45,85.0,c01,1,low,low,low,low,1042,published_results/full_campaign_median_T_252_2026-06-04/solutions/Scholl_KILBRID_c01/epsilon_trace.csv,6,epsilon,5,213,True,,False,True,0,210.0,36.25,5,5,2,True,False,0.0,36.25,100.0,3424,1337696,302.5381369590759,35.0,1.25,0.8529,19,0,0,0,26,0,0
Scholl_KILBRID_c01,Scholl_KILBRID,Scholl,45,85.0,c01,1,low,low,low,low,1042,published_results/full_campaign_median_T_252_2026-06-04/solutions/Scholl_KILBRID_c01/epsilon_trace.csv,7,epsilon,6,209,True,,False,True,0,183.0,56.35,6,4,3,True,False,0.0,56.35,100.0,1349,856370,302.6191461086273,53.0,3.35,0.7373,19,9,0,0,17,0,0
Scholl_KILBRID_c01,Scholl_KILBRID,Scholl,45,85.0,c01,1,low,low,low,low,1042,published_results/full_campaign_median_T_252_2026-06-04/solutions/Scholl_KILBRID_c01/epsilon_trace.csv,8,epsilon,7,182,True,,False,True,1,179.0,45.99999999999999,5,4,3,True,False,2.8974358974,46.0,93.7012,2607,818030,302.63108682632446,43.0,3.0,0.7647,15,3,0,0,14,6,7
Scholl_KILBRID_c01,Scholl_KILBRID,Scholl,45,85.0,c01,1,low,low,low,low,1042,published_results/full_campaign_median_T_252_2026-06-04/solutions/Scholl_KILBRID_c01/epsilon_trace.csv,9,epsilon,8,178,True,,False,True,1,175.0,42.85,4,4,3,True,False,0.0,42.85,100.0,1163,767649,302.60131216049194,39.0,3.85,0.698,12,0,0,0,25,7,1
Scholl_KILBRID_c01,Scholl_KILBRID,Scholl,45,85.0,c01,1,low,low,low,low,1042,published_results/full_campaign_median_T_252_2026-06-04/solutions/Scholl_KILBRID_c01/epsilon_trace.csv,10,epsilon,9,174,True,,False,True,1,174.0,42.25,5,4,2,True,False,0.0,42.25,100.0,2493,849375,302.6159689426422,42.0,0.25,0.9706,26,8,0,0,11,0,0
Scholl_KILBRID_c01,Scholl_KILBRID,Scholl,45,85.0,c01,1,low,low,low,low,1042,published_results/full_campaign_median_T_252_2026-06-04/solutions/Scholl_KILBRID_c01/epsilon_trace.csv,11,epsilon,10,173,True,,False,True,0,152.0,73.95,6,3,4,True,False,0.076902173913,73.95,99.896,3520,885737,302.6053378582001,70.0,3.95,0.7676,17,15,0,0,13,0,0
Scholl_KILBRID_c01,Scholl_KILBRID,Scholl,45,85.0,c01,1,low,low,low,low,1042,published_results/full_campaign_median_T_252_2026-06-04/solutions/Scholl_KILBRID_c01/epsilon_trace.csv,12,epsilon,11,151,True,,False,True,0,121.0,97.60000000000001,6,2,5,True,False,4.3168831332,97.6,95.577,3364,1211532,302.55515003204346,93.0,4.6000000000000005,0.7835,12,22,0,0,11,0,0
Scholl_KILBRID_c01,Scholl_KILBRID,Scholl,45,85.0,c01,1,low,low,low,low,1042,published_results/full_campaign_median_T_252_2026-06-04/solutions/Scholl_KILBRID_c01/epsilon_trace.csv,13,epsilon,12,120,True,,False,True,0,94.0,139.00000000000003,7,1,6,True,False,1.1008641293,139.0,99.208,2608,1156241,302.58162117004395,137.0,2.0,0.9216,9,36,0,0,0,0,0
Scholl_KILBRID_c01,Scholl_KILBRID,Scholl,45,85.0,c01,1,low,low,low,low,1042,published_results/full_campaign_median_T_252_2026-06-04/solutions/Scholl_KILBRID_c01/epsilon_trace.csv,14,epsilon,13,93,True,,False,True,1,81.0,121.1,5,1,5,True,False,62.897553443,121.1,48.0615,55358,4825684,302.5924470424652,121.0,0.1,0.9953,0,31,0,0,14,0,0
Scholl_KILBRID_c01,Scholl_KILBRID,Scholl,45,85.0,c01,1,low,low,low,low,1042,published_results/full_campaign_median_T_252_2026-06-04/solutions/Scholl_KILBRID_c01/epsilon_trace.csv,15,epsilon,14,80,True,,False,True,0,63.0,167.85000000000002,7,0,7,True,True,167.85,167.85,0.0,90196,7008950,218.35222792625427,166.0,1.85,0.9378,0,45,0,0,0,0,0
Scholl_KILBRID_c01,Scholl_KILBRID,Scholl,45,85.0,c01,1,low,low,low,low,1042,published_results/full_campaign_median_T_252_2026-06-04/solutions/Scholl_KILBRID_c01/epsilon_trace.csv,16,epsilon,15,62,False,infeasible,,,0,,,,,,,,,,,,,,,,,,,,,,,
Scholl_KILBRID_c02,Scholl_KILBRID,Scholl,45,85.0,c02,2,low,mid,mid,mid,2042,published_results/full_campaign_median_T_252_2026-06-04/solutions/Scholl_KILBRID_c02/epsilon_trace.csv,1,E0_HI_only,0,,True,,False,True,0,280.0,0.0,7,7,0,True,True,280.0,280.0,0.0,0,1935,0.2397754192352295,0.0,0.0,,45,0,0,0,0,0,0
Scholl_KILBRID_c02,Scholl_KILBRID,Scholl,45,85.0,c02,2,low,mid,mid,mid,2042,published_results/full_campaign_median_T_252_2026-06-04/solutions/Scholl_KILBRID_c02/epsilon_trace.csv,2,epsilon,1,279,True,,False,True,0,258.0,21.75,8,6,2,True,False,0.0,21.75,100.0,876,681817,302.6560547351837,16.0,5.75,0.3235,40,5,0,0,0,0,0
Scholl_KILBRID_c02,Scholl_KILBRID,Scholl,45,85.0,c02,2,low,mid,mid,mid,2042,published_results/full_campaign_median_T_252_2026-06-04/solutions/Scholl_KILBRID_c02/epsilon_trace.csv,3,epsilon,2,257,True,,False,True,0,254.0,25.05,7,6,2,True,False,0.0,25.05,100.0,1231,797180,302.62349581718445,20.0,5.050000000000001,0.4059,36,2,6,1,0,0,0
Scholl_KILBRID_c02,Scholl_KILBRID,Scholl,45,85.0,c02,2,low,mid,mid,mid,2042,published_results/full_campaign_median_T_252_2026-06-04/solutions/Scholl_KILBRID_c02/epsilon_trace.csv,4,epsilon,3,253,True,,False,True,2,249.0,15.65,7,6,1,True,False,0.0,15.65,100.0,1710,672925,302.65770196914673,14.0,1.6500000000000001,0.6118,42,3,0,0,0,0,0
Scholl_KILBRID_c02,Scholl_KILBRID,Scholl,45,85.0,c02,2,low,mid,mid,mid,2042,published_results/full_campaign_median_T_252_2026-06-04/solutions/Scholl_KILBRID_c02/epsilon_trace.csv,5,epsilon,4,248,True,,False,True,0,241.0,54.1,9,5,5,True,False,0.0,54.1,100.0,1787,1122359,302.87718987464905,41.0,13.100000000000001,0.3835,23,12,0,0,0,7,3
Scholl_KILBRID_c02,Scholl_KILBRID,Scholl,45,85.0,c02,2,low,mid,mid,mid,2042,published_results/full_campaign_median_T_252_2026-06-04/solutions/Scholl_KILBRID_c02/epsilon_trace.csv,6,epsilon,5,240,True,,False,True,1,218.0,38.150000000000006,7,5,2,True,False,4.2633333333,38.15,88.8248,1900,891800,602.5124170780182,36.0,2.15,0.7471,40,5,0,0,0,0,0
Scholl_KILBRID_c02,Scholl_KILBRID,Scholl,45,85.0,c02,2,low,mid,mid,mid,2042,published_results/full_campaign_median_T_252_2026-06-04/solutions/Scholl_KILBRID_c02/epsilon_trace.csv,7,epsilon,6,217,True,,False,True,0,214.0,79.4,10,4,6,True,False,0.0,79.4,100.0,2542,816613,302.7616889476776,65.0,14.4,0.4353,29,16,0,0,0,0,0
Scholl_KILBRID_c02,Scholl_KILBRID,Scholl,45,85.0,c02,2,low,mid,mid,mid,2042,published_results/full_campaign_median_T_252_2026-06-04/solutions/Scholl_KILBRID_c02/epsilon_trace.csv,8,epsilon,7,213,True,,False,True,1,192.0,65.64999999999999,7,4,4,True,False,0.23965881643,65.65,99.6349,5596,2463627,602.448616027832,61.0,4.65,0.7265,17,14,0,0,0,9,5
Scholl_KILBRID_c02,Scholl_KILBRID,Scholl,45,85.0,c02,2,low,mid,mid,mid,2042,published_results/full_campaign_median_T_252_2026-06-04/solutions/Scholl_KILBRID_c02/epsilon_trace.csv,9,epsilon,8,191,True,,False,True,1,187.0,63.199999999999996,7,4,3,True,False,0.26126383764,63.2,99.5866,3537,837950,302.6176030635834,61.0,2.2,0.8275,26,19,0,0,0,0,0
Scholl_KILBRID_c02,Scholl_KILBRID,Scholl,45,85.0,c02,2,low,mid,mid,mid,2042,published_results/full_campaign_median_T_252_2026-06-04/solutions/Scholl_KILBRID_c02/epsilon_trace.csv,10,epsilon,9,186,True,,False,True,0,156.0,90.0,7,3,4,True,False,0.0,90.0,100.0,1638,1111428,302.64179730415344,88.0,2.0,0.8824,24,21,0,0,0,0,0
Scholl_KILBRID_c02,Scholl_KILBRID,Scholl,45,85.0,c02,2,low,mid,mid,mid,2042,published_results/full_campaign_median_T_252_2026-06-04/solutions/Scholl_KILBRID_c02/epsilon_trace.csv,11,epsilon,10,155,True,,False,True,0,134.0,118.1,8,2,6,True,False,0.0,118.1,100.0,2786,1252230,302.5977039337158,112.0,6.1000000000000005,0.7608,19,26,0,0,0,0,0
Scholl_KILBRID_c02,Scholl_KILBRID,Scholl,45,85.0,c02,2,low,mid,mid,mid,2042,published_results/full_campaign_median_T_252_2026-06-04/solutions/Scholl_KILBRID_c02/epsilon_trace.csv,12,epsilon,11,133,True,,False,True,1,125.0,114.04999999999998,7,2,5,True,False,4.4372352504,114.05,96.1094,3267,1003908,302.5982940196991,112.0,2.0500000000000003,0.9035,18,27,0,0,0,0,0
Scholl_KILBRID_c02,Scholl_KILBRID,Scholl,45,85.0,c02,2,low,mid,mid,mid,2042,published_results/full_campaign_median_T_252_2026-06-04/solutions/Scholl_KILBRID_c02/epsilon_trace.csv,13,epsilon,12,124,True,,False,True,0,121.0,154.54999999999998,10,1,9,True,False,5.9422558467,154.55,96.1551,3600,1459067,302.5568723678589,140.0,14.55,0.6196,11,34,0,0,0,0,0
Scholl_KILBRID_c02,Scholl_KILBRID,Scholl,45,85.0,c02,2,low,mid,mid,mid,2042,published_results/full_campaign_median_T_252_2026-06-04/solutions/Scholl_KILBRID_c02/epsilon_trace.csv,14,epsilon,13,120,True,,False,True,1,94.0,141.95000000000002,7,1,6,True,False,5.3789062625,141.95,96.2107,5086,1899815,302.57348895072937,140.0,1.9500000000000002,0.9235,10,35,0,0,0,0,0
Scholl_KILBRID_c02,Scholl_KILBRID,Scholl,45,85.0,c02,2,low,mid,mid,mid,2042,published_results/full_campaign_median_T_252_2026-06-04/solutions/Scholl_KILBRID_c02/epsilon_trace.csv,15,epsilon,14,93,True,,False,True,1,90.0,139.40000000000003,6,1,6,True,False,4.9436647861,139.4,96.4536,5271,1974258,302.5847222805023,139.0,0.4,0.9843,0,35,0,0,0,4,6
Scholl_KILBRID_c02,Scholl_KILBRID,Scholl,45,85.0,c02,2,low,mid,mid,mid,2042,published_results/full_campaign_median_T_252_2026-06-04/solutions/Scholl_KILBRID_c02/epsilon_trace.csv,16,epsilon,15,89,True,,False,True,0,63.0,171.60000000000002,7,0,7,True,False,38.607648763,171.6,77.5014,6387,2581540,302.5671000480652,170.0,1.6,0.9462,0,45,0,0,0,0,0
Scholl_KILBRID_c02,Scholl_KILBRID,Scholl,45,85.0,c02,2,low,mid,mid,mid,2042,published_results/full_campaign_median_T_252_2026-06-04/solutions/Scholl_KILBRID_c02/epsilon_trace.csv,17,epsilon,16,62,False,infeasible,,,0,,,,,,,,,,,,,,,,,,,,,,,
Scholl_KILBRID_c03,Scholl_KILBRID,Scholl,45,85.0,c03,3,low,high,high,high,3042,published_results/full_campaign_median_T_252_2026-06-04/solutions/Scholl_KILBRID_c03/epsilon_trace.csv,1,E0_HI_only,0,,True,,False,True,0,280.0,0.0,7,7,0,True,True,280.0,280.0,0.0,0,1935,0.24636197090148926,0.0,0.0,,45,0,0,0,0,0,0
Scholl_KILBRID_c03,Scholl_KILBRID,Scholl,45,85.0,c03,3,low,high,high,high,3042,published_results/full_campaign_median_T_252_2026-06-04/solutions/Scholl_KILBRID_c03/epsilon_trace.csv,2,epsilon,1,279,True,,False,True,0,249.0,13.1,7,6,1,True,False,0.0,13.1,100.0,2832,1353488,302.65430092811584,11.0,2.1,0.5059,43,2,0,0,0,0,0
Scholl_KILBRID_c03,Scholl_KILBRID,Scholl,45,85.0,c03,3,low,high,high,high,3042,published_results/full_campaign_median_T_252_2026-06-04/solutions/Scholl_KILBRID_c03/epsilon_trace.csv,3,epsilon,2,248,True,,False,True,0,227.0,43.7,8,5,3,True,False,0.0,43.7,100.0,2989,1387146,302.6357741355896,38.0,5.7,0.5529,33,12,0,0,0,0,0
Scholl_KILBRID_c03,Scholl_KILBRID,Scholl,45,85.0,c03,3,low,high,high,high,3042,published_results/full_campaign_median_T_252_2026-06-04/solutions/Scholl_KILBRID_c03/epsilon_trace.csv,4,epsilon,3,226,True,,False,True,1,218.0,36.050000000000004,7,5,2,True,False,0.0,36.05,100.0,3405,1296093,604.7154541015625,34.0,2.0500000000000003,0.7588,34,11,0,0,0,0,0
Scholl_KILBRID_c03,Scholl_KILBRID,Scholl,45,85.0,c03,3,low,high,high,high,3042,published_results/full_campaign_median_T_252_2026-06-04/solutions/Scholl_KILBRID_c03/epsilon_trace.csv,5,epsilon,4,217,True,,False,True,0,187.0,59.9,7,4,3,True,False,0.0,59.9,100.0,3542,1388793,302.59937715530396,58.0,1.9000000000000001,0.851,30,15,0,0,0,0,0
Scholl_KILBRID_c03,Scholl_KILBRID,Scholl,45,85.0,c03,3,low,high,high,high,3042,published_results/full_campaign_median_T_252_2026-06-04/solutions/Scholl_KILBRID_c03/epsilon_trace.csv,6,epsilon,5,186,True,,False,True,0,170.0,97.95000000000002,8,3,6,True,False,0.0,97.95,100.0,2116,882085,302.5765290260315,90.0,7.95,0.6882,18,19,0,0,0,5,3
Scholl_KILBRID_c03,Scholl_KILBRID,Scholl,45,85.0,c03,3,low,high,high,high,3042,published_results/full_campaign_median_T_252_2026-06-04/solutions/Scholl_KILBRID_c03/epsilon_trace.csv,7,epsilon,6,169,True,,False,True,1,156.0,86.00000000000001,7,3,4,True,False,0.0,86.0,100.0,1817,1010608,302.6361291408539,84.0,2.0,0.8824,25,20,0,0,0,0,0
Scholl_KILBRID_c03,Scholl_KILBRID,Scholl,45,85.0,c03,3,low,high,high,high,3042,published_results/full_campaign_median_T_252_2026-06-04/solutions/Scholl_KILBRID_c03/epsilon_trace.csv,8,epsilon,7,155,True,,False,True,0,125.0,110.04999999999998,7,2,5,True,False,4.2644444444,110.05,96.125,3332,1223954,302.5144760608673,108.0,2.0500000000000003,0.9035,18,27,0,0,0,0,0
Scholl_KILBRID_c03,Scholl_KILBRID,Scholl,45,85.0,c03,3,low,high,high,high,3042,published_results/full_campaign_median_T_252_2026-06-04/solutions/Scholl_KILBRID_c03/epsilon_trace.csv,9,epsilon,8,124,True,,False,True,0,94.0,136.00000000000003,7,1,6,True,False,10.0127779,136.0,92.6377,3389,1152680,302.54470586776733,134.0,2.0,0.9216,12,33,0,0,0,0,0
Scholl_KILBRID_c03,Scholl_KILBRID,Scholl,45,85.0,c03,3,low,high,high,high,3042,published_results/full_campaign_median_T_252_2026-06-04/solutions/Scholl_KILBRID_c03/epsilon_trace.csv,10,epsilon,9,93,True,,False,True,0,63.0,165.64999999999998,7,0,7,True,False,51.561678458,165.65,68.8731,28359,6450210,602.3023340702057,164.0,1.6500000000000001,0.9445,0,45,0,0,0,0,0
Scholl_KILBRID_c03,Scholl_KILBRID,Scholl,45,85.0,c03,3,low,high,high,high,3042,published_results/full_campaign_median_T_252_2026-06-04/solutions/Scholl_KILBRID_c03/epsilon_trace.csv,11,epsilon,10,62,False,infeasible,,,0,,,,,,,,,,,,,,,,,,,,,,,
Scholl_KILBRID_c04,Scholl_KILBRID,Scholl,45,85.0,c04,4,mid,low,mid,high,4042,published_results/full_campaign_median_T_252_2026-06-04/solutions/Scholl_KILBRID_c04/epsilon_trace.csv,1,E0_HI_only,0,,True,,False,True,0,280.0,0.0,7,7,0,True,True,280.0,280.0,0.0,0,1935,0.2741420269012451,0.0,0.0,,45,0,0,0,0,0,0
Scholl_KILBRID_c04,Scholl_KILBRID,Scholl,45,85.0,c04,4,mid,low,mid,high,4042,published_results/full_campaign_median_T_252_2026-06-04/solutions/Scholl_KILBRID_c04/epsilon_trace.csv,2,epsilon,1,279,True,,False,True,0,276.0,31.700000000000003,10,6,4,True,False,0.0,31.7,100.0,689,630343,302.6765601634979,18.0,13.700000000000001,0.1941,40,5,0,0,0,0,0
Scholl_KILBRID_c04,Scholl_KILBRID,Scholl,45,85.0,c04,4,mid,low,mid,high,4042,published_results/full_campaign_median_T_252_2026-06-04/solutions/Scholl_KILBRID_c04/epsilon_trace.csv,3,epsilon,2,275,True,,False,True,1,249.0,19.0,7,6,1,True,False,0.0,19.0,100.0,1708,1097835,302.6447060108185,18.0,1.0,0.7647,40,5,0,0,0,0,0
Scholl_KILBRID_c04,Scholl_KILBRID,Scholl,45,85.0,c04,4,mid,low,mid,high,4042,published_results/full_campaign_median_T_252_2026-06-04/solutions/Scholl_KILBRID_c04/epsilon_trace.csv,4,epsilon,3,248,True,,False,True,0,237.0,54.55,8,5,5,True,False,0.0,54.55,100.0,3528,1172230,302.5513069629669,42.0,12.55,0.4094,21,4,0,0,14,5,1
Scholl_KILBRID_c04,Scholl_KILBRID,Scholl,45,85.0,c04,4,mid,low,mid,high,4042,published_results/full_campaign_median_T_252_2026-06-04/solutions/Scholl_KILBRID_c04/epsilon_trace.csv,5,epsilon,4,236,True,,False,True,1,223.0,31.750000000000004,7,5,3,True,False,0.0033699787317,31.75,99.9894,937,711893,302.70947885513306,24.0,7.75,0.3922,28,2,0,0,15,0,0
Scholl_KILBRID_c04,Scholl_KILBRID,Scholl,45,85.0,c04,4,mid,low,mid,high,4042,published_results/full_campaign_median_T_252_2026-06-04/solutions/Scholl_KILBRID_c04/epsilon_trace.csv,6,epsilon,5,222,True,,False,True,0,210.0,62.599999999999994,9,4,6,True,False,0.0,62.6,100.0,1596,762461,302.72894525527954,47.0,15.600000000000001,0.3882,29,5,0,0,11,0,0
Scholl_KILBRID_c04,Scholl_KILBRID,Scholl,45,85.0,c04,4,mid,low,mid,high,4042,published_results/full_campaign_median_T_252_2026-06-04/solutions/Scholl_KILBRID_c04/epsilon_trace.csv,7,epsilon,6,209,True,,False,True,1,170.0,37.4,4,4,2,True,False,0.13953488372,37.4,99.6269,3421,972226,302.57441997528076,37.0,0.4,0.9529,19,0,0,0,26,0,0
Scholl_KILBRID_c04,Scholl_KILBRID,Scholl,45,85.0,c04,4,mid,low,mid,high,4042,published_results/full_campaign_median_T_252_2026-06-04/solutions/Scholl_KILBRID_c04/epsilon_trace.csv,8,epsilon,7,169,True,,False,True,0,152.0,87.64999999999999,6,3,4,True,False,0.37794064301,87.65,99.5688,2928,1604446,302.69539403915405,87.0,0.65,0.9618,16,14,0,0,15,0,0
Scholl_KILBRID_c04,Scholl_KILBRID,Scholl,45,85.0,c04,4,mid,low,mid,high,4042,published_results/full_campaign_median_T_252_2026-06-04/solutions/Scholl_KILBRID_c04/epsilon_trace.csv,9,epsilon,8,151,True,,False,True,0,130.0,126.39999999999999,7,2,6,True,False,4.7150619569,126.4,96.2697,1714,1024576,302.5905110836029,124.0,2.4000000000000004,0.9059,10,21,0,0,14,0,0
Scholl_KILBRID_c04,Scholl_KILBRID,Scholl,45,85.0,c04,4,mid,low,mid,high,4042,published_results/full_campaign_median_T_252_2026-06-04/solutions/Scholl_KILBRID_c04/epsilon_trace.csv,10,epsilon,9,129,True,,False,True,1,126.0,105.05000000000001,6,2,6,True,False,14.251575539,105.05,86.4335,3401,1494209,302.5676429271698,98.0,7.050000000000001,0.7235,0,15,0,0,30,0,0
Scholl_KILBRID_c04,Scholl_KILBRID,Scholl,45,85.0,c04,4,mid,low,mid,high,4042,published_results/full_campaign_median_T_252_2026-06-04/solutions/Scholl_KILBRID_c04/epsilon_trace.csv,11,epsilon,10,125,True,,False,True,1,117.0,99.3,5,2,5,True,False,12.771200541,99.3,87.1388,4889,1512017,302.5745310783386,96.0,3.3000000000000003,0.8447,0,13,0,0,32,0,0
Scholl_KILBRID_c04,Scholl_KILBRID,Scholl,45,85.0,c04,4,mid,low,mid,high,4042,published_results/full_campaign_median_T_252_2026-06-04/solutions/Scholl_KILBRID_c04/epsilon_trace.csv,12,epsilon,11,116,True,,False,True,0,99.0,158.95000000000002,7,1,7,True,False,42.925105517,158.95,72.9946,23334,4531929,302.5729110240936,158.0,0.9500000000000001,0.9681,0,31,0,0,14,0,0
Scholl_KILBRID_c04,Scholl_KILBRID,Scholl,45,85.0,c04,4,mid,low,mid,high,4042,published_results/full_campaign_median_T_252_2026-06-04/solutions/Scholl_KILBRID_c04/epsilon_trace.csv,13,epsilon,12,98,False,infeasible,,,0,,,,,,,,,,,,,,,,,,,,,,,
Scholl_KILBRID_c05,Scholl_KILBRID,Scholl,45,85.0,c05,5,mid,mid,high,low,5042,published_results/full_campaign_median_T_252_2026-06-04/solutions/Scholl_KILBRID_c05/epsilon_trace.csv,1,E0_HI_only,0,,True,,False,True,0,280.0,0.0,7,7,0,True,True,280.0,280.0,0.0,0,1935,0.2959909439086914,0.0,0.0,,45,0,0,0,0,0,0
Scholl_KILBRID_c05,Scholl_KILBRID,Scholl,45,85.0,c05,5,mid,mid,high,low,5042,published_results/full_campaign_median_T_252_2026-06-04/solutions/Scholl_KILBRID_c05/epsilon_trace.csv,2,epsilon,1,279,True,,False,True,0,258.0,22.15,8,6,2,True,False,0.0,22.15,100.0,3352,1551717,302.6013939380646,17.0,5.15,0.3941,43,2,0,0,0,0,0
Scholl_KILBRID_c05,Scholl_KILBRID,Scholl,45,85.0,c05,5,mid,mid,high,low,5042,published_results/full_campaign_median_T_252_2026-06-04/solutions/Scholl_KILBRID_c05/epsilon_trace.csv,3,epsilon,2,257,True,,False,True,1,250.0,21.35,6,6,2,True,False,0.0,21.35,100.0,3708,1455220,302.74227809906006,18.0,3.35,0.6059,31,0,0,0,6,7,1
Scholl_KILBRID_c05,Scholl_KILBRID,Scholl,45,85.0,c05,5,mid,mid,high,low,5042,published_results/full_campaign_median_T_252_2026-06-04/solutions/Scholl_KILBRID_c05/epsilon_trace.csv,4,epsilon,3,249,True,,False,True,1,245.0,16.0,6,6,1,True,False,0.0,16.0,100.0,3303,670580,302.6698269844055,16.0,0.0,1.0,39,0,0,0,6,0,0
Scholl_KILBRID_c05,Scholl_KILBRID,Scholl,45,85.0,c05,5,mid,mid,high,low,5042,published_results/full_campaign_median_T_252_2026-06-04/solutions/Scholl_KILBRID_c05/epsilon_trace.csv,5,epsilon,4,244,True,,False,True,0,223.0,49.45,7,5,3,True,False,0.0,49.45,100.0,2349,1218663,302.61851978302,47.0,2.45,0.8078,31,7,0,0,0,3,4
Scholl_KILBRID_c05,Scholl_KILBRID,Scholl,45,85.0,c05,5,mid,mid,high,low,5042,published_results/full_campaign_median_T_252_2026-06-04/solutions/Scholl_KILBRID_c05/epsilon_trace.csv,6,epsilon,5,222,True,,False,True,0,205.0,92.70000000000002,9,4,5,True,False,0.0,92.7,100.0,2874,789600,303.4754240512848,87.0,5.7,0.7318,26,19,0,0,0,0,0
Scholl_KILBRID_c05,Scholl_KILBRID,Scholl,45,85.0,c05,5,mid,mid,high,low,5042,published_results/full_campaign_median_T_252_2026-06-04/solutions/Scholl_KILBRID_c05/epsilon_trace.csv,7,epsilon,6,204,True,,False,True,1,201.0,87.30000000000001,8,4,5,True,False,0.027777777778,87.3,99.9682,3375,684740,302.6181790828705,82.0,5.300000000000001,0.7506,21,17,0,0,0,4,3
Scholl_KILBRID_c05,Scholl_KILBRID,Scholl,45,85.0,c05,5,mid,mid,high,low,5042,published_results/full_campaign_median_T_252_2026-06-04/solutions/Scholl_KILBRID_c05/epsilon_trace.csv,8,epsilon,7,200,True,,False,True,1,196.0,80.04999999999998,8,4,4,True,False,0.00035136142289,80.05,99.9996,3704,1303091,302.62338495254517,78.0,2.0500000000000003,0.8794,34,11,0,0,0,0,0
Scholl_KILBRID_c05,Scholl_KILBRID,Scholl,45,85.0,c05,5,mid,mid,high,low,5042,published_results/full_campaign_median_T_252_2026-06-04/solutions/Scholl_KILBRID_c05/epsilon_trace.csv,9,epsilon,8,195,True,,False,True,0,192.0,84.60000000000001,7,4,4,True,False,0.0,84.6,100.0,2726,856979,302.69034695625305,84.0,0.6000000000000001,0.9647,21,15,0,0,0,3,6
Scholl_KILBRID_c05,Scholl_KILBRID,Scholl,45,85.0,c05,5,mid,mid,high,low,5042,published_results/full_campaign_median_T_252_2026-06-04/solutions/Scholl_KILBRID_c05/epsilon_trace.csv,10,epsilon,9,191,True,,False,True,0,174.0,115.69999999999999,9,3,6,True,False,3.2067741263,115.7,97.2284,3290,776288,302.5945210456848,111.0,4.7,0.8157,26,19,0,0,0,0,0
Scholl_KILBRID_c05,Scholl_KILBRID,Scholl,45,85.0,c05,5,mid,mid,high,low,5042,published_results/full_campaign_median_T_252_2026-06-04/solutions/Scholl_KILBRID_c05/epsilon_trace.csv,11,epsilon,10,173,True,,False,True,0,170.0,123.25,8,3,6,True,False,0.50075494911,123.25,99.5937,2825,1083146,302.61899495124817,120.0,3.25,0.8725,13,23,0,0,9,0,0
Scholl_KILBRID_c05,Scholl_KILBRID,Scholl,45,85.0,c05,5,mid,mid,high,low,5042,published_results/full_campaign_median_T_252_2026-06-04/solutions/Scholl_KILBRID_c05/epsilon_trace.csv,12,epsilon,11,169,False,infeasible,,,0,,,,,,,,,,,,,,,,,,,,,,,
Scholl_KILBRID_c06,Scholl_KILBRID,Scholl,45,85.0,c06,6,mid,high,low,mid,6042,published_results/full_campaign_median_T_252_2026-06-04/solutions/Scholl_KILBRID_c06/epsilon_trace.csv,1,E0_HI_only,0,,True,,False,True,0,280.0,0.0,7,7,0,True,True,280.0,280.0,0.0,0,1935,0.24138712882995605,0.0,0.0,,45,0,0,0,0,0,0
Scholl_KILBRID_c06,Scholl_KILBRID,Scholl,45,85.0,c06,6,mid,high,low,mid,6042,published_results/full_campaign_median_T_252_2026-06-04/solutions/Scholl_KILBRID_c06/epsilon_trace.csv,2,epsilon,1,279,True,,False,True,0,258.0,23.4,8,6,2,True,False,0.0,23.4,100.0,1724,630919,302.74078488349915,18.0,5.4,0.3647,41,4,0,0,0,0,0
Scholl_KILBRID_c06,Scholl_KILBRID,Scholl,45,85.0,c06,6,mid,high,low,mid,6042,published_results/full_campaign_median_T_252_2026-06-04/solutions/Scholl_KILBRID_c06/epsilon_trace.csv,3,epsilon,2,257,True,,False,True,1,249.0,22.35,7,6,1,True,False,0.0,22.35,100.0,3256,1398745,302.6462037563324,22.0,0.35000000000000003,0.9176,39,6,0,0,0,0,0
Scholl_KILBRID_c06,Scholl_KILBRID,Scholl,45,85.0,c06,6,mid,high,low,mid,6042,published_results/full_campaign_median_T_252_2026-06-04/solutions/Scholl_KILBRID_c06/epsilon_trace.csv,4,epsilon,3,248,True,,False,True,0,227.0,54.5,8,5,3,True,False,0.0,54.5,100.0,3491,963078,303.3390898704529,51.0,3.5,0.7255,36,9,0,0,0,0,0
Scholl_KILBRID_c06,Scholl_KILBRID,Scholl,45,85.0,c06,6,mid,high,low,mid,6042,published_results/full_campaign_median_T_252_2026-06-04/solutions/Scholl_KILBRID_c06/epsilon_trace.csv,5,epsilon,4,226,False,infeasible,,,0,,,,,,,,,,,,,,,,,,,,,,,
Scholl_KILBRID_c07,Scholl_KILBRID,Scholl,45,85.0,c07,7,high,low,high,mid,7042,published_results/full_campaign_median_T_252_2026-06-04/solutions/Scholl_KILBRID_c07/epsilon_trace.csv,1,E0_HI_only,0,,True,,False,True,0,280.0,0.0,7,7,0,True,True,280.0,280.0,0.0,0,1935,0.23820018768310547,0.0,0.0,,45,0,0,0,0,0,0
Scholl_KILBRID_c07,Scholl_KILBRID,Scholl,45,85.0,c07,7,high,low,high,mid,7042,published_results/full_campaign_median_T_252_2026-06-04/solutions/Scholl_KILBRID_c07/epsilon_trace.csv,2,epsilon,1,279,True,,False,True,0,254.0,16.5,7,6,2,True,False,0.0,16.5,100.0,3428,899619,302.60922288894653,11.0,5.5,0.3529,40,1,0,0,4,0,0
Scholl_KILBRID_c07,Scholl_KILBRID,Scholl,45,85.0,c07,7,high,low,high,mid,7042,published_results/full_campaign_median_T_252_2026-06-04/solutions/Scholl_KILBRID_c07/epsilon_trace.csv,3,epsilon,2,253,True,,False,True,1,245.0,10.55,6,6,1,True,False,0.0,10.55,100.0,3475,598362,302.6174759864807,9.0,1.55,0.6353,40,0,0,0,5,0,0
Scholl_KILBRID_c07,Scholl_KILBRID,Scholl,45,85.0,c07,7,high,low,high,mid,7042,published_results/full_campaign_median_T_252_2026-06-04/solutions/Scholl_KILBRID_c07/epsilon_trace.csv,4,epsilon,3,244,True,,False,True,0,219.0,38.95,6,5,3,True,False,0.0,38.95,100.0,783,688054,302.66535091400146,33.0,5.95,0.5333,20,1,0,0,24,0,0
Scholl_KILBRID_c07,Scholl_KILBRID,Scholl,45,85.0,c07,7,high,low,high,mid,7042,published_results/full_campaign_median_T_252_2026-06-04/solutions/Scholl_KILBRID_c07/epsilon_trace.csv,5,epsilon,4,218,True,,False,True,0,215.0,64.7,9,4,7,True,False,0.15003301138,64.7,99.7681,2094,552479,302.7021658420563,45.0,19.700000000000003,0.3378,16,5,0,0,24,0,0
Scholl_KILBRID_c07,Scholl_KILBRID,Scholl,45,85.0,c07,7,high,low,high,mid,7042,published_results/full_campaign_median_T_252_2026-06-04/solutions/Scholl_KILBRID_c07/epsilon_trace.csv,6,epsilon,5,214,True,,False,True,2,214.0,24.65,6,5,2,True,False,0.15217391304,24.65,99.3827,3485,567057,302.61283111572266,21.0,3.6500000000000004,0.5706,29,1,0,0,15,0,0
Scholl_KILBRID_c07,Scholl_KILBRID,Scholl,45,85.0,c07,7,high,low,high,mid,7042,published_results/full_campaign_median_T_252_2026-06-04/solutions/Scholl_KILBRID_c07/epsilon_trace.csv,7,epsilon,6,213,True,,False,True,1,205.0,20.0,5,5,1,True,False,0.19400158397,20.0,99.03,3303,1129886,302.5973131656647,20.0,0.0,1.0,30,0,0,0,15,0,0
Scholl_KILBRID_c07,Scholl_KILBRID,Scholl,45,85.0,c07,7,high,low,high,mid,7042,published_results/full_campaign_median_T_252_2026-06-04/solutions/Scholl_KILBRID_c07/epsilon_trace.csv,8,epsilon,7,204,True,,False,True,0,170.0,34.65,4,4,2,True,False,0.1581920904,34.65,99.5435,3280,1182020,302.59334206581116,34.0,0.65,0.9235,19,0,0,0,26,0,0
Scholl_KILBRID_c07,Scholl_KILBRID,Scholl,45,85.0,c07,7,high,low,high,mid,7042,published_results/full_campaign_median_T_252_2026-06-04/solutions/Scholl_KILBRID_c07/epsilon_trace.csv,9,epsilon,8,169,True,,False,True,0,135.0,58.1,3,3,3,True,False,0.15217391304,58.1,99.7381,1900,1260375,302.5919568538666,57.0,1.1,0.9137,0,0,0,0,45,0,0
Scholl_KILBRID_c07,Scholl_KILBRID,Scholl,45,85.0,c07,7,high,low,high,mid,7042,published_results/full_campaign_median_T_252_2026-06-04/solutions/Scholl_KILBRID_c07/epsilon_trace.csv,10,epsilon,9,134,True,,False,True,0,126.0,128.99999999999997,6,2,6,True,False,6.9523517137,129.0,94.6106,2875,1850054,302.58234691619873,128.0,1.0,0.9608,0,16,0,0,29,0,0
Scholl_KILBRID_c07,Scholl_KILBRID,Scholl,45,85.0,c07,7,high,low,high,mid,7042,published_results/full_campaign_median_T_252_2026-06-04/solutions/Scholl_KILBRID_c07/epsilon_trace.csv,11,epsilon,10,125,False,infeasible,,,0,,,,,,,,,,,,,,,,,,,,,,,
Scholl_KILBRID_c08,Scholl_KILBRID,Scholl,45,85.0,c08,8,high,mid,low,high,8042,published_results/full_campaign_median_T_252_2026-06-04/solutions/Scholl_KILBRID_c08/epsilon_trace.csv,1,E0_HI_only,0,,True,,False,True,0,280.0,0.0,7,7,0,True,True,280.0,280.0,0.0,0,1935,0.243574857711792,0.0,0.0,,45,0,0,0,0,0,0
Scholl_KILBRID_c08,Scholl_KILBRID,Scholl,45,85.0,c08,8,high,mid,low,high,8042,published_results/full_campaign_median_T_252_2026-06-04/solutions/Scholl_KILBRID_c08/epsilon_trace.csv,2,epsilon,1,279,True,,False,True,0,254.0,27.0,7,6,2,True,False,0.0,27.0,100.0,1337,1073002,302.6272041797638,23.0,4.0,0.5294,37,3,4,1,0,0,0
Scholl_KILBRID_c08,Scholl_KILBRID,Scholl,45,85.0,c08,8,high,mid,low,high,8042,published_results/full_campaign_median_T_252_2026-06-04/solutions/Scholl_KILBRID_c08/epsilon_trace.csv,3,epsilon,2,253,True,,False,True,0,237.0,75.25,8,5,5,True,False,0.0,75.25,100.0,3312,705283,303.5641348361969,68.0,7.25,0.6588,17,5,0,0,23,0,0
Scholl_KILBRID_c08,Scholl_KILBRID,Scholl,45,85.0,c08,8,high,mid,low,high,8042,published_results/full_campaign_median_T_252_2026-06-04/solutions/Scholl_KILBRID_c08/epsilon_trace.csv,4,epsilon,3,236,True,,False,True,0,214.0,128.74999999999997,10,4,6,True,False,0.0,128.75,100.0,1689,651037,302.7018070220947,126.0,2.75,0.8922,29,16,0,0,0,0,0
Scholl_KILBRID_c08,Scholl_KILBRID,Scholl,45,85.0,c08,8,high,mid,low,high,8042,published_results/full_campaign_median_T_252_2026-06-04/solutions/Scholl_KILBRID_c08/epsilon_trace.csv,5,epsilon,4,213,False,infeasible,,,0,,,,,,,,,,,,,,,,,,,,,,,
Scholl_KILBRID_c09,Scholl_KILBRID,Scholl,45,85.0,c09,9,high,high,mid,low,9042,published_results/full_campaign_median_T_252_2026-06-04/solutions/Scholl_KILBRID_c09/epsilon_trace.csv,1,E0_HI_only,0,,True,,False,True,0,280.0,0.0,7,7,0,True,True,280.0,280.0,0.0,0,1935,0.24730372428894043,0.0,0.0,,45,0,0,0,0,0,0
Scholl_KILBRID_c09,Scholl_KILBRID,Scholl,45,85.0,c09,9,high,high,mid,low,9042,published_results/full_campaign_median_T_252_2026-06-04/solutions/Scholl_KILBRID_c09/epsilon_trace.csv,2,epsilon,1,279,True,,False,True,0,263.0,39.85,8,6,3,True,False,0.0,39.85,100.0,2470,603606,304.1953978538513,34.0,5.8500000000000005,0.5412,32,6,0,0,0,6,1
Scholl_KILBRID_c09,Scholl_KILBRID,Scholl,45,85.0,c09,9,high,high,mid,low,9042,published_results/full_campaign_median_T_252_2026-06-04/solutions/Scholl_KILBRID_c09/epsilon_trace.csv,3,epsilon,2,262,True,,False,True,1,258.0,27.1,8,6,2,True,False,0.0,27.1,100.0,997,983083,302.63696098327637,23.0,4.1000000000000005,0.5176,39,6,0,0,0,0,0
Scholl_KILBRID_c09,Scholl_KILBRID,Scholl,45,85.0,c09,9,high,high,mid,low,9042,published_results/full_campaign_median_T_252_2026-06-04/solutions/Scholl_KILBRID_c09/epsilon_trace.csv,4,epsilon,3,257,True,,False,True,0,254.0,90.6,11,5,6,True,False,0.0,90.6,100.0,988,658181,302.689738035202,80.0,10.600000000000001,0.5843,31,14,0,0,0,0,0
Scholl_KILBRID_c09,Scholl_KILBRID,Scholl,45,85.0,c09,9,high,high,mid,low,9042,published_results/full_campaign_median_T_252_2026-06-04/solutions/Scholl_KILBRID_c09/epsilon_trace.csv,5,epsilon,4,253,True,,False,True,1,232.0,65.3,8,5,4,True,False,0.0,65.3,100.0,3402,652428,302.6459319591522,62.0,3.3000000000000003,0.8059,30,9,0,0,0,2,4
Scholl_KILBRID_c09,Scholl_KILBRID,Scholl,45,85.0,c09,9,high,high,mid,low,9042,published_results/full_campaign_median_T_252_2026-06-04/solutions/Scholl_KILBRID_c09/epsilon_trace.csv,6,epsilon,5,231,False,infeasible,,,0,,,,,,,,,,,,,,,,,,,,,,,
Scholl_LUTZ2_c01,Scholl_LUTZ2,Scholl,89,16.0,c01,1,low,low,low,low,1042,published_results/full_campaign_median_T_252_2026-06-04/solutions/Scholl_LUTZ2_c01/epsilon_trace.csv,1,E0_HI_only,0,,True,,False,True,0,1240.0,0.0,31,31,0,True,True,1240.0,1240.0,0.0,10519,2748294,79.48294019699097,0.0,0.0,,89,0,0,0,0,0,0
Scholl_LUTZ2_c01,Scholl_LUTZ2,Scholl,89,16.0,c01,1,low,low,low,low,1042,published_results/full_campaign_median_T_252_2026-06-04/solutions/Scholl_LUTZ2_c01/epsilon_trace.csv,2,epsilon,1,1239,False,infeasible,,,0,,,,,,,,,,,,,,,,,,,,,,,
Scholl_LUTZ2_c02,Scholl_LUTZ2,Scholl,89,16.0,c02,2,low,mid,mid,mid,2042,published_results/full_campaign_median_T_252_2026-06-04/solutions/Scholl_LUTZ2_c02/epsilon_trace.csv,1,E0_HI_only,0,,True,,False,True,0,1240.0,0.0,31,31,0,True,True,1240.0,1240.0,0.0,10519,2748294,78.8079891204834,0.0,0.0,,89,0,0,0,0,0,0
Scholl_LUTZ2_c02,Scholl_LUTZ2,Scholl,89,16.0,c02,2,low,mid,mid,mid,2042,published_results/full_campaign_median_T_252_2026-06-04/solutions/Scholl_LUTZ2_c02/epsilon_trace.csv,2,epsilon,1,1239,False,infeasible,,,0,,,,,,,,,,,,,,,,,,,,,,,
Scholl_LUTZ2_c03,Scholl_LUTZ2,Scholl,89,16.0,c03,3,low,high,high,high,3042,published_results/full_campaign_median_T_252_2026-06-04/solutions/Scholl_LUTZ2_c03/epsilon_trace.csv,1,E0_HI_only,0,,True,,False,True,0,1240.0,0.0,31,31,0,True,True,1240.0,1240.0,0.0,10519,2748294,79.27647924423218,0.0,0.0,,89,0,0,0,0,0,0
Scholl_LUTZ2_c03,Scholl_LUTZ2,Scholl,89,16.0,c03,3,low,high,high,high,3042,published_results/full_campaign_median_T_252_2026-06-04/solutions/Scholl_LUTZ2_c03/epsilon_trace.csv,2,epsilon,1,1239,False,infeasible,,,0,,,,,,,,,,,,,,,,,,,,,,,
Scholl_LUTZ2_c04,Scholl_LUTZ2,Scholl,89,16.0,c04,4,mid,low,mid,high,4042,published_results/full_campaign_median_T_252_2026-06-04/solutions/Scholl_LUTZ2_c04/epsilon_trace.csv,1,E0_HI_only,0,,True,,False,True,0,1240.0,0.0,31,31,0,True,True,1240.0,1240.0,0.0,10519,2748294,78.97201609611511,0.0,0.0,,89,0,0,0,0,0,0
Scholl_LUTZ2_c04,Scholl_LUTZ2,Scholl,89,16.0,c04,4,mid,low,mid,high,4042,published_results/full_campaign_median_T_252_2026-06-04/solutions/Scholl_LUTZ2_c04/epsilon_trace.csv,2,epsilon,1,1239,False,infeasible,,,0,,,,,,,,,,,,,,,,,,,,,,,
Scholl_LUTZ2_c05,Scholl_LUTZ2,Scholl,89,16.0,c05,5,mid,mid,high,low,5042,published_results/full_campaign_median_T_252_2026-06-04/solutions/Scholl_LUTZ2_c05/epsilon_trace.csv,1,E0_HI_only,0,,True,,False,True,0,1240.0,0.0,31,31,0,True,True,1240.0,1240.0,0.0,10519,2748294,78.97844076156616,0.0,0.0,,89,0,0,0,0,0,0
Scholl_LUTZ2_c05,Scholl_LUTZ2,Scholl,89,16.0,c05,5,mid,mid,high,low,5042,published_results/full_campaign_median_T_252_2026-06-04/solutions/Scholl_LUTZ2_c05/epsilon_trace.csv,2,epsilon,1,1239,False,infeasible,,,0,,,,,,,,,,,,,,,,,,,,,,,
Scholl_LUTZ2_c06,Scholl_LUTZ2,Scholl,89,16.0,c06,6,mid,high,low,mid,6042,published_results/full_campaign_median_T_252_2026-06-04/solutions/Scholl_LUTZ2_c06/epsilon_trace.csv,1,E0_HI_only,0,,True,,False,True,0,1240.0,0.0,31,31,0,True,True,1240.0,1240.0,0.0,10519,2748294,79.0745370388031,0.0,0.0,,89,0,0,0,0,0,0
Scholl_LUTZ2_c06,Scholl_LUTZ2,Scholl,89,16.0,c06,6,mid,high,low,mid,6042,published_results/full_campaign_median_T_252_2026-06-04/solutions/Scholl_LUTZ2_c06/epsilon_trace.csv,2,epsilon,1,1239,False,infeasible,,,0,,,,,,,,,,,,,,,,,,,,,,,
Scholl_LUTZ2_c07,Scholl_LUTZ2,Scholl,89,16.0,c07,7,high,low,high,mid,7042,published_results/full_campaign_median_T_252_2026-06-04/solutions/Scholl_LUTZ2_c07/epsilon_trace.csv,1,E0_HI_only,0,,True,,False,True,0,1240.0,0.0,31,31,0,True,True,1240.0,1240.0,0.0,10519,2748294,79.0282530784607,0.0,0.0,,89,0,0,0,0,0,0
Scholl_LUTZ2_c07,Scholl_LUTZ2,Scholl,89,16.0,c07,7,high,low,high,mid,7042,published_results/full_campaign_median_T_252_2026-06-04/solutions/Scholl_LUTZ2_c07/epsilon_trace.csv,2,epsilon,1,1239,False,infeasible,,,0,,,,,,,,,,,,,,,,,,,,,,,
Scholl_LUTZ2_c08,Scholl_LUTZ2,Scholl,89,16.0,c08,8,high,mid,low,high,8042,published_results/full_campaign_median_T_252_2026-06-04/solutions/Scholl_LUTZ2_c08/epsilon_trace.csv,1,E0_HI_only,0,,True,,False,True,0,1240.0,0.0,31,31,0,True,True,1240.0,1240.0,0.0,10519,2748294,79.12999987602234,0.0,0.0,,89,0,0,0,0,0,0
Scholl_LUTZ2_c08,Scholl_LUTZ2,Scholl,89,16.0,c08,8,high,mid,low,high,8042,published_results/full_campaign_median_T_252_2026-06-04/solutions/Scholl_LUTZ2_c08/epsilon_trace.csv,2,epsilon,1,1239,False,infeasible,,,0,,,,,,,,,,,,,,,,,,,,,,,
Scholl_LUTZ2_c09,Scholl_LUTZ2,Scholl,89,16.0,c09,9,high,high,mid,low,9042,published_results/full_campaign_median_T_252_2026-06-04/solutions/Scholl_LUTZ2_c09/epsilon_trace.csv,1,E0_HI_only,0,,True,,False,True,0,1240.0,0.0,31,31,0,True,True,1240.0,1240.0,0.0,10519,2748294,78.88551235198975,0.0,0.0,,89,0,0,0,0,0,0
Scholl_LUTZ2_c09,Scholl_LUTZ2,Scholl,89,16.0,c09,9,high,high,mid,low,9042,published_results/full_campaign_median_T_252_2026-06-04/solutions/Scholl_LUTZ2_c09/epsilon_trace.csv,2,epsilon,1,1239,False,infeasible,,,0,,,,,,,,,,,,,,,,,,,,,,,
Scholl_MANSOOR_c01,Scholl_MANSOOR,Scholl,11,62.0,c01,1,low,low,low,low,1042,published_results/full_campaign_median_T_252_2026-06-04/solutions/Scholl_MANSOOR_c01/epsilon_trace.csv,1,E0_HI_only,0,,True,,False,True,0,120.0,0.0,3,3,0,True,True,120.0,120.0,0.0,0,123,0.018029212951660156,0.0,0.0,,11,0,0,0,0,0,0
Scholl_MANSOOR_c01,Scholl_MANSOOR,Scholl,11,62.0,c01,1,low,low,low,low,1042,published_results/full_campaign_median_T_252_2026-06-04/solutions/Scholl_MANSOOR_c01/epsilon_trace.csv,2,epsilon,1,119,True,,False,True,0,85.0,11.5,2,2,1,True,True,11.5,11.5,0.0,396,18737,0.6720449924468994,11.0,0.5,0.8387,4,0,0,0,7,0,0
Scholl_MANSOOR_c01,Scholl_MANSOOR,Scholl,11,62.0,c01,1,low,low,low,low,1042,published_results/full_campaign_median_T_252_2026-06-04/solutions/Scholl_MANSOOR_c01/epsilon_trace.csv,3,epsilon,2,84,True,,False,True,0,54.0,23.5,2,1,2,True,True,23.5,23.5,0.0,0,2445,0.5772390365600586,22.0,1.5,0.7581,0,1,0,0,10,0,0
Scholl_MANSOOR_c01,Scholl_MANSOOR,Scholl,11,62.0,c01,1,low,low,low,low,1042,published_results/full_campaign_median_T_252_2026-06-04/solutions/Scholl_MANSOOR_c01/epsilon_trace.csv,4,epsilon,3,53,True,,False,True,0,36.0,55.9,4,0,4,True,True,55.9,55.9,0.0,0,173,0.10802507400512695,53.0,2.9000000000000004,0.7661,0,11,0,0,0,0,0
Scholl_MANSOOR_c01,Scholl_MANSOOR,Scholl,11,62.0,c01,1,low,low,low,low,1042,published_results/full_campaign_median_T_252_2026-06-04/solutions/Scholl_MANSOOR_c01/epsilon_trace.csv,5,epsilon,4,35,False,infeasible,,,0,,,,,,,,,,,,,,,,,,,,,,,
Scholl_MANSOOR_c02,Scholl_MANSOOR,Scholl,11,62.0,c02,2,low,mid,mid,mid,2042,published_results/full_campaign_median_T_252_2026-06-04/solutions/Scholl_MANSOOR_c02/epsilon_trace.csv,1,E0_HI_only,0,,True,,False,True,0,120.0,0.0,3,3,0,True,True,120.0,120.0,0.0,0,123,0.016924142837524414,0.0,0.0,,11,0,0,0,0,0,0
Scholl_MANSOOR_c02,Scholl_MANSOOR,Scholl,11,62.0,c02,2,low,mid,mid,mid,2042,published_results/full_campaign_median_T_252_2026-06-04/solutions/Scholl_MANSOOR_c02/epsilon_trace.csv,2,epsilon,1,119,True,,False,True,0,94.0,17.0,3,2,2,True,True,17.0,17.0,0.0,1794,69758,1.0591118335723877,15.0,2.0,0.6774,4,3,0,0,0,2,2
Scholl_MANSOOR_c02,Scholl_MANSOOR,Scholl,11,62.0,c02,2,low,mid,mid,mid,2042,published_results/full_campaign_median_T_252_2026-06-04/solutions/Scholl_MANSOOR_c02/epsilon_trace.csv,3,epsilon,2,93,True,,False,True,0,89.0,17.05,3,2,1,True,True,17.05,17.05,0.0,255,43898,1.3735461235046387,17.0,0.05,0.9839,7,4,0,0,0,0,0
Scholl_MANSOOR_c02,Scholl_MANSOOR,Scholl,11,62.0,c02,2,low,mid,mid,mid,2042,published_results/full_campaign_median_T_252_2026-06-04/solutions/Scholl_MANSOOR_c02/epsilon_trace.csv,4,epsilon,3,88,True,,False,True,0,63.0,33.25,3,1,3,True,True,33.25,33.25,0.0,1018,57264,1.4987661838531494,31.0,2.25,0.7581,0,3,0,0,0,3,5
Scholl_MANSOOR_c02,Scholl_MANSOOR,Scholl,11,62.0,c02,2,low,mid,mid,mid,2042,published_results/full_campaign_median_T_252_2026-06-04/solutions/Scholl_MANSOOR_c02/epsilon_trace.csv,5,epsilon,4,62,True,,False,True,0,58.0,33.3,3,1,2,True,True,33.3,33.3,0.0,0,1290,0.34022092819213867,33.0,0.30000000000000004,0.9516,4,7,0,0,0,0,0
Scholl_MANSOOR_c02,Scholl_MANSOOR,Scholl,11,62.0,c02,2,low,mid,mid,mid,2042,published_results/full_campaign_median_T_252_2026-06-04/solutions/Scholl_MANSOOR_c02/epsilon_trace.csv,6,epsilon,5,57,True,,False,True,0,27.0,52.199999999999996,3,0,3,True,True,52.2,52.2,0.0,0,655,0.2390148639678955,52.0,0.2,0.9785,0,11,0,0,0,0,0
Scholl_MANSOOR_c02,Scholl_MANSOOR,Scholl,11,62.0,c02,2,low,mid,mid,mid,2042,published_results/full_campaign_median_T_252_2026-06-04/solutions/Scholl_MANSOOR_c02/epsilon_trace.csv,7,epsilon,6,26,False,infeasible,,,0,,,,,,,,,,,,,,,,,,,,,,,
Scholl_MANSOOR_c03,Scholl_MANSOOR,Scholl,11,62.0,c03,3,low,high,high,high,3042,published_results/full_campaign_median_T_252_2026-06-04/solutions/Scholl_MANSOOR_c03/epsilon_trace.csv,1,E0_HI_only,0,,True,,False,True,0,120.0,0.0,3,3,0,True,True,120.0,120.0,0.0,0,123,0.018539905548095703,0.0,0.0,,11,0,0,0,0,0,0
Scholl_MANSOOR_c03,Scholl_MANSOOR,Scholl,11,62.0,c03,3,low,high,high,high,3042,published_results/full_campaign_median_T_252_2026-06-04/solutions/Scholl_MANSOOR_c03/epsilon_trace.csv,2,epsilon,1,119,True,,False,True,0,89.0,18.0,3,2,1,True,True,18.0,18.0,0.0,1948,78900,1.0457968711853027,18.0,0.0,1.0,7,4,0,0,0,0,0
Scholl_MANSOOR_c03,Scholl_MANSOOR,Scholl,11,62.0,c03,3,low,high,high,high,3042,published_results/full_campaign_median_T_252_2026-06-04/solutions/Scholl_MANSOOR_c03/epsilon_trace.csv,3,epsilon,2,88,True,,False,True,0,67.0,36.8,4,1,3,True,True,36.8,36.8,0.0,1646,66517,1.745913028717041,34.0,2.8000000000000003,0.6989,7,4,0,0,0,0,0
Scholl_MANSOOR_c03,Scholl_MANSOOR,Scholl,11,62.0,c03,3,low,high,high,high,3042,published_results/full_campaign_median_T_252_2026-06-04/solutions/Scholl_MANSOOR_c03/epsilon_trace.csv,4,epsilon,3,66,True,,False,True,0,63.0,39.4,3,1,3,True,True,39.4,39.4,0.0,0,996,0.26459503173828125,38.0,1.4000000000000001,0.8495,0,8,0,0,0,1,2
Scholl_MANSOOR_c03,Scholl_MANSOOR,Scholl,11,62.0,c03,3,low,high,high,high,3042,published_results/full_campaign_median_T_252_2026-06-04/solutions/Scholl_MANSOOR_c03/epsilon_trace.csv,5,epsilon,4,62,True,,False,True,0,36.0,54.900000000000006,4,0,4,True,True,54.9,54.9,0.0,0,707,0.2375960350036621,52.0,2.9000000000000004,0.7661,0,11,0,0,0,0,0
Scholl_MANSOOR_c03,Scholl_MANSOOR,Scholl,11,62.0,c03,3,low,high,high,high,3042,published_results/full_campaign_median_T_252_2026-06-04/solutions/Scholl_MANSOOR_c03/epsilon_trace.csv,6,epsilon,5,35,False,infeasible,,,0,,,,,,,,,,,,,,,,,,,,,,,
Scholl_MANSOOR_c04,Scholl_MANSOOR,Scholl,11,62.0,c04,4,mid,low,mid,high,4042,published_results/full_campaign_median_T_252_2026-06-04/solutions/Scholl_MANSOOR_c04/epsilon_trace.csv,1,E0_HI_only,0,,True,,False,True,0,120.0,0.0,3,3,0,True,True,120.0,120.0,0.0,0,123,0.018919944763183594,0.0,0.0,,11,0,0,0,0,0,0
Scholl_MANSOOR_c04,Scholl_MANSOOR,Scholl,11,62.0,c04,4,mid,low,mid,high,4042,published_results/full_campaign_median_T_252_2026-06-04/solutions/Scholl_MANSOOR_c04/epsilon_trace.csv,2,epsilon,1,119,True,,False,True,0,85.0,11.35,2,2,1,True,True,11.35,11.35,0.0,269,11038,0.4310619831085205,11.0,0.35000000000000003,0.8871,4,0,0,0,7,0,0
Scholl_MANSOOR_c04,Scholl_MANSOOR,Scholl,11,62.0,c04,4,mid,low,mid,high,4042,published_results/full_campaign_median_T_252_2026-06-04/solutions/Scholl_MANSOOR_c04/epsilon_trace.csv,3,epsilon,2,84,True,,False,True,0,63.0,32.65,3,1,3,True,True,32.65,32.65,0.0,0,723,0.3078620433807373,30.0,2.6500000000000004,0.7151,0,3,0,0,8,0,0
Scholl_MANSOOR_c04,Scholl_MANSOOR,Scholl,11,62.0,c04,4,mid,low,mid,high,4042,published_results/full_campaign_median_T_252_2026-06-04/solutions/Scholl_MANSOOR_c04/epsilon_trace.csv,4,epsilon,3,62,False,infeasible,,,0,,,,,,,,,,,,,,,,,,,,,,,
Scholl_MANSOOR_c05,Scholl_MANSOOR,Scholl,11,62.0,c05,5,mid,mid,high,low,5042,published_results/full_campaign_median_T_252_2026-06-04/solutions/Scholl_MANSOOR_c05/epsilon_trace.csv,1,E0_HI_only,0,,True,,False,True,0,120.0,0.0,3,3,0,True,True,120.0,120.0,0.0,0,123,0.017255067825317383,0.0,0.0,,11,0,0,0,0,0,0
Scholl_MANSOOR_c05,Scholl_MANSOOR,Scholl,11,62.0,c05,5,mid,mid,high,low,5042,published_results/full_campaign_median_T_252_2026-06-04/solutions/Scholl_MANSOOR_c05/epsilon_trace.csv,2,epsilon,1,119,True,,False,True,0,94.0,20.35,3,2,2,True,True,20.35,20.35,0.0,1598,68359,1.4331450462341309,19.0,1.35,0.7823,4,3,0,0,0,3,1
Scholl_MANSOOR_c05,Scholl_MANSOOR,Scholl,11,62.0,c05,5,mid,mid,high,low,5042,published_results/full_campaign_median_T_252_2026-06-04/solutions/Scholl_MANSOOR_c05/epsilon_trace.csv,3,epsilon,2,93,True,,False,True,0,90.0,22.3,2,2,2,True,True,22.3,22.3,0.0,233,24948,0.9163546562194824,22.0,0.30000000000000004,0.9516,0,0,0,0,7,3,1
Scholl_MANSOOR_c05,Scholl_MANSOOR,Scholl,11,62.0,c05,5,mid,mid,high,low,5042,published_results/full_campaign_median_T_252_2026-06-04/solutions/Scholl_MANSOOR_c05/epsilon_trace.csv,4,epsilon,3,89,True,,False,True,0,72.0,44.800000000000004,4,1,4,True,True,44.8,44.8,0.0,1096,29042,0.8950481414794922,42.0,2.8000000000000003,0.7742,0,4,0,0,0,6,1
Scholl_MANSOOR_c05,Scholl_MANSOOR,Scholl,11,62.0,c05,5,mid,mid,high,low,5042,published_results/full_campaign_median_T_252_2026-06-04/solutions/Scholl_MANSOOR_c05/epsilon_trace.csv,5,epsilon,4,71,True,,False,True,0,67.0,48.45,4,1,3,True,True,48.45,48.45,0.0,154,14765,0.7111773490905762,48.0,0.45,0.9516,4,7,0,0,0,0,0
Scholl_MANSOOR_c05,Scholl_MANSOOR,Scholl,11,62.0,c05,5,mid,mid,high,low,5042,published_results/full_campaign_median_T_252_2026-06-04/solutions/Scholl_MANSOOR_c05/epsilon_trace.csv,6,epsilon,5,66,True,,False,True,0,45.0,74.95,5,0,5,True,True,74.95,74.95,0.0,0,861,0.27309608459472656,73.0,1.9500000000000002,0.8742,0,11,0,0,0,0,0
Scholl_MANSOOR_c05,Scholl_MANSOOR,Scholl,11,62.0,c05,5,mid,mid,high,low,5042,published_results/full_campaign_median_T_252_2026-06-04/solutions/Scholl_MANSOOR_c05/epsilon_trace.csv,7,epsilon,6,44,False,infeasible,,,0,,,,,,,,,,,,,,,,,,,,,,,
Scholl_MANSOOR_c06,Scholl_MANSOOR,Scholl,11,62.0,c06,6,mid,high,low,mid,6042,published_results/full_campaign_median_T_252_2026-06-04/solutions/Scholl_MANSOOR_c06/epsilon_trace.csv,1,E0_HI_only,0,,True,,False,True,0,120.0,0.0,3,3,0,True,True,120.0,120.0,0.0,0,123,0.017001867294311523,0.0,0.0,,11,0,0,0,0,0,0
Scholl_MANSOOR_c06,Scholl_MANSOOR,Scholl,11,62.0,c06,6,mid,high,low,mid,6042,published_results/full_campaign_median_T_252_2026-06-04/solutions/Scholl_MANSOOR_c06/epsilon_trace.csv,2,epsilon,1,119,True,,False,True,0,94.0,23.75,3,2,2,True,True,23.75,23.75,0.0,1220,46667,0.9168570041656494,23.0,0.75,0.879,4,1,0,0,0,3,3
Scholl_MANSOOR_c06,Scholl_MANSOOR,Scholl,11,62.0,c06,6,mid,high,low,mid,6042,published_results/full_campaign_median_T_252_2026-06-04/solutions/Scholl_MANSOOR_c06/epsilon_trace.csv,3,epsilon,2,93,True,,False,True,0,67.0,47.9,4,1,3,True,True,47.9,47.9,0.0,1087,49805,0.9451429843902588,47.0,0.9,0.9032,4,7,0,0,0,0,0
Scholl_MANSOOR_c06,Scholl_MANSOOR,Scholl,11,62.0,c06,6,mid,high,low,mid,6042,published_results/full_campaign_median_T_252_2026-06-04/solutions/Scholl_MANSOOR_c06/epsilon_trace.csv,4,epsilon,3,66,True,,False,True,0,45.0,75.75000000000001,5,0,5,True,True,75.75,75.75,0.0,0,1395,0.3338620662689209,73.0,2.75,0.8226,0,11,0,0,0,0,0
Scholl_MANSOOR_c06,Scholl_MANSOOR,Scholl,11,62.0,c06,6,mid,high,low,mid,6042,published_results/full_campaign_median_T_252_2026-06-04/solutions/Scholl_MANSOOR_c06/epsilon_trace.csv,5,epsilon,4,44,False,infeasible,,,0,,,,,,,,,,,,,,,,,,,,,,,
Scholl_MANSOOR_c07,Scholl_MANSOOR,Scholl,11,62.0,c07,7,high,low,high,mid,7042,published_results/full_campaign_median_T_252_2026-06-04/solutions/Scholl_MANSOOR_c07/epsilon_trace.csv,1,E0_HI_only,0,,True,,False,True,0,120.0,0.0,3,3,0,True,True,120.0,120.0,0.0,0,123,0.016719818115234375,0.0,0.0,,11,0,0,0,0,0,0
Scholl_MANSOOR_c07,Scholl_MANSOOR,Scholl,11,62.0,c07,7,high,low,high,mid,7042,published_results/full_campaign_median_T_252_2026-06-04/solutions/Scholl_MANSOOR_c07/epsilon_trace.csv,2,epsilon,1,119,True,,False,True,0,85.0,11.6,2,2,1,True,True,11.6,11.6,0.0,175,14791,0.5712218284606934,11.0,0.6000000000000001,0.8065,4,0,0,0,7,0,0
Scholl_MANSOOR_c07,Scholl_MANSOOR,Scholl,11,62.0,c07,7,high,low,high,mid,7042,published_results/full_campaign_median_T_252_2026-06-04/solutions/Scholl_MANSOOR_c07/epsilon_trace.csv,3,epsilon,2,84,False,infeasible,,,0,,,,,,,,,,,,,,,,,,,,,,,
Scholl_MANSOOR_c08,Scholl_MANSOOR,Scholl,11,62.0,c08,8,high,mid,low,high,8042,published_results/full_campaign_median_T_252_2026-06-04/solutions/Scholl_MANSOOR_c08/epsilon_trace.csv,1,E0_HI_only,0,,True,,False,True,0,120.0,0.0,3,3,0,True,True,120.0,120.0,0.0,0,123,0.016949176788330078,0.0,0.0,,11,0,0,0,0,0,0
Scholl_MANSOOR_c08,Scholl_MANSOOR,Scholl,11,62.0,c08,8,high,mid,low,high,8042,published_results/full_campaign_median_T_252_2026-06-04/solutions/Scholl_MANSOOR_c08/epsilon_trace.csv,2,epsilon,1,119,True,,False,True,0,90.0,23.150000000000002,2,2,2,True,True,23.15,23.15,0.0,240,17925,0.5334737300872803,23.0,0.15000000000000002,0.9758,0,0,0,0,11,0,0
Scholl_MANSOOR_c08,Scholl_MANSOOR,Scholl,11,62.0,c08,8,high,mid,low,high,8042,published_results/full_campaign_median_T_252_2026-06-04/solutions/Scholl_MANSOOR_c08/epsilon_trace.csv,3,epsilon,2,89,False,infeasible,,,0,,,,,,,,,,,,,,,,,,,,,,,
Scholl_MANSOOR_c09,Scholl_MANSOOR,Scholl,11,62.0,c09,9,high,high,mid,low,9042,published_results/full_campaign_median_T_252_2026-06-04/solutions/Scholl_MANSOOR_c09/epsilon_trace.csv,1,E0_HI_only,0,,True,,False,True,0,120.0,0.0,3,3,0,True,True,120.0,120.0,0.0,0,123,0.016773223876953125,0.0,0.0,,11,0,0,0,0,0,0
Scholl_MANSOOR_c09,Scholl_MANSOOR,Scholl,11,62.0,c09,9,high,high,mid,low,9042,published_results/full_campaign_median_T_252_2026-06-04/solutions/Scholl_MANSOOR_c09/epsilon_trace.csv,2,epsilon,1,119,False,infeasible,,,0,,,,,,,,,,,,,,,,,,,,,,,
Scholl_MERTENS_c01,Scholl_MERTENS,Scholl,7,9.0,c01,1,low,low,low,low,1042,published_results/full_campaign_median_T_252_2026-06-04/solutions/Scholl_MERTENS_c01/epsilon_trace.csv,1,E0_HI_only,0,,True,,False,True,0,160.0,0.0,4,4,0,True,True,160.0,160.0,0.0,0,0,0.10686802864074707,0.0,0.0,,7,0,0,0,0,0,0
Scholl_MERTENS_c01,Scholl_MERTENS,Scholl,7,9.0,c01,1,low,low,low,low,1042,published_results/full_campaign_median_T_252_2026-06-04/solutions/Scholl_MERTENS_c01/epsilon_trace.csv,2,epsilon,1,159,True,,False,True,0,125.0,1.1,3,3,1,True,True,1.1,1.1,0.0,0,205,0.0914309024810791,1.0,0.1,0.7778,5,0,0,0,0,1,1
Scholl_MERTENS_c01,Scholl_MERTENS,Scholl,7,9.0,c01,1,low,low,low,low,1042,published_results/full_campaign_median_T_252_2026-06-04/solutions/Scholl_MERTENS_c01/epsilon_trace.csv,3,epsilon,2,124,True,,False,True,0,98.0,4.300000000000001,4,2,2,True,True,4.3,4.3,0.0,583,18105,0.277263879776001,4.0,0.30000000000000004,0.6667,5,2,0,0,0,0,0
Scholl_MERTENS_c01,Scholl_MERTENS,Scholl,7,9.0,c01,1,low,low,low,low,1042,published_results/full_campaign_median_T_252_2026-06-04/solutions/Scholl_MERTENS_c01/epsilon_trace.csv,4,epsilon,3,97,True,,False,True,0,94.0,5.2,3,2,2,True,True,5.2,5.2,0.0,0,544,0.17462921142578125,5.0,0.2,0.7778,3,1,0,0,3,0,0
Scholl_MERTENS_c01,Scholl_MERTENS,Scholl,7,9.0,c01,1,low,low,low,low,1042,published_results/full_campaign_median_T_252_2026-06-04/solutions/Scholl_MERTENS_c01/epsilon_trace.csv,5,epsilon,4,93,True,,False,True,0,90.0,7.1499999999999995,2,2,2,True,True,7.15,7.15,0.0,0,953,0.174116849899292,7.0,0.15000000000000002,0.8333,0,0,0,0,7,0,0
Scholl_MERTENS_c01,Scholl_MERTENS,Scholl,7,9.0,c01,1,low,low,low,low,1042,published_results/full_campaign_median_T_252_2026-06-04/solutions/Scholl_MERTENS_c01/epsilon_trace.csv,6,epsilon,5,89,True,,False,True,0,67.0,8.200000000000001,4,1,3,True,True,8.2,8.2,0.0,0,807,0.16402101516723633,8.0,0.2,0.8519,2,5,0,0,0,0,0
Scholl_MERTENS_c01,Scholl_MERTENS,Scholl,7,9.0,c01,1,low,low,low,low,1042,published_results/full_campaign_median_T_252_2026-06-04/solutions/Scholl_MERTENS_c01/epsilon_trace.csv,7,epsilon,6,66,True,,False,True,0,63.0,8.35,3,1,3,True,True,8.35,8.35,0.0,0,1106,0.17949914932250977,8.0,0.35000000000000003,0.7407,0,3,0,0,4,0,0
Scholl_MERTENS_c01,Scholl_MERTENS,Scholl,7,9.0,c01,1,low,low,low,low,1042,published_results/full_campaign_median_T_252_2026-06-04/solutions/Scholl_MERTENS_c01/epsilon_trace.csv,8,epsilon,7,62,True,,False,True,0,45.0,12.600000000000001,5,0,5,True,True,12.6,12.6,0.0,0,463,0.10632014274597168,12.0,0.6000000000000001,0.7333,0,7,0,0,0,0,0
Scholl_MERTENS_c01,Scholl_MERTENS,Scholl,7,9.0,c01,1,low,low,low,low,1042,published_results/full_campaign_median_T_252_2026-06-04/solutions/Scholl_MERTENS_c01/epsilon_trace.csv,9,epsilon,8,44,False,infeasible,,,0,,,,,,,,,,,,,,,,,,,,,,,
Scholl_MERTENS_c02,Scholl_MERTENS,Scholl,7,9.0,c02,2,low,mid,mid,mid,2042,published_results/full_campaign_median_T_252_2026-06-04/solutions/Scholl_MERTENS_c02/epsilon_trace.csv,1,E0_HI_only,0,,True,,False,True,0,160.0,0.0,4,4,0,True,True,160.0,160.0,0.0,0,0,0.011000871658325195,0.0,0.0,,7,0,0,0,0,0,0
Scholl_MERTENS_c02,Scholl_MERTENS,Scholl,7,9.0,c02,2,low,mid,mid,mid,2042,published_results/full_campaign_median_T_252_2026-06-04/solutions/Scholl_MERTENS_c02/epsilon_trace.csv,2,epsilon,1,159,True,,False,True,0,125.0,1.15,3,3,1,True,True,1.15,1.15,0.0,252,3628,0.1508028507232666,1.0,0.15000000000000002,0.6667,5,0,0,0,0,1,1
Scholl_MERTENS_c02,Scholl_MERTENS,Scholl,7,9.0,c02,2,low,mid,mid,mid,2042,published_results/full_campaign_median_T_252_2026-06-04/solutions/Scholl_MERTENS_c02/epsilon_trace.csv,3,epsilon,2,124,True,,False,True,0,98.0,4.25,4,2,2,True,True,4.25,4.25,0.0,543,14417,0.20873379707336426,4.0,0.25,0.7222,5,2,0,0,0,0,0
Scholl_MERTENS_c02,Scholl_MERTENS,Scholl,7,9.0,c02,2,low,mid,mid,mid,2042,published_results/full_campaign_median_T_252_2026-06-04/solutions/Scholl_MERTENS_c02/epsilon_trace.csv,4,epsilon,3,97,True,,False,True,0,67.0,8.200000000000001,4,1,3,True,True,8.2,8.2,0.0,0,936,0.2166121006011963,8.0,0.2,0.8519,2,5,0,0,0,0,0
Scholl_MERTENS_c02,Scholl_MERTENS,Scholl,7,9.0,c02,2,low,mid,mid,mid,2042,published_results/full_campaign_median_T_252_2026-06-04/solutions/Scholl_MERTENS_c02/epsilon_trace.csv,5,epsilon,4,66,True,,False,True,0,45.0,12.6,5,0,5,True,True,12.6,12.6,0.0,0,843,0.1786060333251953,12.0,0.6000000000000001,0.7333,0,7,0,0,0,0,0
Scholl_MERTENS_c02,Scholl_MERTENS,Scholl,7,9.0,c02,2,low,mid,mid,mid,2042,published_results/full_campaign_median_T_252_2026-06-04/solutions/Scholl_MERTENS_c02/epsilon_trace.csv,6,epsilon,5,44,False,infeasible,,,0,,,,,,,,,,,,,,,,,,,,,,,
Scholl_MERTENS_c03,Scholl_MERTENS,Scholl,7,9.0,c03,3,low,high,high,high,3042,published_results/full_campaign_median_T_252_2026-06-04/solutions/Scholl_MERTENS_c03/epsilon_trace.csv,1,E0_HI_only,0,,True,,False,True,0,160.0,0.0,4,4,0,True,True,160.0,160.0,0.0,0,0,0.016063928604125977,0.0,0.0,,7,0,0,0,0,0,0
Scholl_MERTENS_c03,Scholl_MERTENS,Scholl,7,9.0,c03,3,low,high,high,high,3042,published_results/full_campaign_median_T_252_2026-06-04/solutions/Scholl_MERTENS_c03/epsilon_trace.csv,2,epsilon,1,159,True,,False,True,0,125.0,2.05,3,3,1,True,True,2.05,2.05,0.0,243,4249,0.1554560661315918,2.0,0.05,0.8889,5,0,0,0,0,1,1
Scholl_MERTENS_c03,Scholl_MERTENS,Scholl,7,9.0,c03,3,low,high,high,high,3042,published_results/full_campaign_median_T_252_2026-06-04/solutions/Scholl_MERTENS_c03/epsilon_trace.csv,3,epsilon,2,124,True,,False,True,0,98.0,4.300000000000001,4,2,2,True,True,4.3,4.3,0.0,527,7029,0.17162227630615234,4.0,0.30000000000000004,0.6667,5,2,0,0,0,0,0
Scholl_MERTENS_c03,Scholl_MERTENS,Scholl,7,9.0,c03,3,low,high,high,high,3042,published_results/full_campaign_median_T_252_2026-06-04/solutions/Scholl_MERTENS_c03/epsilon_trace.csv,4,epsilon,3,97,True,,False,True,0,94.0,6.05,3,2,2,True,True,6.05,6.05,0.0,0,883,0.18645501136779785,6.0,0.05,0.9444,2,3,0,0,0,1,1
Scholl_MERTENS_c03,Scholl_MERTENS,Scholl,7,9.0,c03,3,low,high,high,high,3042,published_results/full_campaign_median_T_252_2026-06-04/solutions/Scholl_MERTENS_c03/epsilon_trace.csv,5,epsilon,4,93,True,,False,True,0,67.0,8.3,4,1,3,True,True,8.3,8.3,0.0,0,973,0.17889690399169922,8.0,0.30000000000000004,0.7778,2,5,0,0,0,0,0
Scholl_MERTENS_c03,Scholl_MERTENS,Scholl,7,9.0,c03,3,low,high,high,high,3042,published_results/full_campaign_median_T_252_2026-06-04/solutions/Scholl_MERTENS_c03/epsilon_trace.csv,6,epsilon,5,66,True,,False,True,0,45.0,12.700000000000001,5,0,5,True,True,12.7,12.7,0.0,0,1003,0.17241811752319336,12.0,0.7000000000000001,0.6889,0,7,0,0,0,0,0
Scholl_MERTENS_c03,Scholl_MERTENS,Scholl,7,9.0,c03,3,low,high,high,high,3042,published_results/full_campaign_median_T_252_2026-06-04/solutions/Scholl_MERTENS_c03/epsilon_trace.csv,7,epsilon,6,44,False,infeasible,,,0,,,,,,,,,,,,,,,,,,,,,,,
Scholl_MERTENS_c04,Scholl_MERTENS,Scholl,7,9.0,c04,4,mid,low,mid,high,4042,published_results/full_campaign_median_T_252_2026-06-04/solutions/Scholl_MERTENS_c04/epsilon_trace.csv,1,E0_HI_only,0,,True,,False,True,0,160.0,0.0,4,4,0,True,True,160.0,160.0,0.0,0,0,0.013193130493164062,0.0,0.0,,7,0,0,0,0,0,0
Scholl_MERTENS_c04,Scholl_MERTENS,Scholl,7,9.0,c04,4,mid,low,mid,high,4042,published_results/full_campaign_median_T_252_2026-06-04/solutions/Scholl_MERTENS_c04/epsilon_trace.csv,2,epsilon,1,159,True,,False,True,0,129.0,2.1,4,3,1,True,True,2.1,2.1,0.0,99,1648,0.12355589866638184,2.0,0.1,0.7778,6,1,0,0,0,0,0
Scholl_MERTENS_c04,Scholl_MERTENS,Scholl,7,9.0,c04,4,mid,low,mid,high,4042,published_results/full_campaign_median_T_252_2026-06-04/solutions/Scholl_MERTENS_c04/epsilon_trace.csv,3,epsilon,2,128,True,,False,True,0,125.0,2.15,3,3,1,True,True,2.15,2.15,0.0,55,968,0.12864422798156738,2.0,0.15000000000000002,0.6667,5,0,0,0,2,0,0
Scholl_MERTENS_c04,Scholl_MERTENS,Scholl,7,9.0,c04,4,mid,low,mid,high,4042,published_results/full_campaign_median_T_252_2026-06-04/solutions/Scholl_MERTENS_c04/epsilon_trace.csv,4,epsilon,3,124,True,,False,True,0,98.0,5.1,4,2,2,True,True,5.1,5.1,0.0,440,11107,0.2346811294555664,5.0,0.1,0.8889,4,3,0,0,0,0,0
Scholl_MERTENS_c04,Scholl_MERTENS,Scholl,7,9.0,c04,4,mid,low,mid,high,4042,published_results/full_campaign_median_T_252_2026-06-04/solutions/Scholl_MERTENS_c04/epsilon_trace.csv,5,epsilon,4,97,True,,False,True,0,94.0,5.199999999999999,3,2,2,True,True,5.2,5.2,0.0,0,936,0.20050811767578125,5.0,0.2,0.7778,3,1,0,0,3,0,0
Scholl_MERTENS_c04,Scholl_MERTENS,Scholl,7,9.0,c04,4,mid,low,mid,high,4042,published_results/full_campaign_median_T_252_2026-06-04/solutions/Scholl_MERTENS_c04/epsilon_trace.csv,6,epsilon,5,93,True,,False,True,0,90.0,7.1,2,2,2,True,True,7.1,7.1,0.0,0,519,0.1733417510986328,7.0,0.1,0.8889,0,0,0,0,7,0,0
Scholl_MERTENS_c04,Scholl_MERTENS,Scholl,7,9.0,c04,4,mid,low,mid,high,4042,published_results/full_campaign_median_T_252_2026-06-04/solutions/Scholl_MERTENS_c04/epsilon_trace.csv,7,epsilon,6,89,True,,False,True,0,63.0,9.1,3,1,3,True,True,9.1,9.1,0.0,0,500,0.12807583808898926,9.0,0.1,0.9259,0,3,0,0,4,0,0
Scholl_MERTENS_c04,Scholl_MERTENS,Scholl,7,9.0,c04,4,mid,low,mid,high,4042,published_results/full_campaign_median_T_252_2026-06-04/solutions/Scholl_MERTENS_c04/epsilon_trace.csv,8,epsilon,7,62,True,,False,True,0,54.0,16.500000000000007,6,0,6,True,True,16.5,16.5,0.0,0,730,0.12544012069702148,16.0,0.5,0.8148,0,7,0,0,0,0,0
Scholl_MERTENS_c04,Scholl_MERTENS,Scholl,7,9.0,c04,4,mid,low,mid,high,4042,published_results/full_campaign_median_T_252_2026-06-04/solutions/Scholl_MERTENS_c04/epsilon_trace.csv,9,epsilon,8,53,False,infeasible,,,0,,,,,,,,,,,,,,,,,,,,,,,
Scholl_MERTENS_c05,Scholl_MERTENS,Scholl,7,9.0,c05,5,mid,mid,high,low,5042,published_results/full_campaign_median_T_252_2026-06-04/solutions/Scholl_MERTENS_c05/epsilon_trace.csv,1,E0_HI_only,0,,True,,False,True,0,160.0,0.0,4,4,0,True,True,160.0,160.0,0.0,0,0,0.01628422737121582,0.0,0.0,,7,0,0,0,0,0,0
Scholl_MERTENS_c05,Scholl_MERTENS,Scholl,7,9.0,c05,5,mid,mid,high,low,5042,published_results/full_campaign_median_T_252_2026-06-04/solutions/Scholl_MERTENS_c05/epsilon_trace.csv,2,epsilon,1,159,True,,False,True,0,125.0,2.0,3,3,1,True,True,2.0,2.0,0.0,246,3724,0.20770907402038574,2.0,0.0,1.0,5,0,0,0,0,1,1
Scholl_MERTENS_c05,Scholl_MERTENS,Scholl,7,9.0,c05,5,mid,mid,high,low,5042,published_results/full_campaign_median_T_252_2026-06-04/solutions/Scholl_MERTENS_c05/epsilon_trace.csv,3,epsilon,2,124,True,,False,True,0,103.0,5.3,4,2,3,True,True,5.3,5.3,0.0,607,7371,0.16538214683532715,5.0,0.30000000000000004,0.7778,3,2,0,0,0,1,1
Scholl_MERTENS_c05,Scholl_MERTENS,Scholl,7,9.0,c05,5,mid,mid,high,low,5042,published_results/full_campaign_median_T_252_2026-06-04/solutions/Scholl_MERTENS_c05/epsilon_trace.csv,4,epsilon,3,102,True,,False,True,0,99.0,8.15,3,2,3,True,True,8.15,8.15,0.0,0,1082,0.1865541934967041,8.0,0.15000000000000002,0.8889,0,2,0,0,5,0,0
Scholl_MERTENS_c05,Scholl_MERTENS,Scholl,7,9.0,c05,5,mid,mid,high,low,5042,published_results/full_campaign_median_T_252_2026-06-04/solutions/Scholl_MERTENS_c05/epsilon_trace.csv,5,epsilon,4,98,True,,False,True,0,85.0,10.75,6,1,5,True,True,10.75,10.75,0.0,0,1071,0.18923211097717285,10.0,0.75,0.6667,2,5,0,0,0,0,0
Scholl_MERTENS_c05,Scholl_MERTENS,Scholl,7,9.0,c05,5,mid,mid,high,low,5042,published_results/full_campaign_median_T_252_2026-06-04/solutions/Scholl_MERTENS_c05/epsilon_trace.csv,6,epsilon,5,84,True,,False,True,0,81.0,11.450000000000001,5,1,5,True,True,11.45,11.45,0.0,0,139,0.06401896476745605,11.0,0.45,0.8,0,5,0,0,0,1,1
Scholl_MERTENS_c05,Scholl_MERTENS,Scholl,7,9.0,c05,5,mid,mid,high,low,5042,published_results/full_campaign_median_T_252_2026-06-04/solutions/Scholl_MERTENS_c05/epsilon_trace.csv,7,epsilon,6,80,False,infeasible,,,0,,,,,,,,,,,,,,,,,,,,,,,
Scholl_MERTENS_c06,Scholl_MERTENS,Scholl,7,9.0,c06,6,mid,high,low,mid,6042,published_results/full_campaign_median_T_252_2026-06-04/solutions/Scholl_MERTENS_c06/epsilon_trace.csv,1,E0_HI_only,0,,True,,False,True,0,160.0,0.0,4,4,0,True,True,160.0,160.0,0.0,0,0,0.011639833450317383,0.0,0.0,,7,0,0,0,0,0,0
Scholl_MERTENS_c06,Scholl_MERTENS,Scholl,7,9.0,c06,6,mid,high,low,mid,6042,published_results/full_campaign_median_T_252_2026-06-04/solutions/Scholl_MERTENS_c06/epsilon_trace.csv,2,epsilon,1,159,True,,False,True,0,129.0,2.05,4,3,1,True,True,2.05,2.05,0.0,351,6600,0.1535630226135254,2.0,0.05,0.8889,6,1,0,0,0,0,0
Scholl_MERTENS_c06,Scholl_MERTENS,Scholl,7,9.0,c06,6,mid,high,low,mid,6042,published_results/full_campaign_median_T_252_2026-06-04/solutions/Scholl_MERTENS_c06/epsilon_trace.csv,3,epsilon,2,128,True,,False,True,1,125.0,2.05,3,3,1,True,True,2.05,2.05,0.0,435,7608,0.16957807540893555,2.0,0.05,0.8889,5,0,0,0,0,1,1
Scholl_MERTENS_c06,Scholl_MERTENS,Scholl,7,9.0,c06,6,mid,high,low,mid,6042,published_results/full_campaign_median_T_252_2026-06-04/solutions/Scholl_MERTENS_c06/epsilon_trace.csv,4,epsilon,3,124,True,,False,True,0,98.0,4.1499999999999995,4,2,2,True,True,4.15,4.15,0.0,0,1033,0.18036198616027832,4.0,0.15000000000000002,0.8333,5,2,0,0,0,0,0
Scholl_MERTENS_c06,Scholl_MERTENS,Scholl,7,9.0,c06,6,mid,high,low,mid,6042,published_results/full_campaign_median_T_252_2026-06-04/solutions/Scholl_MERTENS_c06/epsilon_trace.csv,5,epsilon,4,97,True,,False,True,0,76.0,8.4,5,1,4,True,True,8.4,8.4,0.0,0,962,0.2651679515838623,8.0,0.4,0.7778,3,4,0,0,0,0,0
Scholl_MERTENS_c06,Scholl_MERTENS,Scholl,7,9.0,c06,6,mid,high,low,mid,6042,published_results/full_campaign_median_T_252_2026-06-04/solutions/Scholl_MERTENS_c06/epsilon_trace.csv,6,epsilon,5,75,True,,False,True,0,72.0,9.200000000000001,4,1,4,True,True,9.2,9.2,0.0,0,714,0.18197202682495117,9.0,0.2,0.8889,0,4,0,0,0,2,1
Scholl_MERTENS_c06,Scholl_MERTENS,Scholl,7,9.0,c06,6,mid,high,low,mid,6042,published_results/full_campaign_median_T_252_2026-06-04/solutions/Scholl_MERTENS_c06/epsilon_trace.csv,7,epsilon,6,71,True,,False,True,0,54.0,13.6,6,0,6,True,True,13.6,13.6,0.0,0,824,0.17915797233581543,13.0,0.6000000000000001,0.7778,0,7,0,0,0,0,0
Scholl_MERTENS_c06,Scholl_MERTENS,Scholl,7,9.0,c06,6,mid,high,low,mid,6042,published_results/full_campaign_median_T_252_2026-06-04/solutions/Scholl_MERTENS_c06/epsilon_trace.csv,8,epsilon,7,53,False,infeasible,,,0,,,,,,,,,,,,,,,,,,,,,,,
Scholl_MERTENS_c07,Scholl_MERTENS,Scholl,7,9.0,c07,7,high,low,high,mid,7042,published_results/full_campaign_median_T_252_2026-06-04/solutions/Scholl_MERTENS_c07/epsilon_trace.csv,1,E0_HI_only,0,,True,,False,True,0,160.0,0.0,4,4,0,True,True,160.0,160.0,0.0,0,0,0.011043071746826172,0.0,0.0,,7,0,0,0,0,0,0
Scholl_MERTENS_c07,Scholl_MERTENS,Scholl,7,9.0,c07,7,high,low,high,mid,7042,published_results/full_campaign_median_T_252_2026-06-04/solutions/Scholl_MERTENS_c07/epsilon_trace.csv,2,epsilon,1,159,True,,False,True,0,125.0,2.2,3,3,1,True,True,2.2,2.2,0.0,215,2971,0.1032571792602539,2.0,0.2,0.5556,5,0,0,0,2,0,0
Scholl_MERTENS_c07,Scholl_MERTENS,Scholl,7,9.0,c07,7,high,low,high,mid,7042,published_results/full_campaign_median_T_252_2026-06-04/solutions/Scholl_MERTENS_c07/epsilon_trace.csv,3,epsilon,2,124,True,,False,True,0,85.0,4.0,2,2,1,True,True,4.0,4.0,0.0,0,175,0.08112001419067383,4.0,0.0,1.0,3,0,0,0,4,0,0
Scholl_MERTENS_c07,Scholl_MERTENS,Scholl,7,9.0,c07,7,high,low,high,mid,7042,published_results/full_campaign_median_T_252_2026-06-04/solutions/Scholl_MERTENS_c07/epsilon_trace.csv,4,epsilon,3,84,False,infeasible,,,0,,,,,,,,,,,,,,,,,,,,,,,
Scholl_MERTENS_c08,Scholl_MERTENS,Scholl,7,9.0,c08,8,high,mid,low,high,8042,published_results/full_campaign_median_T_252_2026-06-04/solutions/Scholl_MERTENS_c08/epsilon_trace.csv,1,E0_HI_only,0,,True,,False,True,0,160.0,0.0,4,4,0,True,True,160.0,160.0,0.0,0,0,0.011131048202514648,0.0,0.0,,7,0,0,0,0,0,0
Scholl_MERTENS_c08,Scholl_MERTENS,Scholl,7,9.0,c08,8,high,mid,low,high,8042,published_results/full_campaign_median_T_252_2026-06-04/solutions/Scholl_MERTENS_c08/epsilon_trace.csv,2,epsilon,1,159,True,,False,True,0,125.0,2.05,3,3,1,True,True,2.05,2.05,0.0,0,182,0.07755422592163086,2.0,0.05,0.8889,5,0,0,0,2,0,0
Scholl_MERTENS_c08,Scholl_MERTENS,Scholl,7,9.0,c08,8,high,mid,low,high,8042,published_results/full_campaign_median_T_252_2026-06-04/solutions/Scholl_MERTENS_c08/epsilon_trace.csv,3,epsilon,2,124,True,,False,True,0,108.0,8.450000000000001,4,2,4,True,True,8.45,8.45,0.0,0,156,0.07766008377075195,8.0,0.45,0.75,0,2,0,0,5,0,0
Scholl_MERTENS_c08,Scholl_MERTENS,Scholl,7,9.0,c08,8,high,mid,low,high,8042,published_results/full_campaign_median_T_252_2026-06-04/solutions/Scholl_MERTENS_c08/epsilon_trace.csv,4,epsilon,3,107,False,infeasible,,,0,,,,,,,,,,,,,,,,,,,,,,,
Scholl_MERTENS_c09,Scholl_MERTENS,Scholl,7,9.0,c09,9,high,high,mid,low,9042,published_results/full_campaign_median_T_252_2026-06-04/solutions/Scholl_MERTENS_c09/epsilon_trace.csv,1,E0_HI_only,0,,True,,False,True,0,160.0,0.0,4,4,0,True,True,160.0,160.0,0.0,0,0,0.011940240859985352,0.0,0.0,,7,0,0,0,0,0,0
Scholl_MERTENS_c09,Scholl_MERTENS,Scholl,7,9.0,c09,9,high,high,mid,low,9042,published_results/full_campaign_median_T_252_2026-06-04/solutions/Scholl_MERTENS_c09/epsilon_trace.csv,2,epsilon,1,159,False,infeasible,,,0,,,,,,,,,,,,,,,,,,,,,,,
Scholl_MITCHELL_c01,Scholl_MITCHELL,Scholl,21,23.0,c01,1,low,low,low,low,1042,published_results/full_campaign_median_T_252_2026-06-04/solutions/Scholl_MITCHELL_c01/epsilon_trace.csv,1,E0_HI_only,0,,True,,False,True,0,200.0,0.0,5,5,0,True,True,200.0,200.0,0.0,0,642,0.046484947204589844,0.0,0.0,,21,0,0,0,0,0,0
Scholl_MITCHELL_c01,Scholl_MITCHELL,Scholl,21,23.0,c01,1,low,low,low,low,1042,published_results/full_campaign_median_T_252_2026-06-04/solutions/Scholl_MITCHELL_c01/epsilon_trace.csv,2,epsilon,1,199,True,,False,True,0,169.0,5.25,5,4,1,True,True,5.25,5.25,0.0,12085,1829735,100.43761777877808,5.0,0.25,0.7826,19,2,0,0,0,0,0
Scholl_MITCHELL_c01,Scholl_MITCHELL,Scholl,21,23.0,c01,1,low,low,low,low,1042,published_results/full_campaign_median_T_252_2026-06-04/solutions/Scholl_MITCHELL_c01/epsilon_trace.csv,3,epsilon,2,168,True,,False,True,0,165.0,6.25,4,4,1,True,True,6.25,6.25,0.0,9692,2212875,156.46905303001404,6.0,0.25,0.7826,15,0,0,0,6,0,0
Scholl_MITCHELL_c01,Scholl_MITCHELL,Scholl,21,23.0,c01,1,low,low,low,low,1042,published_results/full_campaign_median_T_252_2026-06-04/solutions/Scholl_MITCHELL_c01/epsilon_trace.csv,4,epsilon,3,164,True,,False,True,0,130.0,10.2,3,3,2,True,False,4.95,10.2,51.4706,16851,3319732,300.3570508956909,10.0,0.2,0.913,7,0,0,0,7,5,2
Scholl_MITCHELL_c01,Scholl_MITCHELL,Scholl,21,23.0,c01,1,low,low,low,low,1042,published_results/full_campaign_median_T_252_2026-06-04/solutions/Scholl_MITCHELL_c01/epsilon_trace.csv,5,epsilon,4,129,True,,False,True,0,99.0,19.2,3,2,3,True,True,19.2,19.2,0.0,56988,3359368,243.79994797706604,19.0,0.2,0.942,0,3,0,0,8,6,4
Scholl_MITCHELL_c01,Scholl_MITCHELL,Scholl,21,23.0,c01,1,low,low,low,low,1042,published_results/full_campaign_median_T_252_2026-06-04/solutions/Scholl_MITCHELL_c01/epsilon_trace.csv,6,epsilon,5,98,True,,False,True,0,76.0,29.2,5,1,4,True,True,29.2,29.2,0.0,16362,930805,32.64849877357483,29.0,0.2,0.9565,6,15,0,0,0,0,0
Scholl_MITCHELL_c01,Scholl_MITCHELL,Scholl,21,23.0,c01,1,low,low,low,low,1042,published_results/full_campaign_median_T_252_2026-06-04/solutions/Scholl_MITCHELL_c01/epsilon_trace.csv,7,epsilon,6,75,True,,False,True,0,72.0,29.55,4,1,4,True,True,29.55,29.55,0.0,125,32495,2.8945021629333496,29.0,0.55,0.8804,0,13,0,0,8,0,0
Scholl_MITCHELL_c01,Scholl_MITCHELL,Scholl,21,23.0,c01,1,low,low,low,low,1042,published_results/full_campaign_median_T_252_2026-06-04/solutions/Scholl_MITCHELL_c01/epsilon_trace.csv,8,epsilon,7,71,True,,False,True,0,54.0,41.25,6,0,6,True,True,41.25,41.25,0.0,0,2875,2.2823479175567627,40.0,1.25,0.8188,0,21,0,0,0,0,0
Scholl_MITCHELL_c01,Scholl_MITCHELL,Scholl,21,23.0,c01,1,low,low,low,low,1042,published_results/full_campaign_median_T_252_2026-06-04/solutions/Scholl_MITCHELL_c01/epsilon_trace.csv,9,epsilon,8,53,False,infeasible,,,0,,,,,,,,,,,,,,,,,,,,,,,
Scholl_MITCHELL_c02,Scholl_MITCHELL,Scholl,21,23.0,c02,2,low,mid,mid,mid,2042,published_results/full_campaign_median_T_252_2026-06-04/solutions/Scholl_MITCHELL_c02/epsilon_trace.csv,1,E0_HI_only,0,,True,,False,True,0,200.0,0.0,5,5,0,True,True,200.0,200.0,0.0,0,642,0.04255104064941406,0.0,0.0,,21,0,0,0,0,0,0
Scholl_MITCHELL_c02,Scholl_MITCHELL,Scholl,21,23.0,c02,2,low,mid,mid,mid,2042,published_results/full_campaign_median_T_252_2026-06-04/solutions/Scholl_MITCHELL_c02/epsilon_trace.csv,2,epsilon,1,199,True,,False,True,0,169.0,4.35,5,4,1,True,True,4.35,4.35,0.0,9321,1493272,108.47609806060791,4.0,0.35000000000000003,0.6957,19,2,0,0,0,0,0
Scholl_MITCHELL_c02,Scholl_MITCHELL,Scholl,21,23.0,c02,2,low,mid,mid,mid,2042,published_results/full_campaign_median_T_252_2026-06-04/solutions/Scholl_MITCHELL_c02/epsilon_trace.csv,3,epsilon,2,168,True,,False,True,0,138.0,12.299999999999999,5,3,2,True,True,12.3,12.3,0.0,60269,6862181,286.9575936794281,12.0,0.30000000000000004,0.8696,15,6,0,0,0,0,0
Scholl_MITCHELL_c02,Scholl_MITCHELL,Scholl,21,23.0,c02,2,low,mid,mid,mid,2042,published_results/full_campaign_median_T_252_2026-06-04/solutions/Scholl_MITCHELL_c02/epsilon_trace.csv,4,epsilon,3,137,True,,False,True,0,107.0,21.25,5,2,3,True,False,20.063207547,21.25,5.5849,110673,7748771,300.3572208881378,21.0,0.25,0.9275,12,9,0,0,0,0,0
Scholl_MITCHELL_c02,Scholl_MITCHELL,Scholl,21,23.0,c02,2,low,mid,mid,mid,2042,published_results/full_campaign_median_T_252_2026-06-04/solutions/Scholl_MITCHELL_c02/epsilon_trace.csv,5,epsilon,4,106,True,,False,True,0,76.0,31.25,5,1,4,True,True,31.25,31.25,0.0,54084,2115570,115.63935589790344,31.0,0.25,0.9457,6,15,0,0,0,0,0
Scholl_MITCHELL_c02,Scholl_MITCHELL,Scholl,21,23.0,c02,2,low,mid,mid,mid,2042,published_results/full_campaign_median_T_252_2026-06-04/solutions/Scholl_MITCHELL_c02/epsilon_trace.csv,6,epsilon,5,75,True,,False,True,0,54.0,43.14999999999999,6,0,6,True,True,43.15,43.15,0.0,0,3135,2.3348238468170166,42.0,1.1500000000000001,0.8333,0,21,0,0,0,0,0
Scholl_MITCHELL_c02,Scholl_MITCHELL,Scholl,21,23.0,c02,2,low,mid,mid,mid,2042,published_results/full_campaign_median_T_252_2026-06-04/solutions/Scholl_MITCHELL_c02/epsilon_trace.csv,7,epsilon,6,53,False,infeasible,,,0,,,,,,,,,,,,,,,,,,,,,,,
Scholl_MITCHELL_c03,Scholl_MITCHELL,Scholl,21,23.0,c03,3,low,high,high,high,3042,published_results/full_campaign_median_T_252_2026-06-04/solutions/Scholl_MITCHELL_c03/epsilon_trace.csv,1,E0_HI_only,0,,True,,False,True,0,200.0,0.0,5,5,0,True,True,200.0,200.0,0.0,0,642,0.04198408126831055,0.0,0.0,,21,0,0,0,0,0,0
Scholl_MITCHELL_c03,Scholl_MITCHELL,Scholl,21,23.0,c03,3,low,high,high,high,3042,published_results/full_campaign_median_T_252_2026-06-04/solutions/Scholl_MITCHELL_c03/epsilon_trace.csv,2,epsilon,1,199,True,,False,True,0,169.0,5.25,5,4,1,True,True,5.25,5.25,0.0,15627,5231278,295.11359429359436,5.0,0.25,0.7826,18,3,0,0,0,0,0
Scholl_MITCHELL_c03,Scholl_MITCHELL,Scholl,21,23.0,c03,3,low,high,high,high,3042,published_results/full_campaign_median_T_252_2026-06-04/solutions/Scholl_MITCHELL_c03/epsilon_trace.csv,3,epsilon,2,168,True,,False,True,0,138.0,11.350000000000001,5,3,2,True,True,11.35,11.35,0.0,28916,5415785,256.50552916526794,11.0,0.35000000000000003,0.8478,15,6,0,0,0,0,0
Scholl_MITCHELL_c03,Scholl_MITCHELL,Scholl,21,23.0,c03,3,low,high,high,high,3042,published_results/full_campaign_median_T_252_2026-06-04/solutions/Scholl_MITCHELL_c03/epsilon_trace.csv,4,epsilon,3,137,True,,False,True,0,107.0,18.400000000000002,5,2,3,True,False,11.591046712,18.4,37.0052,22698,3994974,300.36279559135437,18.0,0.4,0.8841,11,10,0,0,0,0,0
Scholl_MITCHELL_c03,Scholl_MITCHELL,Scholl,21,23.0,c03,3,low,high,high,high,3042,published_results/full_campaign_median_T_252_2026-06-04/solutions/Scholl_MITCHELL_c03/epsilon_trace.csv,5,epsilon,4,106,True,,False,True,0,76.0,27.300000000000004,5,1,4,True,True,27.3,27.3,0.0,10567,777942,34.87063384056091,27.0,0.30000000000000004,0.9348,7,14,0,0,0,0,0
Scholl_MITCHELL_c03,Scholl_MITCHELL,Scholl,21,23.0,c03,3,low,high,high,high,3042,published_results/full_campaign_median_T_252_2026-06-04/solutions/Scholl_MITCHELL_c03/epsilon_trace.csv,6,epsilon,5,75,True,,False,True,0,45.0,39.199999999999996,5,0,5,True,True,39.2,39.2,0.0,0,3096,1.652590036392212,39.0,0.2,0.9652,0,21,0,0,0,0,0
Scholl_MITCHELL_c03,Scholl_MITCHELL,Scholl,21,23.0,c03,3,low,high,high,high,3042,published_results/full_campaign_median_T_252_2026-06-04/solutions/Scholl_MITCHELL_c03/epsilon_trace.csv,7,epsilon,6,44,False,infeasible,,,0,,,,,,,,,,,,,,,,,,,,,,,
Scholl_MITCHELL_c04,Scholl_MITCHELL,Scholl,21,23.0,c04,4,mid,low,mid,high,4042,published_results/full_campaign_median_T_252_2026-06-04/solutions/Scholl_MITCHELL_c04/epsilon_trace.csv,1,E0_HI_only,0,,True,,False,True,0,200.0,0.0,5,5,0,True,True,200.0,200.0,0.0,0,642,0.044780731201171875,0.0,0.0,,21,0,0,0,0,0,0
Scholl_MITCHELL_c04,Scholl_MITCHELL,Scholl,21,23.0,c04,4,mid,low,mid,high,4042,published_results/full_campaign_median_T_252_2026-06-04/solutions/Scholl_MITCHELL_c04/epsilon_trace.csv,2,epsilon,1,199,True,,False,True,0,165.0,6.25,4,4,1,True,True,6.25,6.25,0.0,11222,1516226,80.24623894691467,6.0,0.25,0.7826,15,0,0,0,6,0,0
Scholl_MITCHELL_c04,Scholl_MITCHELL,Scholl,21,23.0,c04,4,mid,low,mid,high,4042,published_results/full_campaign_median_T_252_2026-06-04/solutions/Scholl_MITCHELL_c04/epsilon_trace.csv,3,epsilon,2,164,True,,False,True,0,134.0,11.6,4,3,2,True,True,11.6,11.6,0.0,16271,2234585,92.37459874153137,11.0,0.6000000000000001,0.7391,11,2,0,0,8,0,0
Scholl_MITCHELL_c04,Scholl_MITCHELL,Scholl,21,23.0,c04,4,mid,low,mid,high,4042,published_results/full_campaign_median_T_252_2026-06-04/solutions/Scholl_MITCHELL_c04/epsilon_trace.csv,4,epsilon,3,133,True,,False,True,0,130.0,14.3,3,3,2,True,True,14.3,14.3,0.0,3904,367433,12.983549118041992,14.0,0.30000000000000004,0.8696,7,0,0,0,14,0,0
Scholl_MITCHELL_c04,Scholl_MITCHELL,Scholl,21,23.0,c04,4,mid,low,mid,high,4042,published_results/full_campaign_median_T_252_2026-06-04/solutions/Scholl_MITCHELL_c04/epsilon_trace.csv,5,epsilon,4,129,True,,False,True,0,99.0,21.75,3,2,3,True,True,21.75,21.75,0.0,3086,393230,14.139885187149048,21.0,0.75,0.7826,0,3,0,0,18,0,0
Scholl_MITCHELL_c04,Scholl_MITCHELL,Scholl,21,23.0,c04,4,mid,low,mid,high,4042,published_results/full_campaign_median_T_252_2026-06-04/solutions/Scholl_MITCHELL_c04/epsilon_trace.csv,6,epsilon,5,98,True,,False,True,0,81.0,36.45,5,1,5,True,True,36.45,36.45,0.0,660,217493,9.696995735168457,36.0,0.45,0.9217,0,11,0,0,10,0,0
Scholl_MITCHELL_c04,Scholl_MITCHELL,Scholl,21,23.0,c04,4,mid,low,mid,high,4042,published_results/full_campaign_median_T_252_2026-06-04/solutions/Scholl_MITCHELL_c04/epsilon_trace.csv,7,epsilon,6,80,True,,False,True,0,72.0,55.099999999999994,8,0,8,True,True,55.1,55.1,0.0,0,2297,2.4611711502075195,54.0,1.1,0.8804,0,21,0,0,0,0,0
Scholl_MITCHELL_c04,Scholl_MITCHELL,Scholl,21,23.0,c04,4,mid,low,mid,high,4042,published_results/full_campaign_median_T_252_2026-06-04/solutions/Scholl_MITCHELL_c04/epsilon_trace.csv,8,epsilon,7,71,False,infeasible,,,0,,,,,,,,,,,,,,,,,,,,,,,
Scholl_MITCHELL_c05,Scholl_MITCHELL,Scholl,21,23.0,c05,5,mid,mid,high,low,5042,published_results/full_campaign_median_T_252_2026-06-04/solutions/Scholl_MITCHELL_c05/epsilon_trace.csv,1,E0_HI_only,0,,True,,False,True,0,200.0,0.0,5,5,0,True,True,200.0,200.0,0.0,0,642,0.04336881637573242,0.0,0.0,,21,0,0,0,0,0,0
Scholl_MITCHELL_c05,Scholl_MITCHELL,Scholl,21,23.0,c05,5,mid,mid,high,low,5042,published_results/full_campaign_median_T_252_2026-06-04/solutions/Scholl_MITCHELL_c05/epsilon_trace.csv,2,epsilon,1,199,True,,False,True,0,174.0,6.8999999999999995,5,4,2,True,True,6.9,6.9,0.0,16818,1567595,81.03828406333923,6.0,0.9,0.6087,14,1,0,0,0,3,3
Scholl_MITCHELL_c05,Scholl_MITCHELL,Scholl,21,23.0,c05,5,mid,mid,high,low,5042,published_results/full_campaign_median_T_252_2026-06-04/solutions/Scholl_MITCHELL_c05/epsilon_trace.csv,3,epsilon,2,173,True,,False,True,0,169.0,7.0,5,4,1,True,True,7.0,7.0,0.0,9059,915287,48.686058044433594,7.0,0.0,1.0,19,2,0,0,0,0,0
Scholl_MITCHELL_c05,Scholl_MITCHELL,Scholl,21,23.0,c05,5,mid,mid,high,low,5042,published_results/full_campaign_median_T_252_2026-06-04/solutions/Scholl_MITCHELL_c05/epsilon_trace.csv,4,epsilon,3,168,True,,False,True,0,143.0,16.400000000000002,5,3,3,True,True,16.4,16.4,0.0,67761,2833358,178.69703722000122,16.0,0.4,0.8841,11,4,0,0,0,3,3
Scholl_MITCHELL_c05,Scholl_MITCHELL,Scholl,21,23.0,c05,5,mid,mid,high,low,5042,published_results/full_campaign_median_T_252_2026-06-04/solutions/Scholl_MITCHELL_c05/epsilon_trace.csv,5,epsilon,4,142,True,,False,True,0,139.0,17.1,4,3,3,True,True,17.1,17.1,0.0,9778,1057991,79.9305350780487,17.0,0.1,0.971,7,3,0,0,5,3,3
Scholl_MITCHELL_c05,Scholl_MITCHELL,Scholl,21,23.0,c05,5,mid,mid,high,low,5042,published_results/full_campaign_median_T_252_2026-06-04/solutions/Scholl_MITCHELL_c05/epsilon_trace.csv,6,epsilon,5,138,True,,False,True,0,125.0,27.1,7,2,5,True,False,11.498351824,27.1,57.5707,20496,5213792,300.3432478904724,26.0,1.1,0.8087,11,10,0,0,0,0,0
Scholl_MITCHELL_c05,Scholl_MITCHELL,Scholl,21,23.0,c05,5,mid,mid,high,low,5042,published_results/full_campaign_median_T_252_2026-06-04/solutions/Scholl_MITCHELL_c05/epsilon_trace.csv,7,epsilon,6,124,True,,False,True,1,121.0,26.8,6,2,5,True,True,26.8,26.8,0.0,30007,1170860,60.87153100967407,26.0,0.8,0.8609,7,8,0,0,0,3,3
Scholl_MITCHELL_c05,Scholl_MITCHELL,Scholl,21,23.0,c05,5,mid,mid,high,low,5042,published_results/full_campaign_median_T_252_2026-06-04/solutions/Scholl_MITCHELL_c05/epsilon_trace.csv,8,epsilon,7,120,True,,False,True,0,116.0,27.150000000000002,6,2,4,True,True,27.15,27.15,0.0,17345,1210685,57.833359241485596,27.0,0.15000000000000002,0.9674,11,10,0,0,0,0,0
Scholl_MITCHELL_c05,Scholl_MITCHELL,Scholl,21,23.0,c05,5,mid,mid,high,low,5042,published_results/full_campaign_median_T_252_2026-06-04/solutions/Scholl_MITCHELL_c05/epsilon_trace.csv,9,epsilon,8,115,True,,False,True,0,94.0,37.7,7,1,6,True,True,37.7,37.7,0.0,73962,1470085,94.68770098686218,37.0,0.7000000000000001,0.8986,7,14,0,0,0,0,0
Scholl_MITCHELL_c05,Scholl_MITCHELL,Scholl,21,23.0,c05,5,mid,mid,high,low,5042,published_results/full_campaign_median_T_252_2026-06-04/solutions/Scholl_MITCHELL_c05/epsilon_trace.csv,10,epsilon,9,93,True,,False,True,0,90.0,38.35,6,1,6,True,True,38.35,38.35,0.0,4060,136458,7.104022026062012,38.0,0.35000000000000003,0.9493,0,15,0,0,0,3,3
Scholl_MITCHELL_c05,Scholl_MITCHELL,Scholl,21,23.0,c05,5,mid,mid,high,low,5042,published_results/full_campaign_median_T_252_2026-06-04/solutions/Scholl_MITCHELL_c05/epsilon_trace.csv,11,epsilon,10,89,True,,False,True,0,63.0,50.15,7,0,7,True,True,50.15,50.15,0.0,0,3394,3.2922170162200928,50.0,0.15000000000000002,0.9814,0,21,0,0,0,0,0
Scholl_MITCHELL_c05,Scholl_MITCHELL,Scholl,21,23.0,c05,5,mid,mid,high,low,5042,published_results/full_campaign_median_T_252_2026-06-04/solutions/Scholl_MITCHELL_c05/epsilon_trace.csv,12,epsilon,11,62,False,infeasible,,,0,,,,,,,,,,,,,,,,,,,,,,,
Scholl_MITCHELL_c06,Scholl_MITCHELL,Scholl,21,23.0,c06,6,mid,high,low,mid,6042,published_results/full_campaign_median_T_252_2026-06-04/solutions/Scholl_MITCHELL_c06/epsilon_trace.csv,1,E0_HI_only,0,,True,,False,True,0,200.0,0.0,5,5,0,True,True,200.0,200.0,0.0,0,642,0.0429081916809082,0.0,0.0,,21,0,0,0,0,0,0
Scholl_MITCHELL_c06,Scholl_MITCHELL,Scholl,21,23.0,c06,6,mid,high,low,mid,6042,published_results/full_campaign_median_T_252_2026-06-04/solutions/Scholl_MITCHELL_c06/epsilon_trace.csv,2,epsilon,1,199,True,,False,True,0,174.0,6.8,5,4,2,True,True,6.8,6.8,0.0,14713,2248256,141.01379489898682,6.0,0.8,0.6522,14,1,0,0,0,4,2
Scholl_MITCHELL_c06,Scholl_MITCHELL,Scholl,21,23.0,c06,6,mid,high,low,mid,6042,published_results/full_campaign_median_T_252_2026-06-04/solutions/Scholl_MITCHELL_c06/epsilon_trace.csv,3,epsilon,2,173,True,,False,True,0,169.0,7.05,5,4,1,True,True,7.05,7.05,0.0,6766,1181291,63.31243896484375,7.0,0.05,0.9565,19,2,0,0,0,0,0
Scholl_MITCHELL_c06,Scholl_MITCHELL,Scholl,21,23.0,c06,6,mid,high,low,mid,6042,published_results/full_campaign_median_T_252_2026-06-04/solutions/Scholl_MITCHELL_c06/epsilon_trace.csv,4,epsilon,3,168,True,,False,True,0,143.0,16.3,5,3,3,True,True,16.3,16.3,0.0,66415,6461006,272.9039161205292,16.0,0.30000000000000004,0.913,11,4,0,0,0,4,2
Scholl_MITCHELL_c06,Scholl_MITCHELL,Scholl,21,23.0,c06,6,mid,high,low,mid,6042,published_results/full_campaign_median_T_252_2026-06-04/solutions/Scholl_MITCHELL_c06/epsilon_trace.csv,5,epsilon,4,142,True,,False,True,0,121.0,27.15,6,2,5,True,False,23.331564191,27.15,14.0642,67970,4895702,300.5125319957733,26.0,1.1500000000000001,0.8,7,8,0,0,0,5,1
Scholl_MITCHELL_c06,Scholl_MITCHELL,Scholl,21,23.0,c06,6,mid,high,low,mid,6042,published_results/full_campaign_median_T_252_2026-06-04/solutions/Scholl_MITCHELL_c06/epsilon_trace.csv,6,epsilon,5,120,True,,False,True,0,116.0,28.35,6,2,4,True,True,28.35,28.35,0.0,3850,486244,21.210718393325806,28.0,0.35000000000000003,0.9239,11,10,0,0,0,0,0
Scholl_MITCHELL_c06,Scholl_MITCHELL,Scholl,21,23.0,c06,6,mid,high,low,mid,6042,published_results/full_campaign_median_T_252_2026-06-04/solutions/Scholl_MITCHELL_c06/epsilon_trace.csv,7,epsilon,6,115,True,,False,True,0,94.0,39.1,7,1,6,True,True,39.1,39.1,0.0,77566,1576033,104.84064364433289,38.0,1.1,0.8406,8,13,0,0,0,0,0
Scholl_MITCHELL_c06,Scholl_MITCHELL,Scholl,21,23.0,c06,6,mid,high,low,mid,6042,published_results/full_campaign_median_T_252_2026-06-04/solutions/Scholl_MITCHELL_c06/epsilon_trace.csv,8,epsilon,7,93,True,,False,True,0,72.0,53.54999999999999,8,0,8,True,True,53.55,53.55,0.0,4436,127217,5.568447113037109,52.0,1.55,0.8315,0,21,0,0,0,0,0
Scholl_MITCHELL_c06,Scholl_MITCHELL,Scholl,21,23.0,c06,6,mid,high,low,mid,6042,published_results/full_campaign_median_T_252_2026-06-04/solutions/Scholl_MITCHELL_c06/epsilon_trace.csv,9,epsilon,8,71,False,infeasible,,,0,,,,,,,,,,,,,,,,,,,,,,,
Scholl_MITCHELL_c07,Scholl_MITCHELL,Scholl,21,23.0,c07,7,high,low,high,mid,7042,published_results/full_campaign_median_T_252_2026-06-04/solutions/Scholl_MITCHELL_c07/epsilon_trace.csv,1,E0_HI_only,0,,True,,False,True,0,200.0,0.0,5,5,0,True,True,200.0,200.0,0.0,0,642,0.04385113716125488,0.0,0.0,,21,0,0,0,0,0,0
Scholl_MITCHELL_c07,Scholl_MITCHELL,Scholl,21,23.0,c07,7,high,low,high,mid,7042,published_results/full_campaign_median_T_252_2026-06-04/solutions/Scholl_MITCHELL_c07/epsilon_trace.csv,2,epsilon,1,199,True,,False,True,0,165.0,6.25,4,4,1,True,True,6.25,6.25,0.0,4601,653803,16.714477062225342,6.0,0.25,0.7826,15,0,0,0,6,0,0
Scholl_MITCHELL_c07,Scholl_MITCHELL,Scholl,21,23.0,c07,7,high,low,high,mid,7042,published_results/full_campaign_median_T_252_2026-06-04/solutions/Scholl_MITCHELL_c07/epsilon_trace.csv,3,epsilon,2,164,True,,False,True,0,134.0,13.3,4,3,2,True,True,13.3,13.3,0.0,11024,1486996,66.54108309745789,13.0,0.30000000000000004,0.8696,11,2,0,0,8,0,0
Scholl_MITCHELL_c07,Scholl_MITCHELL,Scholl,21,23.0,c07,7,high,low,high,mid,7042,published_results/full_campaign_median_T_252_2026-06-04/solutions/Scholl_MITCHELL_c07/epsilon_trace.csv,4,epsilon,3,133,True,,False,True,0,130.0,14.35,3,3,2,True,True,14.35,14.35,0.0,3043,337700,12.910640239715576,14.0,0.35000000000000003,0.8478,7,0,0,0,14,0,0
Scholl_MITCHELL_c07,Scholl_MITCHELL,Scholl,21,23.0,c07,7,high,low,high,mid,7042,published_results/full_campaign_median_T_252_2026-06-04/solutions/Scholl_MITCHELL_c07/epsilon_trace.csv,5,epsilon,4,129,True,,False,True,0,99.0,23.25,3,2,3,True,True,23.25,23.25,0.0,1825,338833,12.719137191772461,23.0,0.25,0.9275,0,4,0,0,17,0,0
Scholl_MITCHELL_c07,Scholl_MITCHELL,Scholl,21,23.0,c07,7,high,low,high,mid,7042,published_results/full_campaign_median_T_252_2026-06-04/solutions/Scholl_MITCHELL_c07/epsilon_trace.csv,6,epsilon,5,98,False,infeasible,,,0,,,,,,,,,,,,,,,,,,,,,,,
Scholl_MITCHELL_c08,Scholl_MITCHELL,Scholl,21,23.0,c08,8,high,mid,low,high,8042,published_results/full_campaign_median_T_252_2026-06-04/solutions/Scholl_MITCHELL_c08/epsilon_trace.csv,1,E0_HI_only,0,,True,,False,True,0,200.0,0.0,5,5,0,True,True,200.0,200.0,0.0,0,642,0.04169511795043945,0.0,0.0,,21,0,0,0,0,0,0
Scholl_MITCHELL_c08,Scholl_MITCHELL,Scholl,21,23.0,c08,8,high,mid,low,high,8042,published_results/full_campaign_median_T_252_2026-06-04/solutions/Scholl_MITCHELL_c08/epsilon_trace.csv,2,epsilon,1,199,True,,False,True,0,174.0,8.700000000000001,5,4,2,True,True,8.7,8.7,0.0,12921,1766255,93.963369846344,8.0,0.7000000000000001,0.6957,15,1,0,0,5,0,0
Scholl_MITCHELL_c08,Scholl_MITCHELL,Scholl,21,23.0,c08,8,high,mid,low,high,8042,published_results/full_campaign_median_T_252_2026-06-04/solutions/Scholl_MITCHELL_c08/epsilon_trace.csv,3,epsilon,2,173,True,,False,True,0,170.0,10.15,4,4,2,True,True,10.15,10.15,0.0,6238,467867,11.800490856170654,10.0,0.15000000000000002,0.9348,11,0,0,0,10,0,0
Scholl_MITCHELL_c08,Scholl_MITCHELL,Scholl,21,23.0,c08,8,high,mid,low,high,8042,published_results/full_campaign_median_T_252_2026-06-04/solutions/Scholl_MITCHELL_c08/epsilon_trace.csv,4,epsilon,3,169,True,,False,True,0,152.0,22.5,6,3,4,True,True,22.5,22.5,0.0,22882,3923837,203.02736496925354,22.0,0.5,0.8913,9,7,0,0,5,0,0
Scholl_MITCHELL_c08,Scholl_MITCHELL,Scholl,21,23.0,c08,8,high,mid,low,high,8042,published_results/full_campaign_median_T_252_2026-06-04/solutions/Scholl_MITCHELL_c08/epsilon_trace.csv,5,epsilon,4,151,True,,False,True,0,148.0,23.25,5,3,4,True,True,23.25,23.25,0.0,5482,644082,17.932049989700317,23.0,0.25,0.9457,4,6,0,0,11,0,0
Scholl_MITCHELL_c08,Scholl_MITCHELL,Scholl,21,23.0,c08,8,high,mid,low,high,8042,published_results/full_campaign_median_T_252_2026-06-04/solutions/Scholl_MITCHELL_c08/epsilon_trace.csv,6,epsilon,5,147,True,,False,True,0,143.0,39.4,9,2,7,True,True,39.4,39.4,0.0,5137,914916,20.902639150619507,38.0,1.4000000000000001,0.8261,9,12,0,0,0,0,0
Scholl_MITCHELL_c08,Scholl_MITCHELL,Scholl,21,23.0,c08,8,high,mid,low,high,8042,published_results/full_campaign_median_T_252_2026-06-04/solutions/Scholl_MITCHELL_c08/epsilon_trace.csv,7,epsilon,6,142,True,,False,True,0,139.0,39.449999999999996,8,2,7,True,True,39.45,39.45,0.0,2545,380563,10.861809015274048,38.0,1.4500000000000002,0.8199,4,12,0,0,5,0,0
Scholl_MITCHELL_c08,Scholl_MITCHELL,Scholl,21,23.0,c08,8,high,mid,low,high,8042,published_results/full_campaign_median_T_252_2026-06-04/solutions/Scholl_MITCHELL_c08/epsilon_trace.csv,8,epsilon,7,138,True,,False,True,0,135.0,40.89999999999999,7,2,7,True,True,40.9,40.9,0.0,3059,388479,10.569902181625366,40.0,0.9,0.8882,0,13,0,0,8,0,0
Scholl_MITCHELL_c08,Scholl_MITCHELL,Scholl,21,23.0,c08,8,high,mid,low,high,8042,published_results/full_campaign_median_T_252_2026-06-04/solutions/Scholl_MITCHELL_c08/epsilon_trace.csv,9,epsilon,8,134,True,,False,True,0,130.0,56.3,11,1,10,True,True,56.3,56.3,0.0,1565,249988,8.285177946090698,54.0,2.3000000000000003,0.8,4,17,0,0,0,0,0
Scholl_MITCHELL_c08,Scholl_MITCHELL,Scholl,21,23.0,c08,8,high,mid,low,high,8042,published_results/full_campaign_median_T_252_2026-06-04/solutions/Scholl_MITCHELL_c08/epsilon_trace.csv,10,epsilon,9,129,True,,False,True,0,126.0,56.99999999999999,10,1,10,True,True,57.0,57.0,0.0,651,162150,7.5575621128082275,55.0,2.0,0.8261,0,17,0,0,4,0,0
Scholl_MITCHELL_c08,Scholl_MITCHELL,Scholl,21,23.0,c08,8,high,mid,low,high,8042,published_results/full_campaign_median_T_252_2026-06-04/solutions/Scholl_MITCHELL_c08/epsilon_trace.csv,11,epsilon,10,125,False,infeasible,,,0,,,,,,,,,,,,,,,,,,,,,,,
Scholl_MITCHELL_c09,Scholl_MITCHELL,Scholl,21,23.0,c09,9,high,high,mid,low,9042,published_results/full_campaign_median_T_252_2026-06-04/solutions/Scholl_MITCHELL_c09/epsilon_trace.csv,1,E0_HI_only,0,,True,,False,True,0,200.0,0.0,5,5,0,True,True,200.0,200.0,0.0,0,642,0.042244911193847656,0.0,0.0,,21,0,0,0,0,0,0
Scholl_MITCHELL_c09,Scholl_MITCHELL,Scholl,21,23.0,c09,9,high,high,mid,low,9042,published_results/full_campaign_median_T_252_2026-06-04/solutions/Scholl_MITCHELL_c09/epsilon_trace.csv,2,epsilon,1,199,True,,False,True,0,178.0,10.600000000000001,6,4,2,True,True,10.6,10.6,0.0,17919,1668208,74.82028412818909,10.0,0.6000000000000001,0.7391,19,2,0,0,0,0,0
Scholl_MITCHELL_c09,Scholl_MITCHELL,Scholl,21,23.0,c09,9,high,high,mid,low,9042,published_results/full_campaign_median_T_252_2026-06-04/solutions/Scholl_MITCHELL_c09/epsilon_trace.csv,3,epsilon,2,177,True,,False,True,0,165.0,25.8,8,3,5,True,True,25.8,25.8,0.0,64753,5008627,272.78922510147095,24.0,1.8,0.687,15,6,0,0,0,0,0
Scholl_MITCHELL_c09,Scholl_MITCHELL,Scholl,21,23.0,c09,9,high,high,mid,low,9042,published_results/full_campaign_median_T_252_2026-06-04/solutions/Scholl_MITCHELL_c09/epsilon_trace.csv,4,epsilon,3,164,True,,False,True,0,161.0,26.95,7,3,5,True,True,26.95,26.95,0.0,12097,2059668,86.66019368171692,26.0,0.9500000000000001,0.8348,10,6,0,0,0,3,2
Scholl_MITCHELL_c09,Scholl_MITCHELL,Scholl,21,23.0,c09,9,high,high,mid,low,9042,published_results/full_campaign_median_T_252_2026-06-04/solutions/Scholl_MITCHELL_c09/epsilon_trace.csv,5,epsilon,4,160,True,,False,True,0,156.0,27.35,7,3,4,True,True,27.35,27.35,0.0,12228,2214789,109.70119786262512,27.0,0.35000000000000003,0.9239,12,9,0,0,0,0,0
Scholl_MITCHELL_c09,Scholl_MITCHELL,Scholl,21,23.0,c09,9,high,high,mid,low,9042,published_results/full_campaign_median_T_252_2026-06-04/solutions/Scholl_MITCHELL_c09/epsilon_trace.csv,6,epsilon,5,155,True,,False,True,0,152.0,41.8,10,2,8,True,True,41.8,41.8,0.0,15775,2593419,108.96426296234131,39.0,2.8000000000000003,0.6957,10,11,0,0,0,0,0
Scholl_MITCHELL_c09,Scholl_MITCHELL,Scholl,21,23.0,c09,9,high,high,mid,low,9042,published_results/full_campaign_median_T_252_2026-06-04/solutions/Scholl_MITCHELL_c09/epsilon_trace.csv,7,epsilon,6,151,True,,False,True,0,148.0,42.15,9,2,8,True,True,42.15,42.15,0.0,3314,415794,20.990370988845825,40.0,2.15,0.7663,6,10,0,0,0,3,2
Scholl_MITCHELL_c09,Scholl_MITCHELL,Scholl,21,23.0,c09,9,high,high,mid,low,9042,published_results/full_campaign_median_T_252_2026-06-04/solutions/Scholl_MITCHELL_c09/epsilon_trace.csv,8,epsilon,7,147,True,,False,True,0,143.0,42.55,9,2,7,True,True,42.55,42.55,0.0,1751,440795,19.581741094589233,41.0,1.55,0.8075,8,13,0,0,0,0,0
Scholl_MITCHELL_c09,Scholl_MITCHELL,Scholl,21,23.0,c09,9,high,high,mid,low,9042,published_results/full_campaign_median_T_252_2026-06-04/solutions/Scholl_MITCHELL_c09/epsilon_trace.csv,9,epsilon,8,142,True,,False,True,0,139.0,60.6,12,1,11,True,True,60.6,60.6,0.0,2007,351251,12.225581884384155,57.0,3.6,0.7154,5,16,0,0,0,0,0
Scholl_MITCHELL_c09,Scholl_MITCHELL,Scholl,21,23.0,c09,9,high,high,mid,low,9042,published_results/full_campaign_median_T_252_2026-06-04/solutions/Scholl_MITCHELL_c09/epsilon_trace.csv,10,epsilon,9,138,True,,False,True,0,135.0,60.95,11,1,11,True,True,60.95,60.95,0.0,1171,309137,14.823517799377441,58.0,2.95,0.7668,0,16,0,0,0,3,2
Scholl_MITCHELL_c09,Scholl_MITCHELL,Scholl,21,23.0,c09,9,high,high,mid,low,9042,published_results/full_campaign_median_T_252_2026-06-04/solutions/Scholl_MITCHELL_c09/epsilon_trace.csv,11,epsilon,10,134,False,infeasible,,,0,,,,,,,,,,,,,,,,,,,,,,,
Scholl_MUKHERJE_c01,Scholl_MUKHERJE,Scholl,94,234.0,c01,1,low,low,low,low,1042,published_results/full_campaign_median_T_252_2026-06-04/solutions/Scholl_MUKHERJE_c01/epsilon_trace.csv,1,E0_HI_only,0,,True,,False,True,0,760.0,0.0,19,19,0,True,True,760.0,760.0,0.0,6269,483890,9.68324089050293,0.0,0.0,,94,0,0,0,0,0,0
Scholl_MUKHERJE_c01,Scholl_MUKHERJE,Scholl,94,234.0,c01,1,low,low,low,low,1042,published_results/full_campaign_median_T_252_2026-06-04/solutions/Scholl_MUKHERJE_c01/epsilon_trace.csv,2,epsilon,1,759,False,infeasible,,,0,,,,,,,,,,,,,,,,,,,,,,,
Scholl_MUKHERJE_c02,Scholl_MUKHERJE,Scholl,94,234.0,c02,2,low,mid,mid,mid,2042,published_results/full_campaign_median_T_252_2026-06-04/solutions/Scholl_MUKHERJE_c02/epsilon_trace.csv,1,E0_HI_only,0,,True,,False,True,0,760.0,0.0,19,19,0,True,True,760.0,760.0,0.0,6269,483890,9.972058057785034,0.0,0.0,,94,0,0,0,0,0,0
Scholl_MUKHERJE_c02,Scholl_MUKHERJE,Scholl,94,234.0,c02,2,low,mid,mid,mid,2042,published_results/full_campaign_median_T_252_2026-06-04/solutions/Scholl_MUKHERJE_c02/epsilon_trace.csv,2,epsilon,1,759,False,infeasible,,,0,,,,,,,,,,,,,,,,,,,,,,,
Scholl_MUKHERJE_c03,Scholl_MUKHERJE,Scholl,94,234.0,c03,3,low,high,high,high,3042,published_results/full_campaign_median_T_252_2026-06-04/solutions/Scholl_MUKHERJE_c03/epsilon_trace.csv,1,E0_HI_only,0,,True,,False,True,0,760.0,0.0,19,19,0,True,True,760.0,760.0,0.0,6269,483890,9.660213947296143,0.0,0.0,,94,0,0,0,0,0,0
Scholl_MUKHERJE_c03,Scholl_MUKHERJE,Scholl,94,234.0,c03,3,low,high,high,high,3042,published_results/full_campaign_median_T_252_2026-06-04/solutions/Scholl_MUKHERJE_c03/epsilon_trace.csv,2,epsilon,1,759,False,infeasible,,,0,,,,,,,,,,,,,,,,,,,,,,,
Scholl_MUKHERJE_c04,Scholl_MUKHERJE,Scholl,94,234.0,c04,4,mid,low,mid,high,4042,published_results/full_campaign_median_T_252_2026-06-04/solutions/Scholl_MUKHERJE_c04/epsilon_trace.csv,1,E0_HI_only,0,,True,,False,True,0,760.0,0.0,19,19,0,True,True,760.0,760.0,0.0,6269,483890,9.94495415687561,0.0,0.0,,94,0,0,0,0,0,0
Scholl_MUKHERJE_c04,Scholl_MUKHERJE,Scholl,94,234.0,c04,4,mid,low,mid,high,4042,published_results/full_campaign_median_T_252_2026-06-04/solutions/Scholl_MUKHERJE_c04/epsilon_trace.csv,2,epsilon,1,759,False,infeasible,,,0,,,,,,,,,,,,,,,,,,,,,,,
Scholl_MUKHERJE_c05,Scholl_MUKHERJE,Scholl,94,234.0,c05,5,mid,mid,high,low,5042,published_results/full_campaign_median_T_252_2026-06-04/solutions/Scholl_MUKHERJE_c05/epsilon_trace.csv,1,E0_HI_only,0,,True,,False,True,0,760.0,0.0,19,19,0,True,True,760.0,760.0,0.0,6269,483890,9.743788242340088,0.0,0.0,,94,0,0,0,0,0,0
Scholl_MUKHERJE_c05,Scholl_MUKHERJE,Scholl,94,234.0,c05,5,mid,mid,high,low,5042,published_results/full_campaign_median_T_252_2026-06-04/solutions/Scholl_MUKHERJE_c05/epsilon_trace.csv,2,epsilon,1,759,False,infeasible,,,0,,,,,,,,,,,,,,,,,,,,,,,
Scholl_MUKHERJE_c06,Scholl_MUKHERJE,Scholl,94,234.0,c06,6,mid,high,low,mid,6042,published_results/full_campaign_median_T_252_2026-06-04/solutions/Scholl_MUKHERJE_c06/epsilon_trace.csv,1,E0_HI_only,0,,True,,False,True,0,760.0,0.0,19,19,0,True,True,760.0,760.0,0.0,6269,483890,10.321827173233032,0.0,0.0,,94,0,0,0,0,0,0
Scholl_MUKHERJE_c06,Scholl_MUKHERJE,Scholl,94,234.0,c06,6,mid,high,low,mid,6042,published_results/full_campaign_median_T_252_2026-06-04/solutions/Scholl_MUKHERJE_c06/epsilon_trace.csv,2,epsilon,1,759,False,infeasible,,,0,,,,,,,,,,,,,,,,,,,,,,,
Scholl_MUKHERJE_c07,Scholl_MUKHERJE,Scholl,94,234.0,c07,7,high,low,high,mid,7042,published_results/full_campaign_median_T_252_2026-06-04/solutions/Scholl_MUKHERJE_c07/epsilon_trace.csv,1,E0_HI_only,0,,True,,False,True,0,760.0,0.0,19,19,0,True,True,760.0,760.0,0.0,6269,483890,10.060181856155396,0.0,0.0,,94,0,0,0,0,0,0
Scholl_MUKHERJE_c07,Scholl_MUKHERJE,Scholl,94,234.0,c07,7,high,low,high,mid,7042,published_results/full_campaign_median_T_252_2026-06-04/solutions/Scholl_MUKHERJE_c07/epsilon_trace.csv,2,epsilon,1,759,False,infeasible,,,0,,,,,,,,,,,,,,,,,,,,,,,
Scholl_MUKHERJE_c08,Scholl_MUKHERJE,Scholl,94,234.0,c08,8,high,mid,low,high,8042,published_results/full_campaign_median_T_252_2026-06-04/solutions/Scholl_MUKHERJE_c08/epsilon_trace.csv,1,E0_HI_only,0,,True,,False,True,0,760.0,0.0,19,19,0,True,True,760.0,760.0,0.0,6269,483890,10.02208399772644,0.0,0.0,,94,0,0,0,0,0,0
Scholl_MUKHERJE_c08,Scholl_MUKHERJE,Scholl,94,234.0,c08,8,high,mid,low,high,8042,published_results/full_campaign_median_T_252_2026-06-04/solutions/Scholl_MUKHERJE_c08/epsilon_trace.csv,2,epsilon,1,759,False,infeasible,,,0,,,,,,,,,,,,,,,,,,,,,,,
Scholl_MUKHERJE_c09,Scholl_MUKHERJE,Scholl,94,234.0,c09,9,high,high,mid,low,9042,published_results/full_campaign_median_T_252_2026-06-04/solutions/Scholl_MUKHERJE_c09/epsilon_trace.csv,1,E0_HI_only,0,,True,,False,True,0,760.0,0.0,19,19,0,True,True,760.0,760.0,0.0,6269,483890,9.56944489479065,0.0,0.0,,94,0,0,0,0,0,0
Scholl_MUKHERJE_c09,Scholl_MUKHERJE,Scholl,94,234.0,c09,9,high,high,mid,low,9042,published_results/full_campaign_median_T_252_2026-06-04/solutions/Scholl_MUKHERJE_c09/epsilon_trace.csv,2,epsilon,1,759,False,infeasible,,,0,,,,,,,,,,,,,,,,,,,,,,,
Scholl_SAWYER30_c01,Scholl_SAWYER30,Scholl,30,36.0,c01,1,low,low,low,low,1042,published_results/full_campaign_median_T_252_2026-06-04/solutions/Scholl_SAWYER30_c01/epsilon_trace.csv,1,E0_HI_only,0,,True,,False,True,0,400.0,0.0,10,10,0,True,True,400.0,400.0,0.0,0,1342,0.18793582916259766,0.0,0.0,,30,0,0,0,0,0,0
Scholl_SAWYER30_c01,Scholl_SAWYER30,Scholl,30,36.0,c01,1,low,low,low,low,1042,published_results/full_campaign_median_T_252_2026-06-04/solutions/Scholl_SAWYER30_c01/epsilon_trace.csv,2,epsilon,1,399,True,,False,True,0,365.0,3.95,9,9,1,True,False,0.0,3.95,100.0,4391,1371983,300.8641848564148,3.0,0.9500000000000001,0.4722,27,0,0,0,0,2,1
Scholl_SAWYER30_c01,Scholl_SAWYER30,Scholl,30,36.0,c01,1,low,low,low,low,1042,published_results/full_campaign_median_T_252_2026-06-04/solutions/Scholl_SAWYER30_c01/epsilon_trace.csv,3,epsilon,2,364,True,,False,True,0,334.0,10.6,9,8,2,True,False,0.0,10.6,100.0,7461,2496527,300.86121916770935,9.0,1.6,0.5556,23,1,0,0,6,0,0
Scholl_SAWYER30_c01,Scholl_SAWYER30,Scholl,30,36.0,c01,1,low,low,low,low,1042,published_results/full_campaign_median_T_252_2026-06-04/solutions/Scholl_SAWYER30_c01/epsilon_trace.csv,4,epsilon,3,333,True,,False,True,1,325.0,7.1,8,8,1,True,False,2.4270358618e-16,7.1,100.0,8537,2781135,300.85317397117615,7.0,0.1,0.9444,24,0,0,0,6,0,0
Scholl_SAWYER30_c01,Scholl_SAWYER30,Scholl,30,36.0,c01,1,low,low,low,low,1042,published_results/full_campaign_median_T_252_2026-06-04/solutions/Scholl_SAWYER30_c01/epsilon_trace.csv,5,epsilon,4,324,True,,False,True,0,303.0,20.849999999999998,9,7,3,True,False,0.0,20.85,100.0,5406,1628702,300.85883498191833,19.0,1.85,0.6574,21,2,0,0,7,0,0
Scholl_SAWYER30_c01,Scholl_SAWYER30,Scholl,30,36.0,c01,1,low,low,low,low,1042,published_results/full_campaign_median_T_252_2026-06-04/solutions/Scholl_SAWYER30_c01/epsilon_trace.csv,6,epsilon,5,302,True,,False,True,1,290.0,12.8,7,7,2,True,False,0.0,12.8,100.0,4577,1495793,300.9698691368103,12.0,0.8,0.7778,19,0,0,0,7,2,2
Scholl_SAWYER30_c01,Scholl_SAWYER30,Scholl,30,36.0,c01,1,low,low,low,low,1042,published_results/full_campaign_median_T_252_2026-06-04/solutions/Scholl_SAWYER30_c01/epsilon_trace.csv,7,epsilon,6,289,True,,False,True,0,282.0,28.399999999999995,9,6,6,True,False,0.0,28.4,100.0,4200,1708240,300.849858045578,22.0,6.4,0.4074,12,3,2,1,12,0,0
Scholl_SAWYER30_c01,Scholl_SAWYER30,Scholl,30,36.0,c01,1,low,low,low,low,1042,published_results/full_campaign_median_T_252_2026-06-04/solutions/Scholl_SAWYER30_c01/epsilon_trace.csv,8,epsilon,7,281,True,,False,True,1,259.0,19.7,7,6,3,True,False,0.0,19.7,100.0,5739,1276960,301.01228189468384,18.0,1.7000000000000002,0.6852,16,1,0,0,13,0,0
Scholl_SAWYER30_c01,Scholl_SAWYER30,Scholl,30,36.0,c01,1,low,low,low,low,1042,published_results/full_campaign_median_T_252_2026-06-04/solutions/Scholl_SAWYER30_c01/epsilon_trace.csv,9,epsilon,8,258,True,,False,True,0,246.0,35.25,9,5,6,True,False,0.0,35.25,100.0,4445,1678608,300.87733578681946,31.0,4.25,0.6065,12,5,0,0,8,3,2
Scholl_SAWYER30_c01,Scholl_SAWYER30,Scholl,30,36.0,c01,1,low,low,low,low,1042,published_results/full_campaign_median_T_252_2026-06-04/solutions/Scholl_SAWYER30_c01/epsilon_trace.csv,10,epsilon,9,245,True,,False,True,0,241.0,36.6,9,5,5,True,False,0.0087452471483,36.6,99.9761,5895,1975083,300.87070631980896,34.0,2.6,0.7111,16,8,0,0,6,0,0
Scholl_SAWYER30_c01,Scholl_SAWYER30,Scholl,30,36.0,c01,1,low,low,low,low,1042,published_results/full_campaign_median_T_252_2026-06-04/solutions/Scholl_SAWYER30_c01/epsilon_trace.csv,11,epsilon,10,240,True,,False,True,2,228.0,28.599999999999998,7,5,4,True,False,0.22222222222,28.6,99.223,3384,1337967,300.85118103027344,27.0,1.6,0.7778,13,3,0,0,14,0,0
Scholl_SAWYER30_c01,Scholl_SAWYER30,Scholl,30,36.0,c01,1,low,low,low,low,1042,published_results/full_campaign_median_T_252_2026-06-04/solutions/Scholl_SAWYER30_c01/epsilon_trace.csv,12,epsilon,11,227,True,,False,True,0,219.0,50.099999999999994,10,4,7,True,False,0.46451612903,50.1,99.0728,3322,1154895,300.85500597953796,46.0,4.1000000000000005,0.6746,12,10,0,0,8,0,0
Scholl_SAWYER30_c01,Scholl_SAWYER30,Scholl,30,36.0,c01,1,low,low,low,low,1042,published_results/full_campaign_median_T_252_2026-06-04/solutions/Scholl_SAWYER30_c01/epsilon_trace.csv,13,epsilon,12,218,True,,False,True,1,201.0,43.05,8,4,5,True,False,2.2313623029,43.05,94.8168,3429,1156315,300.84852623939514,42.0,1.05,0.8833,13,10,0,0,7,0,0
Scholl_SAWYER30_c01,Scholl_SAWYER30,Scholl,30,36.0,c01,1,low,low,low,low,1042,published_results/full_campaign_median_T_252_2026-06-04/solutions/Scholl_SAWYER30_c01/epsilon_trace.csv,14,epsilon,13,200,True,,False,True,0,197.0,43.14999999999999,7,4,5,True,False,0.43942992874,43.15,98.9816,3580,1392446,300.8409628868103,42.0,1.1500000000000001,0.8722,9,7,0,0,14,0,0
Scholl_SAWYER30_c01,Scholl_SAWYER30,Scholl,30,36.0,c01,1,low,low,low,low,1042,published_results/full_campaign_median_T_252_2026-06-04/solutions/Scholl_SAWYER30_c01/epsilon_trace.csv,15,epsilon,14,196,True,,False,True,0,188.0,65.25,10,3,8,True,False,0.11111111111,65.25,99.8297,3366,1549157,300.87311363220215,62.0,3.25,0.7743,9,16,0,0,0,2,3
Scholl_SAWYER30_c01,Scholl_SAWYER30,Scholl,30,36.0,c01,1,low,low,low,low,1042,published_results/full_campaign_median_T_252_2026-06-04/solutions/Scholl_SAWYER30_c01/epsilon_trace.csv,16,epsilon,15,187,True,,False,True,1,166.0,56.199999999999996,7,3,6,True,False,3.1102373897,56.2,94.4658,3466,1699411,300.86273217201233,55.0,1.2000000000000002,0.8889,6,10,0,0,14,0,0
Scholl_SAWYER30_c01,Scholl_SAWYER30,Scholl,30,36.0,c01,1,low,low,low,low,1042,published_results/full_campaign_median_T_252_2026-06-04/solutions/Scholl_SAWYER30_c01/epsilon_trace.csv,17,epsilon,16,165,True,,False,True,0,161.0,77.45,11,2,9,True,False,3.6533333333,77.45,95.283,3547,1746480,300.8623399734497,74.0,3.45,0.787,10,20,0,0,0,0,0
Scholl_SAWYER30_c01,Scholl_SAWYER30,Scholl,30,36.0,c01,1,low,low,low,low,1042,published_results/full_campaign_median_T_252_2026-06-04/solutions/Scholl_SAWYER30_c01/epsilon_trace.csv,18,epsilon,17,160,True,,False,True,1,144.0,69.89999999999998,8,2,8,True,False,3.2715818877,69.9,95.3196,3394,1383914,300.8521959781647,68.0,1.9000000000000001,0.8681,0,17,0,0,8,3,2
Scholl_SAWYER30_c01,Scholl_SAWYER30,Scholl,30,36.0,c01,1,low,low,low,low,1042,published_results/full_campaign_median_T_252_2026-06-04/solutions/Scholl_SAWYER30_c01/epsilon_trace.csv,19,epsilon,18,143,True,,False,True,1,135.0,68.95,7,2,7,True,False,8.8931432393,68.95,87.102,4064,1966168,300.8494281768799,68.0,0.9500000000000001,0.9246,0,14,0,0,16,0,0
Scholl_SAWYER30_c01,Scholl_SAWYER30,Scholl,30,36.0,c01,1,low,low,low,low,1042,published_results/full_campaign_median_T_252_2026-06-04/solutions/Scholl_SAWYER30_c01/epsilon_trace.csv,20,epsilon,19,134,True,,False,True,0,117.0,84.2,9,1,9,True,False,18.046009799,84.2,78.5677,4152,1799117,300.8487651348114,82.0,2.2,0.8642,0,22,0,0,8,0,0
Scholl_SAWYER30_c01,Scholl_SAWYER30,Scholl,30,36.0,c01,1,low,low,low,low,1042,published_results/full_campaign_median_T_252_2026-06-04/solutions/Scholl_SAWYER30_c01/epsilon_trace.csv,21,epsilon,20,116,True,,False,True,1,108.0,78.75,8,1,8,True,False,50.363764885,78.75,36.046,12196,3586345,300.8126027584076,78.0,0.75,0.9479,0,23,0,0,7,0,0
Scholl_SAWYER30_c01,Scholl_SAWYER30,Scholl,30,36.0,c01,1,low,low,low,low,1042,published_results/full_campaign_median_T_252_2026-06-04/solutions/Scholl_SAWYER30_c01/epsilon_trace.csv,22,epsilon,21,107,True,,False,True,0,90.0,100.44999999999999,10,0,10,True,False,99.1,100.45,1.344,14775,4461509,300.8434512615204,99.0,1.4500000000000002,0.9194,0,30,0,0,0,0,0
Scholl_SAWYER30_c01,Scholl_SAWYER30,Scholl,30,36.0,c01,1,low,low,low,low,1042,published_results/full_campaign_median_T_252_2026-06-04/solutions/Scholl_SAWYER30_c01/epsilon_trace.csv,23,epsilon,22,89,False,infeasible,,,0,,,,,,,,,,,,,,,,,,,,,,,
Scholl_SAWYER30_c02,Scholl_SAWYER30,Scholl,30,36.0,c02,2,low,mid,mid,mid,2042,published_results/full_campaign_median_T_252_2026-06-04/solutions/Scholl_SAWYER30_c02/epsilon_trace.csv,1,E0_HI_only,0,,True,,False,True,0,400.0,0.0,10,10,0,True,True,400.0,400.0,0.0,0,1342,0.22794294357299805,0.0,0.0,,30,0,0,0,0,0,0
Scholl_SAWYER30_c02,Scholl_SAWYER30,Scholl,30,36.0,c02,2,low,mid,mid,mid,2042,published_results/full_campaign_median_T_252_2026-06-04/solutions/Scholl_SAWYER30_c02/epsilon_trace.csv,2,epsilon,1,399,True,,False,True,0,365.0,3.8,9,9,1,True,False,0.0,3.8,100.0,11666,1879427,300.90554904937744,3.0,0.8,0.5556,27,0,0,0,0,2,1
Scholl_SAWYER30_c02,Scholl_SAWYER30,Scholl,30,36.0,c02,2,low,mid,mid,mid,2042,published_results/full_campaign_median_T_252_2026-06-04/solutions/Scholl_SAWYER30_c02/epsilon_trace.csv,3,epsilon,2,364,True,,False,True,0,338.0,11.65,10,8,2,True,False,0.0,11.65,100.0,12114,2418273,300.9054317474365,10.0,1.6500000000000001,0.5417,26,4,0,0,0,0,0
Scholl_SAWYER30_c02,Scholl_SAWYER30,Scholl,30,36.0,c02,2,low,mid,mid,mid,2042,published_results/full_campaign_median_T_252_2026-06-04/solutions/Scholl_SAWYER30_c02/epsilon_trace.csv,4,epsilon,3,337,True,,False,True,0,334.0,12.7,9,8,2,True,False,1.926157662,12.7,84.8334,10394,2566905,300.8647270202637,12.0,0.7000000000000001,0.8056,24,2,0,0,0,2,2
Scholl_SAWYER30_c02,Scholl_SAWYER30,Scholl,30,36.0,c02,2,low,mid,mid,mid,2042,published_results/full_campaign_median_T_252_2026-06-04/solutions/Scholl_SAWYER30_c02/epsilon_trace.csv,5,epsilon,4,333,True,,False,True,0,307.0,22.500000000000004,10,7,3,True,False,0.0,22.5,100.0,8718,2389145,300.87437319755554,21.0,1.5,0.7222,24,6,0,0,0,0,0
Scholl_SAWYER30_c02,Scholl_SAWYER30,Scholl,30,36.0,c02,2,low,mid,mid,mid,2042,published_results/full_campaign_median_T_252_2026-06-04/solutions/Scholl_SAWYER30_c02/epsilon_trace.csv,6,epsilon,5,306,True,,False,True,1,303.0,21.85,9,7,3,True,False,1.9876753692,21.85,90.9031,10258,1890508,301.5919818878174,21.0,0.8500000000000001,0.8426,20,6,0,0,0,2,2
Scholl_SAWYER30_c02,Scholl_SAWYER30,Scholl,30,36.0,c02,2,low,mid,mid,mid,2042,published_results/full_campaign_median_T_252_2026-06-04/solutions/Scholl_SAWYER30_c02/epsilon_trace.csv,7,epsilon,6,302,True,,False,True,0,285.0,35.45,11,6,5,True,False,0.0,35.45,100.0,5008,1629073,300.8667891025543,32.0,3.45,0.6167,21,9,0,0,0,0,0
Scholl_SAWYER30_c02,Scholl_SAWYER30,Scholl,30,36.0,c02,2,low,mid,mid,mid,2042,published_results/full_campaign_median_T_252_2026-06-04/solutions/Scholl_SAWYER30_c02/epsilon_trace.csv,8,epsilon,7,284,True,,False,True,1,272.0,33.6,9,6,4,True,False,0.0,33.6,100.0,4161,2108468,300.85243701934814,33.0,0.6000000000000001,0.9167,17,9,0,0,0,2,2
Scholl_SAWYER30_c02,Scholl_SAWYER30,Scholl,30,36.0,c02,2,low,mid,mid,mid,2042,published_results/full_campaign_median_T_252_2026-06-04/solutions/Scholl_SAWYER30_c02/epsilon_trace.csv,9,epsilon,8,271,True,,False,True,0,250.0,46.54999999999999,10,5,6,True,False,0.21429118774,46.55,99.5397,5286,2248868,300.85547614097595,44.0,2.5500000000000003,0.7639,15,10,0,0,0,2,3
Scholl_SAWYER30_c02,Scholl_SAWYER30,Scholl,30,36.0,c02,2,low,mid,mid,mid,2042,published_results/full_campaign_median_T_252_2026-06-04/solutions/Scholl_SAWYER30_c02/epsilon_trace.csv,10,epsilon,9,249,True,,False,True,1,241.0,46.55,9,5,5,True,False,0.13222222222,46.55,99.716,4678,1526167,300.8704869747162,46.0,0.55,0.9389,15,11,0,0,0,2,2
Scholl_SAWYER30_c02,Scholl_SAWYER30,Scholl,30,36.0,c02,2,low,mid,mid,mid,2042,published_results/full_campaign_median_T_252_2026-06-04/solutions/Scholl_SAWYER30_c02/epsilon_trace.csv,11,epsilon,10,240,True,,False,True,1,237.0,42.5,8,5,5,True,False,0.53687258687,42.5,98.7368,3671,1533584,300.8578908443451,42.0,0.5,0.9444,12,9,0,0,4,3,2
Scholl_SAWYER30_c02,Scholl_SAWYER30,Scholl,30,36.0,c02,2,low,mid,mid,mid,2042,published_results/full_campaign_median_T_252_2026-06-04/solutions/Scholl_SAWYER30_c02/epsilon_trace.csv,12,epsilon,11,236,True,,False,True,0,219.0,58.25,10,4,7,True,False,0.71239193084,58.25,98.777,3582,1586039,300.8590888977051,56.0,2.25,0.8214,12,14,0,0,0,3,1
Scholl_SAWYER30_c02,Scholl_SAWYER30,Scholl,30,36.0,c02,2,low,mid,mid,mid,2042,published_results/full_campaign_median_T_252_2026-06-04/solutions/Scholl_SAWYER30_c02/epsilon_trace.csv,13,epsilon,12,218,True,,False,True,1,214.0,55.4,10,4,6,True,False,0.57780312012,55.4,98.957,3495,1524856,300.85409903526306,54.0,1.4000000000000001,0.8704,17,13,0,0,0,0,0
Scholl_SAWYER30_c02,Scholl_SAWYER30,Scholl,30,36.0,c02,2,low,mid,mid,mid,2042,published_results/full_campaign_median_T_252_2026-06-04/solutions/Scholl_SAWYER30_c02/epsilon_trace.csv,14,epsilon,13,213,True,,False,True,1,210.0,53.199999999999996,9,4,6,True,False,2.1049833887,53.2,96.0433,3780,1389357,300.8522469997406,52.0,1.2000000000000002,0.8889,11,13,0,0,0,3,3
Scholl_SAWYER30_c02,Scholl_SAWYER30,Scholl,30,36.0,c02,2,low,mid,mid,mid,2042,published_results/full_campaign_median_T_252_2026-06-04/solutions/Scholl_SAWYER30_c02/epsilon_trace.csv,15,epsilon,14,209,True,,False,True,0,179.0,68.6,9,3,7,True,False,2.55,68.6,96.2828,3499,1577981,300.86889910697937,68.0,0.6000000000000001,0.9524,6,19,0,0,0,2,3
Scholl_SAWYER30_c02,Scholl_SAWYER30,Scholl,30,36.0,c02,2,low,mid,mid,mid,2042,published_results/full_campaign_median_T_252_2026-06-04/solutions/Scholl_SAWYER30_c02/epsilon_trace.csv,16,epsilon,15,178,True,,False,True,0,166.0,82.29999999999998,11,2,10,True,False,2.55,82.3,96.9016,4310,1294736,300.8524260520935,78.0,4.3,0.7611,3,22,0,0,0,2,3
Scholl_SAWYER30_c02,Scholl_SAWYER30,Scholl,30,36.0,c02,2,low,mid,mid,mid,2042,published_results/full_campaign_median_T_252_2026-06-04/solutions/Scholl_SAWYER30_c02/epsilon_trace.csv,17,epsilon,16,165,True,,False,True,1,161.0,79.25000000000001,11,2,9,True,False,2.7455586757,79.25,96.5356,3556,1339591,300.85203790664673,76.0,3.25,0.7994,9,21,0,0,0,0,0
Scholl_SAWYER30_c02,Scholl_SAWYER30,Scholl,30,36.0,c02,2,low,mid,mid,mid,2042,published_results/full_campaign_median_T_252_2026-06-04/solutions/Scholl_SAWYER30_c02/epsilon_trace.csv,18,epsilon,17,160,True,,False,True,0,157.0,80.34999999999998,10,2,9,True,False,5.2807788169,80.35,93.4278,3511,1566695,300.84284806251526,78.0,2.35,0.8549,5,20,0,0,0,3,2
Scholl_SAWYER30_c02,Scholl_SAWYER30,Scholl,30,36.0,c02,2,low,mid,mid,mid,2042,published_results/full_campaign_median_T_252_2026-06-04/solutions/Scholl_SAWYER30_c02/epsilon_trace.csv,19,epsilon,18,156,True,,False,True,2,153.0,76.05,9,2,9,True,False,4.9666083625,76.05,93.4693,3529,1441526,300.87368392944336,74.0,2.0500000000000003,0.8735,0,17,0,0,0,8,5
Scholl_SAWYER30_c02,Scholl_SAWYER30,Scholl,30,36.0,c02,2,low,mid,mid,mid,2042,published_results/full_campaign_median_T_252_2026-06-04/solutions/Scholl_SAWYER30_c02/epsilon_trace.csv,20,epsilon,19,152,True,,False,True,0,148.0,77.7,9,2,8,True,False,8.8686808433,77.7,88.586,3262,1954070,300.8218379020691,77.0,0.7000000000000001,0.9514,4,20,0,0,0,2,4
Scholl_SAWYER30_c02,Scholl_SAWYER30,Scholl,30,36.0,c02,2,low,mid,mid,mid,2042,published_results/full_campaign_median_T_252_2026-06-04/solutions/Scholl_SAWYER30_c02/epsilon_trace.csv,21,epsilon,20,147,True,,False,True,0,130.0,91.20000000000002,11,1,10,True,False,7.3603865306,91.2,91.9294,3414,1621458,300.84923791885376,88.0,3.2,0.8222,5,25,0,0,0,0,0
Scholl_SAWYER30_c02,Scholl_SAWYER30,Scholl,30,36.0,c02,2,low,mid,mid,mid,2042,published_results/full_campaign_median_T_252_2026-06-04/solutions/Scholl_SAWYER30_c02/epsilon_trace.csv,22,epsilon,21,129,True,,False,True,1,117.0,88.79999999999998,9,1,9,True,False,20.405887931,88.8,77.0204,3847,1798271,300.8442029953003,88.0,0.8,0.9506,0,24,0,0,0,4,2
Scholl_SAWYER30_c02,Scholl_SAWYER30,Scholl,30,36.0,c02,2,low,mid,mid,mid,2042,published_results/full_campaign_median_T_252_2026-06-04/solutions/Scholl_SAWYER30_c02/epsilon_trace.csv,23,epsilon,22,116,True,,False,True,0,90.0,102.34999999999998,10,0,10,True,False,69.899944009,102.35,31.705,25204,4324756,300.8575110435486,101.0,1.35,0.925,0,30,0,0,0,0,0
Scholl_SAWYER30_c02,Scholl_SAWYER30,Scholl,30,36.0,c02,2,low,mid,mid,mid,2042,published_results/full_campaign_median_T_252_2026-06-04/solutions/Scholl_SAWYER30_c02/epsilon_trace.csv,24,epsilon,23,89,False,infeasible,,,0,,,,,,,,,,,,,,,,,,,,,,,
Scholl_SAWYER30_c03,Scholl_SAWYER30,Scholl,30,36.0,c03,3,low,high,high,high,3042,published_results/full_campaign_median_T_252_2026-06-04/solutions/Scholl_SAWYER30_c03/epsilon_trace.csv,1,E0_HI_only,0,,True,,False,True,0,400.0,0.0,10,10,0,True,True,400.0,400.0,0.0,0,1342,0.18897104263305664,0.0,0.0,,30,0,0,0,0,0,0
Scholl_SAWYER30_c03,Scholl_SAWYER30,Scholl,30,36.0,c03,3,low,high,high,high,3042,published_results/full_campaign_median_T_252_2026-06-04/solutions/Scholl_SAWYER30_c03/epsilon_trace.csv,2,epsilon,1,399,True,,False,True,0,369.0,3.5,10,9,1,True,False,0.15746374248,3.5,95.501,35493,2701925,300.88123965263367,2.0,1.5,0.1667,29,1,0,0,0,0,0
Scholl_SAWYER30_c03,Scholl_SAWYER30,Scholl,30,36.0,c03,3,low,high,high,high,3042,published_results/full_campaign_median_T_252_2026-06-04/solutions/Scholl_SAWYER30_c03/epsilon_trace.csv,3,epsilon,2,368,True,,False,True,0,365.0,3.65,9,9,1,True,False,0.0,3.65,100.0,11211,1783979,300.9485948085785,3.0,0.65,0.6389,27,0,0,0,0,2,1
Scholl_SAWYER30_c03,Scholl_SAWYER30,Scholl,30,36.0,c03,3,low,high,high,high,3042,published_results/full_campaign_median_T_252_2026-06-04/solutions/Scholl_SAWYER30_c03/epsilon_trace.csv,4,epsilon,3,364,True,,False,True,0,338.0,12.4,10,8,2,True,False,0.0,12.4,100.0,8338,2274824,300.85580706596375,11.0,1.4000000000000001,0.6111,26,4,0,0,0,0,0
Scholl_SAWYER30_c03,Scholl_SAWYER30,Scholl,30,36.0,c03,3,low,high,high,high,3042,published_results/full_campaign_median_T_252_2026-06-04/solutions/Scholl_SAWYER30_c03/epsilon_trace.csv,5,epsilon,4,337,True,,False,True,0,334.0,13.299999999999999,9,8,2,True,False,1.8777777778,13.3,85.8814,12054,2426713,300.8611660003662,13.0,0.30000000000000004,0.9167,23,3,0,0,0,2,2
Scholl_SAWYER30_c03,Scholl_SAWYER30,Scholl,30,36.0,c03,3,low,high,high,high,3042,published_results/full_campaign_median_T_252_2026-06-04/solutions/Scholl_SAWYER30_c03/epsilon_trace.csv,6,epsilon,5,333,True,,False,True,0,307.0,23.35,10,7,3,True,False,0.0,23.35,100.0,5285,1831133,300.84501695632935,22.0,1.35,0.75,23,7,0,0,0,0,0
Scholl_SAWYER30_c03,Scholl_SAWYER30,Scholl,30,36.0,c03,3,low,high,high,high,3042,published_results/full_campaign_median_T_252_2026-06-04/solutions/Scholl_SAWYER30_c03/epsilon_trace.csv,7,epsilon,6,306,True,,False,True,1,303.0,21.65,9,7,3,True,False,2.5,21.65,88.4527,14805,2034237,301.40443897247314,21.0,0.65,0.8796,21,4,0,0,0,3,2
Scholl_SAWYER30_c03,Scholl_SAWYER30,Scholl,30,36.0,c03,3,low,high,high,high,3042,published_results/full_campaign_median_T_252_2026-06-04/solutions/Scholl_SAWYER30_c03/epsilon_trace.csv,8,epsilon,7,302,True,,False,True,0,285.0,32.699999999999996,11,6,5,True,False,0.0,32.7,100.0,5158,2102495,300.85267996788025,29.0,3.7,0.5889,21,9,0,0,0,0,0
Scholl_SAWYER30_c03,Scholl_SAWYER30,Scholl,30,36.0,c03,3,low,high,high,high,3042,published_results/full_campaign_median_T_252_2026-06-04/solutions/Scholl_SAWYER30_c03/epsilon_trace.csv,9,epsilon,8,284,True,,False,True,0,254.0,43.599999999999994,11,5,6,True,False,0.26,43.6,99.4037,4612,1332029,300.89810395240784,40.0,3.6,0.6667,19,11,0,0,0,0,0
Scholl_SAWYER30_c03,Scholl_SAWYER30,Scholl,30,36.0,c03,3,low,high,high,high,3042,published_results/full_campaign_median_T_252_2026-06-04/solutions/Scholl_SAWYER30_c03/epsilon_trace.csv,10,epsilon,9,253,True,,False,True,0,245.0,44.65,10,5,5,True,False,0.74581589958,44.65,98.3296,5964,1427786,300.9515812397003,43.0,1.6500000000000001,0.8167,18,12,0,0,0,0,0
Scholl_SAWYER30_c03,Scholl_SAWYER30,Scholl,30,36.0,c03,3,low,high,high,high,3042,published_results/full_campaign_median_T_252_2026-06-04/solutions/Scholl_SAWYER30_c03/epsilon_trace.csv,11,epsilon,10,244,True,,False,True,1,241.0,43.9,9,5,5,True,False,0.010700111782,43.9,99.9756,3724,1264117,300.85310101509094,43.0,0.9,0.9,16,10,0,0,0,3,1
Scholl_SAWYER30_c03,Scholl_SAWYER30,Scholl,30,36.0,c03,3,low,high,high,high,3042,published_results/full_campaign_median_T_252_2026-06-04/solutions/Scholl_SAWYER30_c03/epsilon_trace.csv,12,epsilon,11,240,True,,False,True,0,232.0,57.05,12,4,8,True,False,0.59947136564,57.05,98.9492,3497,1539372,300.84493374824524,52.0,5.050000000000001,0.6493,15,15,0,0,0,0,0
Scholl_SAWYER30_c03,Scholl_SAWYER30,Scholl,30,36.0,c03,3,low,high,high,high,3042,published_results/full_campaign_median_T_252_2026-06-04/solutions/Scholl_SAWYER30_c03/epsilon_trace.csv,13,epsilon,12,231,True,,False,True,1,214.0,51.75,10,4,6,True,False,0.18150532496,51.75,99.6493,4682,1614200,300.86044096946716,50.0,1.75,0.838,15,15,0,0,0,0,0
Scholl_SAWYER30_c03,Scholl_SAWYER30,Scholl,30,36.0,c03,3,low,high,high,high,3042,published_results/full_campaign_median_T_252_2026-06-04/solutions/Scholl_SAWYER30_c03/epsilon_trace.csv,14,epsilon,13,213,True,,False,True,0,210.0,55.75,9,4,6,True,False,2.5,55.75,95.5157,4284,1383250,300.857638835907,55.0,0.75,0.9306,9,16,0,0,0,2,3
Scholl_SAWYER30_c03,Scholl_SAWYER30,Scholl,30,36.0,c03,3,low,high,high,high,3042,published_results/full_campaign_median_T_252_2026-06-04/solutions/Scholl_SAWYER30_c03/epsilon_trace.csv,15,epsilon,14,209,True,,False,True,0,192.0,63.59999999999999,11,3,8,True,False,0.55162356379,63.6,99.1327,3310,1368987,300.8553190231323,60.0,3.6,0.75,14,16,0,0,0,0,0
Scholl_SAWYER30_c03,Scholl_SAWYER30,Scholl,30,36.0,c03,3,low,high,high,high,3042,published_results/full_campaign_median_T_252_2026-06-04/solutions/Scholl_SAWYER30_c03/epsilon_trace.csv,16,epsilon,15,191,True,,False,True,0,183.0,63.84999999999999,10,3,7,True,False,2.6,63.85,95.928,3863,1316687,300.84687900543213,62.0,1.85,0.8532,11,19,0,0,0,0,0
Scholl_SAWYER30_c03,Scholl_SAWYER30,Scholl,30,36.0,c03,3,low,high,high,high,3042,published_results/full_campaign_median_T_252_2026-06-04/solutions/Scholl_SAWYER30_c03/epsilon_trace.csv,17,epsilon,16,182,True,,False,True,0,179.0,64.8,9,3,7,True,False,2.5,64.8,96.142,3428,1468199,300.9332218170166,64.0,0.8,0.9365,7,18,0,0,0,2,3
Scholl_SAWYER30_c03,Scholl_SAWYER30,Scholl,30,36.0,c03,3,low,high,high,high,3042,published_results/full_campaign_median_T_252_2026-06-04/solutions/Scholl_SAWYER30_c03/epsilon_trace.csv,18,epsilon,17,178,True,,False,True,0,152.0,74.89999999999998,10,2,8,True,False,5.3669919474,74.9,92.8345,3599,1239293,300.885338306427,73.0,1.9000000000000001,0.8681,7,23,0,0,0,0,0
Scholl_SAWYER30_c03,Scholl_SAWYER30,Scholl,30,36.0,c03,3,low,high,high,high,3042,published_results/full_campaign_median_T_252_2026-06-04/solutions/Scholl_SAWYER30_c03/epsilon_trace.csv,19,epsilon,18,151,True,,False,True,1,148.0,73.9,9,2,8,True,False,4.1432402235,73.9,94.3935,3540,1370629,300.85068917274475,73.0,0.9,0.9375,4,21,0,0,0,3,2
Scholl_SAWYER30_c03,Scholl_SAWYER30,Scholl,30,36.0,c03,3,low,high,high,high,3042,published_results/full_campaign_median_T_252_2026-06-04/solutions/Scholl_SAWYER30_c03/epsilon_trace.csv,20,epsilon,19,147,True,,False,True,0,121.0,85.95,10,1,9,True,False,5.7694479297,85.95,93.2874,4628,1763094,300.8438730239868,84.0,1.9500000000000002,0.8796,4,26,0,0,0,0,0
Scholl_SAWYER30_c03,Scholl_SAWYER30,Scholl,30,36.0,c03,3,low,high,high,high,3042,published_results/full_campaign_median_T_252_2026-06-04/solutions/Scholl_SAWYER30_c03/epsilon_trace.csv,21,epsilon,20,120,True,,False,True,1,117.0,84.79999999999997,9,1,9,True,False,39.721892147,84.8,53.1581,13485,4035103,300.8748652935028,84.0,0.8,0.9506,0,24,0,0,0,3,3
Scholl_SAWYER30_c03,Scholl_SAWYER30,Scholl,30,36.0,c03,3,low,high,high,high,3042,published_results/full_campaign_median_T_252_2026-06-04/solutions/Scholl_SAWYER30_c03/epsilon_trace.csv,22,epsilon,21,116,True,,False,True,0,90.0,97.75000000000003,10,0,10,True,False,53.188830242,97.75,45.5869,17552,3249658,300.8367600440979,96.0,1.75,0.9028,0,30,0,0,0,0,0
Scholl_SAWYER30_c03,Scholl_SAWYER30,Scholl,30,36.0,c03,3,low,high,high,high,3042,published_results/full_campaign_median_T_252_2026-06-04/solutions/Scholl_SAWYER30_c03/epsilon_trace.csv,23,epsilon,22,89,False,infeasible,,,0,,,,,,,,,,,,,,,,,,,,,,,
Scholl_SAWYER30_c04,Scholl_SAWYER30,Scholl,30,36.0,c04,4,mid,low,mid,high,4042,published_results/full_campaign_median_T_252_2026-06-04/solutions/Scholl_SAWYER30_c04/epsilon_trace.csv,1,E0_HI_only,0,,True,,False,True,0,400.0,0.0,10,10,0,True,True,400.0,400.0,0.0,0,1342,0.18041133880615234,0.0,0.0,,30,0,0,0,0,0,0
Scholl_SAWYER30_c04,Scholl_SAWYER30,Scholl,30,36.0,c04,4,mid,low,mid,high,4042,published_results/full_campaign_median_T_252_2026-06-04/solutions/Scholl_SAWYER30_c04/epsilon_trace.csv,2,epsilon,1,399,True,,False,True,0,369.0,4.15,10,9,1,True,False,0.0,4.15,100.0,12436,2698142,300.9042959213257,3.0,1.1500000000000001,0.3611,29,1,0,0,0,0,0
Scholl_SAWYER30_c04,Scholl_SAWYER30,Scholl,30,36.0,c04,4,mid,low,mid,high,4042,published_results/full_campaign_median_T_252_2026-06-04/solutions/Scholl_SAWYER30_c04/epsilon_trace.csv,3,epsilon,2,368,True,,False,True,1,365.0,3.8,9,9,1,True,False,0.0,3.8,100.0,9598,3217134,300.8662209510803,3.0,0.8,0.5556,27,0,0,0,3,0,0
Scholl_SAWYER30_c04,Scholl_SAWYER30,Scholl,30,36.0,c04,4,mid,low,mid,high,4042,published_results/full_campaign_median_T_252_2026-06-04/solutions/Scholl_SAWYER30_c04/epsilon_trace.csv,4,epsilon,3,364,True,,False,True,0,334.0,9.5,9,8,2,True,False,0.0,9.5,100.0,8121,2331430,300.99397802352905,8.0,1.5,0.5833,24,1,0,0,5,0,0
Scholl_SAWYER30_c04,Scholl_SAWYER30,Scholl,30,36.0,c04,4,mid,low,mid,high,4042,published_results/full_campaign_median_T_252_2026-06-04/solutions/Scholl_SAWYER30_c04/epsilon_trace.csv,5,epsilon,4,333,True,,False,True,1,325.0,7.0,8,8,1,True,False,0.0,7.0,100.0,4552,2465885,300.84942507743835,7.0,0.0,1.0,24,0,0,0,6,0,0
Scholl_SAWYER30_c04,Scholl_SAWYER30,Scholl,30,36.0,c04,4,mid,low,mid,high,4042,published_results/full_campaign_median_T_252_2026-06-04/solutions/Scholl_SAWYER30_c04/epsilon_trace.csv,6,epsilon,5,324,True,,False,True,0,290.0,13.35,7,7,2,True,False,0.0,13.35,100.0,6699,2437594,300.856605052948,13.0,0.35000000000000003,0.9028,18,0,0,0,12,0,0
Scholl_SAWYER30_c04,Scholl_SAWYER30,Scholl,30,36.0,c04,4,mid,low,mid,high,4042,published_results/full_campaign_median_T_252_2026-06-04/solutions/Scholl_SAWYER30_c04/epsilon_trace.csv,7,epsilon,6,289,True,,False,True,0,259.0,20.5,7,6,3,True,False,2.5056732401,20.5,87.7772,18303,3439149,300.86747217178345,19.0,1.5,0.7222,16,1,0,0,13,0,0
Scholl_SAWYER30_c04,Scholl_SAWYER30,Scholl,30,36.0,c04,4,mid,low,mid,high,4042,published_results/full_campaign_median_T_252_2026-06-04/solutions/Scholl_SAWYER30_c04/epsilon_trace.csv,8,epsilon,7,258,True,,False,True,0,255.0,22.349999999999998,6,6,3,True,False,0.26886145405,22.35,98.797,4330,1548458,300.846009016037,22.0,0.35000000000000003,0.9352,12,0,0,0,18,0,0
Scholl_SAWYER30_c04,Scholl_SAWYER30,Scholl,30,36.0,c04,4,mid,low,mid,high,4042,published_results/full_campaign_median_T_252_2026-06-04/solutions/Scholl_SAWYER30_c04/epsilon_trace.csv,9,epsilon,8,254,True,,False,True,0,220.0,33.64999999999999,5,5,4,True,False,1.4576271186,33.65,95.6683,3832,1917765,300.84888195991516,33.0,0.65,0.9097,3,0,0,0,27,0,0
Scholl_SAWYER30_c04,Scholl_SAWYER30,Scholl,30,36.0,c04,4,mid,low,mid,high,4042,published_results/full_campaign_median_T_252_2026-06-04/solutions/Scholl_SAWYER30_c04/epsilon_trace.csv,10,epsilon,9,219,True,,False,True,0,206.0,48.85000000000001,8,4,6,True,False,2.5,48.85,94.8823,7731,1981459,300.8285720348358,47.0,1.85,0.8287,8,7,0,0,15,0,0
Scholl_SAWYER30_c04,Scholl_SAWYER30,Scholl,30,36.0,c04,4,mid,low,mid,high,4042,published_results/full_campaign_median_T_252_2026-06-04/solutions/Scholl_SAWYER30_c04/epsilon_trace.csv,11,epsilon,10,205,True,,False,True,1,197.0,48.15,7,4,5,True,False,2.4925894011,48.15,94.8233,7764,1824498,300.8284342288971,48.0,0.15000000000000002,0.9833,7,9,0,0,14,0,0
Scholl_SAWYER30_c04,Scholl_SAWYER30,Scholl,30,36.0,c04,4,mid,low,mid,high,4042,published_results/full_campaign_median_T_252_2026-06-04/solutions/Scholl_SAWYER30_c04/epsilon_trace.csv,12,epsilon,11,196,True,,False,True,1,193.0,46.25,6,4,5,True,False,2.984995123,46.25,93.546,3616,1576431,300.8419740200043,46.0,0.25,0.9722,5,4,0,0,21,0,0
Scholl_SAWYER30_c04,Scholl_SAWYER30,Scholl,30,36.0,c04,4,mid,low,mid,high,4042,published_results/full_campaign_median_T_252_2026-06-04/solutions/Scholl_SAWYER30_c04/epsilon_trace.csv,13,epsilon,12,192,True,,False,True,0,175.0,64.64999999999999,8,3,7,True,False,4.7037157919,64.65,92.7243,4440,1831098,300.8526029586792,64.0,0.65,0.9484,5,12,0,0,13,0,0
Scholl_SAWYER30_c04,Scholl_SAWYER30,Scholl,30,36.0,c04,4,mid,low,mid,high,4042,published_results/full_campaign_median_T_252_2026-06-04/solutions/Scholl_SAWYER30_c04/epsilon_trace.csv,14,epsilon,13,174,True,,False,True,0,166.0,94.64999999999998,11,2,10,True,False,8.4898820202,94.65,91.0302,3752,1879741,300.84526801109314,93.0,1.6500000000000001,0.9083,3,19,0,0,8,0,0
Scholl_SAWYER30_c04,Scholl_SAWYER30,Scholl,30,36.0,c04,4,mid,low,mid,high,4042,published_results/full_campaign_median_T_252_2026-06-04/solutions/Scholl_SAWYER30_c04/epsilon_trace.csv,15,epsilon,14,165,True,,False,True,2,162.0,55.3,6,3,6,True,False,11.014887682,55.3,80.0816,5213,2578574,300.84992718696594,55.0,0.30000000000000004,0.9722,0,7,0,0,23,0,0
Scholl_SAWYER30_c04,Scholl_SAWYER30,Scholl,30,36.0,c04,4,mid,low,mid,high,4042,published_results/full_campaign_median_T_252_2026-06-04/solutions/Scholl_SAWYER30_c04/epsilon_trace.csv,16,epsilon,15,161,True,,False,True,0,153.0,83.24999999999999,9,2,9,True,False,5.157516799,83.25,93.8048,4075,2010698,300.8438458442688,82.0,1.25,0.9228,0,18,0,0,12,0,0
Scholl_SAWYER30_c04,Scholl_SAWYER30,Scholl,30,36.0,c04,4,mid,low,mid,high,4042,published_results/full_campaign_median_T_252_2026-06-04/solutions/Scholl_SAWYER30_c04/epsilon_trace.csv,17,epsilon,16,152,True,,False,True,0,144.0,108.8,12,1,12,True,False,32.591086828,108.8,70.045,6805,2789480,300.83358001708984,106.0,2.8000000000000003,0.8704,0,23,0,0,7,0,0
Scholl_SAWYER30_c04,Scholl_SAWYER30,Scholl,30,36.0,c04,4,mid,low,mid,high,4042,published_results/full_campaign_median_T_252_2026-06-04/solutions/Scholl_SAWYER30_c04/epsilon_trace.csv,18,epsilon,17,143,True,,False,True,0,135.0,109.85,11,1,11,True,False,81.01582861,109.85,26.2487,10545,3371135,300.8449091911316,109.0,0.8500000000000001,0.9571,0,23,0,0,7,0,0
Scholl_SAWYER30_c04,Scholl_SAWYER30,Scholl,30,36.0,c04,4,mid,low,mid,high,4042,published_results/full_campaign_median_T_252_2026-06-04/solutions/Scholl_SAWYER30_c04/epsilon_trace.csv,19,epsilon,18,134,True,,False,True,0,126.0,139.40000000000006,14,0,14,True,True,139.4,139.4,0.0,6674,1622162,155.44429802894592,138.0,1.4000000000000001,0.9444,0,30,0,0,0,0,0
Scholl_SAWYER30_c04,Scholl_SAWYER30,Scholl,30,36.0,c04,4,mid,low,mid,high,4042,published_results/full_campaign_median_T_252_2026-06-04/solutions/Scholl_SAWYER30_c04/epsilon_trace.csv,20,epsilon,19,125,False,infeasible,,,0,,,,,,,,,,,,,,,,,,,,,,,
Scholl_SAWYER30_c05,Scholl_SAWYER30,Scholl,30,36.0,c05,5,mid,mid,high,low,5042,published_results/full_campaign_median_T_252_2026-06-04/solutions/Scholl_SAWYER30_c05/epsilon_trace.csv,1,E0_HI_only,0,,True,,False,True,0,400.0,0.0,10,10,0,True,True,400.0,400.0,0.0,0,1342,0.1790769100189209,0.0,0.0,,30,0,0,0,0,0,0
Scholl_SAWYER30_c05,Scholl_SAWYER30,Scholl,30,36.0,c05,5,mid,mid,high,low,5042,published_results/full_campaign_median_T_252_2026-06-04/solutions/Scholl_SAWYER30_c05/epsilon_trace.csv,2,epsilon,1,399,True,,False,True,0,365.0,3.65,9,9,1,True,False,0.0,3.65,100.0,16958,2471454,300.96426916122437,3.0,0.65,0.6389,24,0,0,0,0,4,2
Scholl_SAWYER30_c05,Scholl_SAWYER30,Scholl,30,36.0,c05,5,mid,mid,high,low,5042,published_results/full_campaign_median_T_252_2026-06-04/solutions/Scholl_SAWYER30_c05/epsilon_trace.csv,3,epsilon,2,364,True,,False,True,0,348.0,15.65,10,8,4,True,False,0.0,15.65,100.0,6810,2099978,300.8672499656677,12.0,3.6500000000000004,0.4931,19,2,0,0,0,5,4
Scholl_SAWYER30_c05,Scholl_SAWYER30,Scholl,30,36.0,c05,5,mid,mid,high,low,5042,published_results/full_campaign_median_T_252_2026-06-04/solutions/Scholl_SAWYER30_c05/epsilon_trace.csv,4,epsilon,3,347,True,,False,True,1,339.0,13.600000000000001,9,8,3,True,False,0.27930323147,13.6,97.9463,8619,1834757,300.9696362018585,12.0,1.6,0.7037,20,1,0,0,0,5,4
Scholl_SAWYER30_c05,Scholl_SAWYER30,Scholl,30,36.0,c05,5,mid,mid,high,low,5042,published_results/full_campaign_median_T_252_2026-06-04/solutions/Scholl_SAWYER30_c05/epsilon_trace.csv,5,epsilon,4,338,True,,False,True,0,338.0,16.5,10,8,2,True,False,0.0,16.5,100.0,5627,1407320,300.86863899230957,16.0,0.5,0.8611,26,4,0,0,0,0,0
Scholl_SAWYER30_c05,Scholl_SAWYER30,Scholl,30,36.0,c05,5,mid,mid,high,low,5042,published_results/full_campaign_median_T_252_2026-06-04/solutions/Scholl_SAWYER30_c05/epsilon_trace.csv,6,epsilon,5,337,True,,False,True,0,312.0,27.5,10,7,4,True,False,0.0,27.5,100.0,6685,1812660,300.85904908180237,26.0,1.5,0.7917,22,4,0,0,4,0,0
Scholl_SAWYER30_c05,Scholl_SAWYER30,Scholl,30,36.0,c05,5,mid,mid,high,low,5042,published_results/full_campaign_median_T_252_2026-06-04/solutions/Scholl_SAWYER30_c05/epsilon_trace.csv,7,epsilon,6,311,True,,False,True,1,304.0,22.9,8,7,4,True,False,2.45,22.9,89.3013,11527,2229828,300.87670612335205,22.0,0.9,0.875,15,2,0,0,4,5,4
Scholl_SAWYER30_c05,Scholl_SAWYER30,Scholl,30,36.0,c05,5,mid,mid,high,low,5042,published_results/full_campaign_median_T_252_2026-06-04/solutions/Scholl_SAWYER30_c05/epsilon_trace.csv,8,epsilon,7,303,True,,False,True,0,286.0,39.0,10,6,6,True,False,2.45,39.0,93.7179,11970,2234916,300.8987798690796,37.0,2.0,0.8148,14,6,0,0,0,6,4
Scholl_SAWYER30_c05,Scholl_SAWYER30,Scholl,30,36.0,c05,5,mid,mid,high,low,5042,published_results/full_campaign_median_T_252_2026-06-04/solutions/Scholl_SAWYER30_c05/epsilon_trace.csv,9,epsilon,8,285,True,,False,True,0,281.0,41.849999999999994,10,6,5,True,False,2.4875,41.85,94.0562,15406,2267680,300.8663799762726,41.0,0.8500000000000001,0.9056,16,10,0,0,0,2,2
Scholl_SAWYER30_c05,Scholl_SAWYER30,Scholl,30,36.0,c05,5,mid,mid,high,low,5042,published_results/full_campaign_median_T_252_2026-06-04/solutions/Scholl_SAWYER30_c05/epsilon_trace.csv,10,epsilon,9,280,True,,False,True,2,278.0,36.65,8,6,6,True,False,2.3837062568,36.65,93.496,10902,2499269,300.87134528160095,35.0,1.6500000000000001,0.8472,7,2,0,0,0,14,7
Scholl_SAWYER30_c05,Scholl_SAWYER30,Scholl,30,36.0,c05,5,mid,mid,high,low,5042,published_results/full_campaign_median_T_252_2026-06-04/solutions/Scholl_SAWYER30_c05/epsilon_trace.csv,11,epsilon,10,277,True,,False,True,0,272.0,58.95,13,5,8,True,False,0.38,58.95,99.3554,3549,1446895,300.8419358730316,55.0,3.95,0.7257,19,11,0,0,0,0,0
Scholl_SAWYER30_c05,Scholl_SAWYER30,Scholl,30,36.0,c05,5,mid,mid,high,low,5042,published_results/full_campaign_median_T_252_2026-06-04/solutions/Scholl_SAWYER30_c05/epsilon_trace.csv,12,epsilon,11,271,True,,False,True,1,269.0,52.949999999999996,11,5,9,True,False,1.14,52.95,97.847,10642,2252102,301.69276881217957,48.0,4.95,0.6944,9,8,0,0,4,5,4
Scholl_SAWYER30_c05,Scholl_SAWYER30,Scholl,30,36.0,c05,5,mid,mid,high,low,5042,published_results/full_campaign_median_T_252_2026-06-04/solutions/Scholl_SAWYER30_c05/epsilon_trace.csv,13,epsilon,12,268,True,,False,True,0,268.0,56.50000000000001,12,5,8,True,False,0.288,56.5,99.4903,4348,1532601,300.85567808151245,53.0,3.5,0.7569,14,11,0,0,0,2,3
Scholl_SAWYER30_c05,Scholl_SAWYER30,Scholl,30,36.0,c05,5,mid,mid,high,low,5042,published_results/full_campaign_median_T_252_2026-06-04/solutions/Scholl_SAWYER30_c05/epsilon_trace.csv,14,epsilon,13,267,True,,False,True,1,259.0,54.0,11,5,7,True,False,2.65,54.0,95.0926,7839,1703426,300.9249269962311,52.0,2.0,0.8413,16,9,0,0,0,3,2
Scholl_SAWYER30_c05,Scholl_SAWYER30,Scholl,30,36.0,c05,5,mid,mid,high,low,5042,published_results/full_campaign_median_T_252_2026-06-04/solutions/Scholl_SAWYER30_c05/epsilon_trace.csv,15,epsilon,14,258,True,,False,True,0,228.0,67.55000000000001,11,4,8,True,False,0.0,67.55,100.0,7210,2653984,300.86355924606323,66.0,1.55,0.8924,12,13,0,0,0,3,2
Scholl_SAWYER30_c05,Scholl_SAWYER30,Scholl,30,36.0,c05,5,mid,mid,high,low,5042,published_results/full_campaign_median_T_252_2026-06-04/solutions/Scholl_SAWYER30_c05/epsilon_trace.csv,16,epsilon,15,227,False,infeasible,,,0,,,,,,,,,,,,,,,,,,,,,,,
Scholl_SAWYER30_c06,Scholl_SAWYER30,Scholl,30,36.0,c06,6,mid,high,low,mid,6042,published_results/full_campaign_median_T_252_2026-06-04/solutions/Scholl_SAWYER30_c06/epsilon_trace.csv,1,E0_HI_only,0,,True,,False,True,0,400.0,0.0,10,10,0,True,True,400.0,400.0,0.0,0,1342,0.18695378303527832,0.0,0.0,,30,0,0,0,0,0,0
Scholl_SAWYER30_c06,Scholl_SAWYER30,Scholl,30,36.0,c06,6,mid,high,low,mid,6042,published_results/full_campaign_median_T_252_2026-06-04/solutions/Scholl_SAWYER30_c06/epsilon_trace.csv,2,epsilon,1,399,True,,False,True,0,365.0,3.8,9,9,1,True,False,0.1001754386,3.8,97.3638,21740,2622702,301.9708819389343,3.0,0.8,0.5556,26,0,0,0,0,3,1
Scholl_SAWYER30_c06,Scholl_SAWYER30,Scholl,30,36.0,c06,6,mid,high,low,mid,6042,published_results/full_campaign_median_T_252_2026-06-04/solutions/Scholl_SAWYER30_c06/epsilon_trace.csv,3,epsilon,2,364,True,,False,True,0,338.0,15.7,10,8,2,True,False,0.0,15.7,100.0,15413,2157380,302.1741020679474,15.0,0.7000000000000001,0.8056,27,3,0,0,0,0,0
Scholl_SAWYER30_c06,Scholl_SAWYER30,Scholl,30,36.0,c06,6,mid,high,low,mid,6042,published_results/full_campaign_median_T_252_2026-06-04/solutions/Scholl_SAWYER30_c06/epsilon_trace.csv,4,epsilon,3,337,True,,False,True,0,312.0,28.3,10,7,4,True,False,0.0,28.3,100.0,8789,2179131,300.86739206314087,27.0,1.3,0.8194,21,5,0,0,0,2,2
Scholl_SAWYER30_c06,Scholl_SAWYER30,Scholl,30,36.0,c06,6,mid,high,low,mid,6042,published_results/full_campaign_median_T_252_2026-06-04/solutions/Scholl_SAWYER30_c06/epsilon_trace.csv,5,epsilon,4,311,True,,False,True,0,285.0,42.4,11,6,5,True,False,2.1565442021,42.4,94.9138,9818,2509482,300.9621000289917,41.0,1.4000000000000001,0.8444,21,9,0,0,0,0,0
Scholl_SAWYER30_c06,Scholl_SAWYER30,Scholl,30,36.0,c06,6,mid,high,low,mid,6042,published_results/full_campaign_median_T_252_2026-06-04/solutions/Scholl_SAWYER30_c06/epsilon_trace.csv,6,epsilon,5,284,True,,False,True,0,281.0,65.65,14,5,9,True,False,0.0,65.65,100.0,9793,2003547,300.9374740123749,60.0,5.65,0.6512,16,14,0,0,0,0,0
Scholl_SAWYER30_c06,Scholl_SAWYER30,Scholl,30,36.0,c06,6,mid,high,low,mid,6042,published_results/full_campaign_median_T_252_2026-06-04/solutions/Scholl_SAWYER30_c06/epsilon_trace.csv,7,epsilon,6,280,True,,False,True,1,272.0,62.9,13,5,8,True,False,0.9544695071,62.9,98.4826,5324,1959246,300.8667149543762,59.0,3.9000000000000004,0.7292,16,14,0,0,0,0,0
Scholl_SAWYER30_c06,Scholl_SAWYER30,Scholl,30,36.0,c06,6,mid,high,low,mid,6042,published_results/full_campaign_median_T_252_2026-06-04/solutions/Scholl_SAWYER30_c06/epsilon_trace.csv,8,epsilon,7,271,True,,False,True,1,263.0,59.3,12,5,7,True,False,0.2491608243,59.3,99.5798,3988,1643064,300.9081840515137,57.0,2.3000000000000003,0.8175,17,13,0,0,0,0,0
Scholl_SAWYER30_c06,Scholl_SAWYER30,Scholl,30,36.0,c06,6,mid,high,low,mid,6042,published_results/full_campaign_median_T_252_2026-06-04/solutions/Scholl_SAWYER30_c06/epsilon_trace.csv,9,epsilon,8,262,True,,False,True,1,259.0,58.6,11,5,7,True,False,0.043534482759,58.6,99.9257,8727,4453237,600.8617069721222,57.0,1.6,0.873,14,12,0,0,0,3,1
Scholl_SAWYER30_c06,Scholl_SAWYER30,Scholl,30,36.0,c06,6,mid,high,low,mid,6042,published_results/full_campaign_median_T_252_2026-06-04/solutions/Scholl_SAWYER30_c06/epsilon_trace.csv,10,epsilon,9,258,True,,False,True,0,246.0,75.30000000000003,13,4,10,True,False,2.3542682927,75.3,96.8735,4544,1297036,300.86915397644043,71.0,4.3,0.7611,11,15,0,0,0,3,1
Scholl_SAWYER30_c06,Scholl_SAWYER30,Scholl,30,36.0,c06,6,mid,high,low,mid,6042,published_results/full_campaign_median_T_252_2026-06-04/solutions/Scholl_SAWYER30_c06/epsilon_trace.csv,11,epsilon,10,245,True,,False,True,0,242.0,79.64999999999999,12,4,10,True,False,0.95467667637,79.65,98.8014,4375,1463780,300.8623058795929,76.0,3.6500000000000004,0.7972,6,15,0,0,0,6,3
Scholl_SAWYER30_c06,Scholl_SAWYER30,Scholl,30,36.0,c06,6,mid,high,low,mid,6042,published_results/full_campaign_median_T_252_2026-06-04/solutions/Scholl_SAWYER30_c06/epsilon_trace.csv,12,epsilon,11,241,True,,False,True,2,237.0,74.79999999999998,12,4,9,True,False,0.048611111111,74.8,99.935,4125,1480094,300.86483788490295,72.0,2.8000000000000003,0.8272,11,15,0,0,0,3,1
Scholl_SAWYER30_c06,Scholl_SAWYER30,Scholl,30,36.0,c06,6,mid,high,low,mid,6042,published_results/full_campaign_median_T_252_2026-06-04/solutions/Scholl_SAWYER30_c06/epsilon_trace.csv,13,epsilon,12,236,True,,False,True,1,228.0,71.95,11,4,8,True,False,1.8283333333,71.95,97.4589,3458,1958187,300.85438895225525,71.0,0.9500000000000001,0.934,9,16,0,0,0,3,2
Scholl_SAWYER30_c06,Scholl_SAWYER30,Scholl,30,36.0,c06,6,mid,high,low,mid,6042,published_results/full_campaign_median_T_252_2026-06-04/solutions/Scholl_SAWYER30_c06/epsilon_trace.csv,14,epsilon,13,227,True,,False,True,0,210.0,92.25,13,3,10,True,False,0.087426861852,92.25,99.9052,3523,1701768,300.86391520500183,90.0,2.25,0.875,10,20,0,0,0,0,0
Scholl_SAWYER30_c06,Scholl_SAWYER30,Scholl,30,36.0,c06,6,mid,high,low,mid,6042,published_results/full_campaign_median_T_252_2026-06-04/solutions/Scholl_SAWYER30_c06/epsilon_trace.csv,15,epsilon,14,209,True,,False,True,1,206.0,91.04999999999998,12,3,10,True,False,2.2347169811,91.05,97.5456,3379,1364983,300.8760840892792,89.0,2.0500000000000003,0.8861,9,19,0,0,0,1,1
Scholl_SAWYER30_c06,Scholl_SAWYER30,Scholl,30,36.0,c06,6,mid,high,low,mid,6042,published_results/full_campaign_median_T_252_2026-06-04/solutions/Scholl_SAWYER30_c06/epsilon_trace.csv,16,epsilon,15,205,True,,False,True,0,198.0,117.55,14,2,14,True,False,2.8042031202,117.55,97.6145,8314,3539273,600.84765625,113.0,4.55,0.8194,0,23,0,0,2,3,2
Scholl_SAWYER30_c06,Scholl_SAWYER30,Scholl,30,36.0,c06,6,mid,high,low,mid,6042,published_results/full_campaign_median_T_252_2026-06-04/solutions/Scholl_SAWYER30_c06/epsilon_trace.csv,17,epsilon,16,197,False,infeasible,,,0,,,,,,,,,,,,,,,,,,,,,,,
Scholl_SAWYER30_c07,Scholl_SAWYER30,Scholl,30,36.0,c07,7,high,low,high,mid,7042,published_results/full_campaign_median_T_252_2026-06-04/solutions/Scholl_SAWYER30_c07/epsilon_trace.csv,1,E0_HI_only,0,,True,,False,True,0,400.0,0.0,10,10,0,True,True,400.0,400.0,0.0,0,1342,0.18345904350280762,0.0,0.0,,30,0,0,0,0,0,0
Scholl_SAWYER30_c07,Scholl_SAWYER30,Scholl,30,36.0,c07,7,high,low,high,mid,7042,published_results/full_campaign_median_T_252_2026-06-04/solutions/Scholl_SAWYER30_c07/epsilon_trace.csv,2,epsilon,1,399,True,,False,True,0,365.0,4.7,9,9,1,True,False,0.0,4.7,100.0,10018,2416297,300.98464584350586,4.0,0.7000000000000001,0.6111,27,0,0,0,3,0,0
Scholl_SAWYER30_c07,Scholl_SAWYER30,Scholl,30,36.0,c07,7,high,low,high,mid,7042,published_results/full_campaign_median_T_252_2026-06-04/solutions/Scholl_SAWYER30_c07/epsilon_trace.csv,3,epsilon,2,364,True,,False,True,0,325.0,6.2,8,8,1,True,False,0.0,6.2,100.0,13002,3058705,300.93118500709534,6.0,0.2,0.8889,25,0,0,0,5,0,0
Scholl_SAWYER30_c07,Scholl_SAWYER30,Scholl,30,36.0,c07,7,high,low,high,mid,7042,published_results/full_campaign_median_T_252_2026-06-04/solutions/Scholl_SAWYER30_c07/epsilon_trace.csv,4,epsilon,3,324,True,,False,True,0,290.0,14.65,7,7,2,True,False,0.0,14.65,100.0,4709,2188277,300.84314012527466,14.0,0.65,0.8194,18,0,0,0,12,0,0
Scholl_SAWYER30_c07,Scholl_SAWYER30,Scholl,30,36.0,c07,7,high,low,high,mid,7042,published_results/full_campaign_median_T_252_2026-06-04/solutions/Scholl_SAWYER30_c07/epsilon_trace.csv,5,epsilon,4,289,True,,False,True,0,268.0,24.65,8,6,4,True,False,0.0,24.65,100.0,5272,2308244,300.8517949581146,22.0,2.6500000000000004,0.6319,15,2,0,0,13,0,0
Scholl_SAWYER30_c07,Scholl_SAWYER30,Scholl,30,36.0,c07,7,high,low,high,mid,7042,published_results/full_campaign_median_T_252_2026-06-04/solutions/Scholl_SAWYER30_c07/epsilon_trace.csv,6,epsilon,5,267,True,,False,True,1,255.0,21.9,6,6,3,True,False,0.017505147487,21.9,99.9201,6018,2157714,300.8574321269989,21.0,0.9,0.8333,13,0,0,0,17,0,0
Scholl_SAWYER30_c07,Scholl_SAWYER30,Scholl,30,36.0,c07,7,high,low,high,mid,7042,published_results/full_campaign_median_T_252_2026-06-04/solutions/Scholl_SAWYER30_c07/epsilon_trace.csv,7,epsilon,6,254,True,,False,True,0,215.0,26.1,5,5,3,True,False,1.35,26.1,94.8276,6267,1792174,300.84924387931824,26.0,0.1,0.9815,9,0,0,0,21,0,0
Scholl_SAWYER30_c07,Scholl_SAWYER30,Scholl,30,36.0,c07,7,high,low,high,mid,7042,published_results/full_campaign_median_T_252_2026-06-04/solutions/Scholl_SAWYER30_c07/epsilon_trace.csv,8,epsilon,7,214,True,,False,True,0,180.0,35.449999999999996,4,4,4,True,False,3.6453465023,35.45,89.7169,4058,2041702,300.8671770095825,35.0,0.45,0.9375,0,0,0,0,30,0,0
Scholl_SAWYER30_c07,Scholl_SAWYER30,Scholl,30,36.0,c07,7,high,low,high,mid,7042,published_results/full_campaign_median_T_252_2026-06-04/solutions/Scholl_SAWYER30_c07/epsilon_trace.csv,9,epsilon,8,179,True,,False,True,0,171.0,65.35,7,3,7,True,False,15.961242971,65.35,75.5758,15020,7574725,600.9842391014099,65.0,0.35000000000000003,0.9722,0,6,0,0,24,0,0
Scholl_SAWYER30_c07,Scholl_SAWYER30,Scholl,30,36.0,c07,7,high,low,high,mid,7042,published_results/full_campaign_median_T_252_2026-06-04/solutions/Scholl_SAWYER30_c07/epsilon_trace.csv,10,epsilon,9,170,False,infeasible,,,0,,,,,,,,,,,,,,,,,,,,,,,
Scholl_SAWYER30_c08,Scholl_SAWYER30,Scholl,30,36.0,c08,8,high,mid,low,high,8042,published_results/full_campaign_median_T_252_2026-06-04/solutions/Scholl_SAWYER30_c08/epsilon_trace.csv,1,E0_HI_only,0,,True,,False,True,0,400.0,0.0,10,10,0,True,True,400.0,400.0,0.0,0,1342,0.1732490062713623,0.0,0.0,,30,0,0,0,0,0,0
Scholl_SAWYER30_c08,Scholl_SAWYER30,Scholl,30,36.0,c08,8,high,mid,low,high,8042,published_results/full_campaign_median_T_252_2026-06-04/solutions/Scholl_SAWYER30_c08/epsilon_trace.csv,2,epsilon,1,399,True,,False,True,0,365.0,7.05,9,9,1,True,False,0.0,7.05,100.0,6574,2735750,300.8462610244751,7.0,0.05,0.9722,27,0,0,0,3,0,0
Scholl_SAWYER30_c08,Scholl_SAWYER30,Scholl,30,36.0,c08,8,high,mid,low,high,8042,published_results/full_campaign_median_T_252_2026-06-04/solutions/Scholl_SAWYER30_c08/epsilon_trace.csv,3,epsilon,2,364,True,,False,True,0,339.0,18.650000000000002,9,8,3,True,False,0.362807151,18.65,98.0547,24132,3310230,302.4750118255615,17.0,1.6500000000000001,0.6944,21,1,0,0,8,0,0
Scholl_SAWYER30_c08,Scholl_SAWYER30,Scholl,30,36.0,c08,8,high,mid,low,high,8042,published_results/full_campaign_median_T_252_2026-06-04/solutions/Scholl_SAWYER30_c08/epsilon_trace.csv,4,epsilon,3,338,True,,False,True,0,335.0,21.15,8,8,3,True,False,0.18488984998,21.15,99.1258,8581,3159205,300.8454761505127,21.0,0.15000000000000002,0.9722,18,0,0,0,12,0,0
Scholl_SAWYER30_c08,Scholl_SAWYER30,Scholl,30,36.0,c08,8,high,mid,low,high,8042,published_results/full_campaign_median_T_252_2026-06-04/solutions/Scholl_SAWYER30_c08/epsilon_trace.csv,5,epsilon,4,334,True,,False,True,0,317.0,38.49999999999999,10,7,5,True,False,0.3,38.5,99.2208,11652,2767130,300.92469000816345,37.0,1.5,0.8333,17,4,0,0,9,0,0
Scholl_SAWYER30_c08,Scholl_SAWYER30,Scholl,30,36.0,c08,8,high,mid,low,high,8042,published_results/full_campaign_median_T_252_2026-06-04/solutions/Scholl_SAWYER30_c08/epsilon_trace.csv,6,epsilon,5,316,True,,False,True,1,313.0,37.199999999999996,9,7,5,True,False,0.3,37.2,99.1935,5667,1937891,300.85407280921936,36.0,1.2000000000000002,0.8667,16,2,0,0,12,0,0
Scholl_SAWYER30_c08,Scholl_SAWYER30,Scholl,30,36.0,c08,8,high,mid,low,high,8042,published_results/full_campaign_median_T_252_2026-06-04/solutions/Scholl_SAWYER30_c08/epsilon_trace.csv,7,epsilon,6,312,True,,False,True,0,304.0,58.34999999999999,12,6,8,True,False,0.15,58.35,99.7429,10198,2244482,300.9340298175812,55.0,3.35,0.7674,16,7,0,0,7,0,0
Scholl_SAWYER30_c08,Scholl_SAWYER30,Scholl,30,36.0,c08,8,high,mid,low,high,8042,published_results/full_campaign_median_T_252_2026-06-04/solutions/Scholl_SAWYER30_c08/epsilon_trace.csv,8,epsilon,7,303,True,,False,True,0,295.0,60.34999999999999,11,6,7,True,False,0.0078555965773,60.35,99.987,6072,3114740,300.8464939594269,59.0,1.35,0.8929,14,6,0,0,10,0,0
Scholl_SAWYER30_c08,Scholl_SAWYER30,Scholl,30,36.0,c08,8,high,mid,low,high,8042,published_results/full_campaign_median_T_252_2026-06-04/solutions/Scholl_SAWYER30_c08/epsilon_trace.csv,9,epsilon,8,294,False,infeasible,,,0,,,,,,,,,,,,,,,,,,,,,,,
Scholl_SAWYER30_c09,Scholl_SAWYER30,Scholl,30,36.0,c09,9,high,high,mid,low,9042,published_results/full_campaign_median_T_252_2026-06-04/solutions/Scholl_SAWYER30_c09/epsilon_trace.csv,1,E0_HI_only,0,,True,,False,True,0,400.0,0.0,10,10,0,True,True,400.0,400.0,0.0,0,1342,0.17250990867614746,0.0,0.0,,30,0,0,0,0,0,0
Scholl_SAWYER30_c09,Scholl_SAWYER30,Scholl,30,36.0,c09,9,high,high,mid,low,9042,published_results/full_campaign_median_T_252_2026-06-04/solutions/Scholl_SAWYER30_c09/epsilon_trace.csv,2,epsilon,1,399,True,,False,True,0,365.0,3.6,9,9,1,True,False,0.0,3.6,100.0,12038,3371399,300.8522822856903,3.0,0.6000000000000001,0.6667,27,0,0,0,0,2,1
Scholl_SAWYER30_c09,Scholl_SAWYER30,Scholl,30,36.0,c09,9,high,high,mid,low,9042,published_results/full_campaign_median_T_252_2026-06-04/solutions/Scholl_SAWYER30_c09/epsilon_trace.csv,3,epsilon,2,364,True,,False,True,0,347.0,24.2,11,8,3,True,False,0.0,24.2,100.0,5924,2682507,300.84507417678833,23.0,1.2000000000000002,0.7778,26,4,0,0,0,0,0
Scholl_SAWYER30_c09,Scholl_SAWYER30,Scholl,30,36.0,c09,9,high,high,mid,low,9042,published_results/full_campaign_median_T_252_2026-06-04/solutions/Scholl_SAWYER30_c09/epsilon_trace.csv,4,epsilon,3,346,True,,False,True,0,325.0,42.949999999999996,12,7,5,True,False,0.0,42.95,100.0,5603,2363758,300.8996181488037,42.0,0.9500000000000001,0.8944,23,7,0,0,0,0,0
Scholl_SAWYER30_c09,Scholl_SAWYER30,Scholl,30,36.0,c09,9,high,high,mid,low,9042,published_results/full_campaign_median_T_252_2026-06-04/solutions/Scholl_SAWYER30_c09/epsilon_trace.csv,5,epsilon,4,324,True,,False,True,0,321.0,70.74999999999997,15,6,9,True,False,0.043769149351,70.75,99.9381,4421,2251830,300.84386587142944,67.0,3.75,0.7685,19,11,0,0,0,0,0
Scholl_SAWYER30_c09,Scholl_SAWYER30,Scholl,30,36.0,c09,9,high,high,mid,low,9042,published_results/full_campaign_median_T_252_2026-06-04/solutions/Scholl_SAWYER30_c09/epsilon_trace.csv,6,epsilon,5,320,True,,False,True,1,312.0,69.1,14,6,8,True,False,0.0,69.1,100.0,5747,2177048,300.89994192123413,67.0,2.1,0.8542,20,10,0,0,0,0,0
Scholl_SAWYER30_c09,Scholl_SAWYER30,Scholl,30,36.0,c09,9,high,high,mid,low,9042,published_results/full_campaign_median_T_252_2026-06-04/solutions/Scholl_SAWYER30_c09/epsilon_trace.csv,7,epsilon,6,311,False,infeasible,,,0,,,,,,,,,,,,,,,,,,,,,,,
Scholl_WEE-MAG_c01,Scholl_WEE-MAG,Scholl,75,39.0,c01,1,low,low,low,low,1042,published_results/full_campaign_median_T_252_2026-06-04/solutions/Scholl_WEE-MAG_c01/epsilon_trace.csv,1,E0_HI_only,0,,True,,False,True,0,2400.0,0.0,60,60,0,True,True,2400.0,2400.0,0.0,0,12362,1.6431548595428467,0.0,0.0,,75,0,0,0,0,0,0
Scholl_WEE-MAG_c01,Scholl_WEE-MAG,Scholl,75,39.0,c01,1,low,low,low,low,1042,published_results/full_campaign_median_T_252_2026-06-04/solutions/Scholl_WEE-MAG_c01/epsilon_trace.csv,2,epsilon,1,2399,False,infeasible,,,0,,,,,,,,,,,,,,,,,,,,,,,
Scholl_WEE-MAG_c02,Scholl_WEE-MAG,Scholl,75,39.0,c02,2,low,mid,mid,mid,2042,published_results/full_campaign_median_T_252_2026-06-04/solutions/Scholl_WEE-MAG_c02/epsilon_trace.csv,1,E0_HI_only,0,,True,,False,True,0,2400.0,0.0,60,60,0,True,True,2400.0,2400.0,0.0,0,12362,1.4857609272003174,0.0,0.0,,75,0,0,0,0,0,0
Scholl_WEE-MAG_c02,Scholl_WEE-MAG,Scholl,75,39.0,c02,2,low,mid,mid,mid,2042,published_results/full_campaign_median_T_252_2026-06-04/solutions/Scholl_WEE-MAG_c02/epsilon_trace.csv,2,epsilon,1,2399,False,infeasible,,,0,,,,,,,,,,,,,,,,,,,,,,,
Scholl_WEE-MAG_c03,Scholl_WEE-MAG,Scholl,75,39.0,c03,3,low,high,high,high,3042,published_results/full_campaign_median_T_252_2026-06-04/solutions/Scholl_WEE-MAG_c03/epsilon_trace.csv,1,E0_HI_only,0,,True,,False,True,0,2400.0,0.0,60,60,0,True,True,2400.0,2400.0,0.0,0,12362,1.533125877380371,0.0,0.0,,75,0,0,0,0,0,0
Scholl_WEE-MAG_c03,Scholl_WEE-MAG,Scholl,75,39.0,c03,3,low,high,high,high,3042,published_results/full_campaign_median_T_252_2026-06-04/solutions/Scholl_WEE-MAG_c03/epsilon_trace.csv,2,epsilon,1,2399,False,infeasible,,,0,,,,,,,,,,,,,,,,,,,,,,,
Scholl_WEE-MAG_c04,Scholl_WEE-MAG,Scholl,75,39.0,c04,4,mid,low,mid,high,4042,published_results/full_campaign_median_T_252_2026-06-04/solutions/Scholl_WEE-MAG_c04/epsilon_trace.csv,1,E0_HI_only,0,,True,,False,True,0,2400.0,0.0,60,60,0,True,True,2400.0,2400.0,0.0,0,12362,1.8760130405426025,0.0,0.0,,75,0,0,0,0,0,0
Scholl_WEE-MAG_c04,Scholl_WEE-MAG,Scholl,75,39.0,c04,4,mid,low,mid,high,4042,published_results/full_campaign_median_T_252_2026-06-04/solutions/Scholl_WEE-MAG_c04/epsilon_trace.csv,2,epsilon,1,2399,False,infeasible,,,0,,,,,,,,,,,,,,,,,,,,,,,
Scholl_WEE-MAG_c05,Scholl_WEE-MAG,Scholl,75,39.0,c05,5,mid,mid,high,low,5042,published_results/full_campaign_median_T_252_2026-06-04/solutions/Scholl_WEE-MAG_c05/epsilon_trace.csv,1,E0_HI_only,0,,True,,False,True,0,2400.0,0.0,60,60,0,True,True,2400.0,2400.0,0.0,0,12362,1.4780848026275635,0.0,0.0,,75,0,0,0,0,0,0
Scholl_WEE-MAG_c05,Scholl_WEE-MAG,Scholl,75,39.0,c05,5,mid,mid,high,low,5042,published_results/full_campaign_median_T_252_2026-06-04/solutions/Scholl_WEE-MAG_c05/epsilon_trace.csv,2,epsilon,1,2399,False,infeasible,,,0,,,,,,,,,,,,,,,,,,,,,,,
Scholl_WEE-MAG_c06,Scholl_WEE-MAG,Scholl,75,39.0,c06,6,mid,high,low,mid,6042,published_results/full_campaign_median_T_252_2026-06-04/solutions/Scholl_WEE-MAG_c06/epsilon_trace.csv,1,E0_HI_only,0,,True,,False,True,0,2400.0,0.0,60,60,0,True,True,2400.0,2400.0,0.0,0,12362,1.8706612586975098,0.0,0.0,,75,0,0,0,0,0,0
Scholl_WEE-MAG_c06,Scholl_WEE-MAG,Scholl,75,39.0,c06,6,mid,high,low,mid,6042,published_results/full_campaign_median_T_252_2026-06-04/solutions/Scholl_WEE-MAG_c06/epsilon_trace.csv,2,epsilon,1,2399,False,infeasible,,,0,,,,,,,,,,,,,,,,,,,,,,,
Scholl_WEE-MAG_c07,Scholl_WEE-MAG,Scholl,75,39.0,c07,7,high,low,high,mid,7042,published_results/full_campaign_median_T_252_2026-06-04/solutions/Scholl_WEE-MAG_c07/epsilon_trace.csv,1,E0_HI_only,0,,True,,False,True,0,2400.0,0.0,60,60,0,True,True,2400.0,2400.0,0.0,0,12362,1.4476921558380127,0.0,0.0,,75,0,0,0,0,0,0
Scholl_WEE-MAG_c07,Scholl_WEE-MAG,Scholl,75,39.0,c07,7,high,low,high,mid,7042,published_results/full_campaign_median_T_252_2026-06-04/solutions/Scholl_WEE-MAG_c07/epsilon_trace.csv,2,epsilon,1,2399,True,,False,True,0,2383.0,12.899999999999999,61,59,3,True,False,0.0,12.9,100.0,1882,693941,610.7886550426483,9.0,3.9000000000000004,0.3333,71,2,0,0,2,0,0
Scholl_WEE-MAG_c07,Scholl_WEE-MAG,Scholl,75,39.0,c07,7,high,low,high,mid,7042,published_results/full_campaign_median_T_252_2026-06-04/solutions/Scholl_WEE-MAG_c07/epsilon_trace.csv,3,epsilon,2,2382,False,infeasible,,,0,,,,,,,,,,,,,,,,,,,,,,,
Scholl_WEE-MAG_c08,Scholl_WEE-MAG,Scholl,75,39.0,c08,8,high,mid,low,high,8042,published_results/full_campaign_median_T_252_2026-06-04/solutions/Scholl_WEE-MAG_c08/epsilon_trace.csv,1,E0_HI_only,0,,True,,False,True,0,2400.0,0.0,60,60,0,True,True,2400.0,2400.0,0.0,0,12362,1.410036325454712,0.0,0.0,,75,0,0,0,0,0,0
Scholl_WEE-MAG_c08,Scholl_WEE-MAG,Scholl,75,39.0,c08,8,high,mid,low,high,8042,published_results/full_campaign_median_T_252_2026-06-04/solutions/Scholl_WEE-MAG_c08/epsilon_trace.csv,2,epsilon,1,2399,False,infeasible,,,0,,,,,,,,,,,,,,,,,,,,,,,
Scholl_WEE-MAG_c09,Scholl_WEE-MAG,Scholl,75,39.0,c09,9,high,high,mid,low,9042,published_results/full_campaign_median_T_252_2026-06-04/solutions/Scholl_WEE-MAG_c09/epsilon_trace.csv,1,E0_HI_only,0,,True,,False,True,0,2400.0,0.0,60,60,0,True,True,2400.0,2400.0,0.0,0,12362,1.454883098602295,0.0,0.0,,75,0,0,0,0,0,0
Scholl_WEE-MAG_c09,Scholl_WEE-MAG,Scholl,75,39.0,c09,9,high,high,mid,low,9042,published_results/full_campaign_median_T_252_2026-06-04/solutions/Scholl_WEE-MAG_c09/epsilon_trace.csv,2,epsilon,1,2399,False,infeasible,,,0,,,,,,,,,,,,,,,,,,,,,,,
instance_n=20_10_c01,instance_n=20_10,Otto,20,1000.0,c01,1,low,low,low,low,1042,published_results/full_campaign_median_T_252_2026-06-04/solutions/instance_n=20_10_c01/epsilon_trace.csv,1,E0_HI_only,0,,True,,False,True,0,120.0,0.0,3,3,0,True,True,120.0,120.0,0.0,0,690,0.033326148986816406,0.0,0.0,,20,0,0,0,0,0,0
instance_n=20_10_c01,instance_n=20_10,Otto,20,1000.0,c01,1,low,low,low,low,1042,published_results/full_campaign_median_T_252_2026-06-04/solutions/instance_n=20_10_c01/epsilon_trace.csv,2,epsilon,1,119,True,,False,True,0,85.0,119.5,2,2,1,True,False,53.55,119.5,55.1883,104823,4759547,300.39674615859985,113.0,6.5,0.87,9,0,0,0,0,8,3
instance_n=20_10_c01,instance_n=20_10,Otto,20,1000.0,c01,1,low,low,low,low,1042,published_results/full_campaign_median_T_252_2026-06-04/solutions/instance_n=20_10_c01/epsilon_trace.csv,3,epsilon,2,84,True,,False,True,0,54.0,249.5,2,1,2,True,False,197.2,249.5,20.9619,313921,12325340,300.30456805229187,210.0,39.5,0.605,0,2,0,0,18,0,0
instance_n=20_10_c01,instance_n=20_10,Otto,20,1000.0,c01,1,low,low,low,low,1042,published_results/full_campaign_median_T_252_2026-06-04/solutions/instance_n=20_10_c01/epsilon_trace.csv,4,epsilon,3,53,True,,False,True,0,27.0,726.8,3,0,3,True,True,726.8,726.8,0.0,8335,365308,2.96482515335083,717.0,9.8,0.9347,0,20,0,0,0,0,0
instance_n=20_10_c01,instance_n=20_10,Otto,20,1000.0,c01,1,low,low,low,low,1042,published_results/full_campaign_median_T_252_2026-06-04/solutions/instance_n=20_10_c01/epsilon_trace.csv,5,epsilon,4,26,False,infeasible,,,0,,,,,,,,,,,,,,,,,,,,,,,
instance_n=20_10_c02,instance_n=20_10,Otto,20,1000.0,c02,2,low,mid,mid,mid,2042,published_results/full_campaign_median_T_252_2026-06-04/solutions/instance_n=20_10_c02/epsilon_trace.csv,1,E0_HI_only,0,,True,,False,True,0,120.0,0.0,3,3,0,True,True,120.0,120.0,0.0,0,690,0.032515764236450195,0.0,0.0,,20,0,0,0,0,0,0
instance_n=20_10_c02,instance_n=20_10,Otto,20,1000.0,c02,2,low,mid,mid,mid,2042,published_results/full_campaign_median_T_252_2026-06-04/solutions/instance_n=20_10_c02/epsilon_trace.csv,2,epsilon,1,119,True,,False,True,0,94.0,200.85000000000002,3,2,2,True,False,59.613076923,200.85,70.3196,241587,7086076,300.3290822505951,154.0,46.85,0.5315,5,2,0,0,0,7,6
instance_n=20_10_c02,instance_n=20_10,Otto,20,1000.0,c02,2,low,mid,mid,mid,2042,published_results/full_campaign_median_T_252_2026-06-04/solutions/instance_n=20_10_c02/epsilon_trace.csv,3,epsilon,2,93,True,,False,True,0,90.0,207.60000000000002,2,2,2,True,False,56.167174058,207.6,72.9445,353445,9226150,300.3322491645813,173.0,34.6,0.654,0,0,0,0,0,10,10
instance_n=20_10_c02,instance_n=20_10,Otto,20,1000.0,c02,2,low,mid,mid,mid,2042,published_results/full_campaign_median_T_252_2026-06-04/solutions/instance_n=20_10_c02/epsilon_trace.csv,4,epsilon,3,89,True,,False,True,0,89.0,220.6,3,2,1,True,False,60.9,220.6,72.3935,291575,9222184,300.30899715423584,210.0,10.600000000000001,0.788,13,7,0,0,0,0,0
instance_n=20_10_c02,instance_n=20_10,Otto,20,1000.0,c02,2,low,mid,mid,mid,2042,published_results/full_campaign_median_T_252_2026-06-04/solutions/instance_n=20_10_c02/epsilon_trace.csv,5,epsilon,4,88,True,,False,True,0,63.0,461.40000000000003,3,1,3,True,False,84.609859155,461.4,81.6624,685061,8940310,300.39620995521545,414.0,47.400000000000006,0.684,0,8,0,0,0,7,5
instance_n=20_10_c02,instance_n=20_10,Otto,20,1000.0,c02,2,low,mid,mid,mid,2042,published_results/full_campaign_median_T_252_2026-06-04/solutions/instance_n=20_10_c02/epsilon_trace.csv,6,epsilon,5,62,True,,False,True,0,58.0,486.15,3,1,2,True,False,263.05,486.15,45.8912,545013,17413214,300.348886013031,475.0,11.15,0.8885,6,14,0,0,0,0,0
instance_n=20_10_c02,instance_n=20_10,Otto,20,1000.0,c02,2,low,mid,mid,mid,2042,published_results/full_campaign_median_T_252_2026-06-04/solutions/instance_n=20_10_c02/epsilon_trace.csv,7,epsilon,6,57,True,,False,True,0,27.0,776.0000000000001,3,0,3,True,False,282.35,776.0,63.6147,840542,30906533,300.41449785232544,767.0,9.0,0.94,0,20,0,0,0,0,0
instance_n=20_10_c02,instance_n=20_10,Otto,20,1000.0,c02,2,low,mid,mid,mid,2042,published_results/full_campaign_median_T_252_2026-06-04/solutions/instance_n=20_10_c02/epsilon_trace.csv,8,epsilon,7,26,False,infeasible,,,0,,,,,,,,,,,,,,,,,,,,,,,
instance_n=20_10_c03,instance_n=20_10,Otto,20,1000.0,c03,3,low,high,high,high,3042,published_results/full_campaign_median_T_252_2026-06-04/solutions/instance_n=20_10_c03/epsilon_trace.csv,1,E0_HI_only,0,,True,,False,True,0,120.0,0.0,3,3,0,True,True,120.0,120.0,0.0,0,690,0.029400110244750977,0.0,0.0,,20,0,0,0,0,0,0
instance_n=20_10_c03,instance_n=20_10,Otto,20,1000.0,c03,3,low,high,high,high,3042,published_results/full_campaign_median_T_252_2026-06-04/solutions/instance_n=20_10_c03/epsilon_trace.csv,2,epsilon,1,119,True,,False,True,0,89.0,198.75,3,2,1,True,False,84.935357417,198.75,57.2652,148119,5501977,301.0649981498718,189.0,9.75,0.805,15,5,0,0,0,0,0
instance_n=20_10_c03,instance_n=20_10,Otto,20,1000.0,c03,3,low,high,high,high,3042,published_results/full_campaign_median_T_252_2026-06-04/solutions/instance_n=20_10_c03/epsilon_trace.csv,3,epsilon,2,88,True,,False,True,0,58.0,451.6,3,1,2,True,False,123.45,451.6,72.6639,414199,11935580,300.30000019073486,439.0,12.600000000000001,0.874,7,13,0,0,0,0,0
instance_n=20_10_c03,instance_n=20_10,Otto,20,1000.0,c03,3,low,high,high,high,3042,published_results/full_campaign_median_T_252_2026-06-04/solutions/instance_n=20_10_c03/epsilon_trace.csv,4,epsilon,3,57,True,,False,True,0,27.0,733.9499999999999,3,0,3,True,True,733.95,733.95,0.0,877694,20261785,211.72699880599976,722.0,11.950000000000001,0.9203,0,20,0,0,0,0,0
instance_n=20_10_c03,instance_n=20_10,Otto,20,1000.0,c03,3,low,high,high,high,3042,published_results/full_campaign_median_T_252_2026-06-04/solutions/instance_n=20_10_c03/epsilon_trace.csv,5,epsilon,4,26,False,infeasible,,,0,,,,,,,,,,,,,,,,,,,,,,,
instance_n=20_10_c04,instance_n=20_10,Otto,20,1000.0,c04,4,mid,low,mid,high,4042,published_results/full_campaign_median_T_252_2026-06-04/solutions/instance_n=20_10_c04/epsilon_trace.csv,1,E0_HI_only,0,,True,,False,True,0,120.0,0.0,3,3,0,True,True,120.0,120.0,0.0,0,690,0.02914595603942871,0.0,0.0,,20,0,0,0,0,0,0
instance_n=20_10_c04,instance_n=20_10,Otto,20,1000.0,c04,4,mid,low,mid,high,4042,published_results/full_campaign_median_T_252_2026-06-04/solutions/instance_n=20_10_c04/epsilon_trace.csv,2,epsilon,1,119,True,,False,True,0,85.0,121.55,2,2,1,True,True,121.55,121.55,0.0,9427,694777,26.88760209083557,104.0,17.55,0.649,9,0,0,0,11,0,0
instance_n=20_10_c04,instance_n=20_10,Otto,20,1000.0,c04,4,mid,low,mid,high,4042,published_results/full_campaign_median_T_252_2026-06-04/solutions/instance_n=20_10_c04/epsilon_trace.csv,3,epsilon,2,84,True,,False,True,0,54.0,253.25,2,1,2,True,True,253.25,253.25,0.0,7646,310426,9.989947080612183,214.0,39.25,0.6075,0,2,0,0,18,0,0
instance_n=20_10_c04,instance_n=20_10,Otto,20,1000.0,c04,4,mid,low,mid,high,4042,published_results/full_campaign_median_T_252_2026-06-04/solutions/instance_n=20_10_c04/epsilon_trace.csv,4,epsilon,3,53,True,,False,True,0,45.0,1102.6000000000001,5,0,5,True,True,1102.6,1102.6,0.0,0,2031,0.742156982421875,1059.0,43.6,0.8256,0,20,0,0,0,0,0
instance_n=20_10_c04,instance_n=20_10,Otto,20,1000.0,c04,4,mid,low,mid,high,4042,published_results/full_campaign_median_T_252_2026-06-04/solutions/instance_n=20_10_c04/epsilon_trace.csv,5,epsilon,4,44,False,infeasible,,,0,,,,,,,,,,,,,,,,,,,,,,,
instance_n=20_10_c05,instance_n=20_10,Otto,20,1000.0,c05,5,mid,mid,high,low,5042,published_results/full_campaign_median_T_252_2026-06-04/solutions/instance_n=20_10_c05/epsilon_trace.csv,1,E0_HI_only,0,,True,,False,True,0,120.0,0.0,3,3,0,True,True,120.0,120.0,0.0,0,690,0.030060768127441406,0.0,0.0,,20,0,0,0,0,0,0
instance_n=20_10_c05,instance_n=20_10,Otto,20,1000.0,c05,5,mid,mid,high,low,5042,published_results/full_campaign_median_T_252_2026-06-04/solutions/instance_n=20_10_c05/epsilon_trace.csv,2,epsilon,1,119,True,,False,True,0,94.0,223.6,3,2,2,True,False,54.71839242,223.6,75.5284,177629,7350015,300.3038170337677,182.0,41.6,0.584,7,2,0,0,0,8,3
instance_n=20_10_c05,instance_n=20_10,Otto,20,1000.0,c05,5,mid,mid,high,low,5042,published_results/full_campaign_median_T_252_2026-06-04/solutions/instance_n=20_10_c05/epsilon_trace.csv,3,epsilon,2,93,True,,False,True,1,90.0,202.64999999999998,2,2,2,True,False,84.143587662,202.65,58.4784,433473,11092965,300.3208100795746,168.0,34.65,0.6535,0,0,0,0,0,15,5
instance_n=20_10_c05,instance_n=20_10,Otto,20,1000.0,c05,5,mid,mid,high,low,5042,published_results/full_campaign_median_T_252_2026-06-04/solutions/instance_n=20_10_c05/epsilon_trace.csv,4,epsilon,3,89,True,,False,True,0,63.0,568.4,3,1,3,True,False,73.313574317,568.4,87.1018,341861,11152059,300.32130908966064,552.0,16.400000000000002,0.8907,0,6,0,0,0,9,5
instance_n=20_10_c05,instance_n=20_10,Otto,20,1000.0,c05,5,mid,mid,high,low,5042,published_results/full_campaign_median_T_252_2026-06-04/solutions/instance_n=20_10_c05/epsilon_trace.csv,5,epsilon,4,62,True,,False,True,0,36.0,1018.7,4,0,4,True,False,340.7,1018.7,66.5554,819483,28295503,300.28442764282227,1016.0,2.7,0.9865,0,20,0,0,0,0,0
instance_n=20_10_c05,instance_n=20_10,Otto,20,1000.0,c05,5,mid,mid,high,low,5042,published_results/full_campaign_median_T_252_2026-06-04/solutions/instance_n=20_10_c05/epsilon_trace.csv,6,epsilon,5,35,False,infeasible,,,0,,,,,,,,,,,,,,,,,,,,,,,
instance_n=20_10_c06,instance_n=20_10,Otto,20,1000.0,c06,6,mid,high,low,mid,6042,published_results/full_campaign_median_T_252_2026-06-04/solutions/instance_n=20_10_c06/epsilon_trace.csv,1,E0_HI_only,0,,True,,False,True,0,120.0,0.0,3,3,0,True,True,120.0,120.0,0.0,0,690,0.029243946075439453,0.0,0.0,,20,0,0,0,0,0,0
instance_n=20_10_c06,instance_n=20_10,Otto,20,1000.0,c06,6,mid,high,low,mid,6042,published_results/full_campaign_median_T_252_2026-06-04/solutions/instance_n=20_10_c06/epsilon_trace.csv,2,epsilon,1,119,True,,False,True,0,90.0,255.6,2,2,2,True,False,97.310481868,255.6,61.9286,245114,7668737,300.62468910217285,248.0,7.6000000000000005,0.924,0,0,0,0,0,11,9
instance_n=20_10_c06,instance_n=20_10,Otto,20,1000.0,c06,6,mid,high,low,mid,6042,published_results/full_campaign_median_T_252_2026-06-04/solutions/instance_n=20_10_c06/epsilon_trace.csv,3,epsilon,2,89,True,,False,True,0,63.0,624.0500000000001,3,1,3,True,False,183.27000122,624.05,70.6322,306243,9347170,300.30866980552673,621.0,3.0500000000000003,0.9797,0,10,0,0,0,6,4
instance_n=20_10_c06,instance_n=20_10,Otto,20,1000.0,c06,6,mid,high,low,mid,6042,published_results/full_campaign_median_T_252_2026-06-04/solutions/instance_n=20_10_c06/epsilon_trace.csv,4,epsilon,3,62,True,,False,True,0,45.0,1096.4499999999998,5,0,5,True,True,1096.45,1096.45,0.0,10297,439091,7.2387449741363525,1051.0,45.45,0.8182,0,20,0,0,0,0,0
instance_n=20_10_c06,instance_n=20_10,Otto,20,1000.0,c06,6,mid,high,low,mid,6042,published_results/full_campaign_median_T_252_2026-06-04/solutions/instance_n=20_10_c06/epsilon_trace.csv,5,epsilon,4,44,False,infeasible,,,0,,,,,,,,,,,,,,,,,,,,,,,
instance_n=20_10_c07,instance_n=20_10,Otto,20,1000.0,c07,7,high,low,high,mid,7042,published_results/full_campaign_median_T_252_2026-06-04/solutions/instance_n=20_10_c07/epsilon_trace.csv,1,E0_HI_only,0,,True,,False,True,0,120.0,0.0,3,3,0,True,True,120.0,120.0,0.0,0,690,0.03173017501831055,0.0,0.0,,20,0,0,0,0,0,0
instance_n=20_10_c07,instance_n=20_10,Otto,20,1000.0,c07,7,high,low,high,mid,7042,published_results/full_campaign_median_T_252_2026-06-04/solutions/instance_n=20_10_c07/epsilon_trace.csv,2,epsilon,1,119,True,,False,True,0,85.0,121.9,2,2,1,True,True,121.9,121.9,0.0,10441,496880,21.901537895202637,106.0,15.9,0.682,8,0,0,0,12,0,0
instance_n=20_10_c07,instance_n=20_10,Otto,20,1000.0,c07,7,high,low,high,mid,7042,published_results/full_campaign_median_T_252_2026-06-04/solutions/instance_n=20_10_c07/epsilon_trace.csv,3,epsilon,2,84,True,,False,True,0,54.0,273.1,2,1,2,True,True,273.1,273.1,0.0,7887,322877,7.123684883117676,241.0,32.1,0.679,0,1,0,0,19,0,0
instance_n=20_10_c07,instance_n=20_10,Otto,20,1000.0,c07,7,high,low,high,mid,7042,published_results/full_campaign_median_T_252_2026-06-04/solutions/instance_n=20_10_c07/epsilon_trace.csv,4,epsilon,3,53,False,infeasible,,,0,,,,,,,,,,,,,,,,,,,,,,,
instance_n=20_10_c08,instance_n=20_10,Otto,20,1000.0,c08,8,high,mid,low,high,8042,published_results/full_campaign_median_T_252_2026-06-04/solutions/instance_n=20_10_c08/epsilon_trace.csv,1,E0_HI_only,0,,True,,False,True,0,120.0,0.0,3,3,0,True,True,120.0,120.0,0.0,0,690,0.031538963317871094,0.0,0.0,,20,0,0,0,0,0,0
instance_n=20_10_c08,instance_n=20_10,Otto,20,1000.0,c08,8,high,mid,low,high,8042,published_results/full_campaign_median_T_252_2026-06-04/solutions/instance_n=20_10_c08/epsilon_trace.csv,2,epsilon,1,119,True,,False,True,0,90.0,288.55,2,2,2,True,False,220.6,288.55,23.5488,195310,8509041,300.2990720272064,279.0,9.55,0.9045,0,0,0,0,20,0,0
instance_n=20_10_c08,instance_n=20_10,Otto,20,1000.0,c08,8,high,mid,low,high,8042,published_results/full_campaign_median_T_252_2026-06-04/solutions/instance_n=20_10_c08/epsilon_trace.csv,3,epsilon,2,89,True,,False,True,0,72.0,812.8,4,1,4,True,False,641.05,812.8,21.1307,327812,15498911,300.3096137046814,793.0,19.8,0.901,0,10,0,0,10,0,0
instance_n=20_10_c08,instance_n=20_10,Otto,20,1000.0,c08,8,high,mid,low,high,8042,published_results/full_campaign_median_T_252_2026-06-04/solutions/instance_n=20_10_c08/epsilon_trace.csv,4,epsilon,3,71,True,,False,True,0,63.0,1613.0,7,0,7,True,True,1613.0,1613.0,0.0,8914,505945,9.730615139007568,1567.0,46.0,0.8686,0,20,0,0,0,0,0
instance_n=20_10_c08,instance_n=20_10,Otto,20,1000.0,c08,8,high,mid,low,high,8042,published_results/full_campaign_median_T_252_2026-06-04/solutions/instance_n=20_10_c08/epsilon_trace.csv,5,epsilon,4,62,False,infeasible,,,0,,,,,,,,,,,,,,,,,,,,,,,
instance_n=20_10_c09,instance_n=20_10,Otto,20,1000.0,c09,9,high,high,mid,low,9042,published_results/full_campaign_median_T_252_2026-06-04/solutions/instance_n=20_10_c09/epsilon_trace.csv,1,E0_HI_only,0,,True,,False,True,0,120.0,0.0,3,3,0,True,True,120.0,120.0,0.0,0,690,0.029712915420532227,0.0,0.0,,20,0,0,0,0,0,0
instance_n=20_10_c09,instance_n=20_10,Otto,20,1000.0,c09,9,high,high,mid,low,9042,published_results/full_campaign_median_T_252_2026-06-04/solutions/instance_n=20_10_c09/epsilon_trace.csv,2,epsilon,1,119,True,,False,True,0,99.0,327.55,3,2,3,True,False,78.65,327.55,75.9884,170609,9269591,300.32011318206787,281.0,46.550000000000004,0.6897,0,1,0,0,0,13,6
instance_n=20_10_c09,instance_n=20_10,Otto,20,1000.0,c09,9,high,high,mid,low,9042,published_results/full_campaign_median_T_252_2026-06-04/solutions/instance_n=20_10_c09/epsilon_trace.csv,3,epsilon,2,98,True,,False,True,0,94.0,348.65000000000003,3,2,2,True,False,82.107864078,348.65,76.4498,252977,7645801,300.36599826812744,342.0,6.65,0.9335,7,3,0,0,0,5,5
instance_n=20_10_c09,instance_n=20_10,Otto,20,1000.0,c09,9,high,high,mid,low,9042,published_results/full_campaign_median_T_252_2026-06-04/solutions/instance_n=20_10_c09/epsilon_trace.csv,4,epsilon,3,93,True,,False,True,0,81.0,951.3999999999999,5,1,5,True,False,60.006477207,951.4,93.6928,183724,8537386,300.30360770225525,905.0,46.400000000000006,0.8144,0,12,0,0,0,4,4
instance_n=20_10_c09,instance_n=20_10,Otto,20,1000.0,c09,9,high,high,mid,low,9042,published_results/full_campaign_median_T_252_2026-06-04/solutions/instance_n=20_10_c09/epsilon_trace.csv,5,epsilon,4,80,True,,False,True,0,76.0,992.35,5,1,4,True,False,425.91,992.35,57.0807,462410,13231704,300.37313508987427,987.0,5.3500000000000005,0.9732,5,15,0,0,0,0,0
instance_n=20_10_c09,instance_n=20_10,Otto,20,1000.0,c09,9,high,high,mid,low,9042,published_results/full_campaign_median_T_252_2026-06-04/solutions/instance_n=20_10_c09/epsilon_trace.csv,6,epsilon,5,75,True,,False,True,0,63.0,1676.45,7,0,7,True,False,457.01629424,1676.45,72.739,538935,12966100,300.380086183548,1638.0,38.45,0.8901,0,20,0,0,0,0,0
instance_n=20_10_c09,instance_n=20_10,Otto,20,1000.0,c09,9,high,high,mid,low,9042,published_results/full_campaign_median_T_252_2026-06-04/solutions/instance_n=20_10_c09/epsilon_trace.csv,7,epsilon,6,62,False,infeasible,,,0,,,,,,,,,,,,,,,,,,,,,,,
instance_n=20_1_c01,instance_n=20_1,Otto,20,1000.0,c01,1,low,low,low,low,1042,published_results/full_campaign_median_T_252_2026-06-04/solutions/instance_n=20_1_c01/epsilon_trace.csv,1,E0_HI_only,0,,True,,False,True,0,120.0,0.0,3,3,0,True,True,120.0,120.0,0.0,0,691,0.03171825408935547,0.0,0.0,,20,0,0,0,0,0,0
instance_n=20_1_c01,instance_n=20_1,Otto,20,1000.0,c01,1,low,low,low,low,1042,published_results/full_campaign_median_T_252_2026-06-04/solutions/instance_n=20_1_c01/epsilon_trace.csv,2,epsilon,1,119,True,,False,True,0,85.0,124.35,2,2,1,True,False,65.525020973,124.35,47.306,188723,6174815,300.3072781562805,109.0,15.350000000000001,0.693,7,0,0,0,13,0,0
instance_n=20_1_c01,instance_n=20_1,Otto,20,1000.0,c01,1,low,low,low,low,1042,published_results/full_campaign_median_T_252_2026-06-04/solutions/instance_n=20_1_c01/epsilon_trace.csv,3,epsilon,2,84,True,,False,True,0,54.0,251.10000000000002,2,1,2,True,True,251.1,251.1,0.0,51560,1734528,39.70917892456055,212.0,39.1,0.609,0,2,0,0,18,0,0
instance_n=20_1_c01,instance_n=20_1,Otto,20,1000.0,c01,1,low,low,low,low,1042,published_results/full_campaign_median_T_252_2026-06-04/solutions/instance_n=20_1_c01/epsilon_trace.csv,4,epsilon,3,53,True,,False,True,0,27.0,755.5,3,0,3,True,True,755.5,755.5,0.0,1431,41395,0.8560671806335449,748.0,7.5,0.95,0,20,0,0,0,0,0
instance_n=20_1_c01,instance_n=20_1,Otto,20,1000.0,c01,1,low,low,low,low,1042,published_results/full_campaign_median_T_252_2026-06-04/solutions/instance_n=20_1_c01/epsilon_trace.csv,5,epsilon,4,26,False,infeasible,,,0,,,,,,,,,,,,,,,,,,,,,,,
instance_n=20_1_c02,instance_n=20_1,Otto,20,1000.0,c02,2,low,mid,mid,mid,2042,published_results/full_campaign_median_T_252_2026-06-04/solutions/instance_n=20_1_c02/epsilon_trace.csv,1,E0_HI_only,0,,True,,False,True,0,120.0,0.0,3,3,0,True,True,120.0,120.0,0.0,0,691,0.02994990348815918,0.0,0.0,,20,0,0,0,0,0,0
instance_n=20_1_c02,instance_n=20_1,Otto,20,1000.0,c02,2,low,mid,mid,mid,2042,published_results/full_campaign_median_T_252_2026-06-04/solutions/instance_n=20_1_c02/epsilon_trace.csv,2,epsilon,1,119,True,,False,True,0,90.0,212.45,2,2,2,True,False,96.480274583,212.45,54.5868,209715,5737705,300.3596558570862,182.0,30.450000000000003,0.6955,0,0,0,0,0,12,8
instance_n=20_1_c02,instance_n=20_1,Otto,20,1000.0,c02,2,low,mid,mid,mid,2042,published_results/full_campaign_median_T_252_2026-06-04/solutions/instance_n=20_1_c02/epsilon_trace.csv,3,epsilon,2,89,True,,False,True,0,89.0,228.05,3,2,1,True,False,99.217647059,228.05,56.493,476965,11889845,300.40262031555176,222.0,6.050000000000001,0.879,13,7,0,0,0,0,0
instance_n=20_1_c02,instance_n=20_1,Otto,20,1000.0,c02,2,low,mid,mid,mid,2042,published_results/full_campaign_median_T_252_2026-06-04/solutions/instance_n=20_1_c02/epsilon_trace.csv,4,epsilon,3,88,True,,False,True,0,63.0,470.00000000000006,3,1,3,True,False,96.387879748,470.0,79.4919,368076,11406571,300.31568121910095,426.0,44.0,0.7067,0,8,0,0,0,5,7
instance_n=20_1_c02,instance_n=20_1,Otto,20,1000.0,c02,2,low,mid,mid,mid,2042,published_results/full_campaign_median_T_252_2026-06-04/solutions/instance_n=20_1_c02/epsilon_trace.csv,5,epsilon,4,62,True,,False,True,0,58.0,493.15000000000003,3,1,2,True,False,358.75,493.15,27.2534,781235,14363740,300.3500440120697,485.0,8.15,0.9185,6,14,0,0,0,0,0
instance_n=20_1_c02,instance_n=20_1,Otto,20,1000.0,c02,2,low,mid,mid,mid,2042,published_results/full_campaign_median_T_252_2026-06-04/solutions/instance_n=20_1_c02/epsilon_trace.csv,6,epsilon,5,57,True,,False,True,0,27.0,777.6,3,0,3,True,False,397.15,777.6,48.9262,1661401,23629897,300.31602811813354,770.0,7.6000000000000005,0.9493,0,20,0,0,0,0,0
instance_n=20_1_c02,instance_n=20_1,Otto,20,1000.0,c02,2,low,mid,mid,mid,2042,published_results/full_campaign_median_T_252_2026-06-04/solutions/instance_n=20_1_c02/epsilon_trace.csv,7,epsilon,6,26,False,infeasible,,,0,,,,,,,,,,,,,,,,,,,,,,,
instance_n=20_1_c03,instance_n=20_1,Otto,20,1000.0,c03,3,low,high,high,high,3042,published_results/full_campaign_median_T_252_2026-06-04/solutions/instance_n=20_1_c03/epsilon_trace.csv,1,E0_HI_only,0,,True,,False,True,0,120.0,0.0,3,3,0,True,True,120.0,120.0,0.0,0,691,0.029467105865478516,0.0,0.0,,20,0,0,0,0,0,0
instance_n=20_1_c03,instance_n=20_1,Otto,20,1000.0,c03,3,low,high,high,high,3042,published_results/full_campaign_median_T_252_2026-06-04/solutions/instance_n=20_1_c03/epsilon_trace.csv,2,epsilon,1,119,True,,False,True,0,89.0,212.3,3,2,1,True,False,160.34991146,212.3,24.4701,359490,5534569,300.35205006599426,205.0,7.300000000000001,0.854,15,5,0,0,0,0,0
instance_n=20_1_c03,instance_n=20_1,Otto,20,1000.0,c03,3,low,high,high,high,3042,published_results/full_campaign_median_T_252_2026-06-04/solutions/instance_n=20_1_c03/epsilon_trace.csv,3,epsilon,2,88,True,,False,True,0,58.0,458.3,3,1,2,True,False,119.00225687,458.3,74.034,343697,12968379,300.324275970459,448.0,10.3,0.897,6,14,0,0,0,0,0
instance_n=20_1_c03,instance_n=20_1,Otto,20,1000.0,c03,3,low,high,high,high,3042,published_results/full_campaign_median_T_252_2026-06-04/solutions/instance_n=20_1_c03/epsilon_trace.csv,4,epsilon,3,57,True,,False,True,0,27.0,736.4999999999999,3,0,3,True,True,736.5,736.5,0.0,453212,13973224,113.94154787063599,727.0,9.5,0.9367,0,20,0,0,0,0,0
instance_n=20_1_c03,instance_n=20_1,Otto,20,1000.0,c03,3,low,high,high,high,3042,published_results/full_campaign_median_T_252_2026-06-04/solutions/instance_n=20_1_c03/epsilon_trace.csv,5,epsilon,4,26,False,infeasible,,,0,,,,,,,,,,,,,,,,,,,,,,,
instance_n=20_1_c04,instance_n=20_1,Otto,20,1000.0,c04,4,mid,low,mid,high,4042,published_results/full_campaign_median_T_252_2026-06-04/solutions/instance_n=20_1_c04/epsilon_trace.csv,1,E0_HI_only,0,,True,,False,True,0,120.0,0.0,3,3,0,True,True,120.0,120.0,0.0,0,691,0.029327869415283203,0.0,0.0,,20,0,0,0,0,0,0
instance_n=20_1_c04,instance_n=20_1,Otto,20,1000.0,c04,4,mid,low,mid,high,4042,published_results/full_campaign_median_T_252_2026-06-04/solutions/instance_n=20_1_c04/epsilon_trace.csv,2,epsilon,1,119,True,,False,True,0,85.0,123.95,2,2,1,True,True,123.95,123.95,0.0,8678,441096,23.358797788619995,109.0,14.950000000000001,0.701,6,0,0,0,14,0,0
instance_n=20_1_c04,instance_n=20_1,Otto,20,1000.0,c04,4,mid,low,mid,high,4042,published_results/full_campaign_median_T_252_2026-06-04/solutions/instance_n=20_1_c04/epsilon_trace.csv,3,epsilon,2,84,True,,False,True,0,54.0,271.25,2,1,2,True,True,271.25,271.25,0.0,698,50382,2.911139965057373,238.0,33.25,0.6675,0,2,0,0,18,0,0
instance_n=20_1_c04,instance_n=20_1,Otto,20,1000.0,c04,4,mid,low,mid,high,4042,published_results/full_campaign_median_T_252_2026-06-04/solutions/instance_n=20_1_c04/epsilon_trace.csv,4,epsilon,3,53,True,,False,True,0,45.0,1118.35,5,0,5,True,True,1118.35,1118.35,0.0,0,1829,0.9167108535766602,1074.0,44.35,0.8226,0,20,0,0,0,0,0
instance_n=20_1_c04,instance_n=20_1,Otto,20,1000.0,c04,4,mid,low,mid,high,4042,published_results/full_campaign_median_T_252_2026-06-04/solutions/instance_n=20_1_c04/epsilon_trace.csv,5,epsilon,4,44,False,infeasible,,,0,,,,,,,,,,,,,,,,,,,,,,,
instance_n=20_1_c05,instance_n=20_1,Otto,20,1000.0,c05,5,mid,mid,high,low,5042,published_results/full_campaign_median_T_252_2026-06-04/solutions/instance_n=20_1_c05/epsilon_trace.csv,1,E0_HI_only,0,,True,,False,True,0,120.0,0.0,3,3,0,True,True,120.0,120.0,0.0,0,691,0.03015303611755371,0.0,0.0,,20,0,0,0,0,0,0
instance_n=20_1_c05,instance_n=20_1,Otto,20,1000.0,c05,5,mid,mid,high,low,5042,published_results/full_campaign_median_T_252_2026-06-04/solutions/instance_n=20_1_c05/epsilon_trace.csv,2,epsilon,1,119,True,,False,True,0,90.0,222.1,2,2,2,True,False,76.081025958,222.1,65.7447,206964,6147280,300.3400208950043,192.0,30.1,0.699,0,0,0,0,0,12,8
instance_n=20_1_c05,instance_n=20_1,Otto,20,1000.0,c05,5,mid,mid,high,low,5042,published_results/full_campaign_median_T_252_2026-06-04/solutions/instance_n=20_1_c05/epsilon_trace.csv,3,epsilon,2,89,True,,False,True,0,63.0,582.95,3,1,3,True,False,88.986631486,582.95,84.7351,414987,11163404,300.3335118293762,571.0,11.950000000000001,0.9203,0,7,0,0,0,7,6
instance_n=20_1_c05,instance_n=20_1,Otto,20,1000.0,c05,5,mid,mid,high,low,5042,published_results/full_campaign_median_T_252_2026-06-04/solutions/instance_n=20_1_c05/epsilon_trace.csv,4,epsilon,3,62,True,,False,True,0,45.0,1093.85,5,0,5,True,True,1093.85,1093.85,0.0,9189,218769,5.315186023712158,1048.0,45.85,0.8166,0,20,0,0,0,0,0
instance_n=20_1_c05,instance_n=20_1,Otto,20,1000.0,c05,5,mid,mid,high,low,5042,published_results/full_campaign_median_T_252_2026-06-04/solutions/instance_n=20_1_c05/epsilon_trace.csv,5,epsilon,4,44,False,infeasible,,,0,,,,,,,,,,,,,,,,,,,,,,,
instance_n=20_1_c06,instance_n=20_1,Otto,20,1000.0,c06,6,mid,high,low,mid,6042,published_results/full_campaign_median_T_252_2026-06-04/solutions/instance_n=20_1_c06/epsilon_trace.csv,1,E0_HI_only,0,,True,,False,True,0,120.0,0.0,3,3,0,True,True,120.0,120.0,0.0,0,691,0.03017711639404297,0.0,0.0,,20,0,0,0,0,0,0
instance_n=20_1_c06,instance_n=20_1,Otto,20,1000.0,c06,6,mid,high,low,mid,6042,published_results/full_campaign_median_T_252_2026-06-04/solutions/instance_n=20_1_c06/epsilon_trace.csv,2,epsilon,1,119,True,,False,True,0,90.0,263.3,2,2,2,True,False,128.96843936,263.3,51.0184,295005,7021270,300.39041805267334,256.0,7.300000000000001,0.927,0,0,0,0,0,10,10
instance_n=20_1_c06,instance_n=20_1,Otto,20,1000.0,c06,6,mid,high,low,mid,6042,published_results/full_campaign_median_T_252_2026-06-04/solutions/instance_n=20_1_c06/epsilon_trace.csv,3,epsilon,2,89,True,,False,True,0,67.0,660.3000000000001,4,1,3,True,False,440.5,660.3,33.2879,440530,10605027,300.34934282302856,642.0,18.3,0.878,6,14,0,0,0,0,0
instance_n=20_1_c06,instance_n=20_1,Otto,20,1000.0,c06,6,mid,high,low,mid,6042,published_results/full_campaign_median_T_252_2026-06-04/solutions/instance_n=20_1_c06/epsilon_trace.csv,4,epsilon,3,66,True,,False,True,1,63.0,649.6,3,1,3,True,False,484.68251782,649.6,25.3875,762954,14099030,300.3930199146271,649.0,0.6000000000000001,0.996,0,9,0,0,0,6,5
instance_n=20_1_c06,instance_n=20_1,Otto,20,1000.0,c06,6,mid,high,low,mid,6042,published_results/full_campaign_median_T_252_2026-06-04/solutions/instance_n=20_1_c06/epsilon_trace.csv,5,epsilon,4,62,True,,False,True,0,45.0,1097.75,5,0,5,True,True,1097.75,1097.75,0.0,5765,123895,1.900874137878418,1053.0,44.75,0.821,0,20,0,0,0,0,0
instance_n=20_1_c06,instance_n=20_1,Otto,20,1000.0,c06,6,mid,high,low,mid,6042,published_results/full_campaign_median_T_252_2026-06-04/solutions/instance_n=20_1_c06/epsilon_trace.csv,6,epsilon,5,44,False,infeasible,,,0,,,,,,,,,,,,,,,,,,,,,,,
instance_n=20_1_c07,instance_n=20_1,Otto,20,1000.0,c07,7,high,low,high,mid,7042,published_results/full_campaign_median_T_252_2026-06-04/solutions/instance_n=20_1_c07/epsilon_trace.csv,1,E0_HI_only,0,,True,,False,True,0,120.0,0.0,3,3,0,True,True,120.0,120.0,0.0,0,691,0.02971482276916504,0.0,0.0,,20,0,0,0,0,0,0
instance_n=20_1_c07,instance_n=20_1,Otto,20,1000.0,c07,7,high,low,high,mid,7042,published_results/full_campaign_median_T_252_2026-06-04/solutions/instance_n=20_1_c07/epsilon_trace.csv,2,epsilon,1,119,True,,False,True,0,85.0,121.9,2,2,1,True,True,121.9,121.9,0.0,5214,307876,10.652045965194702,106.0,15.9,0.682,7,0,0,0,13,0,0
instance_n=20_1_c07,instance_n=20_1,Otto,20,1000.0,c07,7,high,low,high,mid,7042,published_results/full_campaign_median_T_252_2026-06-04/solutions/instance_n=20_1_c07/epsilon_trace.csv,3,epsilon,2,84,True,,False,True,0,54.0,304.85,2,1,2,True,True,304.85,304.85,0.0,197,22146,1.7548787593841553,280.0,24.85,0.7515,0,2,0,0,18,0,0
instance_n=20_1_c07,instance_n=20_1,Otto,20,1000.0,c07,7,high,low,high,mid,7042,published_results/full_campaign_median_T_252_2026-06-04/solutions/instance_n=20_1_c07/epsilon_trace.csv,4,epsilon,3,53,False,infeasible,,,0,,,,,,,,,,,,,,,,,,,,,,,
instance_n=20_1_c08,instance_n=20_1,Otto,20,1000.0,c08,8,high,mid,low,high,8042,published_results/full_campaign_median_T_252_2026-06-04/solutions/instance_n=20_1_c08/epsilon_trace.csv,1,E0_HI_only,0,,True,,False,True,0,120.0,0.0,3,3,0,True,True,120.0,120.0,0.0,0,691,0.0302278995513916,0.0,0.0,,20,0,0,0,0,0,0
instance_n=20_1_c08,instance_n=20_1,Otto,20,1000.0,c08,8,high,mid,low,high,8042,published_results/full_campaign_median_T_252_2026-06-04/solutions/instance_n=20_1_c08/epsilon_trace.csv,2,epsilon,1,119,True,,False,True,0,90.0,292.34999999999997,2,2,2,True,True,292.35,292.35,0.0,285908,4531735,243.4622700214386,285.0,7.3500000000000005,0.9265,0,0,0,0,20,0,0
instance_n=20_1_c08,instance_n=20_1,Otto,20,1000.0,c08,8,high,mid,low,high,8042,published_results/full_campaign_median_T_252_2026-06-04/solutions/instance_n=20_1_c08/epsilon_trace.csv,3,epsilon,2,89,True,,False,True,0,72.0,832.8000000000001,4,1,4,True,True,832.8000000000001,832.8000000000001,0.0,75278,2017121,75.01235103607178,816.0,16.8,0.916,0,10,0,0,10,0,0
instance_n=20_1_c08,instance_n=20_1,Otto,20,1000.0,c08,8,high,mid,low,high,8042,published_results/full_campaign_median_T_252_2026-06-04/solutions/instance_n=20_1_c08/epsilon_trace.csv,4,epsilon,3,71,True,,False,True,0,63.0,1603.0,7,0,7,True,True,1603.0,1603.0,0.0,0,1341,1.8399081230163574,1558.0,45.0,0.8714,0,20,0,0,0,0,0
instance_n=20_1_c08,instance_n=20_1,Otto,20,1000.0,c08,8,high,mid,low,high,8042,published_results/full_campaign_median_T_252_2026-06-04/solutions/instance_n=20_1_c08/epsilon_trace.csv,5,epsilon,4,62,False,infeasible,,,0,,,,,,,,,,,,,,,,,,,,,,,
instance_n=20_1_c09,instance_n=20_1,Otto,20,1000.0,c09,9,high,high,mid,low,9042,published_results/full_campaign_median_T_252_2026-06-04/solutions/instance_n=20_1_c09/epsilon_trace.csv,1,E0_HI_only,0,,True,,False,True,0,120.0,0.0,3,3,0,True,True,120.0,120.0,0.0,0,691,0.029711246490478516,0.0,0.0,,20,0,0,0,0,0,0
instance_n=20_1_c09,instance_n=20_1,Otto,20,1000.0,c09,9,high,high,mid,low,9042,published_results/full_campaign_median_T_252_2026-06-04/solutions/instance_n=20_1_c09/epsilon_trace.csv,2,epsilon,1,119,True,,False,True,0,99.0,357.34999999999997,3,2,3,True,False,123.63341506,357.35,65.4027,382359,4503060,300.3718068599701,311.0,46.35,0.691,0,1,0,0,0,13,6
instance_n=20_1_c09,instance_n=20_1,Otto,20,1000.0,c09,9,high,high,mid,low,9042,published_results/full_campaign_median_T_252_2026-06-04/solutions/instance_n=20_1_c09/epsilon_trace.csv,3,epsilon,2,98,True,,False,True,0,94.0,384.7,3,2,2,True,False,118.36574316,384.7,69.2317,308099,7227390,300.4157590866089,382.0,2.7,0.973,7,3,0,0,0,6,4
instance_n=20_1_c09,instance_n=20_1,Otto,20,1000.0,c09,9,high,high,mid,low,9042,published_results/full_campaign_median_T_252_2026-06-04/solutions/instance_n=20_1_c09/epsilon_trace.csv,4,epsilon,3,93,True,,False,True,0,81.0,976.4499999999999,5,1,5,True,False,126.6,976.45,87.0347,479752,10770522,300.3542160987854,929.0,47.45,0.8102,0,13,0,0,0,5,2
instance_n=20_1_c09,instance_n=20_1,Otto,20,1000.0,c09,9,high,high,mid,low,9042,published_results/full_campaign_median_T_252_2026-06-04/solutions/instance_n=20_1_c09/epsilon_trace.csv,5,epsilon,4,80,True,,False,True,0,63.0,1711.3,7,0,7,True,False,663.02884026,1711.3,61.2558,591857,11311518,301.0303020477295,1673.0,38.300000000000004,0.8906,0,20,0,0,0,0,0
instance_n=20_1_c09,instance_n=20_1,Otto,20,1000.0,c09,9,high,high,mid,low,9042,published_results/full_campaign_median_T_252_2026-06-04/solutions/instance_n=20_1_c09/epsilon_trace.csv,6,epsilon,5,62,False,infeasible,,,0,,,,,,,,,,,,,,,,,,,,,,,
instance_n=20_63_c01,instance_n=20_63,Otto,20,1000.0,c01,1,low,low,low,low,1042,published_results/full_campaign_median_T_252_2026-06-04/solutions/instance_n=20_63_c01/epsilon_trace.csv,1,E0_HI_only,0,,True,,False,True,0,200.0,0.0,5,5,0,True,True,200.0,200.0,0.0,0,456,0.03531813621520996,0.0,0.0,,20,0,0,0,0,0,0
instance_n=20_63_c01,instance_n=20_63,Otto,20,1000.0,c01,1,low,low,low,low,1042,published_results/full_campaign_median_T_252_2026-06-04/solutions/instance_n=20_63_c01/epsilon_trace.csv,2,epsilon,1,199,True,,False,True,0,165.0,107.2,4,4,1,True,False,55.1,107.2,48.6007,86745,6436052,300.3551290035248,85.0,22.200000000000003,0.556,14,0,0,0,6,0,0
instance_n=20_63_c01,instance_n=20_63,Otto,20,1000.0,c01,1,low,low,low,low,1042,published_results/full_campaign_median_T_252_2026-06-04/solutions/instance_n=20_63_c01/epsilon_trace.csv,3,epsilon,2,164,True,,False,True,0,125.0,146.2,3,3,1,True,True,146.2,146.2,0.0,36145,2768674,101.93012499809265,143.0,3.2,0.936,12,0,0,0,8,0,0
instance_n=20_63_c01,instance_n=20_63,Otto,20,1000.0,c01,1,low,low,low,low,1042,published_results/full_campaign_median_T_252_2026-06-04/solutions/instance_n=20_63_c01/epsilon_trace.csv,4,epsilon,3,124,True,,False,True,0,90.0,269.29999999999995,2,2,2,True,False,205.93495944,269.3,23.5295,199883,4729965,300.78046917915344,261.0,8.3,0.917,0,0,0,0,9,7,4
instance_n=20_63_c01,instance_n=20_63,Otto,20,1000.0,c01,1,low,low,low,low,1042,published_results/full_campaign_median_T_252_2026-06-04/solutions/instance_n=20_63_c01/epsilon_trace.csv,5,epsilon,4,89,True,,False,True,0,63.0,614.05,3,1,3,True,True,614.05,614.05,0.0,55633,2744590,98.68230295181274,605.0,9.05,0.9397,0,11,0,0,9,0,0
instance_n=20_63_c01,instance_n=20_63,Otto,20,1000.0,c01,1,low,low,low,low,1042,published_results/full_campaign_median_T_252_2026-06-04/solutions/instance_n=20_63_c01/epsilon_trace.csv,6,epsilon,5,62,True,,False,True,0,45.0,1225.5,5,0,5,True,True,1225.5,1225.5,0.0,2361,83465,2.0586659908294678,1206.0,19.5,0.922,0,20,0,0,0,0,0
instance_n=20_63_c01,instance_n=20_63,Otto,20,1000.0,c01,1,low,low,low,low,1042,published_results/full_campaign_median_T_252_2026-06-04/solutions/instance_n=20_63_c01/epsilon_trace.csv,7,epsilon,6,44,False,infeasible,,,0,,,,,,,,,,,,,,,,,,,,,,,
instance_n=20_63_c02,instance_n=20_63,Otto,20,1000.0,c02,2,low,mid,mid,mid,2042,published_results/full_campaign_median_T_252_2026-06-04/solutions/instance_n=20_63_c02/epsilon_trace.csv,1,E0_HI_only,0,,True,,False,True,0,200.0,0.0,5,5,0,True,True,200.0,200.0,0.0,0,456,0.029306888580322266,0.0,0.0,,20,0,0,0,0,0,0
instance_n=20_63_c02,instance_n=20_63,Otto,20,1000.0,c02,2,low,mid,mid,mid,2042,published_results/full_campaign_median_T_252_2026-06-04/solutions/instance_n=20_63_c02/epsilon_trace.csv,2,epsilon,1,199,True,,False,True,0,165.0,126.65,4,4,1,True,False,56.1,126.65,55.7047,151195,4493778,300.74665093421936,123.0,3.6500000000000004,0.927,12,0,0,0,0,4,4
instance_n=20_63_c02,instance_n=20_63,Otto,20,1000.0,c02,2,low,mid,mid,mid,2042,published_results/full_campaign_median_T_252_2026-06-04/solutions/instance_n=20_63_c02/epsilon_trace.csv,3,epsilon,2,164,True,,False,True,0,134.0,343.0,4,3,2,True,False,139.5179781,343.0,59.3242,131136,5240358,301.049134016037,332.0,11.0,0.89,10,4,0,0,0,4,2
instance_n=20_63_c02,instance_n=20_63,Otto,20,1000.0,c02,2,low,mid,mid,mid,2042,published_results/full_campaign_median_T_252_2026-06-04/solutions/instance_n=20_63_c02/epsilon_trace.csv,4,epsilon,3,133,True,,False,True,0,108.0,589.05,4,2,4,True,False,196.48574144,589.05,66.6436,245342,6551599,300.32613611221313,541.0,48.050000000000004,0.7598,0,4,0,0,0,10,6
instance_n=20_63_c02,instance_n=20_63,Otto,20,1000.0,c02,2,low,mid,mid,mid,2042,published_results/full_campaign_median_T_252_2026-06-04/solutions/instance_n=20_63_c02/epsilon_trace.csv,5,epsilon,4,107,True,,False,True,0,103.0,597.8499999999999,4,2,3,True,False,343.0,597.85,42.6277,198896,7126221,300.3200192451477,586.0,11.850000000000001,0.921,5,9,0,0,0,4,2
instance_n=20_63_c02,instance_n=20_63,Otto,20,1000.0,c02,2,low,mid,mid,mid,2042,published_results/full_campaign_median_T_252_2026-06-04/solutions/instance_n=20_63_c02/epsilon_trace.csv,6,epsilon,5,102,True,,False,True,0,72.0,881.35,4,1,4,True,False,357.05,881.35,59.4883,278864,5895558,300.9868018627167,870.0,11.350000000000001,0.9433,0,12,0,0,0,4,4
instance_n=20_63_c02,instance_n=20_63,Otto,20,1000.0,c02,2,low,mid,mid,mid,2042,published_results/full_campaign_median_T_252_2026-06-04/solutions/instance_n=20_63_c02/epsilon_trace.csv,7,epsilon,6,71,True,,False,True,0,45.0,1240.55,5,0,5,True,True,1240.55,1240.55,0.0,14358,516809,9.67949628829956,1216.0,24.55,0.9018,0,20,0,0,0,0,0
instance_n=20_63_c02,instance_n=20_63,Otto,20,1000.0,c02,2,low,mid,mid,mid,2042,published_results/full_campaign_median_T_252_2026-06-04/solutions/instance_n=20_63_c02/epsilon_trace.csv,8,epsilon,7,44,False,infeasible,,,0,,,,,,,,,,,,,,,,,,,,,,,
instance_n=20_63_c03,instance_n=20_63,Otto,20,1000.0,c03,3,low,high,high,high,3042,published_results/full_campaign_median_T_252_2026-06-04/solutions/instance_n=20_63_c03/epsilon_trace.csv,1,E0_HI_only,0,,True,,False,True,0,200.0,0.0,5,5,0,True,True,200.0,200.0,0.0,0,456,0.029330968856811523,0.0,0.0,,20,0,0,0,0,0,0
instance_n=20_63_c03,instance_n=20_63,Otto,20,1000.0,c03,3,low,high,high,high,3042,published_results/full_campaign_median_T_252_2026-06-04/solutions/instance_n=20_63_c03/epsilon_trace.csv,2,epsilon,1,199,True,,False,True,0,169.0,164.65,5,4,1,True,False,59.832187374,164.65,63.661,83503,4790788,300.3412380218506,147.0,17.650000000000002,0.647,17,3,0,0,0,0,0
instance_n=20_63_c03,instance_n=20_63,Otto,20,1000.0,c03,3,low,high,high,high,3042,published_results/full_campaign_median_T_252_2026-06-04/solutions/instance_n=20_63_c03/epsilon_trace.csv,3,epsilon,2,168,True,,False,True,0,138.0,398.25,5,3,2,True,False,62.65,398.25,84.2687,204597,7469737,300.37624311447144,382.0,16.25,0.8375,13,7,0,0,0,0,0
instance_n=20_63_c03,instance_n=20_63,Otto,20,1000.0,c03,3,low,high,high,high,3042,published_results/full_campaign_median_T_252_2026-06-04/solutions/instance_n=20_63_c03/epsilon_trace.csv,4,epsilon,3,137,True,,False,True,0,107.0,654.0999999999999,5,2,3,True,False,237.44136064,654.1,63.6995,113070,3836788,301.53317499160767,637.0,17.1,0.886,7,13,0,0,0,0,0
instance_n=20_63_c03,instance_n=20_63,Otto,20,1000.0,c03,3,low,high,high,high,3042,published_results/full_campaign_median_T_252_2026-06-04/solutions/instance_n=20_63_c03/epsilon_trace.csv,5,epsilon,4,106,True,,False,True,0,76.0,919.75,5,1,4,True,False,441.97341756,919.75,51.9464,185027,7510193,300.34101390838623,900.0,19.75,0.9012,4,16,0,0,0,0,0
instance_n=20_63_c03,instance_n=20_63,Otto,20,1000.0,c03,3,low,high,high,high,3042,published_results/full_campaign_median_T_252_2026-06-04/solutions/instance_n=20_63_c03/epsilon_trace.csv,6,epsilon,5,75,True,,False,True,0,45.0,1204.4999999999998,5,0,5,True,False,743.31673961,1204.5,38.2884,372262,8527626,300.35439896583557,1184.0,20.5,0.918,0,20,0,0,0,0,0
instance_n=20_63_c03,instance_n=20_63,Otto,20,1000.0,c03,3,low,high,high,high,3042,published_results/full_campaign_median_T_252_2026-06-04/solutions/instance_n=20_63_c03/epsilon_trace.csv,7,epsilon,6,44,False,infeasible,,,0,,,,,,,,,,,,,,,,,,,,,,,
instance_n=20_63_c04,instance_n=20_63,Otto,20,1000.0,c04,4,mid,low,mid,high,4042,published_results/full_campaign_median_T_252_2026-06-04/solutions/instance_n=20_63_c04/epsilon_trace.csv,1,E0_HI_only,0,,True,,False,True,0,200.0,0.0,5,5,0,True,True,200.0,200.0,0.0,0,456,0.029299020767211914,0.0,0.0,,20,0,0,0,0,0,0
instance_n=20_63_c04,instance_n=20_63,Otto,20,1000.0,c04,4,mid,low,mid,high,4042,published_results/full_campaign_median_T_252_2026-06-04/solutions/instance_n=20_63_c04/epsilon_trace.csv,2,epsilon,1,199,True,,False,True,0,165.0,109.35,4,4,1,True,True,109.35,109.35,0.0,42225,2074540,71.3447208404541,87.0,22.35,0.553,12,0,0,0,8,0,0
instance_n=20_63_c04,instance_n=20_63,Otto,20,1000.0,c04,4,mid,low,mid,high,4042,published_results/full_campaign_median_T_252_2026-06-04/solutions/instance_n=20_63_c04/epsilon_trace.csv,3,epsilon,2,164,True,,False,True,0,125.0,150.65,3,3,1,True,True,150.65,150.65,0.0,6121,552124,30.328497171401978,149.0,1.6500000000000001,0.967,10,0,0,0,10,0,0
instance_n=20_63_c04,instance_n=20_63,Otto,20,1000.0,c04,4,mid,low,mid,high,4042,published_results/full_campaign_median_T_252_2026-06-04/solutions/instance_n=20_63_c04/epsilon_trace.csv,4,epsilon,3,124,True,,False,True,0,90.0,285.45,2,2,2,True,True,285.45,285.45,0.0,9812,732431,36.21188187599182,273.0,12.450000000000001,0.8755,0,0,0,0,20,0,0
instance_n=20_63_c04,instance_n=20_63,Otto,20,1000.0,c04,4,mid,low,mid,high,4042,published_results/full_campaign_median_T_252_2026-06-04/solutions/instance_n=20_63_c04/epsilon_trace.csv,5,epsilon,4,89,True,,False,True,0,72.0,812.6499999999999,4,1,4,True,True,812.65,812.65,0.0,509,39068,2.2928731441497803,791.0,21.650000000000002,0.8918,0,7,0,0,13,0,0
instance_n=20_63_c04,instance_n=20_63,Otto,20,1000.0,c04,4,mid,low,mid,high,4042,published_results/full_campaign_median_T_252_2026-06-04/solutions/instance_n=20_63_c04/epsilon_trace.csv,6,epsilon,5,71,True,,False,True,0,63.0,1768.05,7,0,7,True,True,1768.05,1768.05,0.0,0,2436,1.410696029663086,1753.0,15.05,0.957,0,20,0,0,0,0,0
instance_n=20_63_c04,instance_n=20_63,Otto,20,1000.0,c04,4,mid,low,mid,high,4042,published_results/full_campaign_median_T_252_2026-06-04/solutions/instance_n=20_63_c04/epsilon_trace.csv,7,epsilon,6,62,False,infeasible,,,0,,,,,,,,,,,,,,,,,,,,,,,
instance_n=20_63_c05,instance_n=20_63,Otto,20,1000.0,c05,5,mid,mid,high,low,5042,published_results/full_campaign_median_T_252_2026-06-04/solutions/instance_n=20_63_c05/epsilon_trace.csv,1,E0_HI_only,0,,True,,False,True,0,200.0,0.0,5,5,0,True,True,200.0,200.0,0.0,0,456,0.029233932495117188,0.0,0.0,,20,0,0,0,0,0,0
instance_n=20_63_c05,instance_n=20_63,Otto,20,1000.0,c05,5,mid,mid,high,low,5042,published_results/full_campaign_median_T_252_2026-06-04/solutions/instance_n=20_63_c05/epsilon_trace.csv,2,epsilon,1,199,True,,False,True,0,170.0,187.45000000000002,4,4,2,True,False,59.05,187.45,68.4983,110529,7189191,300.3334331512451,139.0,48.45,0.5155,10,0,0,0,0,7,3
instance_n=20_63_c05,instance_n=20_63,Otto,20,1000.0,c05,5,mid,mid,high,low,5042,published_results/full_campaign_median_T_252_2026-06-04/solutions/instance_n=20_63_c05/epsilon_trace.csv,3,epsilon,2,169,True,,False,True,0,169.0,231.25,5,4,1,True,False,59.1,231.25,74.4432,155323,4349148,301.19937777519226,228.0,3.25,0.935,17,3,0,0,0,0,0
instance_n=20_63_c05,instance_n=20_63,Otto,20,1000.0,c05,5,mid,mid,high,low,5042,published_results/full_campaign_median_T_252_2026-06-04/solutions/instance_n=20_63_c05/epsilon_trace.csv,4,epsilon,3,168,True,,False,True,0,139.0,427.95,4,3,3,True,False,59.1,427.95,86.19,132543,7846000,300.31281781196594,401.0,26.950000000000003,0.8203,3,3,0,0,0,10,4
instance_n=20_63_c05,instance_n=20_63,Otto,20,1000.0,c05,5,mid,mid,high,low,5042,published_results/full_campaign_median_T_252_2026-06-04/solutions/instance_n=20_63_c05/epsilon_trace.csv,5,epsilon,4,138,True,,False,True,1,135.0,367.0,3,3,3,True,False,134.61503484,367.0,63.3202,110224,5844855,300.97316908836365,346.0,21.0,0.86,0,0,0,0,0,14,6
instance_n=20_63_c05,instance_n=20_63,Otto,20,1000.0,c05,5,mid,mid,high,low,5042,published_results/full_campaign_median_T_252_2026-06-04/solutions/instance_n=20_63_c05/epsilon_trace.csv,6,epsilon,5,134,True,,False,True,0,108.0,779.0500000000001,4,2,4,True,False,216.1072135,779.05,72.2602,217993,7774153,300.3313817977905,774.0,5.050000000000001,0.9748,0,7,0,0,0,8,5
instance_n=20_63_c05,instance_n=20_63,Otto,20,1000.0,c05,5,mid,mid,high,low,5042,published_results/full_campaign_median_T_252_2026-06-04/solutions/instance_n=20_63_c05/epsilon_trace.csv,7,epsilon,6,107,True,,False,True,0,90.0,1210.7,6,1,6,True,False,569.63867521,1210.7,52.9496,178300,7541048,300.90684509277344,1170.0,40.7,0.8643,0,12,0,0,0,5,3
instance_n=20_63_c05,instance_n=20_63,Otto,20,1000.0,c05,5,mid,mid,high,low,5042,published_results/full_campaign_median_T_252_2026-06-04/solutions/instance_n=20_63_c05/epsilon_trace.csv,8,epsilon,7,89,True,,False,True,0,63.0,1677.85,7,0,7,True,False,964.21506849,1677.85,42.5327,513424,10159171,300.3572120666504,1654.0,23.85,0.9319,0,20,0,0,0,0,0
instance_n=20_63_c05,instance_n=20_63,Otto,20,1000.0,c05,5,mid,mid,high,low,5042,published_results/full_campaign_median_T_252_2026-06-04/solutions/instance_n=20_63_c05/epsilon_trace.csv,9,epsilon,8,62,False,infeasible,,,0,,,,,,,,,,,,,,,,,,,,,,,
instance_n=20_63_c06,instance_n=20_63,Otto,20,1000.0,c06,6,mid,high,low,mid,6042,published_results/full_campaign_median_T_252_2026-06-04/solutions/instance_n=20_63_c06/epsilon_trace.csv,1,E0_HI_only,0,,True,,False,True,0,200.0,0.0,5,5,0,True,True,200.0,200.0,0.0,0,456,0.029013872146606445,0.0,0.0,,20,0,0,0,0,0,0
instance_n=20_63_c06,instance_n=20_63,Otto,20,1000.0,c06,6,mid,high,low,mid,6042,published_results/full_campaign_median_T_252_2026-06-04/solutions/instance_n=20_63_c06/epsilon_trace.csv,2,epsilon,1,199,True,,False,True,0,169.0,217.8,5,4,1,True,False,62.65,217.8,71.2351,171259,6097673,300.34073400497437,212.0,5.800000000000001,0.884,17,3,0,0,0,0,0
instance_n=20_63_c06,instance_n=20_63,Otto,20,1000.0,c06,6,mid,high,low,mid,6042,published_results/full_campaign_median_T_252_2026-06-04/solutions/instance_n=20_63_c06/epsilon_trace.csv,3,epsilon,2,168,True,,False,True,0,143.0,551.2,5,3,3,True,False,64.166633352,551.2,88.3587,206912,6681044,300.3295578956604,534.0,17.2,0.8853,7,6,0,0,0,4,3
instance_n=20_63_c06,instance_n=20_63,Otto,20,1000.0,c06,6,mid,high,low,mid,6042,published_results/full_campaign_median_T_252_2026-06-04/solutions/instance_n=20_63_c06/epsilon_trace.csv,4,epsilon,3,142,True,,False,True,0,121.0,914.6999999999999,6,2,5,True,False,240.12138515,914.7,73.7486,134515,7877489,300.30388283729553,867.0,47.7,0.8092,7,7,0,0,0,4,2
instance_n=20_63_c06,instance_n=20_63,Otto,20,1000.0,c06,6,mid,high,low,mid,6042,published_results/full_campaign_median_T_252_2026-06-04/solutions/instance_n=20_63_c06/epsilon_trace.csv,5,epsilon,4,120,True,,False,True,1,117.0,876.85,5,2,5,True,False,466.6,876.85,46.7868,132758,5531970,303.7339630126953,848.0,28.85,0.8846,0,6,0,0,0,9,5
instance_n=20_63_c06,instance_n=20_63,Otto,20,1000.0,c06,6,mid,high,low,mid,6042,published_results/full_campaign_median_T_252_2026-06-04/solutions/instance_n=20_63_c06/epsilon_trace.csv,6,epsilon,5,116,True,,False,True,0,116.0,920.0,6,2,4,True,False,522.57522936,920.0,43.1983,135921,7565195,300.3016891479492,908.0,12.0,0.94,9,11,0,0,0,0,0
instance_n=20_63_c06,instance_n=20_63,Otto,20,1000.0,c06,6,mid,high,low,mid,6042,published_results/full_campaign_median_T_252_2026-06-04/solutions/instance_n=20_63_c06/epsilon_trace.csv,7,epsilon,6,115,True,,False,True,0,90.0,1266.95,6,1,6,True,False,541.85,1266.95,57.2319,151847,5835773,300.332319021225,1239.0,27.950000000000003,0.9068,0,14,0,0,0,4,2
instance_n=20_63_c06,instance_n=20_63,Otto,20,1000.0,c06,6,mid,high,low,mid,6042,published_results/full_campaign_median_T_252_2026-06-04/solutions/instance_n=20_63_c06/epsilon_trace.csv,8,epsilon,7,89,True,,False,True,0,63.0,1698.5999999999997,7,0,7,True,True,1698.6,1698.6,0.0,101900,4919956,132.31649708747864,1678.0,20.6,0.9411,0,20,0,0,0,0,0
instance_n=20_63_c06,instance_n=20_63,Otto,20,1000.0,c06,6,mid,high,low,mid,6042,published_results/full_campaign_median_T_252_2026-06-04/solutions/instance_n=20_63_c06/epsilon_trace.csv,9,epsilon,8,62,False,infeasible,,,0,,,,,,,,,,,,,,,,,,,,,,,
instance_n=20_63_c07,instance_n=20_63,Otto,20,1000.0,c07,7,high,low,high,mid,7042,published_results/full_campaign_median_T_252_2026-06-04/solutions/instance_n=20_63_c07/epsilon_trace.csv,1,E0_HI_only,0,,True,,False,True,0,200.0,0.0,5,5,0,True,True,200.0,200.0,0.0,0,456,0.033705949783325195,0.0,0.0,,20,0,0,0,0,0,0
instance_n=20_63_c07,instance_n=20_63,Otto,20,1000.0,c07,7,high,low,high,mid,7042,published_results/full_campaign_median_T_252_2026-06-04/solutions/instance_n=20_63_c07/epsilon_trace.csv,2,epsilon,1,199,True,,False,True,0,165.0,110.35,4,4,1,True,True,110.35,110.35,0.0,34670,922037,40.62671089172363,90.0,20.35,0.593,11,0,0,0,9,0,0
instance_n=20_63_c07,instance_n=20_63,Otto,20,1000.0,c07,7,high,low,high,mid,7042,published_results/full_campaign_median_T_252_2026-06-04/solutions/instance_n=20_63_c07/epsilon_trace.csv,3,epsilon,2,164,True,,False,True,0,125.0,152.55,3,3,1,True,True,152.55,152.55,0.0,6474,383930,21.031845808029175,152.0,0.55,0.989,7,0,0,0,13,0,0
instance_n=20_63_c07,instance_n=20_63,Otto,20,1000.0,c07,7,high,low,high,mid,7042,published_results/full_campaign_median_T_252_2026-06-04/solutions/instance_n=20_63_c07/epsilon_trace.csv,4,epsilon,3,124,True,,False,True,0,90.0,288.09999999999997,2,2,2,True,True,288.1,288.1,0.0,6131,273197,9.99155306816101,278.0,10.100000000000001,0.899,0,0,0,0,20,0,0
instance_n=20_63_c07,instance_n=20_63,Otto,20,1000.0,c07,7,high,low,high,mid,7042,published_results/full_campaign_median_T_252_2026-06-04/solutions/instance_n=20_63_c07/epsilon_trace.csv,5,epsilon,4,89,False,infeasible,,,0,,,,,,,,,,,,,,,,,,,,,,,
instance_n=20_63_c08,instance_n=20_63,Otto,20,1000.0,c08,8,high,mid,low,high,8042,published_results/full_campaign_median_T_252_2026-06-04/solutions/instance_n=20_63_c08/epsilon_trace.csv,1,E0_HI_only,0,,True,,False,True,0,200.0,0.0,5,5,0,True,True,200.0,200.0,0.0,0,456,0.029085159301757812,0.0,0.0,,20,0,0,0,0,0,0
instance_n=20_63_c08,instance_n=20_63,Otto,20,1000.0,c08,8,high,mid,low,high,8042,published_results/full_campaign_median_T_252_2026-06-04/solutions/instance_n=20_63_c08/epsilon_trace.csv,2,epsilon,1,199,True,,False,True,0,174.0,243.55,5,4,2,True,False,136.65043573,243.55,43.8922,153690,11393526,300.3302791118622,204.0,39.550000000000004,0.6045,12,1,0,0,7,0,0
instance_n=20_63_c08,instance_n=20_63,Otto,20,1000.0,c08,8,high,mid,low,high,8042,published_results/full_campaign_median_T_252_2026-06-04/solutions/instance_n=20_63_c08/epsilon_trace.csv,3,epsilon,2,173,True,,False,True,0,170.0,267.59999999999997,4,4,2,True,False,188.53175848,267.6,29.5472,249901,6625342,300.5441529750824,253.0,14.600000000000001,0.854,10,0,0,0,10,0,0
instance_n=20_63_c08,instance_n=20_63,Otto,20,1000.0,c08,8,high,mid,low,high,8042,published_results/full_campaign_median_T_252_2026-06-04/solutions/instance_n=20_63_c08/epsilon_trace.csv,4,epsilon,3,169,True,,False,True,0,135.0,456.3,3,3,3,True,True,456.3,456.3,0.0,158419,5634605,182.0132441520691,456.0,0.30000000000000004,0.998,0,0,0,0,20,0,0
instance_n=20_63_c08,instance_n=20_63,Otto,20,1000.0,c08,8,high,mid,low,high,8042,published_results/full_campaign_median_T_252_2026-06-04/solutions/instance_n=20_63_c08/epsilon_trace.csv,5,epsilon,4,134,True,,False,True,0,126.0,1128.2000000000003,6,2,6,True,True,1128.2000000000003,1128.2000000000003,0.0,43368,1510469,42.52326583862305,1080.0,48.2,0.8393,0,9,0,0,11,0,0
instance_n=20_63_c08,instance_n=20_63,Otto,20,1000.0,c08,8,high,mid,low,high,8042,published_results/full_campaign_median_T_252_2026-06-04/solutions/instance_n=20_63_c08/epsilon_trace.csv,6,epsilon,5,125,False,infeasible,,,0,,,,,,,,,,,,,,,,,,,,,,,
instance_n=20_63_c09,instance_n=20_63,Otto,20,1000.0,c09,9,high,high,mid,low,9042,published_results/full_campaign_median_T_252_2026-06-04/solutions/instance_n=20_63_c09/epsilon_trace.csv,1,E0_HI_only,0,,True,,False,True,0,200.0,0.0,5,5,0,True,True,200.0,200.0,0.0,0,456,0.029351234436035156,0.0,0.0,,20,0,0,0,0,0,0
instance_n=20_63_c09,instance_n=20_63,Otto,20,1000.0,c09,9,high,high,mid,low,9042,published_results/full_campaign_median_T_252_2026-06-04/solutions/instance_n=20_63_c09/epsilon_trace.csv,2,epsilon,1,199,True,,False,True,0,170.0,236.7,4,4,2,True,False,61.697238514,236.7,73.9344,204850,9417976,300.34071493148804,214.0,22.700000000000003,0.773,9,0,0,0,0,7,4
instance_n=20_63_c09,instance_n=20_63,Otto,20,1000.0,c09,9,high,high,mid,low,9042,published_results/full_campaign_median_T_252_2026-06-04/solutions/instance_n=20_63_c09/epsilon_trace.csv,3,epsilon,2,169,True,,False,True,0,153.0,742.4,5,3,5,True,False,82.2,742.4,88.9278,287018,7128785,300.31374311447144,698.0,44.400000000000006,0.8224,0,5,0,0,0,8,7
instance_n=20_63_c09,instance_n=20_63,Otto,20,1000.0,c09,9,high,high,mid,low,9042,published_results/full_campaign_median_T_252_2026-06-04/solutions/instance_n=20_63_c09/epsilon_trace.csv,4,epsilon,3,152,True,,False,True,1,148.0,718.05,5,3,4,True,False,243.01625441,718.05,66.1561,226784,9880033,300.54256796836853,702.0,16.05,0.9197,4,3,0,0,0,7,6
instance_n=20_63_c09,instance_n=20_63,Otto,20,1000.0,c09,9,high,high,mid,low,9042,published_results/full_campaign_median_T_252_2026-06-04/solutions/instance_n=20_63_c09/epsilon_trace.csv,5,epsilon,4,147,True,,False,True,0,130.0,1377.4999999999995,7,2,6,True,False,245.40144178,1377.5,82.185,196306,7172379,300.3079721927643,1367.0,10.5,0.965,2,12,0,0,0,2,4
instance_n=20_63_c09,instance_n=20_63,Otto,20,1000.0,c09,9,high,high,mid,low,9042,published_results/full_campaign_median_T_252_2026-06-04/solutions/instance_n=20_63_c09/epsilon_trace.csv,6,epsilon,5,129,False,infeasible,,,0,,,,,,,,,,,,,,,,,,,,,,,
instance_n=20_68_c01,instance_n=20_68,Otto,20,1000.0,c01,1,low,low,low,low,1042,published_results/full_campaign_median_T_252_2026-06-04/solutions/instance_n=20_68_c01/epsilon_trace.csv,1,E0_HI_only,0,,True,,False,True,0,120.0,0.0,3,3,0,True,True,120.0,120.0,0.0,0,0,0.02432990074157715,0.0,0.0,,20,0,0,0,0,0,0
instance_n=20_68_c01,instance_n=20_68,Otto,20,1000.0,c01,1,low,low,low,low,1042,published_results/full_campaign_median_T_252_2026-06-04/solutions/instance_n=20_68_c01/epsilon_trace.csv,2,epsilon,1,119,True,,False,True,0,85.0,127.1,2,2,1,True,False,89.9,127.1,29.2683,283791,5537261,300.32826113700867,123.0,4.1000000000000005,0.918,6,0,0,0,0,8,6
instance_n=20_68_c01,instance_n=20_68,Otto,20,1000.0,c01,1,low,low,low,low,1042,published_results/full_campaign_median_T_252_2026-06-04/solutions/instance_n=20_68_c01/epsilon_trace.csv,3,epsilon,2,84,True,,False,True,0,54.0,269.0,2,1,2,True,True,269.0,269.0,0.0,69166,2142877,82.9034743309021,233.0,36.0,0.64,0,2,0,0,18,0,0
instance_n=20_68_c01,instance_n=20_68,Otto,20,1000.0,c01,1,low,low,low,low,1042,published_results/full_campaign_median_T_252_2026-06-04/solutions/instance_n=20_68_c01/epsilon_trace.csv,4,epsilon,3,53,True,,False,True,0,27.0,748.1,3,0,3,True,True,748.1,748.1,0.0,0,896,0.5726032257080078,741.0,7.1000000000000005,0.9527,0,20,0,0,0,0,0
instance_n=20_68_c01,instance_n=20_68,Otto,20,1000.0,c01,1,low,low,low,low,1042,published_results/full_campaign_median_T_252_2026-06-04/solutions/instance_n=20_68_c01/epsilon_trace.csv,5,epsilon,4,26,False,infeasible,,,0,,,,,,,,,,,,,,,,,,,,,,,
instance_n=20_68_c02,instance_n=20_68,Otto,20,1000.0,c02,2,low,mid,mid,mid,2042,published_results/full_campaign_median_T_252_2026-06-04/solutions/instance_n=20_68_c02/epsilon_trace.csv,1,E0_HI_only,0,,True,,False,True,0,120.0,0.0,3,3,0,True,True,120.0,120.0,0.0,0,0,0.0241849422454834,0.0,0.0,,20,0,0,0,0,0,0
instance_n=20_68_c02,instance_n=20_68,Otto,20,1000.0,c02,2,low,mid,mid,mid,2042,published_results/full_campaign_median_T_252_2026-06-04/solutions/instance_n=20_68_c02/epsilon_trace.csv,2,epsilon,1,119,True,,False,True,0,90.0,213.10000000000002,2,2,2,True,False,115.81134747,213.1,45.654,166259,7690794,300.3664309978485,181.0,32.1,0.679,0,0,0,0,0,12,8
instance_n=20_68_c02,instance_n=20_68,Otto,20,1000.0,c02,2,low,mid,mid,mid,2042,published_results/full_campaign_median_T_252_2026-06-04/solutions/instance_n=20_68_c02/epsilon_trace.csv,3,epsilon,2,89,True,,False,True,0,89.0,234.0,3,2,1,True,True,234.0,234.0,0.0,53037,1223740,42.75933599472046,229.0,5.0,0.9,13,7,0,0,0,0,0
instance_n=20_68_c02,instance_n=20_68,Otto,20,1000.0,c02,2,low,mid,mid,mid,2042,published_results/full_campaign_median_T_252_2026-06-04/solutions/instance_n=20_68_c02/epsilon_trace.csv,4,epsilon,3,88,True,,False,True,0,63.0,466.25,3,1,3,True,False,334.46008359,466.25,28.2659,289994,9176862,301.17626786231995,422.0,44.25,0.705,0,8,0,0,0,7,5
instance_n=20_68_c02,instance_n=20_68,Otto,20,1000.0,c02,2,low,mid,mid,mid,2042,published_results/full_campaign_median_T_252_2026-06-04/solutions/instance_n=20_68_c02/epsilon_trace.csv,5,epsilon,4,62,True,,False,True,0,58.0,491.85,3,1,2,True,True,491.85,491.85,0.0,113237,1702787,25.623589992523193,484.0,7.8500000000000005,0.9215,6,14,0,0,0,0,0
instance_n=20_68_c02,instance_n=20_68,Otto,20,1000.0,c02,2,low,mid,mid,mid,2042,published_results/full_campaign_median_T_252_2026-06-04/solutions/instance_n=20_68_c02/epsilon_trace.csv,6,epsilon,5,57,True,,False,True,0,27.0,766.8,3,0,3,True,True,766.8,766.8,0.0,185710,3872548,39.78662300109863,759.0,7.800000000000001,0.948,0,20,0,0,0,0,0
instance_n=20_68_c02,instance_n=20_68,Otto,20,1000.0,c02,2,low,mid,mid,mid,2042,published_results/full_campaign_median_T_252_2026-06-04/solutions/instance_n=20_68_c02/epsilon_trace.csv,7,epsilon,6,26,False,infeasible,,,0,,,,,,,,,,,,,,,,,,,,,,,
instance_n=20_68_c03,instance_n=20_68,Otto,20,1000.0,c03,3,low,high,high,high,3042,published_results/full_campaign_median_T_252_2026-06-04/solutions/instance_n=20_68_c03/epsilon_trace.csv,1,E0_HI_only,0,,True,,False,True,0,120.0,0.0,3,3,0,True,True,120.0,120.0,0.0,0,0,0.023855924606323242,0.0,0.0,,20,0,0,0,0,0,0
instance_n=20_68_c03,instance_n=20_68,Otto,20,1000.0,c03,3,low,high,high,high,3042,published_results/full_campaign_median_T_252_2026-06-04/solutions/instance_n=20_68_c03/epsilon_trace.csv,2,epsilon,1,119,True,,False,True,0,89.0,234.25,3,2,1,True,False,166.9047619,234.25,28.7493,123516,5094727,300.3074061870575,230.0,4.25,0.915,14,6,0,0,0,0,0
instance_n=20_68_c03,instance_n=20_68,Otto,20,1000.0,c03,3,low,high,high,high,3042,published_results/full_campaign_median_T_252_2026-06-04/solutions/instance_n=20_68_c03/epsilon_trace.csv,3,epsilon,2,88,True,,False,True,0,58.0,466.35,3,1,2,True,True,466.35,466.35,0.0,255352,6245421,237.23118209838867,458.0,8.35,0.9165,8,12,0,0,0,0,0
instance_n=20_68_c03,instance_n=20_68,Otto,20,1000.0,c03,3,low,high,high,high,3042,published_results/full_campaign_median_T_252_2026-06-04/solutions/instance_n=20_68_c03/epsilon_trace.csv,4,epsilon,3,57,True,,False,True,0,27.0,741.5,3,0,3,True,True,741.5,741.5,0.0,2788,69417,1.3335349559783936,734.0,7.5,0.95,0,20,0,0,0,0,0
instance_n=20_68_c03,instance_n=20_68,Otto,20,1000.0,c03,3,low,high,high,high,3042,published_results/full_campaign_median_T_252_2026-06-04/solutions/instance_n=20_68_c03/epsilon_trace.csv,5,epsilon,4,26,False,infeasible,,,0,,,,,,,,,,,,,,,,,,,,,,,
instance_n=20_68_c04,instance_n=20_68,Otto,20,1000.0,c04,4,mid,low,mid,high,4042,published_results/full_campaign_median_T_252_2026-06-04/solutions/instance_n=20_68_c04/epsilon_trace.csv,1,E0_HI_only,0,,True,,False,True,0,120.0,0.0,3,3,0,True,True,120.0,120.0,0.0,0,0,0.023985862731933594,0.0,0.0,,20,0,0,0,0,0,0
instance_n=20_68_c04,instance_n=20_68,Otto,20,1000.0,c04,4,mid,low,mid,high,4042,published_results/full_campaign_median_T_252_2026-06-04/solutions/instance_n=20_68_c04/epsilon_trace.csv,2,epsilon,1,119,True,,False,True,0,85.0,123.8,2,2,1,True,True,123.8,123.8,0.0,1919,129294,5.118571043014526,108.0,15.8,0.684,7,0,0,0,13,0,0
instance_n=20_68_c04,instance_n=20_68,Otto,20,1000.0,c04,4,mid,low,mid,high,4042,published_results/full_campaign_median_T_252_2026-06-04/solutions/instance_n=20_68_c04/epsilon_trace.csv,3,epsilon,2,84,True,,False,True,0,54.0,259.5,2,1,2,True,True,259.5,259.5,0.0,229,44473,2.4838249683380127,222.0,37.5,0.625,0,2,0,0,18,0,0
instance_n=20_68_c04,instance_n=20_68,Otto,20,1000.0,c04,4,mid,low,mid,high,4042,published_results/full_campaign_median_T_252_2026-06-04/solutions/instance_n=20_68_c04/epsilon_trace.csv,4,epsilon,3,53,True,,False,True,0,45.0,1143.95,5,0,5,True,True,1143.95,1143.95,0.0,0,880,0.5667269229888916,1104.0,39.95,0.8402,0,20,0,0,0,0,0
instance_n=20_68_c04,instance_n=20_68,Otto,20,1000.0,c04,4,mid,low,mid,high,4042,published_results/full_campaign_median_T_252_2026-06-04/solutions/instance_n=20_68_c04/epsilon_trace.csv,5,epsilon,4,44,False,infeasible,,,0,,,,,,,,,,,,,,,,,,,,,,,
instance_n=20_68_c05,instance_n=20_68,Otto,20,1000.0,c05,5,mid,mid,high,low,5042,published_results/full_campaign_median_T_252_2026-06-04/solutions/instance_n=20_68_c05/epsilon_trace.csv,1,E0_HI_only,0,,True,,False,True,0,120.0,0.0,3,3,0,True,True,120.0,120.0,0.0,0,0,0.02426290512084961,0.0,0.0,,20,0,0,0,0,0,0
instance_n=20_68_c05,instance_n=20_68,Otto,20,1000.0,c05,5,mid,mid,high,low,5042,published_results/full_campaign_median_T_252_2026-06-04/solutions/instance_n=20_68_c05/epsilon_trace.csv,2,epsilon,1,119,True,,False,True,0,90.0,222.39999999999998,2,2,2,True,False,138.6278977,222.4,37.6673,323671,5463237,300.35649514198303,196.0,26.400000000000002,0.736,0,0,0,0,0,13,7
instance_n=20_68_c05,instance_n=20_68,Otto,20,1000.0,c05,5,mid,mid,high,low,5042,published_results/full_campaign_median_T_252_2026-06-04/solutions/instance_n=20_68_c05/epsilon_trace.csv,3,epsilon,2,89,True,,False,True,0,63.0,599.55,3,1,3,True,False,421.84012913,599.55,29.6405,359381,11470309,300.37283301353455,588.0,11.55,0.923,0,9,0,0,0,7,4
instance_n=20_68_c05,instance_n=20_68,Otto,20,1000.0,c05,5,mid,mid,high,low,5042,published_results/full_campaign_median_T_252_2026-06-04/solutions/instance_n=20_68_c05/epsilon_trace.csv,4,epsilon,3,62,True,,False,True,0,45.0,1104.7500000000002,5,0,5,True,True,1104.75,1104.75,0.0,6932,438189,7.838052988052368,1059.0,45.75,0.817,0,20,0,0,0,0,0
instance_n=20_68_c05,instance_n=20_68,Otto,20,1000.0,c05,5,mid,mid,high,low,5042,published_results/full_campaign_median_T_252_2026-06-04/solutions/instance_n=20_68_c05/epsilon_trace.csv,5,epsilon,4,44,False,infeasible,,,0,,,,,,,,,,,,,,,,,,,,,,,
instance_n=20_68_c06,instance_n=20_68,Otto,20,1000.0,c06,6,mid,high,low,mid,6042,published_results/full_campaign_median_T_252_2026-06-04/solutions/instance_n=20_68_c06/epsilon_trace.csv,1,E0_HI_only,0,,True,,False,True,0,120.0,0.0,3,3,0,True,True,120.0,120.0,0.0,0,0,0.02427506446838379,0.0,0.0,,20,0,0,0,0,0,0
instance_n=20_68_c06,instance_n=20_68,Otto,20,1000.0,c06,6,mid,high,low,mid,6042,published_results/full_campaign_median_T_252_2026-06-04/solutions/instance_n=20_68_c06/epsilon_trace.csv,2,epsilon,1,119,True,,False,True,0,94.0,305.3,3,2,2,True,False,146.4,305.3,52.0472,196881,5528809,300.61159491539,285.0,20.3,0.797,8,3,0,0,0,5,4
instance_n=20_68_c06,instance_n=20_68,Otto,20,1000.0,c06,6,mid,high,low,mid,6042,published_results/full_campaign_median_T_252_2026-06-04/solutions/instance_n=20_68_c06/epsilon_trace.csv,3,epsilon,2,93,True,,False,True,0,67.0,674.4,4,1,3,True,False,199.35,674.4,70.4404,594844,7374494,300.35945177078247,656.0,18.400000000000002,0.8773,7,13,0,0,0,0,0
instance_n=20_68_c06,instance_n=20_68,Otto,20,1000.0,c06,6,mid,high,low,mid,6042,published_results/full_campaign_median_T_252_2026-06-04/solutions/instance_n=20_68_c06/epsilon_trace.csv,4,epsilon,3,66,True,,False,True,0,45.0,1085.2499999999998,5,0,5,True,False,563.25,1085.25,48.0995,724976,12102676,300.3532371520996,1040.0,45.25,0.819,0,20,0,0,0,0,0
instance_n=20_68_c06,instance_n=20_68,Otto,20,1000.0,c06,6,mid,high,low,mid,6042,published_results/full_campaign_median_T_252_2026-06-04/solutions/instance_n=20_68_c06/epsilon_trace.csv,5,epsilon,4,44,False,infeasible,,,0,,,,,,,,,,,,,,,,,,,,,,,
instance_n=20_68_c07,instance_n=20_68,Otto,20,1000.0,c07,7,high,low,high,mid,7042,published_results/full_campaign_median_T_252_2026-06-04/solutions/instance_n=20_68_c07/epsilon_trace.csv,1,E0_HI_only,0,,True,,False,True,0,120.0,0.0,3,3,0,True,True,120.0,120.0,0.0,0,0,0.028336286544799805,0.0,0.0,,20,0,0,0,0,0,0
instance_n=20_68_c07,instance_n=20_68,Otto,20,1000.0,c07,7,high,low,high,mid,7042,published_results/full_campaign_median_T_252_2026-06-04/solutions/instance_n=20_68_c07/epsilon_trace.csv,2,epsilon,1,119,True,,False,True,0,85.0,124.45,2,2,1,True,True,124.45,124.45,0.0,1198,64200,3.8743579387664795,109.0,15.450000000000001,0.691,8,0,0,0,12,0,0
instance_n=20_68_c07,instance_n=20_68,Otto,20,1000.0,c07,7,high,low,high,mid,7042,published_results/full_campaign_median_T_252_2026-06-04/solutions/instance_n=20_68_c07/epsilon_trace.csv,3,epsilon,2,84,True,,False,True,0,54.0,301.79999999999995,2,1,2,True,True,301.8,301.8,0.0,171,30247,1.7810378074645996,276.0,25.8,0.742,0,2,0,0,18,0,0
instance_n=20_68_c07,instance_n=20_68,Otto,20,1000.0,c07,7,high,low,high,mid,7042,published_results/full_campaign_median_T_252_2026-06-04/solutions/instance_n=20_68_c07/epsilon_trace.csv,4,epsilon,3,53,False,infeasible,,,0,,,,,,,,,,,,,,,,,,,,,,,
instance_n=20_68_c08,instance_n=20_68,Otto,20,1000.0,c08,8,high,mid,low,high,8042,published_results/full_campaign_median_T_252_2026-06-04/solutions/instance_n=20_68_c08/epsilon_trace.csv,1,E0_HI_only,0,,True,,False,True,0,120.0,0.0,3,3,0,True,True,120.0,120.0,0.0,0,0,0.02396392822265625,0.0,0.0,,20,0,0,0,0,0,0
instance_n=20_68_c08,instance_n=20_68,Otto,20,1000.0,c08,8,high,mid,low,high,8042,published_results/full_campaign_median_T_252_2026-06-04/solutions/instance_n=20_68_c08/epsilon_trace.csv,2,epsilon,1,119,True,,False,True,0,90.0,295.0,2,2,2,True,True,295.0,295.0,0.0,32827,1387279,56.33900499343872,288.0,7.0,0.93,0,0,0,0,20,0,0
instance_n=20_68_c08,instance_n=20_68,Otto,20,1000.0,c08,8,high,mid,low,high,8042,published_results/full_campaign_median_T_252_2026-06-04/solutions/instance_n=20_68_c08/epsilon_trace.csv,3,epsilon,2,89,True,,False,True,0,72.0,866.8000000000001,4,1,4,True,True,866.8,866.8,0.0,23554,780460,25.48905301094055,856.0,10.8,0.946,0,10,0,0,10,0,0
instance_n=20_68_c08,instance_n=20_68,Otto,20,1000.0,c08,8,high,mid,low,high,8042,published_results/full_campaign_median_T_252_2026-06-04/solutions/instance_n=20_68_c08/epsilon_trace.csv,4,epsilon,3,71,True,,False,True,0,63.0,1608.1,7,0,7,True,True,1608.1,1608.1,0.0,666,39521,1.6489489078521729,1566.0,42.1,0.8797,0,20,0,0,0,0,0
instance_n=20_68_c08,instance_n=20_68,Otto,20,1000.0,c08,8,high,mid,low,high,8042,published_results/full_campaign_median_T_252_2026-06-04/solutions/instance_n=20_68_c08/epsilon_trace.csv,5,epsilon,4,62,False,infeasible,,,0,,,,,,,,,,,,,,,,,,,,,,,
instance_n=20_68_c09,instance_n=20_68,Otto,20,1000.0,c09,9,high,high,mid,low,9042,published_results/full_campaign_median_T_252_2026-06-04/solutions/instance_n=20_68_c09/epsilon_trace.csv,1,E0_HI_only,0,,True,,False,True,0,120.0,0.0,3,3,0,True,True,120.0,120.0,0.0,0,0,0.024252891540527344,0.0,0.0,,20,0,0,0,0,0,0
instance_n=20_68_c09,instance_n=20_68,Otto,20,1000.0,c09,9,high,high,mid,low,9042,published_results/full_campaign_median_T_252_2026-06-04/solutions/instance_n=20_68_c09/epsilon_trace.csv,2,epsilon,1,119,True,,False,True,0,99.0,340.59999999999997,3,2,3,True,False,157.3,340.6,53.8168,247552,5631044,300.50189995765686,294.0,46.6,0.6893,0,1,0,0,0,13,6
instance_n=20_68_c09,instance_n=20_68,Otto,20,1000.0,c09,9,high,high,mid,low,9042,published_results/full_campaign_median_T_252_2026-06-04/solutions/instance_n=20_68_c09/epsilon_trace.csv,3,epsilon,2,98,True,,False,True,0,98.0,484.5,4,2,2,True,False,173.35,484.5,64.2208,448658,7432611,300.33003401756287,480.0,4.5,0.955,13,7,0,0,0,0,0
instance_n=20_68_c09,instance_n=20_68,Otto,20,1000.0,c09,9,high,high,mid,low,9042,published_results/full_campaign_median_T_252_2026-06-04/solutions/instance_n=20_68_c09/epsilon_trace.csv,4,epsilon,3,97,True,,False,True,0,81.0,1010.75,5,1,5,True,False,171.35722326,1010.75,83.0465,396770,9260660,300.3300259113312,972.0,38.75,0.845,0,9,0,0,0,7,4
instance_n=20_68_c09,instance_n=20_68,Otto,20,1000.0,c09,9,high,high,mid,low,9042,published_results/full_campaign_median_T_252_2026-06-04/solutions/instance_n=20_68_c09/epsilon_trace.csv,5,epsilon,4,80,True,,False,True,0,63.0,1669.7499999999998,7,0,7,True,True,1669.75,1669.75,0.0,401751,6345131,169.22616982460022,1630.0,39.75,0.8864,0,20,0,0,0,0,0
instance_n=20_68_c09,instance_n=20_68,Otto,20,1000.0,c09,9,high,high,mid,low,9042,published_results/full_campaign_median_T_252_2026-06-04/solutions/instance_n=20_68_c09/epsilon_trace.csv,6,epsilon,5,62,False,infeasible,,,0,,,,,,,,,,,,,,,,,,,,,,,
instance_n=20_69_c01,instance_n=20_69,Otto,20,1000.0,c01,1,low,low,low,low,1042,published_results/full_campaign_median_T_252_2026-06-04/solutions/instance_n=20_69_c01/epsilon_trace.csv,1,E0_HI_only,0,,True,,False,True,0,80.0,0.0,2,2,0,True,True,80.0,80.0,0.0,0,41,0.028387069702148438,0.0,0.0,,20,0,0,0,0,0,0
instance_n=20_69_c01,instance_n=20_69,Otto,20,1000.0,c01,1,low,low,low,low,1042,published_results/full_campaign_median_T_252_2026-06-04/solutions/instance_n=20_69_c01/epsilon_trace.csv,2,epsilon,1,79,True,,False,True,0,45.0,132.25,1,1,1,True,True,132.25,132.25,0.0,130963,3859478,132.3988537788391,119.0,13.25,0.735,0,0,0,0,20,0,0
instance_n=20_69_c01,instance_n=20_69,Otto,20,1000.0,c01,1,low,low,low,low,1042,published_results/full_campaign_median_T_252_2026-06-04/solutions/instance_n=20_69_c01/epsilon_trace.csv,3,epsilon,2,44,True,,False,True,0,18.0,510.75,2,0,2,True,True,510.75,510.75,0.0,0,0,0.39537501335144043,508.0,2.75,0.9725,0,20,0,0,0,0,0
instance_n=20_69_c01,instance_n=20_69,Otto,20,1000.0,c01,1,low,low,low,low,1042,published_results/full_campaign_median_T_252_2026-06-04/solutions/instance_n=20_69_c01/epsilon_trace.csv,4,epsilon,3,17,False,infeasible,,,0,,,,,,,,,,,,,,,,,,,,,,,
instance_n=20_69_c02,instance_n=20_69,Otto,20,1000.0,c02,2,low,mid,mid,mid,2042,published_results/full_campaign_median_T_252_2026-06-04/solutions/instance_n=20_69_c02/epsilon_trace.csv,1,E0_HI_only,0,,True,,False,True,0,80.0,0.0,2,2,0,True,True,80.0,80.0,0.0,0,41,0.024592161178588867,0.0,0.0,,20,0,0,0,0,0,0
instance_n=20_69_c02,instance_n=20_69,Otto,20,1000.0,c02,2,low,mid,mid,mid,2042,published_results/full_campaign_median_T_252_2026-06-04/solutions/instance_n=20_69_c02/epsilon_trace.csv,2,epsilon,1,79,True,,False,True,0,54.0,230.5,2,1,2,True,False,203.7,230.5,11.6269,462910,10036857,300.36280822753906,191.0,39.5,0.605,0,4,0,0,0,9,7
instance_n=20_69_c02,instance_n=20_69,Otto,20,1000.0,c02,2,low,mid,mid,mid,2042,published_results/full_campaign_median_T_252_2026-06-04/solutions/instance_n=20_69_c02/epsilon_trace.csv,3,epsilon,2,53,True,,False,True,0,49.0,238.4,2,1,1,True,True,238.4,238.4,0.0,6722,174808,1.7950408458709717,235.0,3.4000000000000004,0.932,12,8,0,0,0,0,0
instance_n=20_69_c02,instance_n=20_69,Otto,20,1000.0,c02,2,low,mid,mid,mid,2042,published_results/full_campaign_median_T_252_2026-06-04/solutions/instance_n=20_69_c02/epsilon_trace.csv,4,epsilon,3,48,True,,False,True,0,18.0,515.5,2,0,2,True,True,515.5,515.5,0.0,829,7563,0.5653808116912842,512.0,3.5,0.965,0,20,0,0,0,0,0
instance_n=20_69_c02,instance_n=20_69,Otto,20,1000.0,c02,2,low,mid,mid,mid,2042,published_results/full_campaign_median_T_252_2026-06-04/solutions/instance_n=20_69_c02/epsilon_trace.csv,5,epsilon,4,17,False,infeasible,,,0,,,,,,,,,,,,,,,,,,,,,,,
instance_n=20_69_c03,instance_n=20_69,Otto,20,1000.0,c03,3,low,high,high,high,3042,published_results/full_campaign_median_T_252_2026-06-04/solutions/instance_n=20_69_c03/epsilon_trace.csv,1,E0_HI_only,0,,True,,False,True,0,80.0,0.0,2,2,0,True,True,80.0,80.0,0.0,0,41,0.025559186935424805,0.0,0.0,,20,0,0,0,0,0,0
instance_n=20_69_c03,instance_n=20_69,Otto,20,1000.0,c03,3,low,high,high,high,3042,published_results/full_campaign_median_T_252_2026-06-04/solutions/instance_n=20_69_c03/epsilon_trace.csv,2,epsilon,1,79,True,,False,True,0,49.0,250.2,2,1,1,True,True,250.2,250.2,0.0,96876,2709883,59.258708000183105,248.0,2.2,0.956,8,12,0,0,0,0,0
instance_n=20_69_c03,instance_n=20_69,Otto,20,1000.0,c03,3,low,high,high,high,3042,published_results/full_campaign_median_T_252_2026-06-04/solutions/instance_n=20_69_c03/epsilon_trace.csv,3,epsilon,2,48,True,,False,True,0,18.0,508.75,2,0,2,True,True,508.75,508.75,0.0,0,266,0.45459723472595215,505.0,3.75,0.9625,0,20,0,0,0,0,0
instance_n=20_69_c03,instance_n=20_69,Otto,20,1000.0,c03,3,low,high,high,high,3042,published_results/full_campaign_median_T_252_2026-06-04/solutions/instance_n=20_69_c03/epsilon_trace.csv,4,epsilon,3,17,False,infeasible,,,0,,,,,,,,,,,,,,,,,,,,,,,
instance_n=20_69_c04,instance_n=20_69,Otto,20,1000.0,c04,4,mid,low,mid,high,4042,published_results/full_campaign_median_T_252_2026-06-04/solutions/instance_n=20_69_c04/epsilon_trace.csv,1,E0_HI_only,0,,True,,False,True,0,80.0,0.0,2,2,0,True,True,80.0,80.0,0.0,0,41,0.024580955505371094,0.0,0.0,,20,0,0,0,0,0,0
instance_n=20_69_c04,instance_n=20_69,Otto,20,1000.0,c04,4,mid,low,mid,high,4042,published_results/full_campaign_median_T_252_2026-06-04/solutions/instance_n=20_69_c04/epsilon_trace.csv,2,epsilon,1,79,True,,False,True,0,45.0,129.65,1,1,1,True,True,129.65,129.65,0.0,0,1243,1.1852128505706787,116.0,13.65,0.727,0,0,0,0,20,0,0
instance_n=20_69_c04,instance_n=20_69,Otto,20,1000.0,c04,4,mid,low,mid,high,4042,published_results/full_campaign_median_T_252_2026-06-04/solutions/instance_n=20_69_c04/epsilon_trace.csv,3,epsilon,2,44,True,,False,True,0,27.0,745.7,3,0,3,True,True,745.7,745.7,0.0,0,0,0.42014312744140625,735.0,10.700000000000001,0.9287,0,20,0,0,0,0,0
instance_n=20_69_c04,instance_n=20_69,Otto,20,1000.0,c04,4,mid,low,mid,high,4042,published_results/full_campaign_median_T_252_2026-06-04/solutions/instance_n=20_69_c04/epsilon_trace.csv,4,epsilon,3,26,False,infeasible,,,0,,,,,,,,,,,,,,,,,,,,,,,
instance_n=20_69_c05,instance_n=20_69,Otto,20,1000.0,c05,5,mid,mid,high,low,5042,published_results/full_campaign_median_T_252_2026-06-04/solutions/instance_n=20_69_c05/epsilon_trace.csv,1,E0_HI_only,0,,True,,False,True,0,80.0,0.0,2,2,0,True,True,80.0,80.0,0.0,0,41,0.025124788284301758,0.0,0.0,,20,0,0,0,0,0,0
instance_n=20_69_c05,instance_n=20_69,Otto,20,1000.0,c05,5,mid,mid,high,low,5042,published_results/full_campaign_median_T_252_2026-06-04/solutions/instance_n=20_69_c05/epsilon_trace.csv,2,epsilon,1,79,True,,False,True,0,54.0,295.7,2,1,2,True,False,194.31369866,295.7,34.2869,342487,12856840,300.35012698173523,271.0,24.700000000000003,0.753,0,4,0,0,0,8,8
instance_n=20_69_c05,instance_n=20_69,Otto,20,1000.0,c05,5,mid,mid,high,low,5042,published_results/full_campaign_median_T_252_2026-06-04/solutions/instance_n=20_69_c05/epsilon_trace.csv,3,epsilon,2,53,True,,False,True,0,27.0,722.8,3,0,3,True,True,722.8,722.8,0.0,4116,189709,2.0883560180664062,714.0,8.8,0.9413,0,20,0,0,0,0,0
instance_n=20_69_c05,instance_n=20_69,Otto,20,1000.0,c05,5,mid,mid,high,low,5042,published_results/full_campaign_median_T_252_2026-06-04/solutions/instance_n=20_69_c05/epsilon_trace.csv,4,epsilon,3,26,False,infeasible,,,0,,,,,,,,,,,,,,,,,,,,,,,
instance_n=20_69_c06,instance_n=20_69,Otto,20,1000.0,c06,6,mid,high,low,mid,6042,published_results/full_campaign_median_T_252_2026-06-04/solutions/instance_n=20_69_c06/epsilon_trace.csv,1,E0_HI_only,0,,True,,False,True,0,80.0,0.0,2,2,0,True,True,80.0,80.0,0.0,0,41,0.024627208709716797,0.0,0.0,,20,0,0,0,0,0,0
instance_n=20_69_c06,instance_n=20_69,Otto,20,1000.0,c06,6,mid,high,low,mid,6042,published_results/full_campaign_median_T_252_2026-06-04/solutions/instance_n=20_69_c06/epsilon_trace.csv,2,epsilon,1,79,True,,False,True,0,54.0,344.95,2,1,2,True,False,310.0,344.95,10.1319,482346,10116223,300.32288813591003,330.0,14.950000000000001,0.8505,0,6,0,0,0,7,7
instance_n=20_69_c06,instance_n=20_69,Otto,20,1000.0,c06,6,mid,high,low,mid,6042,published_results/full_campaign_median_T_252_2026-06-04/solutions/instance_n=20_69_c06/epsilon_trace.csv,3,epsilon,2,53,True,,False,True,0,27.0,728.7499999999999,3,0,3,True,True,728.75,728.75,0.0,1175,38461,0.9580609798431396,717.0,11.75,0.9217,0,20,0,0,0,0,0
instance_n=20_69_c06,instance_n=20_69,Otto,20,1000.0,c06,6,mid,high,low,mid,6042,published_results/full_campaign_median_T_252_2026-06-04/solutions/instance_n=20_69_c06/epsilon_trace.csv,4,epsilon,3,26,False,infeasible,,,0,,,,,,,,,,,,,,,,,,,,,,,
instance_n=20_69_c07,instance_n=20_69,Otto,20,1000.0,c07,7,high,low,high,mid,7042,published_results/full_campaign_median_T_252_2026-06-04/solutions/instance_n=20_69_c07/epsilon_trace.csv,1,E0_HI_only,0,,True,,False,True,0,80.0,0.0,2,2,0,True,True,80.0,80.0,0.0,0,41,0.024116992950439453,0.0,0.0,,20,0,0,0,0,0,0
instance_n=20_69_c07,instance_n=20_69,Otto,20,1000.0,c07,7,high,low,high,mid,7042,published_results/full_campaign_median_T_252_2026-06-04/solutions/instance_n=20_69_c07/epsilon_trace.csv,2,epsilon,1,79,True,,False,True,0,45.0,133.2,1,1,1,True,True,133.2,133.2,0.0,0,2745,1.4777977466583252,121.0,12.200000000000001,0.756,0,0,0,0,20,0,0
instance_n=20_69_c07,instance_n=20_69,Otto,20,1000.0,c07,7,high,low,high,mid,7042,published_results/full_campaign_median_T_252_2026-06-04/solutions/instance_n=20_69_c07/epsilon_trace.csv,3,epsilon,2,44,False,infeasible,,,0,,,,,,,,,,,,,,,,,,,,,,,
instance_n=20_69_c08,instance_n=20_69,Otto,20,1000.0,c08,8,high,mid,low,high,8042,published_results/full_campaign_median_T_252_2026-06-04/solutions/instance_n=20_69_c08/epsilon_trace.csv,1,E0_HI_only,0,,True,,False,True,0,80.0,0.0,2,2,0,True,True,80.0,80.0,0.0,0,41,0.02518606185913086,0.0,0.0,,20,0,0,0,0,0,0
instance_n=20_69_c08,instance_n=20_69,Otto,20,1000.0,c08,8,high,mid,low,high,8042,published_results/full_campaign_median_T_252_2026-06-04/solutions/instance_n=20_69_c08/epsilon_trace.csv,2,epsilon,1,79,True,,False,True,0,54.0,381.65,2,1,2,True,True,381.65,381.65,0.0,4723,165903,4.089203834533691,374.0,7.65,0.9235,0,6,0,0,14,0,0
instance_n=20_69_c08,instance_n=20_69,Otto,20,1000.0,c08,8,high,mid,low,high,8042,published_results/full_campaign_median_T_252_2026-06-04/solutions/instance_n=20_69_c08/epsilon_trace.csv,3,epsilon,2,53,True,,False,True,0,45.0,1112.85,5,0,5,True,True,1112.85,1112.85,0.0,0,313,0.5517370700836182,1074.0,38.85,0.8446,0,20,0,0,0,0,0
instance_n=20_69_c08,instance_n=20_69,Otto,20,1000.0,c08,8,high,mid,low,high,8042,published_results/full_campaign_median_T_252_2026-06-04/solutions/instance_n=20_69_c08/epsilon_trace.csv,4,epsilon,3,44,False,infeasible,,,0,,,,,,,,,,,,,,,,,,,,,,,
instance_n=20_69_c09,instance_n=20_69,Otto,20,1000.0,c09,9,high,high,mid,low,9042,published_results/full_campaign_median_T_252_2026-06-04/solutions/instance_n=20_69_c09/epsilon_trace.csv,1,E0_HI_only,0,,True,,False,True,0,80.0,0.0,2,2,0,True,True,80.0,80.0,0.0,0,41,0.024689912796020508,0.0,0.0,,20,0,0,0,0,0,0
instance_n=20_69_c09,instance_n=20_69,Otto,20,1000.0,c09,9,high,high,mid,low,9042,published_results/full_campaign_median_T_252_2026-06-04/solutions/instance_n=20_69_c09/epsilon_trace.csv,2,epsilon,1,79,True,,False,True,0,63.0,476.75,3,1,3,True,False,334.67005052,476.75,29.8018,520320,10947376,300.3586378097534,434.0,42.75,0.715,0,7,0,0,0,7,6
instance_n=20_69_c09,instance_n=20_69,Otto,20,1000.0,c09,9,high,high,mid,low,9042,published_results/full_campaign_median_T_252_2026-06-04/solutions/instance_n=20_69_c09/epsilon_trace.csv,3,epsilon,2,62,True,,False,True,0,45.0,1153.0499999999997,5,0,5,True,True,1153.05,1153.05,0.0,167377,3759707,45.030277967453,1115.0,38.050000000000004,0.8478,0,20,0,0,0,0,0
instance_n=20_69_c09,instance_n=20_69,Otto,20,1000.0,c09,9,high,high,mid,low,9042,published_results/full_campaign_median_T_252_2026-06-04/solutions/instance_n=20_69_c09/epsilon_trace.csv,4,epsilon,3,44,False,infeasible,,,0,,,,,,,,,,,,,,,,,,,,,,,
instance_n=20_73_c01,instance_n=20_73,Otto,20,1000.0,c01,1,low,low,low,low,1042,published_results/full_campaign_median_T_252_2026-06-04/solutions/instance_n=20_73_c01/epsilon_trace.csv,1,E0_HI_only,0,,True,,False,True,0,80.0,0.0,2,2,0,True,True,80.0,80.0,0.0,0,141,0.026269912719726562,0.0,0.0,,20,0,0,0,0,0,0
instance_n=20_73_c01,instance_n=20_73,Otto,20,1000.0,c01,1,low,low,low,low,1042,published_results/full_campaign_median_T_252_2026-06-04/solutions/instance_n=20_73_c01/epsilon_trace.csv,2,epsilon,1,79,True,,False,True,0,45.0,136.65,1,1,1,True,False,82.05,136.65,39.9561,469551,10522459,300.3870601654053,124.0,12.65,0.747,0,0,0,0,20,0,0
instance_n=20_73_c01,instance_n=20_73,Otto,20,1000.0,c01,1,low,low,low,low,1042,published_results/full_campaign_median_T_252_2026-06-04/solutions/instance_n=20_73_c01/epsilon_trace.csv,3,epsilon,2,44,True,,False,True,0,18.0,507.20000000000005,2,0,2,True,True,507.2,507.2,0.0,0,0,0.40032505989074707,504.0,3.2,0.968,0,20,0,0,0,0,0
instance_n=20_73_c01,instance_n=20_73,Otto,20,1000.0,c01,1,low,low,low,low,1042,published_results/full_campaign_median_T_252_2026-06-04/solutions/instance_n=20_73_c01/epsilon_trace.csv,4,epsilon,3,17,False,infeasible,,,0,,,,,,,,,,,,,,,,,,,,,,,
instance_n=20_73_c02,instance_n=20_73,Otto,20,1000.0,c02,2,low,mid,mid,mid,2042,published_results/full_campaign_median_T_252_2026-06-04/solutions/instance_n=20_73_c02/epsilon_trace.csv,1,E0_HI_only,0,,True,,False,True,0,80.0,0.0,2,2,0,True,True,80.0,80.0,0.0,0,141,0.025876998901367188,0.0,0.0,,20,0,0,0,0,0,0
instance_n=20_73_c02,instance_n=20_73,Otto,20,1000.0,c02,2,low,mid,mid,mid,2042,published_results/full_campaign_median_T_252_2026-06-04/solutions/instance_n=20_73_c02/epsilon_trace.csv,2,epsilon,1,79,True,,False,True,0,54.0,231.05,2,1,2,True,False,110.29825668,231.05,52.2622,380203,11693664,300.36274886131287,191.0,40.050000000000004,0.5995,0,2,0,0,0,10,8
instance_n=20_73_c02,instance_n=20_73,Otto,20,1000.0,c02,2,low,mid,mid,mid,2042,published_results/full_campaign_median_T_252_2026-06-04/solutions/instance_n=20_73_c02/epsilon_trace.csv,3,epsilon,2,53,True,,False,True,0,49.0,241.4,2,1,1,True,True,241.4,241.4,0.0,326685,5740805,48.06481409072876,237.0,4.4,0.912,10,10,0,0,0,0,0
instance_n=20_73_c02,instance_n=20_73,Otto,20,1000.0,c02,2,low,mid,mid,mid,2042,published_results/full_campaign_median_T_252_2026-06-04/solutions/instance_n=20_73_c02/epsilon_trace.csv,4,epsilon,3,48,True,,False,True,0,18.0,524.0,2,0,2,True,True,524.0,524.0,0.0,302628,3798332,30.70862913131714,520.0,4.0,0.96,0,20,0,0,0,0,0
instance_n=20_73_c02,instance_n=20_73,Otto,20,1000.0,c02,2,low,mid,mid,mid,2042,published_results/full_campaign_median_T_252_2026-06-04/solutions/instance_n=20_73_c02/epsilon_trace.csv,5,epsilon,4,17,False,infeasible,,,0,,,,,,,,,,,,,,,,,,,,,,,
instance_n=20_73_c03,instance_n=20_73,Otto,20,1000.0,c03,3,low,high,high,high,3042,published_results/full_campaign_median_T_252_2026-06-04/solutions/instance_n=20_73_c03/epsilon_trace.csv,1,E0_HI_only,0,,True,,False,True,0,80.0,0.0,2,2,0,True,True,80.0,80.0,0.0,0,141,0.02594900131225586,0.0,0.0,,20,0,0,0,0,0,0
instance_n=20_73_c03,instance_n=20_73,Otto,20,1000.0,c03,3,low,high,high,high,3042,published_results/full_campaign_median_T_252_2026-06-04/solutions/instance_n=20_73_c03/epsilon_trace.csv,2,epsilon,1,79,True,,False,True,0,49.0,236.8,2,1,1,True,False,198.90046544,236.8,16.0049,583897,11770464,300.3571720123291,232.0,4.800000000000001,0.904,10,10,0,0,0,0,0
instance_n=20_73_c03,instance_n=20_73,Otto,20,1000.0,c03,3,low,high,high,high,3042,published_results/full_campaign_median_T_252_2026-06-04/solutions/instance_n=20_73_c03/epsilon_trace.csv,3,epsilon,2,48,True,,False,True,0,18.0,501.85,2,0,2,True,True,501.85,501.85,0.0,6091,102838,1.3856260776519775,495.0,6.8500000000000005,0.9315,0,20,0,0,0,0,0
instance_n=20_73_c03,instance_n=20_73,Otto,20,1000.0,c03,3,low,high,high,high,3042,published_results/full_campaign_median_T_252_2026-06-04/solutions/instance_n=20_73_c03/epsilon_trace.csv,4,epsilon,3,17,False,infeasible,,,0,,,,,,,,,,,,,,,,,,,,,,,
instance_n=20_73_c04,instance_n=20_73,Otto,20,1000.0,c04,4,mid,low,mid,high,4042,published_results/full_campaign_median_T_252_2026-06-04/solutions/instance_n=20_73_c04/epsilon_trace.csv,1,E0_HI_only,0,,True,,False,True,0,80.0,0.0,2,2,0,True,True,80.0,80.0,0.0,0,141,0.026217937469482422,0.0,0.0,,20,0,0,0,0,0,0
instance_n=20_73_c04,instance_n=20_73,Otto,20,1000.0,c04,4,mid,low,mid,high,4042,published_results/full_campaign_median_T_252_2026-06-04/solutions/instance_n=20_73_c04/epsilon_trace.csv,2,epsilon,1,79,True,,False,True,0,45.0,130.75,1,1,1,True,True,130.75,130.75,0.0,2108,38065,1.9941818714141846,117.0,13.75,0.725,0,0,0,0,20,0,0
instance_n=20_73_c04,instance_n=20_73,Otto,20,1000.0,c04,4,mid,low,mid,high,4042,published_results/full_campaign_median_T_252_2026-06-04/solutions/instance_n=20_73_c04/epsilon_trace.csv,3,epsilon,2,44,True,,False,True,0,27.0,721.95,3,0,3,True,True,721.95,721.95,0.0,0,0,0.4175910949707031,709.0,12.950000000000001,0.9137,0,20,0,0,0,0,0
instance_n=20_73_c04,instance_n=20_73,Otto,20,1000.0,c04,4,mid,low,mid,high,4042,published_results/full_campaign_median_T_252_2026-06-04/solutions/instance_n=20_73_c04/epsilon_trace.csv,4,epsilon,3,26,False,infeasible,,,0,,,,,,,,,,,,,,,,,,,,,,,
instance_n=20_73_c05,instance_n=20_73,Otto,20,1000.0,c05,5,mid,mid,high,low,5042,published_results/full_campaign_median_T_252_2026-06-04/solutions/instance_n=20_73_c05/epsilon_trace.csv,1,E0_HI_only,0,,True,,False,True,0,80.0,0.0,2,2,0,True,True,80.0,80.0,0.0,0,141,0.02620697021484375,0.0,0.0,,20,0,0,0,0,0,0
instance_n=20_73_c05,instance_n=20_73,Otto,20,1000.0,c05,5,mid,mid,high,low,5042,published_results/full_campaign_median_T_252_2026-06-04/solutions/instance_n=20_73_c05/epsilon_trace.csv,2,epsilon,1,79,True,,False,True,0,54.0,274.45,2,1,2,True,False,140.05767442,274.45,48.9679,477393,12840815,300.30823707580566,247.0,27.450000000000003,0.7255,0,3,0,0,0,11,6
instance_n=20_73_c05,instance_n=20_73,Otto,20,1000.0,c05,5,mid,mid,high,low,5042,published_results/full_campaign_median_T_252_2026-06-04/solutions/instance_n=20_73_c05/epsilon_trace.csv,3,epsilon,2,53,True,,False,True,0,27.0,710.6999999999999,3,0,3,True,True,710.7,710.7,0.0,87957,2237284,17.104119062423706,699.0,11.700000000000001,0.922,0,20,0,0,0,0,0
instance_n=20_73_c05,instance_n=20_73,Otto,20,1000.0,c05,5,mid,mid,high,low,5042,published_results/full_campaign_median_T_252_2026-06-04/solutions/instance_n=20_73_c05/epsilon_trace.csv,4,epsilon,3,26,False,infeasible,,,0,,,,,,,,,,,,,,,,,,,,,,,
instance_n=20_73_c06,instance_n=20_73,Otto,20,1000.0,c06,6,mid,high,low,mid,6042,published_results/full_campaign_median_T_252_2026-06-04/solutions/instance_n=20_73_c06/epsilon_trace.csv,1,E0_HI_only,0,,True,,False,True,0,80.0,0.0,2,2,0,True,True,80.0,80.0,0.0,0,141,0.026062726974487305,0.0,0.0,,20,0,0,0,0,0,0
instance_n=20_73_c06,instance_n=20_73,Otto,20,1000.0,c06,6,mid,high,low,mid,6042,published_results/full_campaign_median_T_252_2026-06-04/solutions/instance_n=20_73_c06/epsilon_trace.csv,2,epsilon,1,79,True,,False,True,0,54.0,323.45,2,1,2,True,False,148.46622967,323.45,54.0992,229156,8359045,300.9369111061096,307.0,16.45,0.8355,0,5,0,0,0,9,6
instance_n=20_73_c06,instance_n=20_73,Otto,20,1000.0,c06,6,mid,high,low,mid,6042,published_results/full_campaign_median_T_252_2026-06-04/solutions/instance_n=20_73_c06/epsilon_trace.csv,3,epsilon,2,53,True,,False,True,0,27.0,718.1999999999999,3,0,3,True,True,718.2,718.2,0.0,7279,208112,2.7444589138031006,706.0,12.200000000000001,0.9187,0,20,0,0,0,0,0
instance_n=20_73_c06,instance_n=20_73,Otto,20,1000.0,c06,6,mid,high,low,mid,6042,published_results/full_campaign_median_T_252_2026-06-04/solutions/instance_n=20_73_c06/epsilon_trace.csv,4,epsilon,3,26,False,infeasible,,,0,,,,,,,,,,,,,,,,,,,,,,,
instance_n=20_73_c07,instance_n=20_73,Otto,20,1000.0,c07,7,high,low,high,mid,7042,published_results/full_campaign_median_T_252_2026-06-04/solutions/instance_n=20_73_c07/epsilon_trace.csv,1,E0_HI_only,0,,True,,False,True,0,80.0,0.0,2,2,0,True,True,80.0,80.0,0.0,0,141,0.025962114334106445,0.0,0.0,,20,0,0,0,0,0,0
instance_n=20_73_c07,instance_n=20_73,Otto,20,1000.0,c07,7,high,low,high,mid,7042,published_results/full_campaign_median_T_252_2026-06-04/solutions/instance_n=20_73_c07/epsilon_trace.csv,2,epsilon,1,79,True,,False,True,0,45.0,136.4,1,1,1,True,True,136.4,136.4,0.0,3486,71635,2.727647066116333,124.0,12.4,0.752,0,0,0,0,20,0,0
instance_n=20_73_c07,instance_n=20_73,Otto,20,1000.0,c07,7,high,low,high,mid,7042,published_results/full_campaign_median_T_252_2026-06-04/solutions/instance_n=20_73_c07/epsilon_trace.csv,3,epsilon,2,44,False,infeasible,,,0,,,,,,,,,,,,,,,,,,,,,,,
instance_n=20_73_c08,instance_n=20_73,Otto,20,1000.0,c08,8,high,mid,low,high,8042,published_results/full_campaign_median_T_252_2026-06-04/solutions/instance_n=20_73_c08/epsilon_trace.csv,1,E0_HI_only,0,,True,,False,True,0,80.0,0.0,2,2,0,True,True,80.0,80.0,0.0,0,141,0.02658390998840332,0.0,0.0,,20,0,0,0,0,0,0
instance_n=20_73_c08,instance_n=20_73,Otto,20,1000.0,c08,8,high,mid,low,high,8042,published_results/full_campaign_median_T_252_2026-06-04/solutions/instance_n=20_73_c08/epsilon_trace.csv,2,epsilon,1,79,True,,False,True,0,54.0,364.6,2,1,2,True,True,364.6,364.6,0.0,9799,503992,13.244989156723022,354.0,10.600000000000001,0.894,0,5,0,0,15,0,0
instance_n=20_73_c08,instance_n=20_73,Otto,20,1000.0,c08,8,high,mid,low,high,8042,published_results/full_campaign_median_T_252_2026-06-04/solutions/instance_n=20_73_c08/epsilon_trace.csv,3,epsilon,2,53,True,,False,True,0,45.0,1108.6499999999999,5,0,5,True,True,1108.65,1108.65,0.0,215,8869,0.698756217956543,1071.0,37.65,0.8494,0,20,0,0,0,0,0
instance_n=20_73_c08,instance_n=20_73,Otto,20,1000.0,c08,8,high,mid,low,high,8042,published_results/full_campaign_median_T_252_2026-06-04/solutions/instance_n=20_73_c08/epsilon_trace.csv,4,epsilon,3,44,False,infeasible,,,0,,,,,,,,,,,,,,,,,,,,,,,
instance_n=20_73_c09,instance_n=20_73,Otto,20,1000.0,c09,9,high,high,mid,low,9042,published_results/full_campaign_median_T_252_2026-06-04/solutions/instance_n=20_73_c09/epsilon_trace.csv,1,E0_HI_only,0,,True,,False,True,0,80.0,0.0,2,2,0,True,True,80.0,80.0,0.0,0,141,0.02613091468811035,0.0,0.0,,20,0,0,0,0,0,0
instance_n=20_73_c09,instance_n=20_73,Otto,20,1000.0,c09,9,high,high,mid,low,9042,published_results/full_campaign_median_T_252_2026-06-04/solutions/instance_n=20_73_c09/epsilon_trace.csv,2,epsilon,1,79,True,,False,True,0,63.0,453.00000000000006,3,1,3,True,False,200.06999089,453.0,55.8344,438273,14254204,300.3638370037079,406.0,47.0,0.6867,0,6,0,0,0,8,6
instance_n=20_73_c09,instance_n=20_73,Otto,20,1000.0,c09,9,high,high,mid,low,9042,published_results/full_campaign_median_T_252_2026-06-04/solutions/instance_n=20_73_c09/epsilon_trace.csv,3,epsilon,2,62,True,,False,True,0,58.0,500.95,3,1,2,True,False,256.68941793,500.95,48.7595,524255,13621429,300.3838326931,498.0,2.95,0.9705,10,10,0,0,0,0,0
instance_n=20_73_c09,instance_n=20_73,Otto,20,1000.0,c09,9,high,high,mid,low,9042,published_results/full_campaign_median_T_252_2026-06-04/solutions/instance_n=20_73_c09/epsilon_trace.csv,4,epsilon,3,57,True,,False,True,0,45.0,1153.8499999999997,5,0,5,True,False,258.06319789,1153.85,77.6346,898494,18042561,300.39296889305115,1115.0,38.85,0.8446,0,20,0,0,0,0,0
instance_n=20_73_c09,instance_n=20_73,Otto,20,1000.0,c09,9,high,high,mid,low,9042,published_results/full_campaign_median_T_252_2026-06-04/solutions/instance_n=20_73_c09/epsilon_trace.csv,5,epsilon,4,44,False,infeasible,,,0,,,,,,,,,,,,,,,,,,,,,,,
instance_n=20_74_c01,instance_n=20_74,Otto,20,1000.0,c01,1,low,low,low,low,1042,published_results/full_campaign_median_T_252_2026-06-04/solutions/instance_n=20_74_c01/epsilon_trace.csv,1,E0_HI_only,0,,True,,False,True,0,120.0,0.0,3,3,0,True,True,120.0,120.0,0.0,0,0,0.02315688133239746,0.0,0.0,,20,0,0,0,0,0,0
instance_n=20_74_c01,instance_n=20_74,Otto,20,1000.0,c01,1,low,low,low,low,1042,published_results/full_campaign_median_T_252_2026-06-04/solutions/instance_n=20_74_c01/epsilon_trace.csv,2,epsilon,1,119,True,,False,True,0,85.0,117.3,2,2,1,True,True,117.3,117.3,0.0,186300,4220998,217.2013020515442,100.0,17.3,0.654,8,0,0,0,12,0,0
instance_n=20_74_c01,instance_n=20_74,Otto,20,1000.0,c01,1,low,low,low,low,1042,published_results/full_campaign_median_T_252_2026-06-04/solutions/instance_n=20_74_c01/epsilon_trace.csv,3,epsilon,2,84,True,,False,True,0,54.0,228.45,2,1,2,True,True,228.45,228.45,0.0,7210,265912,6.426874876022339,184.0,44.45,0.5555,0,1,0,0,19,0,0
instance_n=20_74_c01,instance_n=20_74,Otto,20,1000.0,c01,1,low,low,low,low,1042,published_results/full_campaign_median_T_252_2026-06-04/solutions/instance_n=20_74_c01/epsilon_trace.csv,4,epsilon,3,53,True,,False,True,0,27.0,703.5500000000001,3,0,3,True,True,703.55,703.55,0.0,0,826,0.5780034065246582,691.0,12.55,0.9163,0,20,0,0,0,0,0
instance_n=20_74_c01,instance_n=20_74,Otto,20,1000.0,c01,1,low,low,low,low,1042,published_results/full_campaign_median_T_252_2026-06-04/solutions/instance_n=20_74_c01/epsilon_trace.csv,5,epsilon,4,26,False,infeasible,,,0,,,,,,,,,,,,,,,,,,,,,,,
instance_n=20_74_c02,instance_n=20_74,Otto,20,1000.0,c02,2,low,mid,mid,mid,2042,published_results/full_campaign_median_T_252_2026-06-04/solutions/instance_n=20_74_c02/epsilon_trace.csv,1,E0_HI_only,0,,True,,False,True,0,120.0,0.0,3,3,0,True,True,120.0,120.0,0.0,0,0,0.023272037506103516,0.0,0.0,,20,0,0,0,0,0,0
instance_n=20_74_c02,instance_n=20_74,Otto,20,1000.0,c02,2,low,mid,mid,mid,2042,published_results/full_campaign_median_T_252_2026-06-04/solutions/instance_n=20_74_c02/epsilon_trace.csv,2,epsilon,1,119,True,,False,True,0,94.0,198.75,3,2,2,True,False,149.1265266,198.75,24.9678,317269,6327150,300.3579692840576,150.0,48.75,0.5125,5,1,0,0,0,7,7
instance_n=20_74_c02,instance_n=20_74,Otto,20,1000.0,c02,2,low,mid,mid,mid,2042,published_results/full_campaign_median_T_252_2026-06-04/solutions/instance_n=20_74_c02/epsilon_trace.csv,3,epsilon,2,93,True,,False,True,0,90.0,201.55,2,2,2,True,False,171.85,201.55,14.7358,371302,5963201,300.3500452041626,162.0,39.550000000000004,0.6045,0,0,0,0,0,12,8
instance_n=20_74_c02,instance_n=20_74,Otto,20,1000.0,c02,2,low,mid,mid,mid,2042,published_results/full_campaign_median_T_252_2026-06-04/solutions/instance_n=20_74_c02/epsilon_trace.csv,4,epsilon,3,89,True,,False,True,0,89.0,202.0,3,2,1,True,True,202.0,202.0,0.0,29786,1081999,28.500171899795532,189.0,13.0,0.74,13,7,0,0,0,0,0
instance_n=20_74_c02,instance_n=20_74,Otto,20,1000.0,c02,2,low,mid,mid,mid,2042,published_results/full_campaign_median_T_252_2026-06-04/solutions/instance_n=20_74_c02/epsilon_trace.csv,5,epsilon,4,88,True,,False,True,0,63.0,438.34999999999997,3,1,3,True,False,363.74140862,438.35,17.0203,398570,11602847,300.352548122406,389.0,49.35,0.671,0,8,0,0,0,6,6
instance_n=20_74_c02,instance_n=20_74,Otto,20,1000.0,c02,2,low,mid,mid,mid,2042,published_results/full_campaign_median_T_252_2026-06-04/solutions/instance_n=20_74_c02/epsilon_trace.csv,6,epsilon,5,62,True,,False,True,0,58.0,454.3,3,1,2,True,True,454.3,454.3,0.0,37314,509693,10.28002405166626,441.0,13.3,0.867,7,13,0,0,0,0,0
instance_n=20_74_c02,instance_n=20_74,Otto,20,1000.0,c02,2,low,mid,mid,mid,2042,published_results/full_campaign_median_T_252_2026-06-04/solutions/instance_n=20_74_c02/epsilon_trace.csv,7,epsilon,6,57,True,,False,True,0,27.0,734.8000000000001,3,0,3,True,True,734.8,734.8,0.0,29792,394982,5.1541948318481445,721.0,13.8,0.908,0,20,0,0,0,0,0
instance_n=20_74_c02,instance_n=20_74,Otto,20,1000.0,c02,2,low,mid,mid,mid,2042,published_results/full_campaign_median_T_252_2026-06-04/solutions/instance_n=20_74_c02/epsilon_trace.csv,8,epsilon,7,26,False,infeasible,,,0,,,,,,,,,,,,,,,,,,,,,,,
instance_n=20_74_c03,instance_n=20_74,Otto,20,1000.0,c03,3,low,high,high,high,3042,published_results/full_campaign_median_T_252_2026-06-04/solutions/instance_n=20_74_c03/epsilon_trace.csv,1,E0_HI_only,0,,True,,False,True,0,120.0,0.0,3,3,0,True,True,120.0,120.0,0.0,0,0,0.02313709259033203,0.0,0.0,,20,0,0,0,0,0,0
instance_n=20_74_c03,instance_n=20_74,Otto,20,1000.0,c03,3,low,high,high,high,3042,published_results/full_campaign_median_T_252_2026-06-04/solutions/instance_n=20_74_c03/epsilon_trace.csv,2,epsilon,1,119,True,,False,True,0,89.0,207.7,3,2,1,True,True,207.7,207.7,0.0,70361,1802351,85.63693118095398,197.0,10.700000000000001,0.786,13,7,0,0,0,0,0
instance_n=20_74_c03,instance_n=20_74,Otto,20,1000.0,c03,3,low,high,high,high,3042,published_results/full_campaign_median_T_252_2026-06-04/solutions/instance_n=20_74_c03/epsilon_trace.csv,3,epsilon,2,88,True,,False,True,0,58.0,452.4,3,1,2,True,True,452.4,452.4,0.0,42745,1361464,35.683156967163086,440.0,12.4,0.876,7,13,0,0,0,0,0
instance_n=20_74_c03,instance_n=20_74,Otto,20,1000.0,c03,3,low,high,high,high,3042,published_results/full_campaign_median_T_252_2026-06-04/solutions/instance_n=20_74_c03/epsilon_trace.csv,4,epsilon,3,57,True,,False,True,0,27.0,737.9499999999999,3,0,3,True,True,737.95,737.95,0.0,0,698,0.6381278038024902,727.0,10.950000000000001,0.927,0,20,0,0,0,0,0
instance_n=20_74_c03,instance_n=20_74,Otto,20,1000.0,c03,3,low,high,high,high,3042,published_results/full_campaign_median_T_252_2026-06-04/solutions/instance_n=20_74_c03/epsilon_trace.csv,5,epsilon,4,26,False,infeasible,,,0,,,,,,,,,,,,,,,,,,,,,,,
instance_n=20_74_c04,instance_n=20_74,Otto,20,1000.0,c04,4,mid,low,mid,high,4042,published_results/full_campaign_median_T_252_2026-06-04/solutions/instance_n=20_74_c04/epsilon_trace.csv,1,E0_HI_only,0,,True,,False,True,0,120.0,0.0,3,3,0,True,True,120.0,120.0,0.0,0,0,0.0225679874420166,0.0,0.0,,20,0,0,0,0,0,0
instance_n=20_74_c04,instance_n=20_74,Otto,20,1000.0,c04,4,mid,low,mid,high,4042,published_results/full_campaign_median_T_252_2026-06-04/solutions/instance_n=20_74_c04/epsilon_trace.csv,2,epsilon,1,119,True,,False,True,0,85.0,122.15,2,2,1,True,True,122.15,122.15,0.0,927,67594,3.1168277263641357,105.0,17.150000000000002,0.657,7,0,0,0,13,0,0
instance_n=20_74_c04,instance_n=20_74,Otto,20,1000.0,c04,4,mid,low,mid,high,4042,published_results/full_campaign_median_T_252_2026-06-04/solutions/instance_n=20_74_c04/epsilon_trace.csv,3,epsilon,2,84,True,,False,True,0,54.0,245.9,2,1,2,True,True,245.9,245.9,0.0,148,30612,2.2820959091186523,206.0,39.900000000000006,0.601,0,1,0,0,19,0,0
instance_n=20_74_c04,instance_n=20_74,Otto,20,1000.0,c04,4,mid,low,mid,high,4042,published_results/full_campaign_median_T_252_2026-06-04/solutions/instance_n=20_74_c04/epsilon_trace.csv,4,epsilon,3,53,True,,False,True,0,45.0,1088.05,5,0,5,True,True,1088.05,1088.05,0.0,0,1258,0.5734851360321045,1040.0,48.050000000000004,0.8078,0,20,0,0,0,0,0
instance_n=20_74_c04,instance_n=20_74,Otto,20,1000.0,c04,4,mid,low,mid,high,4042,published_results/full_campaign_median_T_252_2026-06-04/solutions/instance_n=20_74_c04/epsilon_trace.csv,5,epsilon,4,44,False,infeasible,,,0,,,,,,,,,,,,,,,,,,,,,,,
instance_n=20_74_c05,instance_n=20_74,Otto,20,1000.0,c05,5,mid,mid,high,low,5042,published_results/full_campaign_median_T_252_2026-06-04/solutions/instance_n=20_74_c05/epsilon_trace.csv,1,E0_HI_only,0,,True,,False,True,0,120.0,0.0,3,3,0,True,True,120.0,120.0,0.0,0,0,0.023495912551879883,0.0,0.0,,20,0,0,0,0,0,0
instance_n=20_74_c05,instance_n=20_74,Otto,20,1000.0,c05,5,mid,mid,high,low,5042,published_results/full_campaign_median_T_252_2026-06-04/solutions/instance_n=20_74_c05/epsilon_trace.csv,2,epsilon,1,119,True,,False,True,0,90.0,205.75,2,2,2,True,False,150.5,205.75,26.853,182815,3426812,300.432354927063,169.0,36.75,0.6325,0,0,0,0,0,15,5
instance_n=20_74_c05,instance_n=20_74,Otto,20,1000.0,c05,5,mid,mid,high,low,5042,published_results/full_campaign_median_T_252_2026-06-04/solutions/instance_n=20_74_c05/epsilon_trace.csv,3,epsilon,2,89,True,,False,True,0,63.0,548.1,3,1,3,True,False,478.58114534,548.1,12.6836,362823,8616331,300.35918498039246,528.0,20.1,0.866,0,7,0,0,0,7,6
instance_n=20_74_c05,instance_n=20_74,Otto,20,1000.0,c05,5,mid,mid,high,low,5042,published_results/full_campaign_median_T_252_2026-06-04/solutions/instance_n=20_74_c05/epsilon_trace.csv,4,epsilon,3,62,True,,False,True,0,36.0,1020.5,4,0,4,True,True,1020.5,1020.5,0.0,6627,97265,2.080166816711426,1015.0,5.5,0.9725,0,20,0,0,0,0,0
instance_n=20_74_c05,instance_n=20_74,Otto,20,1000.0,c05,5,mid,mid,high,low,5042,published_results/full_campaign_median_T_252_2026-06-04/solutions/instance_n=20_74_c05/epsilon_trace.csv,5,epsilon,4,35,False,infeasible,,,0,,,,,,,,,,,,,,,,,,,,,,,
instance_n=20_74_c06,instance_n=20_74,Otto,20,1000.0,c06,6,mid,high,low,mid,6042,published_results/full_campaign_median_T_252_2026-06-04/solutions/instance_n=20_74_c06/epsilon_trace.csv,1,E0_HI_only,0,,True,,False,True,0,120.0,0.0,3,3,0,True,True,120.0,120.0,0.0,0,0,0.023488998413085938,0.0,0.0,,20,0,0,0,0,0,0
instance_n=20_74_c06,instance_n=20_74,Otto,20,1000.0,c06,6,mid,high,low,mid,6042,published_results/full_campaign_median_T_252_2026-06-04/solutions/instance_n=20_74_c06/epsilon_trace.csv,2,epsilon,1,119,True,,False,True,0,90.0,244.35,2,2,2,True,False,183.8625,244.35,24.7545,197728,4366570,300.93742203712463,230.0,14.350000000000001,0.8565,0,0,0,0,0,13,7
instance_n=20_74_c06,instance_n=20_74,Otto,20,1000.0,c06,6,mid,high,low,mid,6042,published_results/full_campaign_median_T_252_2026-06-04/solutions/instance_n=20_74_c06/epsilon_trace.csv,3,epsilon,2,89,True,,False,True,0,63.0,599.4,3,1,3,True,False,553.4,599.4,7.6743,382478,7915506,300.35029101371765,590.0,9.4,0.9373,0,9,0,0,0,7,4
instance_n=20_74_c06,instance_n=20_74,Otto,20,1000.0,c06,6,mid,high,low,mid,6042,published_results/full_campaign_median_T_252_2026-06-04/solutions/instance_n=20_74_c06/epsilon_trace.csv,4,epsilon,3,62,True,,False,True,0,36.0,994.5999999999999,4,0,4,True,True,994.6,994.6,0.0,0,601,0.9393672943115234,991.0,3.6,0.982,0,20,0,0,0,0,0
instance_n=20_74_c06,instance_n=20_74,Otto,20,1000.0,c06,6,mid,high,low,mid,6042,published_results/full_campaign_median_T_252_2026-06-04/solutions/instance_n=20_74_c06/epsilon_trace.csv,5,epsilon,4,35,False,infeasible,,,0,,,,,,,,,,,,,,,,,,,,,,,
instance_n=20_74_c07,instance_n=20_74,Otto,20,1000.0,c07,7,high,low,high,mid,7042,published_results/full_campaign_median_T_252_2026-06-04/solutions/instance_n=20_74_c07/epsilon_trace.csv,1,E0_HI_only,0,,True,,False,True,0,120.0,0.0,3,3,0,True,True,120.0,120.0,0.0,0,0,0.022847890853881836,0.0,0.0,,20,0,0,0,0,0,0
instance_n=20_74_c07,instance_n=20_74,Otto,20,1000.0,c07,7,high,low,high,mid,7042,published_results/full_campaign_median_T_252_2026-06-04/solutions/instance_n=20_74_c07/epsilon_trace.csv,2,epsilon,1,119,True,,False,True,0,85.0,118.5,2,2,1,True,True,118.5,118.5,0.0,1004,62092,4.728846788406372,101.0,17.5,0.65,8,0,0,0,12,0,0
instance_n=20_74_c07,instance_n=20_74,Otto,20,1000.0,c07,7,high,low,high,mid,7042,published_results/full_campaign_median_T_252_2026-06-04/solutions/instance_n=20_74_c07/epsilon_trace.csv,3,epsilon,2,84,True,,False,True,0,54.0,261.35,2,1,2,True,True,261.35,261.35,0.0,66,18756,2.137192964553833,226.0,35.35,0.6465,0,2,0,0,18,0,0
instance_n=20_74_c07,instance_n=20_74,Otto,20,1000.0,c07,7,high,low,high,mid,7042,published_results/full_campaign_median_T_252_2026-06-04/solutions/instance_n=20_74_c07/epsilon_trace.csv,4,epsilon,3,53,False,infeasible,,,0,,,,,,,,,,,,,,,,,,,,,,,
instance_n=20_74_c08,instance_n=20_74,Otto,20,1000.0,c08,8,high,mid,low,high,8042,published_results/full_campaign_median_T_252_2026-06-04/solutions/instance_n=20_74_c08/epsilon_trace.csv,1,E0_HI_only,0,,True,,False,True,0,120.0,0.0,3,3,0,True,True,120.0,120.0,0.0,0,0,0.023656845092773438,0.0,0.0,,20,0,0,0,0,0,0
instance_n=20_74_c08,instance_n=20_74,Otto,20,1000.0,c08,8,high,mid,low,high,8042,published_results/full_campaign_median_T_252_2026-06-04/solutions/instance_n=20_74_c08/epsilon_trace.csv,2,epsilon,1,119,True,,False,True,0,90.0,291.59999999999997,2,2,2,True,True,291.6,291.6,0.0,36366,2004498,105.73364305496216,282.0,9.600000000000001,0.904,0,0,0,0,20,0,0
instance_n=20_74_c08,instance_n=20_74,Otto,20,1000.0,c08,8,high,mid,low,high,8042,published_results/full_campaign_median_T_252_2026-06-04/solutions/instance_n=20_74_c08/epsilon_trace.csv,3,epsilon,2,89,True,,False,True,0,72.0,823.2,4,1,4,True,True,823.2,823.2,0.0,12317,620507,16.883350133895874,803.0,20.200000000000003,0.899,0,9,0,0,11,0,0
instance_n=20_74_c08,instance_n=20_74,Otto,20,1000.0,c08,8,high,mid,low,high,8042,published_results/full_campaign_median_T_252_2026-06-04/solutions/instance_n=20_74_c08/epsilon_trace.csv,4,epsilon,3,71,True,,False,True,0,63.0,1578.9499999999998,7,0,7,True,True,1578.95,1578.95,0.0,668,41900,1.9303669929504395,1529.0,49.95,0.8573,0,20,0,0,0,0,0
instance_n=20_74_c08,instance_n=20_74,Otto,20,1000.0,c08,8,high,mid,low,high,8042,published_results/full_campaign_median_T_252_2026-06-04/solutions/instance_n=20_74_c08/epsilon_trace.csv,5,epsilon,4,62,False,infeasible,,,0,,,,,,,,,,,,,,,,,,,,,,,
instance_n=20_74_c09,instance_n=20_74,Otto,20,1000.0,c09,9,high,high,mid,low,9042,published_results/full_campaign_median_T_252_2026-06-04/solutions/instance_n=20_74_c09/epsilon_trace.csv,1,E0_HI_only,0,,True,,False,True,0,120.0,0.0,3,3,0,True,True,120.0,120.0,0.0,0,0,0.02313399314880371,0.0,0.0,,20,0,0,0,0,0,0
instance_n=20_74_c09,instance_n=20_74,Otto,20,1000.0,c09,9,high,high,mid,low,9042,published_results/full_campaign_median_T_252_2026-06-04/solutions/instance_n=20_74_c09/epsilon_trace.csv,2,epsilon,1,119,True,,False,True,0,99.0,327.0,3,2,3,True,False,156.8,327.0,52.0489,299052,6313771,300.31370782852173,272.0,55.0,0.6333,0,1,0,0,0,13,6
instance_n=20_74_c09,instance_n=20_74,Otto,20,1000.0,c09,9,high,high,mid,low,9042,published_results/full_campaign_median_T_252_2026-06-04/solutions/instance_n=20_74_c09/epsilon_trace.csv,3,epsilon,2,98,True,,False,True,0,94.0,331.6,3,2,2,True,False,221.95,331.6,33.0669,365713,6282896,300.4380798339844,316.0,15.600000000000001,0.844,8,2,0,0,0,8,2
instance_n=20_74_c09,instance_n=20_74,Otto,20,1000.0,c09,9,high,high,mid,low,9042,published_results/full_campaign_median_T_252_2026-06-04/solutions/instance_n=20_74_c09/epsilon_trace.csv,4,epsilon,3,93,True,,False,True,0,81.0,938.9500000000002,5,1,5,True,False,157.72845745,938.95,83.2016,331045,11577194,300.30716490745544,881.0,57.95,0.7682,0,10,0,0,0,6,4
instance_n=20_74_c09,instance_n=20_74,Otto,20,1000.0,c09,9,high,high,mid,low,9042,published_results/full_campaign_median_T_252_2026-06-04/solutions/instance_n=20_74_c09/epsilon_trace.csv,5,epsilon,4,80,True,,False,True,1,72.0,874.3000000000001,4,1,4,True,False,844.55,874.3,3.4027,1033838,7894361,300.328152179718,862.0,12.3,0.9385,0,10,0,0,0,8,2
instance_n=20_74_c09,instance_n=20_74,Otto,20,1000.0,c09,9,high,high,mid,low,9042,published_results/full_campaign_median_T_252_2026-06-04/solutions/instance_n=20_74_c09/epsilon_trace.csv,6,epsilon,5,71,True,,False,True,0,63.0,1620.6000000000001,7,0,7,True,True,1620.6,1620.6,0.0,2561,91387,2.8591971397399902,1568.0,52.6,0.8497,0,20,0,0,0,0,0
instance_n=20_74_c09,instance_n=20_74,Otto,20,1000.0,c09,9,high,high,mid,low,9042,published_results/full_campaign_median_T_252_2026-06-04/solutions/instance_n=20_74_c09/epsilon_trace.csv,7,epsilon,6,62,False,infeasible,,,0,,,,,,,,,,,,,,,,,,,,,,,
instance_n=20_77_c01,instance_n=20_77,Otto,20,1000.0,c01,1,low,low,low,low,1042,published_results/full_campaign_median_T_252_2026-06-04/solutions/instance_n=20_77_c01/epsilon_trace.csv,1,E0_HI_only,0,,True,,False,True,0,120.0,0.0,3,3,0,True,True,120.0,120.0,0.0,0,0,0.025404930114746094,0.0,0.0,,20,0,0,0,0,0,0
instance_n=20_77_c01,instance_n=20_77,Otto,20,1000.0,c01,1,low,low,low,low,1042,published_results/full_campaign_median_T_252_2026-06-04/solutions/instance_n=20_77_c01/epsilon_trace.csv,2,epsilon,1,119,True,,False,True,0,85.0,125.75,2,2,1,True,False,82.479927022,125.75,34.4096,273886,6105633,300.36937713623047,112.0,13.75,0.725,7,0,0,0,13,0,0
instance_n=20_77_c01,instance_n=20_77,Otto,20,1000.0,c01,1,low,low,low,low,1042,published_results/full_campaign_median_T_252_2026-06-04/solutions/instance_n=20_77_c01/epsilon_trace.csv,3,epsilon,2,84,True,,False,True,0,54.0,268.5,2,1,2,True,True,268.5,268.5,0.0,109548,2445709,65.46596121788025,234.0,34.5,0.655,0,2,0,0,18,0,0
instance_n=20_77_c01,instance_n=20_77,Otto,20,1000.0,c01,1,low,low,low,low,1042,published_results/full_campaign_median_T_252_2026-06-04/solutions/instance_n=20_77_c01/epsilon_trace.csv,4,epsilon,3,53,True,,False,True,0,27.0,762.1999999999999,3,0,3,True,True,762.2,762.2,0.0,994,17600,0.8473701477050781,757.0,5.2,0.9653,0,20,0,0,0,0,0
instance_n=20_77_c01,instance_n=20_77,Otto,20,1000.0,c01,1,low,low,low,low,1042,published_results/full_campaign_median_T_252_2026-06-04/solutions/instance_n=20_77_c01/epsilon_trace.csv,5,epsilon,4,26,False,infeasible,,,0,,,,,,,,,,,,,,,,,,,,,,,
instance_n=20_77_c02,instance_n=20_77,Otto,20,1000.0,c02,2,low,mid,mid,mid,2042,published_results/full_campaign_median_T_252_2026-06-04/solutions/instance_n=20_77_c02/epsilon_trace.csv,1,E0_HI_only,0,,True,,False,True,0,120.0,0.0,3,3,0,True,True,120.0,120.0,0.0,0,0,0.024985074996948242,0.0,0.0,,20,0,0,0,0,0,0
instance_n=20_77_c02,instance_n=20_77,Otto,20,1000.0,c02,2,low,mid,mid,mid,2042,published_results/full_campaign_median_T_252_2026-06-04/solutions/instance_n=20_77_c02/epsilon_trace.csv,2,epsilon,1,119,True,,False,True,0,90.0,215.35,2,2,2,True,False,110.4,215.35,48.7346,193349,4673291,300.4486258029938,184.0,31.35,0.6865,0,0,0,0,0,11,9
instance_n=20_77_c02,instance_n=20_77,Otto,20,1000.0,c02,2,low,mid,mid,mid,2042,published_results/full_campaign_median_T_252_2026-06-04/solutions/instance_n=20_77_c02/epsilon_trace.csv,3,epsilon,2,89,True,,False,True,0,89.0,226.95,3,2,1,True,False,128.83333333,226.95,43.2327,334720,7179200,300.2912702560425,222.0,4.95,0.901,14,6,0,0,0,0,0
instance_n=20_77_c02,instance_n=20_77,Otto,20,1000.0,c02,2,low,mid,mid,mid,2042,published_results/full_campaign_median_T_252_2026-06-04/solutions/instance_n=20_77_c02/epsilon_trace.csv,4,epsilon,3,88,True,,False,True,0,63.0,469.25,3,1,3,True,False,260.7658595,469.25,44.4292,372037,8511796,300.3553640842438,426.0,43.25,0.7117,0,7,0,0,0,6,7
instance_n=20_77_c02,instance_n=20_77,Otto,20,1000.0,c02,2,low,mid,mid,mid,2042,published_results/full_campaign_median_T_252_2026-06-04/solutions/instance_n=20_77_c02/epsilon_trace.csv,5,epsilon,4,62,True,,False,True,0,58.0,497.15000000000003,3,1,2,True,True,497.15,497.15,0.0,144478,2720698,42.81699800491333,491.0,6.15,0.9385,7,13,0,0,0,0,0
instance_n=20_77_c02,instance_n=20_77,Otto,20,1000.0,c02,2,low,mid,mid,mid,2042,published_results/full_campaign_median_T_252_2026-06-04/solutions/instance_n=20_77_c02/epsilon_trace.csv,6,epsilon,5,57,True,,False,True,0,27.0,776.0,3,0,3,True,True,776.0,776.0,0.0,166232,3018609,33.69274926185608,770.0,6.0,0.96,0,20,0,0,0,0,0
instance_n=20_77_c02,instance_n=20_77,Otto,20,1000.0,c02,2,low,mid,mid,mid,2042,published_results/full_campaign_median_T_252_2026-06-04/solutions/instance_n=20_77_c02/epsilon_trace.csv,7,epsilon,6,26,False,infeasible,,,0,,,,,,,,,,,,,,,,,,,,,,,
instance_n=20_77_c03,instance_n=20_77,Otto,20,1000.0,c03,3,low,high,high,high,3042,published_results/full_campaign_median_T_252_2026-06-04/solutions/instance_n=20_77_c03/epsilon_trace.csv,1,E0_HI_only,0,,True,,False,True,0,120.0,0.0,3,3,0,True,True,120.0,120.0,0.0,0,0,0.025295019149780273,0.0,0.0,,20,0,0,0,0,0,0
instance_n=20_77_c03,instance_n=20_77,Otto,20,1000.0,c03,3,low,high,high,high,3042,published_results/full_campaign_median_T_252_2026-06-04/solutions/instance_n=20_77_c03/epsilon_trace.csv,2,epsilon,1,119,True,,False,True,0,89.0,229.9,3,2,1,True,False,150.59793965,229.9,34.4942,238475,6701376,300.3444528579712,224.0,5.9,0.882,13,7,0,0,0,0,0
instance_n=20_77_c03,instance_n=20_77,Otto,20,1000.0,c03,3,low,high,high,high,3042,published_results/full_campaign_median_T_252_2026-06-04/solutions/instance_n=20_77_c03/epsilon_trace.csv,3,epsilon,2,88,True,,False,True,0,58.0,477.75,3,1,2,True,False,413.95439377,477.75,13.3533,390033,9338268,300.3332438468933,472.0,5.75,0.9425,6,14,0,0,0,0,0
instance_n=20_77_c03,instance_n=20_77,Otto,20,1000.0,c03,3,low,high,high,high,3042,published_results/full_campaign_median_T_252_2026-06-04/solutions/instance_n=20_77_c03/epsilon_trace.csv,4,epsilon,3,57,True,,False,True,0,27.0,758.5,3,0,3,True,True,758.5,758.5,0.0,15648,292109,4.550612926483154,752.0,6.5,0.9567,0,20,0,0,0,0,0
instance_n=20_77_c03,instance_n=20_77,Otto,20,1000.0,c03,3,low,high,high,high,3042,published_results/full_campaign_median_T_252_2026-06-04/solutions/instance_n=20_77_c03/epsilon_trace.csv,5,epsilon,4,26,False,infeasible,,,0,,,,,,,,,,,,,,,,,,,,,,,
instance_n=20_77_c04,instance_n=20_77,Otto,20,1000.0,c04,4,mid,low,mid,high,4042,published_results/full_campaign_median_T_252_2026-06-04/solutions/instance_n=20_77_c04/epsilon_trace.csv,1,E0_HI_only,0,,True,,False,True,0,120.0,0.0,3,3,0,True,True,120.0,120.0,0.0,0,0,0.025252103805541992,0.0,0.0,,20,0,0,0,0,0,0
instance_n=20_77_c04,instance_n=20_77,Otto,20,1000.0,c04,4,mid,low,mid,high,4042,published_results/full_campaign_median_T_252_2026-06-04/solutions/instance_n=20_77_c04/epsilon_trace.csv,2,epsilon,1,119,True,,False,True,0,85.0,125.5,2,2,1,True,True,125.5,125.5,0.0,5290,281641,9.910022735595703,110.0,15.5,0.69,7,0,0,0,13,0,0
instance_n=20_77_c04,instance_n=20_77,Otto,20,1000.0,c04,4,mid,low,mid,high,4042,published_results/full_campaign_median_T_252_2026-06-04/solutions/instance_n=20_77_c04/epsilon_trace.csv,3,epsilon,2,84,True,,False,True,0,54.0,274.0,2,1,2,True,True,274.0,274.0,0.0,938,56370,2.8905248641967773,241.0,33.0,0.67,0,2,0,0,18,0,0
instance_n=20_77_c04,instance_n=20_77,Otto,20,1000.0,c04,4,mid,low,mid,high,4042,published_results/full_campaign_median_T_252_2026-06-04/solutions/instance_n=20_77_c04/epsilon_trace.csv,4,epsilon,3,53,True,,False,True,0,45.0,1143.3,5,0,5,True,True,1143.3,1143.3,0.0,852,12663,0.6547880172729492,1103.0,40.300000000000004,0.8388,0,20,0,0,0,0,0
instance_n=20_77_c04,instance_n=20_77,Otto,20,1000.0,c04,4,mid,low,mid,high,4042,published_results/full_campaign_median_T_252_2026-06-04/solutions/instance_n=20_77_c04/epsilon_trace.csv,5,epsilon,4,44,False,infeasible,,,0,,,,,,,,,,,,,,,,,,,,,,,
instance_n=20_77_c05,instance_n=20_77,Otto,20,1000.0,c05,5,mid,mid,high,low,5042,published_results/full_campaign_median_T_252_2026-06-04/solutions/instance_n=20_77_c05/epsilon_trace.csv,1,E0_HI_only,0,,True,,False,True,0,120.0,0.0,3,3,0,True,True,120.0,120.0,0.0,0,0,0.025398969650268555,0.0,0.0,,20,0,0,0,0,0,0
instance_n=20_77_c05,instance_n=20_77,Otto,20,1000.0,c05,5,mid,mid,high,low,5042,published_results/full_campaign_median_T_252_2026-06-04/solutions/instance_n=20_77_c05/epsilon_trace.csv,2,epsilon,1,119,True,,False,True,0,94.0,262.8,3,2,2,True,False,88.735124129,262.8,66.2347,207399,7096094,300.34370613098145,232.0,30.8,0.692,7,2,0,0,0,6,5
instance_n=20_77_c05,instance_n=20_77,Otto,20,1000.0,c05,5,mid,mid,high,low,5042,published_results/full_campaign_median_T_252_2026-06-04/solutions/instance_n=20_77_c05/epsilon_trace.csv,3,epsilon,2,93,True,,False,True,1,90.0,221.04999999999998,2,2,2,True,False,119.27258065,221.05,46.0427,347484,9242988,300.32658791542053,194.0,27.05,0.7295,0,0,0,0,0,14,6
instance_n=20_77_c05,instance_n=20_77,Otto,20,1000.0,c05,5,mid,mid,high,low,5042,published_results/full_campaign_median_T_252_2026-06-04/solutions/instance_n=20_77_c05/epsilon_trace.csv,4,epsilon,3,89,True,,False,True,0,63.0,594.0,3,1,3,True,False,302.8,594.0,49.0236,482945,12520314,300.31523299217224,586.0,8.0,0.9467,0,7,0,0,0,7,6
instance_n=20_77_c05,instance_n=20_77,Otto,20,1000.0,c05,5,mid,mid,high,low,5042,published_results/full_campaign_median_T_252_2026-06-04/solutions/instance_n=20_77_c05/epsilon_trace.csv,5,epsilon,4,62,True,,False,True,0,45.0,1103.3999999999999,5,0,5,True,True,1103.4,1103.4,0.0,12767,284052,7.350647926330566,1061.0,42.400000000000006,0.8304,0,20,0,0,0,0,0
instance_n=20_77_c05,instance_n=20_77,Otto,20,1000.0,c05,5,mid,mid,high,low,5042,published_results/full_campaign_median_T_252_2026-06-04/solutions/instance_n=20_77_c05/epsilon_trace.csv,6,epsilon,5,44,False,infeasible,,,0,,,,,,,,,,,,,,,,,,,,,,,
instance_n=20_77_c06,instance_n=20_77,Otto,20,1000.0,c06,6,mid,high,low,mid,6042,published_results/full_campaign_median_T_252_2026-06-04/solutions/instance_n=20_77_c06/epsilon_trace.csv,1,E0_HI_only,0,,True,,False,True,0,120.0,0.0,3,3,0,True,True,120.0,120.0,0.0,0,0,0.02538299560546875,0.0,0.0,,20,0,0,0,0,0,0
instance_n=20_77_c06,instance_n=20_77,Otto,20,1000.0,c06,6,mid,high,low,mid,6042,published_results/full_campaign_median_T_252_2026-06-04/solutions/instance_n=20_77_c06/epsilon_trace.csv,2,epsilon,1,119,True,,False,True,0,90.0,278.40000000000003,2,2,2,True,False,124.54101733,278.4,55.2654,176600,8446442,300.3218138217926,277.0,1.4000000000000001,0.986,0,0,0,0,0,11,9
instance_n=20_77_c06,instance_n=20_77,Otto,20,1000.0,c06,6,mid,high,low,mid,6042,published_results/full_campaign_median_T_252_2026-06-04/solutions/instance_n=20_77_c06/epsilon_trace.csv,3,epsilon,2,89,True,,False,True,0,67.0,683.2,4,1,3,True,False,436.77878788,683.2,36.0687,344834,9867033,300.34254002571106,666.0,17.2,0.8853,8,12,0,0,0,0,0
instance_n=20_77_c06,instance_n=20_77,Otto,20,1000.0,c06,6,mid,high,low,mid,6042,published_results/full_campaign_median_T_252_2026-06-04/solutions/instance_n=20_77_c06/epsilon_trace.csv,4,epsilon,3,66,True,,False,True,1,63.0,658.5500000000001,3,1,3,True,False,541.38487013,658.55,17.7914,687126,13215944,300.5618140697479,658.0,0.55,0.9963,0,10,0,0,0,6,4
instance_n=20_77_c06,instance_n=20_77,Otto,20,1000.0,c06,6,mid,high,low,mid,6042,published_results/full_campaign_median_T_252_2026-06-04/solutions/instance_n=20_77_c06/epsilon_trace.csv,5,epsilon,4,62,True,,False,True,0,45.0,1095.75,5,0,5,True,True,1095.75,1095.75,0.0,6253,197566,5.8189709186553955,1051.0,44.75,0.821,0,20,0,0,0,0,0
instance_n=20_77_c06,instance_n=20_77,Otto,20,1000.0,c06,6,mid,high,low,mid,6042,published_results/full_campaign_median_T_252_2026-06-04/solutions/instance_n=20_77_c06/epsilon_trace.csv,6,epsilon,5,44,False,infeasible,,,0,,,,,,,,,,,,,,,,,,,,,,,
instance_n=20_77_c07,instance_n=20_77,Otto,20,1000.0,c07,7,high,low,high,mid,7042,published_results/full_campaign_median_T_252_2026-06-04/solutions/instance_n=20_77_c07/epsilon_trace.csv,1,E0_HI_only,0,,True,,False,True,0,120.0,0.0,3,3,0,True,True,120.0,120.0,0.0,0,0,0.025706052780151367,0.0,0.0,,20,0,0,0,0,0,0
instance_n=20_77_c07,instance_n=20_77,Otto,20,1000.0,c07,7,high,low,high,mid,7042,published_results/full_campaign_median_T_252_2026-06-04/solutions/instance_n=20_77_c07/epsilon_trace.csv,2,epsilon,1,119,True,,False,True,0,85.0,127.1,2,2,1,True,True,127.1,127.1,0.0,1794,101512,5.9726457595825195,113.0,14.100000000000001,0.718,7,0,0,0,13,0,0
instance_n=20_77_c07,instance_n=20_77,Otto,20,1000.0,c07,7,high,low,high,mid,7042,published_results/full_campaign_median_T_252_2026-06-04/solutions/instance_n=20_77_c07/epsilon_trace.csv,3,epsilon,2,84,True,,False,True,0,54.0,321.95,2,1,2,True,True,321.95,321.95,0.0,2280,146590,4.071545839309692,302.0,19.950000000000003,0.8005,0,2,0,0,18,0,0
instance_n=20_77_c07,instance_n=20_77,Otto,20,1000.0,c07,7,high,low,high,mid,7042,published_results/full_campaign_median_T_252_2026-06-04/solutions/instance_n=20_77_c07/epsilon_trace.csv,4,epsilon,3,53,False,infeasible,,,0,,,,,,,,,,,,,,,,,,,,,,,
instance_n=20_77_c08,instance_n=20_77,Otto,20,1000.0,c08,8,high,mid,low,high,8042,published_results/full_campaign_median_T_252_2026-06-04/solutions/instance_n=20_77_c08/epsilon_trace.csv,1,E0_HI_only,0,,True,,False,True,0,120.0,0.0,3,3,0,True,True,120.0,120.0,0.0,0,0,0.025585174560546875,0.0,0.0,,20,0,0,0,0,0,0
instance_n=20_77_c08,instance_n=20_77,Otto,20,1000.0,c08,8,high,mid,low,high,8042,published_results/full_campaign_median_T_252_2026-06-04/solutions/instance_n=20_77_c08/epsilon_trace.csv,2,epsilon,1,119,True,,False,True,0,90.0,295.1,2,2,2,True,True,295.1,295.1,0.0,90961,3421678,129.5050699710846,289.0,6.1000000000000005,0.939,0,0,0,0,20,0,0
instance_n=20_77_c08,instance_n=20_77,Otto,20,1000.0,c08,8,high,mid,low,high,8042,published_results/full_campaign_median_T_252_2026-06-04/solutions/instance_n=20_77_c08/epsilon_trace.csv,3,epsilon,2,89,True,,False,True,0,72.0,884.65,4,1,4,True,True,884.65,884.65,0.0,112676,3107667,84.26354098320007,879.0,5.65,0.9718,0,10,0,0,10,0,0
instance_n=20_77_c08,instance_n=20_77,Otto,20,1000.0,c08,8,high,mid,low,high,8042,published_results/full_campaign_median_T_252_2026-06-04/solutions/instance_n=20_77_c08/epsilon_trace.csv,4,epsilon,3,71,True,,False,True,0,63.0,1624.7,7,0,7,True,True,1624.7,1624.7,0.0,0,1455,1.736659049987793,1588.0,36.7,0.8951,0,20,0,0,0,0,0
instance_n=20_77_c08,instance_n=20_77,Otto,20,1000.0,c08,8,high,mid,low,high,8042,published_results/full_campaign_median_T_252_2026-06-04/solutions/instance_n=20_77_c08/epsilon_trace.csv,5,epsilon,4,62,False,infeasible,,,0,,,,,,,,,,,,,,,,,,,,,,,
instance_n=20_77_c09,instance_n=20_77,Otto,20,1000.0,c09,9,high,high,mid,low,9042,published_results/full_campaign_median_T_252_2026-06-04/solutions/instance_n=20_77_c09/epsilon_trace.csv,1,E0_HI_only,0,,True,,False,True,0,120.0,0.0,3,3,0,True,True,120.0,120.0,0.0,0,0,0.025448083877563477,0.0,0.0,,20,0,0,0,0,0,0
instance_n=20_77_c09,instance_n=20_77,Otto,20,1000.0,c09,9,high,high,mid,low,9042,published_results/full_campaign_median_T_252_2026-06-04/solutions/instance_n=20_77_c09/epsilon_trace.csv,2,epsilon,1,119,True,,False,True,0,99.0,362.45,3,2,3,True,False,131.05,362.45,63.8433,297691,6299683,300.34453678131104,318.0,44.45,0.7037,0,1,0,0,0,12,7
instance_n=20_77_c09,instance_n=20_77,Otto,20,1000.0,c09,9,high,high,mid,low,9042,published_results/full_campaign_median_T_252_2026-06-04/solutions/instance_n=20_77_c09/epsilon_trace.csv,3,epsilon,2,98,True,,False,True,0,98.0,507.65000000000003,4,2,2,True,False,137.14357877,507.65,72.9846,398738,8795241,300.3690891265869,506.0,1.6500000000000001,0.9835,14,6,0,0,0,0,0
instance_n=20_77_c09,instance_n=20_77,Otto,20,1000.0,c09,9,high,high,mid,low,9042,published_results/full_campaign_median_T_252_2026-06-04/solutions/instance_n=20_77_c09/epsilon_trace.csv,4,epsilon,3,97,True,,False,True,0,81.0,1026.75,5,1,5,True,False,139.04224837,1026.75,86.458,345901,9692849,300.33271193504333,992.0,34.75,0.861,0,10,0,0,0,7,3
instance_n=20_77_c09,instance_n=20_77,Otto,20,1000.0,c09,9,high,high,mid,low,9042,published_results/full_campaign_median_T_252_2026-06-04/solutions/instance_n=20_77_c09/epsilon_trace.csv,5,epsilon,4,80,True,,False,True,0,63.0,1700.6500000000003,7,0,7,True,False,750.12444788,1700.65,55.8919,485220,10556895,300.3869249820709,1666.0,34.65,0.901,0,20,0,0,0,0,0
instance_n=20_77_c09,instance_n=20_77,Otto,20,1000.0,c09,9,high,high,mid,low,9042,published_results/full_campaign_median_T_252_2026-06-04/solutions/instance_n=20_77_c09/epsilon_trace.csv,6,epsilon,5,62,False,infeasible,,,0,,,,,,,,,,,,,,,,,,,,,,,
instance_n=20_82_c01,instance_n=20_82,Otto,20,1000.0,c01,1,low,low,low,low,1042,published_results/full_campaign_median_T_252_2026-06-04/solutions/instance_n=20_82_c01/epsilon_trace.csv,1,E0_HI_only,0,,True,,False,True,0,160.0,0.0,4,4,0,True,True,160.0,160.0,0.0,0,677,0.03306317329406738,0.0,0.0,,20,0,0,0,0,0,0
instance_n=20_82_c01,instance_n=20_82,Otto,20,1000.0,c01,1,low,low,low,low,1042,published_results/full_campaign_median_T_252_2026-06-04/solutions/instance_n=20_82_c01/epsilon_trace.csv,2,epsilon,1,159,True,,False,True,0,125.0,93.65,3,3,1,True,False,57.35,93.65,38.7613,250179,4356491,300.38244795799255,71.0,22.650000000000002,0.547,10,0,0,0,0,7,3
instance_n=20_82_c01,instance_n=20_82,Otto,20,1000.0,c01,1,low,low,low,low,1042,published_results/full_campaign_median_T_252_2026-06-04/solutions/instance_n=20_82_c01/epsilon_trace.csv,3,epsilon,2,124,True,,False,True,0,85.0,148.1,2,2,1,True,False,115.31318807,148.1,22.1383,159400,6099689,300.32240891456604,145.0,3.1,0.938,8,0,0,0,12,0,0
instance_n=20_82_c01,instance_n=20_82,Otto,20,1000.0,c01,1,low,low,low,low,1042,published_results/full_campaign_median_T_252_2026-06-04/solutions/instance_n=20_82_c01/epsilon_trace.csv,4,epsilon,3,84,True,,False,True,0,54.0,359.84999999999997,2,1,2,True,True,359.85,359.85,0.0,160543,6015660,237.79221200942993,350.0,9.850000000000001,0.9015,0,6,0,0,14,0,0
instance_n=20_82_c01,instance_n=20_82,Otto,20,1000.0,c01,1,low,low,low,low,1042,published_results/full_campaign_median_T_252_2026-06-04/solutions/instance_n=20_82_c01/epsilon_trace.csv,5,epsilon,4,53,True,,False,True,0,36.0,921.4999999999999,4,0,4,True,True,921.5,921.5,0.0,0,1363,0.7451221942901611,894.0,27.5,0.8625,0,20,0,0,0,0,0
instance_n=20_82_c01,instance_n=20_82,Otto,20,1000.0,c01,1,low,low,low,low,1042,published_results/full_campaign_median_T_252_2026-06-04/solutions/instance_n=20_82_c01/epsilon_trace.csv,6,epsilon,5,35,False,infeasible,,,0,,,,,,,,,,,,,,,,,,,,,,,
instance_n=20_82_c02,instance_n=20_82,Otto,20,1000.0,c02,2,low,mid,mid,mid,2042,published_results/full_campaign_median_T_252_2026-06-04/solutions/instance_n=20_82_c02/epsilon_trace.csv,1,E0_HI_only,0,,True,,False,True,0,160.0,0.0,4,4,0,True,True,160.0,160.0,0.0,0,677,0.03348684310913086,0.0,0.0,,20,0,0,0,0,0,0
instance_n=20_82_c02,instance_n=20_82,Otto,20,1000.0,c02,2,low,mid,mid,mid,2042,published_results/full_campaign_median_T_252_2026-06-04/solutions/instance_n=20_82_c02/epsilon_trace.csv,2,epsilon,1,159,True,,False,True,0,125.0,113.1,3,3,1,True,False,57.293382353,113.1,49.3427,111082,4843399,300.3356099128723,102.0,11.100000000000001,0.778,11,0,0,0,0,4,5
instance_n=20_82_c02,instance_n=20_82,Otto,20,1000.0,c02,2,low,mid,mid,mid,2042,published_results/full_campaign_median_T_252_2026-06-04/solutions/instance_n=20_82_c02/epsilon_trace.csv,3,epsilon,2,124,True,,False,True,0,99.0,349.8,3,2,3,True,False,136.75992509,349.8,60.9034,97496,3165999,301.11230731010437,307.0,42.800000000000004,0.7147,0,2,0,0,0,9,9
instance_n=20_82_c02,instance_n=20_82,Otto,20,1000.0,c02,2,low,mid,mid,mid,2042,published_results/full_campaign_median_T_252_2026-06-04/solutions/instance_n=20_82_c02/epsilon_trace.csv,4,epsilon,3,98,True,,False,True,0,94.0,353.7,3,2,2,True,False,148.6,353.7,57.987,195186,5753785,300.3721191883087,342.0,11.700000000000001,0.883,6,5,0,0,0,4,5
instance_n=20_82_c02,instance_n=20_82,Otto,20,1000.0,c02,2,low,mid,mid,mid,2042,published_results/full_campaign_median_T_252_2026-06-04/solutions/instance_n=20_82_c02/epsilon_trace.csv,5,epsilon,4,93,True,,False,True,0,63.0,621.1500000000001,3,1,3,True,False,172.20269315,621.15,72.2768,245400,7065353,300.51015281677246,611.0,10.15,0.9323,0,11,0,0,0,4,5
instance_n=20_82_c02,instance_n=20_82,Otto,20,1000.0,c02,2,low,mid,mid,mid,2042,published_results/full_campaign_median_T_252_2026-06-04/solutions/instance_n=20_82_c02/epsilon_trace.csv,6,epsilon,5,62,True,,False,True,0,36.0,950.8499999999999,4,0,4,True,True,950.85,950.85,0.0,7266,317128,8.292435884475708,925.0,25.85,0.8708,0,20,0,0,0,0,0
instance_n=20_82_c02,instance_n=20_82,Otto,20,1000.0,c02,2,low,mid,mid,mid,2042,published_results/full_campaign_median_T_252_2026-06-04/solutions/instance_n=20_82_c02/epsilon_trace.csv,7,epsilon,6,35,False,infeasible,,,0,,,,,,,,,,,,,,,,,,,,,,,
instance_n=20_82_c03,instance_n=20_82,Otto,20,1000.0,c03,3,low,high,high,high,3042,published_results/full_campaign_median_T_252_2026-06-04/solutions/instance_n=20_82_c03/epsilon_trace.csv,1,E0_HI_only,0,,True,,False,True,0,160.0,0.0,4,4,0,True,True,160.0,160.0,0.0,0,677,0.03741598129272461,0.0,0.0,,20,0,0,0,0,0,0
instance_n=20_82_c03,instance_n=20_82,Otto,20,1000.0,c03,3,low,high,high,high,3042,published_results/full_campaign_median_T_252_2026-06-04/solutions/instance_n=20_82_c03/epsilon_trace.csv,2,epsilon,1,159,True,,False,True,0,125.0,132.6,3,3,1,True,False,68.738565541,132.6,48.161,103983,6529200,300.34099292755127,131.0,1.6,0.968,10,0,0,0,0,6,4
instance_n=20_82_c03,instance_n=20_82,Otto,20,1000.0,c03,3,low,high,high,high,3042,published_results/full_campaign_median_T_252_2026-06-04/solutions/instance_n=20_82_c03/epsilon_trace.csv,3,epsilon,2,124,True,,False,True,0,94.0,362.90000000000003,3,2,2,True,False,199.0,362.9,45.164,99123,3191346,301.2289810180664,360.0,2.9000000000000004,0.971,5,4,0,0,0,5,6
instance_n=20_82_c03,instance_n=20_82,Otto,20,1000.0,c03,3,low,high,high,high,3042,published_results/full_campaign_median_T_252_2026-06-04/solutions/instance_n=20_82_c03/epsilon_trace.csv,4,epsilon,3,93,True,,False,True,0,63.0,612.25,3,1,3,True,False,432.31127842,612.25,29.3897,294214,8486147,300.3822157382965,608.0,4.25,0.9717,0,11,0,0,0,4,5
instance_n=20_82_c03,instance_n=20_82,Otto,20,1000.0,c03,3,low,high,high,high,3042,published_results/full_campaign_median_T_252_2026-06-04/solutions/instance_n=20_82_c03/epsilon_trace.csv,5,epsilon,4,62,True,,False,True,0,36.0,910.3499999999999,4,0,4,True,True,910.35,910.35,0.0,3800,84364,2.7443268299102783,881.0,29.35,0.8533,0,20,0,0,0,0,0
instance_n=20_82_c03,instance_n=20_82,Otto,20,1000.0,c03,3,low,high,high,high,3042,published_results/full_campaign_median_T_252_2026-06-04/solutions/instance_n=20_82_c03/epsilon_trace.csv,6,epsilon,5,35,False,infeasible,,,0,,,,,,,,,,,,,,,,,,,,,,,
instance_n=20_82_c04,instance_n=20_82,Otto,20,1000.0,c04,4,mid,low,mid,high,4042,published_results/full_campaign_median_T_252_2026-06-04/solutions/instance_n=20_82_c04/epsilon_trace.csv,1,E0_HI_only,0,,True,,False,True,0,160.0,0.0,4,4,0,True,True,160.0,160.0,0.0,0,677,0.03947710990905762,0.0,0.0,,20,0,0,0,0,0,0
instance_n=20_82_c04,instance_n=20_82,Otto,20,1000.0,c04,4,mid,low,mid,high,4042,published_results/full_campaign_median_T_252_2026-06-04/solutions/instance_n=20_82_c04/epsilon_trace.csv,2,epsilon,1,159,True,,False,True,0,125.0,107.55,3,3,1,True,True,107.55,107.55,0.0,17407,878493,56.80250406265259,84.0,23.55,0.529,12,0,0,0,8,0,0
instance_n=20_82_c04,instance_n=20_82,Otto,20,1000.0,c04,4,mid,low,mid,high,4042,published_results/full_campaign_median_T_252_2026-06-04/solutions/instance_n=20_82_c04/epsilon_trace.csv,3,epsilon,2,124,True,,False,True,0,85.0,149.95,2,2,1,True,True,149.95,149.95,0.0,3589,343801,14.852568864822388,146.0,3.95,0.921,5,0,0,0,15,0,0
instance_n=20_82_c04,instance_n=20_82,Otto,20,1000.0,c04,4,mid,low,mid,high,4042,published_results/full_campaign_median_T_252_2026-06-04/solutions/instance_n=20_82_c04/epsilon_trace.csv,4,epsilon,3,84,True,,False,True,0,63.0,463.35,3,1,3,True,True,463.35,463.35,0.0,6699,319043,9.349885940551758,419.0,44.35,0.7043,0,4,0,0,16,0,0
instance_n=20_82_c04,instance_n=20_82,Otto,20,1000.0,c04,4,mid,low,mid,high,4042,published_results/full_campaign_median_T_252_2026-06-04/solutions/instance_n=20_82_c04/epsilon_trace.csv,5,epsilon,4,62,True,,False,True,0,54.0,1329.3500000000001,6,0,6,True,True,1329.35,1329.35,0.0,1446,36581,2.0448760986328125,1279.0,50.35,0.8322,0,20,0,0,0,0,0
instance_n=20_82_c04,instance_n=20_82,Otto,20,1000.0,c04,4,mid,low,mid,high,4042,published_results/full_campaign_median_T_252_2026-06-04/solutions/instance_n=20_82_c04/epsilon_trace.csv,6,epsilon,5,53,False,infeasible,,,0,,,,,,,,,,,,,,,,,,,,,,,
instance_n=20_82_c05,instance_n=20_82,Otto,20,1000.0,c05,5,mid,mid,high,low,5042,published_results/full_campaign_median_T_252_2026-06-04/solutions/instance_n=20_82_c05/epsilon_trace.csv,1,E0_HI_only,0,,True,,False,True,0,160.0,0.0,4,4,0,True,True,160.0,160.0,0.0,0,677,0.03505587577819824,0.0,0.0,,20,0,0,0,0,0,0
instance_n=20_82_c05,instance_n=20_82,Otto,20,1000.0,c05,5,mid,mid,high,low,5042,published_results/full_campaign_median_T_252_2026-06-04/solutions/instance_n=20_82_c05/epsilon_trace.csv,2,epsilon,1,159,True,,False,True,0,125.0,112.1,3,3,1,True,False,57.168994493,112.1,49.0018,151369,5063293,300.4560658931732,102.0,10.100000000000001,0.798,10,0,0,0,0,7,3
instance_n=20_82_c05,instance_n=20_82,Otto,20,1000.0,c05,5,mid,mid,high,low,5042,published_results/full_campaign_median_T_252_2026-06-04/solutions/instance_n=20_82_c05/epsilon_trace.csv,3,epsilon,2,124,True,,False,True,0,99.0,400.15,3,2,3,True,False,145.35,400.15,63.6761,141262,4101634,300.8801848888397,368.0,32.15,0.7857,0,3,0,0,0,9,8
instance_n=20_82_c05,instance_n=20_82,Otto,20,1000.0,c05,5,mid,mid,high,low,5042,published_results/full_campaign_median_T_252_2026-06-04/solutions/instance_n=20_82_c05/epsilon_trace.csv,4,epsilon,3,98,True,,False,True,0,72.0,799.15,4,1,4,True,False,168.13401354,799.15,78.9609,253865,8643075,300.3396370410919,780.0,19.150000000000002,0.9042,0,9,0,0,0,8,3
instance_n=20_82_c05,instance_n=20_82,Otto,20,1000.0,c05,5,mid,mid,high,low,5042,published_results/full_campaign_median_T_252_2026-06-04/solutions/instance_n=20_82_c05/epsilon_trace.csv,5,epsilon,4,71,True,,False,True,0,45.0,1265.8500000000004,5,0,5,True,True,1265.85,1265.85,0.0,395799,10505263,199.70507717132568,1264.0,1.85,0.9926,0,20,0,0,0,0,0
instance_n=20_82_c05,instance_n=20_82,Otto,20,1000.0,c05,5,mid,mid,high,low,5042,published_results/full_campaign_median_T_252_2026-06-04/solutions/instance_n=20_82_c05/epsilon_trace.csv,6,epsilon,5,44,False,infeasible,,,0,,,,,,,,,,,,,,,,,,,,,,,
instance_n=20_82_c06,instance_n=20_82,Otto,20,1000.0,c06,6,mid,high,low,mid,6042,published_results/full_campaign_median_T_252_2026-06-04/solutions/instance_n=20_82_c06/epsilon_trace.csv,1,E0_HI_only,0,,True,,False,True,0,160.0,0.0,4,4,0,True,True,160.0,160.0,0.0,0,677,0.03580904006958008,0.0,0.0,,20,0,0,0,0,0,0
instance_n=20_82_c06,instance_n=20_82,Otto,20,1000.0,c06,6,mid,high,low,mid,6042,published_results/full_campaign_median_T_252_2026-06-04/solutions/instance_n=20_82_c06/epsilon_trace.csv,2,epsilon,1,159,True,,False,True,0,125.0,142.0,3,3,1,True,False,103.32585983,142.0,27.2353,183189,3969402,300.44874596595764,140.0,2.0,0.96,12,0,0,0,0,4,4
instance_n=20_82_c06,instance_n=20_82,Otto,20,1000.0,c06,6,mid,high,low,mid,6042,published_results/full_campaign_median_T_252_2026-06-04/solutions/instance_n=20_82_c06/epsilon_trace.csv,3,epsilon,2,124,True,,False,True,0,99.0,474.85,3,2,3,True,False,175.08333333,474.85,63.1287,131026,5790857,300.32686614990234,463.0,11.850000000000001,0.921,0,3,0,0,0,8,9
instance_n=20_82_c06,instance_n=20_82,Otto,20,1000.0,c06,6,mid,high,low,mid,6042,published_results/full_campaign_median_T_252_2026-06-04/solutions/instance_n=20_82_c06/epsilon_trace.csv,4,epsilon,3,98,True,,False,True,0,72.0,850.55,4,1,4,True,False,263.1,850.55,69.0671,121412,5887097,300.38105297088623,843.0,7.550000000000001,0.9623,0,12,0,0,0,5,3
instance_n=20_82_c06,instance_n=20_82,Otto,20,1000.0,c06,6,mid,high,low,mid,6042,published_results/full_campaign_median_T_252_2026-06-04/solutions/instance_n=20_82_c06/epsilon_trace.csv,5,epsilon,4,71,True,,False,True,0,54.0,1298.75,6,0,6,True,True,1298.75,1298.75,0.0,19884,677422,20.124675989151,1247.0,51.75,0.8275,0,20,0,0,0,0,0
instance_n=20_82_c06,instance_n=20_82,Otto,20,1000.0,c06,6,mid,high,low,mid,6042,published_results/full_campaign_median_T_252_2026-06-04/solutions/instance_n=20_82_c06/epsilon_trace.csv,6,epsilon,5,53,False,infeasible,,,0,,,,,,,,,,,,,,,,,,,,,,,
instance_n=20_82_c07,instance_n=20_82,Otto,20,1000.0,c07,7,high,low,high,mid,7042,published_results/full_campaign_median_T_252_2026-06-04/solutions/instance_n=20_82_c07/epsilon_trace.csv,1,E0_HI_only,0,,True,,False,True,0,160.0,0.0,4,4,0,True,True,160.0,160.0,0.0,0,677,0.034438133239746094,0.0,0.0,,20,0,0,0,0,0,0
instance_n=20_82_c07,instance_n=20_82,Otto,20,1000.0,c07,7,high,low,high,mid,7042,published_results/full_campaign_median_T_252_2026-06-04/solutions/instance_n=20_82_c07/epsilon_trace.csv,2,epsilon,1,159,True,,False,True,0,125.0,104.2,3,3,1,True,True,104.2,104.2,0.0,18711,466794,39.16424608230591,81.0,23.200000000000003,0.536,13,0,0,0,7,0,0
instance_n=20_82_c07,instance_n=20_82,Otto,20,1000.0,c07,7,high,low,high,mid,7042,published_results/full_campaign_median_T_252_2026-06-04/solutions/instance_n=20_82_c07/epsilon_trace.csv,3,epsilon,2,124,True,,False,True,0,85.0,145.05,2,2,1,True,True,145.05,145.05,0.0,658,68600,5.316102027893066,140.0,5.050000000000001,0.899,5,0,0,0,15,0,0
instance_n=20_82_c07,instance_n=20_82,Otto,20,1000.0,c07,7,high,low,high,mid,7042,published_results/full_campaign_median_T_252_2026-06-04/solutions/instance_n=20_82_c07/epsilon_trace.csv,4,epsilon,3,84,True,,False,True,0,63.0,559.5,3,1,3,True,True,559.5,559.5,0.0,2556,139166,5.824897050857544,538.0,21.5,0.8567,0,3,0,0,17,0,0
instance_n=20_82_c07,instance_n=20_82,Otto,20,1000.0,c07,7,high,low,high,mid,7042,published_results/full_campaign_median_T_252_2026-06-04/solutions/instance_n=20_82_c07/epsilon_trace.csv,5,epsilon,4,62,False,infeasible,,,0,,,,,,,,,,,,,,,,,,,,,,,
instance_n=20_82_c08,instance_n=20_82,Otto,20,1000.0,c08,8,high,mid,low,high,8042,published_results/full_campaign_median_T_252_2026-06-04/solutions/instance_n=20_82_c08/epsilon_trace.csv,1,E0_HI_only,0,,True,,False,True,0,160.0,0.0,4,4,0,True,True,160.0,160.0,0.0,0,677,0.03453207015991211,0.0,0.0,,20,0,0,0,0,0,0
instance_n=20_82_c08,instance_n=20_82,Otto,20,1000.0,c08,8,high,mid,low,high,8042,published_results/full_campaign_median_T_252_2026-06-04/solutions/instance_n=20_82_c08/epsilon_trace.csv,2,epsilon,1,159,True,,False,True,0,125.0,145.8,3,3,1,True,True,145.8,145.8,0.0,12125,479154,36.56556582450867,144.0,1.8,0.964,13,0,0,0,7,0,0
instance_n=20_82_c08,instance_n=20_82,Otto,20,1000.0,c08,8,high,mid,low,high,8042,published_results/full_campaign_median_T_252_2026-06-04/solutions/instance_n=20_82_c08/epsilon_trace.csv,3,epsilon,2,124,True,,False,True,0,99.0,508.15000000000003,3,2,3,True,True,508.15000000000003,508.15000000000003,0.0,102992,3917821,166.0283010005951,497.0,11.15,0.9257,0,3,0,0,17,0,0
instance_n=20_82_c08,instance_n=20_82,Otto,20,1000.0,c08,8,high,mid,low,high,8042,published_results/full_campaign_median_T_252_2026-06-04/solutions/instance_n=20_82_c08/epsilon_trace.csv,4,epsilon,3,98,True,,False,True,0,90.0,1205.8500000000001,6,1,6,True,True,1205.85,1205.85,0.0,41413,1923269,116.45447611808777,1162.0,43.85,0.8538,0,10,0,0,10,0,0
instance_n=20_82_c08,instance_n=20_82,Otto,20,1000.0,c08,8,high,mid,low,high,8042,published_results/full_campaign_median_T_252_2026-06-04/solutions/instance_n=20_82_c08/epsilon_trace.csv,5,epsilon,4,89,True,,False,True,0,81.0,1998.3500000000001,9,0,9,True,True,1998.35,1998.35,0.0,19855,980851,34.54223608970642,1926.0,72.35000000000001,0.8392,0,20,0,0,0,0,0
instance_n=20_82_c08,instance_n=20_82,Otto,20,1000.0,c08,8,high,mid,low,high,8042,published_results/full_campaign_median_T_252_2026-06-04/solutions/instance_n=20_82_c08/epsilon_trace.csv,6,epsilon,5,80,False,infeasible,,,0,,,,,,,,,,,,,,,,,,,,,,,
instance_n=20_82_c09,instance_n=20_82,Otto,20,1000.0,c09,9,high,high,mid,low,9042,published_results/full_campaign_median_T_252_2026-06-04/solutions/instance_n=20_82_c09/epsilon_trace.csv,1,E0_HI_only,0,,True,,False,True,0,160.0,0.0,4,4,0,True,True,160.0,160.0,0.0,0,677,0.03741884231567383,0.0,0.0,,20,0,0,0,0,0,0
instance_n=20_82_c09,instance_n=20_82,Otto,20,1000.0,c09,9,high,high,mid,low,9042,published_results/full_campaign_median_T_252_2026-06-04/solutions/instance_n=20_82_c09/epsilon_trace.csv,2,epsilon,1,159,True,,False,True,0,130.0,203.25,3,3,2,True,False,60.466249473,203.25,70.2503,119263,5826107,300.35361099243164,169.0,34.25,0.6575,5,0,0,0,0,11,4
instance_n=20_82_c09,instance_n=20_82,Otto,20,1000.0,c09,9,high,high,mid,low,9042,published_results/full_campaign_median_T_252_2026-06-04/solutions/instance_n=20_82_c09/epsilon_trace.csv,3,epsilon,2,129,True,,False,True,0,108.0,688.0500000000001,4,2,4,True,False,60.95,688.05,91.1416,101644,4500894,301.2461168766022,659.0,29.05,0.8547,0,4,0,0,0,10,6
instance_n=20_82_c09,instance_n=20_82,Otto,20,1000.0,c09,9,high,high,mid,low,9042,published_results/full_campaign_median_T_252_2026-06-04/solutions/instance_n=20_82_c09/epsilon_trace.csv,4,epsilon,3,107,True,,False,True,0,90.0,1312.55,6,1,6,True,False,189.72101887,1312.55,85.5456,94801,5599407,300.327663898468,1280.0,32.550000000000004,0.8915,0,13,0,0,0,4,3
instance_n=20_82_c09,instance_n=20_82,Otto,20,1000.0,c09,9,high,high,mid,low,9042,published_results/full_campaign_median_T_252_2026-06-04/solutions/instance_n=20_82_c09/epsilon_trace.csv,5,epsilon,4,89,True,,False,True,0,72.0,1987.4000000000003,8,0,8,True,False,656.84145397,1987.4,66.9497,145694,8041096,300.32250714302063,1961.0,26.400000000000002,0.934,0,20,0,0,0,0,0
instance_n=20_82_c09,instance_n=20_82,Otto,20,1000.0,c09,9,high,high,mid,low,9042,published_results/full_campaign_median_T_252_2026-06-04/solutions/instance_n=20_82_c09/epsilon_trace.csv,6,epsilon,5,71,False,infeasible,,,0,,,,,,,,,,,,,,,,,,,,,,,
instance_n=20_87_c01,instance_n=20_87,Otto,20,1000.0,c01,1,low,low,low,low,1042,published_results/full_campaign_median_T_252_2026-06-04/solutions/instance_n=20_87_c01/epsilon_trace.csv,1,E0_HI_only,0,,True,,False,True,0,120.0,0.0,3,3,0,True,True,120.0,120.0,0.0,0,0,0.028348922729492188,0.0,0.0,,20,0,0,0,0,0,0
instance_n=20_87_c01,instance_n=20_87,Otto,20,1000.0,c01,1,low,low,low,low,1042,published_results/full_campaign_median_T_252_2026-06-04/solutions/instance_n=20_87_c01/epsilon_trace.csv,2,epsilon,1,119,True,,False,True,0,85.0,121.15,2,2,1,True,False,67.1,121.15,44.6141,219021,7882580,300.37393403053284,105.0,16.150000000000002,0.677,7,0,0,0,13,0,0
instance_n=20_87_c01,instance_n=20_87,Otto,20,1000.0,c01,1,low,low,low,low,1042,published_results/full_campaign_median_T_252_2026-06-04/solutions/instance_n=20_87_c01/epsilon_trace.csv,3,epsilon,2,84,True,,False,True,0,54.0,235.7,2,1,2,True,True,235.7,235.7,0.0,184060,5013503,134.32944512367249,193.0,42.7,0.573,0,1,0,0,19,0,0
instance_n=20_87_c01,instance_n=20_87,Otto,20,1000.0,c01,1,low,low,low,low,1042,published_results/full_campaign_median_T_252_2026-06-04/solutions/instance_n=20_87_c01/epsilon_trace.csv,4,epsilon,3,53,True,,False,True,0,27.0,729.9,3,0,3,True,True,729.9,729.9,0.0,6591,152782,1.7948479652404785,718.0,11.9,0.9207,0,20,0,0,0,0,0
instance_n=20_87_c01,instance_n=20_87,Otto,20,1000.0,c01,1,low,low,low,low,1042,published_results/full_campaign_median_T_252_2026-06-04/solutions/instance_n=20_87_c01/epsilon_trace.csv,5,epsilon,4,26,False,infeasible,,,0,,,,,,,,,,,,,,,,,,,,,,,
instance_n=20_87_c02,instance_n=20_87,Otto,20,1000.0,c02,2,low,mid,mid,mid,2042,published_results/full_campaign_median_T_252_2026-06-04/solutions/instance_n=20_87_c02/epsilon_trace.csv,1,E0_HI_only,0,,True,,False,True,0,120.0,0.0,3,3,0,True,True,120.0,120.0,0.0,0,0,0.02264404296875,0.0,0.0,,20,0,0,0,0,0,0
instance_n=20_87_c02,instance_n=20_87,Otto,20,1000.0,c02,2,low,mid,mid,mid,2042,published_results/full_campaign_median_T_252_2026-06-04/solutions/instance_n=20_87_c02/epsilon_trace.csv,2,epsilon,1,119,True,,False,True,0,90.0,209.3,2,2,2,True,False,81.067567685,209.3,61.2673,172609,5517246,300.57100319862366,176.0,33.300000000000004,0.667,0,0,0,0,0,12,8
instance_n=20_87_c02,instance_n=20_87,Otto,20,1000.0,c02,2,low,mid,mid,mid,2042,published_results/full_campaign_median_T_252_2026-06-04/solutions/instance_n=20_87_c02/epsilon_trace.csv,3,epsilon,2,89,True,,False,True,0,89.0,219.75,3,2,1,True,False,104.05,219.75,52.6507,408491,10084736,300.37377977371216,210.0,9.75,0.805,13,7,0,0,0,0,0
instance_n=20_87_c02,instance_n=20_87,Otto,20,1000.0,c02,2,low,mid,mid,mid,2042,published_results/full_campaign_median_T_252_2026-06-04/solutions/instance_n=20_87_c02/epsilon_trace.csv,4,epsilon,3,88,True,,False,True,0,63.0,466.15,3,1,3,True,False,102.67937963,466.15,77.9729,392091,11425977,300.3418688774109,422.0,44.150000000000006,0.7057,0,5,0,0,0,8,7
instance_n=20_87_c02,instance_n=20_87,Otto,20,1000.0,c02,2,low,mid,mid,mid,2042,published_results/full_campaign_median_T_252_2026-06-04/solutions/instance_n=20_87_c02/epsilon_trace.csv,5,epsilon,4,62,True,,False,True,0,58.0,479.05,3,1,2,True,False,370.8,479.05,22.5968,772921,15973292,300.31375789642334,468.0,11.05,0.8895,6,14,0,0,0,0,0
instance_n=20_87_c02,instance_n=20_87,Otto,20,1000.0,c02,2,low,mid,mid,mid,2042,published_results/full_campaign_median_T_252_2026-06-04/solutions/instance_n=20_87_c02/epsilon_trace.csv,6,epsilon,5,57,True,,False,True,0,27.0,760.15,3,0,3,True,False,350.87487383,760.15,53.8414,1372743,23806854,300.33194494247437,750.0,10.15,0.9323,0,20,0,0,0,0,0
instance_n=20_87_c02,instance_n=20_87,Otto,20,1000.0,c02,2,low,mid,mid,mid,2042,published_results/full_campaign_median_T_252_2026-06-04/solutions/instance_n=20_87_c02/epsilon_trace.csv,7,epsilon,6,26,False,infeasible,,,0,,,,,,,,,,,,,,,,,,,,,,,
instance_n=20_87_c03,instance_n=20_87,Otto,20,1000.0,c03,3,low,high,high,high,3042,published_results/full_campaign_median_T_252_2026-06-04/solutions/instance_n=20_87_c03/epsilon_trace.csv,1,E0_HI_only,0,,True,,False,True,0,120.0,0.0,3,3,0,True,True,120.0,120.0,0.0,0,0,0.022619962692260742,0.0,0.0,,20,0,0,0,0,0,0
instance_n=20_87_c03,instance_n=20_87,Otto,20,1000.0,c03,3,low,high,high,high,3042,published_results/full_campaign_median_T_252_2026-06-04/solutions/instance_n=20_87_c03/epsilon_trace.csv,2,epsilon,1,119,True,,False,True,0,89.0,206.0,3,2,1,True,False,154.7,206.0,24.9029,273876,7132001,300.33281993865967,196.0,10.0,0.8,15,5,0,0,0,0,0
instance_n=20_87_c03,instance_n=20_87,Otto,20,1000.0,c03,3,low,high,high,high,3042,published_results/full_campaign_median_T_252_2026-06-04/solutions/instance_n=20_87_c03/epsilon_trace.csv,3,epsilon,2,88,True,,False,True,0,58.0,446.8,3,1,2,True,False,390.13907475,446.8,12.6815,379994,9935780,300.32935190200806,434.0,12.8,0.872,8,12,0,0,0,0,0
instance_n=20_87_c03,instance_n=20_87,Otto,20,1000.0,c03,3,low,high,high,high,3042,published_results/full_campaign_median_T_252_2026-06-04/solutions/instance_n=20_87_c03/epsilon_trace.csv,4,epsilon,3,57,True,,False,True,0,27.0,725.0500000000001,3,0,3,True,True,725.05,725.05,0.0,182186,4780718,38.72511696815491,712.0,13.05,0.913,0,20,0,0,0,0,0
instance_n=20_87_c03,instance_n=20_87,Otto,20,1000.0,c03,3,low,high,high,high,3042,published_results/full_campaign_median_T_252_2026-06-04/solutions/instance_n=20_87_c03/epsilon_trace.csv,5,epsilon,4,26,False,infeasible,,,0,,,,,,,,,,,,,,,,,,,,,,,
instance_n=20_87_c04,instance_n=20_87,Otto,20,1000.0,c04,4,mid,low,mid,high,4042,published_results/full_campaign_median_T_252_2026-06-04/solutions/instance_n=20_87_c04/epsilon_trace.csv,1,E0_HI_only,0,,True,,False,True,0,120.0,0.0,3,3,0,True,True,120.0,120.0,0.0,0,0,0.024290800094604492,0.0,0.0,,20,0,0,0,0,0,0
instance_n=20_87_c04,instance_n=20_87,Otto,20,1000.0,c04,4,mid,low,mid,high,4042,published_results/full_campaign_median_T_252_2026-06-04/solutions/instance_n=20_87_c04/epsilon_trace.csv,2,epsilon,1,119,True,,False,True,0,85.0,123.25,2,2,1,True,True,123.25,123.25,0.0,8872,352516,24.05298113822937,107.0,16.25,0.675,10,0,0,0,10,0,0
instance_n=20_87_c04,instance_n=20_87,Otto,20,1000.0,c04,4,mid,low,mid,high,4042,published_results/full_campaign_median_T_252_2026-06-04/solutions/instance_n=20_87_c04/epsilon_trace.csv,3,epsilon,2,84,True,,False,True,0,54.0,253.7,2,1,2,True,True,253.7,253.7,0.0,438,48711,2.1968300342559814,216.0,37.7,0.623,0,1,0,0,19,0,0
instance_n=20_87_c04,instance_n=20_87,Otto,20,1000.0,c04,4,mid,low,mid,high,4042,published_results/full_campaign_median_T_252_2026-06-04/solutions/instance_n=20_87_c04/epsilon_trace.csv,4,epsilon,3,53,True,,False,True,0,45.0,1101.9000000000003,5,0,5,True,True,1101.9,1101.9,0.0,0,445,0.5826950073242188,1055.0,46.900000000000006,0.8124,0,20,0,0,0,0,0
instance_n=20_87_c04,instance_n=20_87,Otto,20,1000.0,c04,4,mid,low,mid,high,4042,published_results/full_campaign_median_T_252_2026-06-04/solutions/instance_n=20_87_c04/epsilon_trace.csv,5,epsilon,4,44,False,infeasible,,,0,,,,,,,,,,,,,,,,,,,,,,,
instance_n=20_87_c05,instance_n=20_87,Otto,20,1000.0,c05,5,mid,mid,high,low,5042,published_results/full_campaign_median_T_252_2026-06-04/solutions/instance_n=20_87_c05/epsilon_trace.csv,1,E0_HI_only,0,,True,,False,True,0,120.0,0.0,3,3,0,True,True,120.0,120.0,0.0,0,0,0.02291393280029297,0.0,0.0,,20,0,0,0,0,0,0
instance_n=20_87_c05,instance_n=20_87,Otto,20,1000.0,c05,5,mid,mid,high,low,5042,published_results/full_campaign_median_T_252_2026-06-04/solutions/instance_n=20_87_c05/epsilon_trace.csv,2,epsilon,1,119,True,,False,True,0,90.0,211.5,2,2,2,True,False,79.95,211.5,62.1986,174603,4113692,301.6790819168091,179.0,32.5,0.675,0,0,0,0,0,13,7
instance_n=20_87_c05,instance_n=20_87,Otto,20,1000.0,c05,5,mid,mid,high,low,5042,published_results/full_campaign_median_T_252_2026-06-04/solutions/instance_n=20_87_c05/epsilon_trace.csv,3,epsilon,2,89,True,,False,True,0,63.0,558.65,3,1,3,True,False,317.69958264,558.65,43.1308,360961,7867020,300.34426498413086,541.0,17.650000000000002,0.8823,0,7,0,0,0,6,7
instance_n=20_87_c05,instance_n=20_87,Otto,20,1000.0,c05,5,mid,mid,high,low,5042,published_results/full_campaign_median_T_252_2026-06-04/solutions/instance_n=20_87_c05/epsilon_trace.csv,4,epsilon,3,62,True,,False,True,0,45.0,1085.55,5,0,5,True,True,1085.55,1085.55,0.0,93698,2361791,26.95673704147339,1036.0,49.550000000000004,0.8018,0,20,0,0,0,0,0
instance_n=20_87_c05,instance_n=20_87,Otto,20,1000.0,c05,5,mid,mid,high,low,5042,published_results/full_campaign_median_T_252_2026-06-04/solutions/instance_n=20_87_c05/epsilon_trace.csv,5,epsilon,4,44,False,infeasible,,,0,,,,,,,,,,,,,,,,,,,,,,,
instance_n=20_87_c06,instance_n=20_87,Otto,20,1000.0,c06,6,mid,high,low,mid,6042,published_results/full_campaign_median_T_252_2026-06-04/solutions/instance_n=20_87_c06/epsilon_trace.csv,1,E0_HI_only,0,,True,,False,True,0,120.0,0.0,3,3,0,True,True,120.0,120.0,0.0,0,0,0.023536205291748047,0.0,0.0,,20,0,0,0,0,0,0
instance_n=20_87_c06,instance_n=20_87,Otto,20,1000.0,c06,6,mid,high,low,mid,6042,published_results/full_campaign_median_T_252_2026-06-04/solutions/instance_n=20_87_c06/epsilon_trace.csv,2,epsilon,1,119,True,,False,True,0,90.0,253.70000000000002,2,2,2,True,False,126.65,253.7,50.0788,219178,8300571,300.3314731121063,239.0,14.700000000000001,0.853,0,0,0,0,0,10,10
instance_n=20_87_c06,instance_n=20_87,Otto,20,1000.0,c06,6,mid,high,low,mid,6042,published_results/full_campaign_median_T_252_2026-06-04/solutions/instance_n=20_87_c06/epsilon_trace.csv,3,epsilon,2,89,True,,False,True,0,63.0,621.4,3,1,3,True,False,432.75,621.4,30.3589,339157,10742000,300.35172986984253,616.0,5.4,0.964,0,12,0,0,0,4,4
instance_n=20_87_c06,instance_n=20_87,Otto,20,1000.0,c06,6,mid,high,low,mid,6042,published_results/full_campaign_median_T_252_2026-06-04/solutions/instance_n=20_87_c06/epsilon_trace.csv,4,epsilon,3,62,True,,False,True,0,45.0,1087.4999999999998,5,0,5,True,True,1087.5,1087.5,0.0,11736,283160,5.6496288776397705,1038.0,49.5,0.802,0,20,0,0,0,0,0
instance_n=20_87_c06,instance_n=20_87,Otto,20,1000.0,c06,6,mid,high,low,mid,6042,published_results/full_campaign_median_T_252_2026-06-04/solutions/instance_n=20_87_c06/epsilon_trace.csv,5,epsilon,4,44,False,infeasible,,,0,,,,,,,,,,,,,,,,,,,,,,,
instance_n=20_87_c07,instance_n=20_87,Otto,20,1000.0,c07,7,high,low,high,mid,7042,published_results/full_campaign_median_T_252_2026-06-04/solutions/instance_n=20_87_c07/epsilon_trace.csv,1,E0_HI_only,0,,True,,False,True,0,120.0,0.0,3,3,0,True,True,120.0,120.0,0.0,0,0,0.02302694320678711,0.0,0.0,,20,0,0,0,0,0,0
instance_n=20_87_c07,instance_n=20_87,Otto,20,1000.0,c07,7,high,low,high,mid,7042,published_results/full_campaign_median_T_252_2026-06-04/solutions/instance_n=20_87_c07/epsilon_trace.csv,2,epsilon,1,119,True,,False,True,0,85.0,121.2,2,2,1,True,True,121.2,121.2,0.0,6176,379063,20.446409940719604,104.0,17.2,0.656,8,0,0,0,12,0,0
instance_n=20_87_c07,instance_n=20_87,Otto,20,1000.0,c07,7,high,low,high,mid,7042,published_results/full_campaign_median_T_252_2026-06-04/solutions/instance_n=20_87_c07/epsilon_trace.csv,3,epsilon,2,84,True,,False,True,0,54.0,269.40000000000003,2,1,2,True,True,269.4,269.4,0.0,460,48792,2.2598230838775635,235.0,34.4,0.656,0,2,0,0,18,0,0
instance_n=20_87_c07,instance_n=20_87,Otto,20,1000.0,c07,7,high,low,high,mid,7042,published_results/full_campaign_median_T_252_2026-06-04/solutions/instance_n=20_87_c07/epsilon_trace.csv,4,epsilon,3,53,False,infeasible,,,0,,,,,,,,,,,,,,,,,,,,,,,
instance_n=20_87_c08,instance_n=20_87,Otto,20,1000.0,c08,8,high,mid,low,high,8042,published_results/full_campaign_median_T_252_2026-06-04/solutions/instance_n=20_87_c08/epsilon_trace.csv,1,E0_HI_only,0,,True,,False,True,0,120.0,0.0,3,3,0,True,True,120.0,120.0,0.0,0,0,0.023024320602416992,0.0,0.0,,20,0,0,0,0,0,0
instance_n=20_87_c08,instance_n=20_87,Otto,20,1000.0,c08,8,high,mid,low,high,8042,published_results/full_campaign_median_T_252_2026-06-04/solutions/instance_n=20_87_c08/epsilon_trace.csv,2,epsilon,1,119,True,,False,True,0,90.0,291.95000000000005,2,2,2,True,True,291.95,291.95,0.0,42844,1825001,72.1562888622284,283.0,8.950000000000001,0.9105,0,0,0,0,20,0,0
instance_n=20_87_c08,instance_n=20_87,Otto,20,1000.0,c08,8,high,mid,low,high,8042,published_results/full_campaign_median_T_252_2026-06-04/solutions/instance_n=20_87_c08/epsilon_trace.csv,3,epsilon,2,89,True,,False,True,0,72.0,836.1,4,1,4,True,True,836.1,836.1,0.0,121495,4174018,163.0915322303772,817.0,19.1,0.9045,0,8,0,0,12,0,0
instance_n=20_87_c08,instance_n=20_87,Otto,20,1000.0,c08,8,high,mid,low,high,8042,published_results/full_campaign_median_T_252_2026-06-04/solutions/instance_n=20_87_c08/epsilon_trace.csv,4,epsilon,3,71,True,,False,True,0,63.0,1587.4499999999998,7,0,7,True,True,1587.45,1587.45,0.0,1512,68256,2.3129780292510986,1535.0,52.45,0.8501,0,20,0,0,0,0,0
instance_n=20_87_c08,instance_n=20_87,Otto,20,1000.0,c08,8,high,mid,low,high,8042,published_results/full_campaign_median_T_252_2026-06-04/solutions/instance_n=20_87_c08/epsilon_trace.csv,5,epsilon,4,62,False,infeasible,,,0,,,,,,,,,,,,,,,,,,,,,,,
instance_n=20_87_c09,instance_n=20_87,Otto,20,1000.0,c09,9,high,high,mid,low,9042,published_results/full_campaign_median_T_252_2026-06-04/solutions/instance_n=20_87_c09/epsilon_trace.csv,1,E0_HI_only,0,,True,,False,True,0,120.0,0.0,3,3,0,True,True,120.0,120.0,0.0,0,0,0.02286696434020996,0.0,0.0,,20,0,0,0,0,0,0
instance_n=20_87_c09,instance_n=20_87,Otto,20,1000.0,c09,9,high,high,mid,low,9042,published_results/full_campaign_median_T_252_2026-06-04/solutions/instance_n=20_87_c09/epsilon_trace.csv,2,epsilon,1,119,True,,False,True,0,90.0,246.95,2,2,2,True,False,117.11489902,246.95,52.5755,216533,5991916,300.36884212493896,241.0,5.95,0.9405,0,0,0,0,0,12,8
instance_n=20_87_c09,instance_n=20_87,Otto,20,1000.0,c09,9,high,high,mid,low,9042,published_results/full_campaign_median_T_252_2026-06-04/solutions/instance_n=20_87_c09/epsilon_trace.csv,3,epsilon,2,89,True,,False,True,0,72.0,879.7,4,1,4,True,False,443.4929538,879.7,49.5859,254298,8428494,300.3207800388336,873.0,6.7,0.9665,0,12,0,0,0,6,2
instance_n=20_87_c09,instance_n=20_87,Otto,20,1000.0,c09,9,high,high,mid,low,9042,published_results/full_campaign_median_T_252_2026-06-04/solutions/instance_n=20_87_c09/epsilon_trace.csv,4,epsilon,3,71,True,,False,True,0,63.0,1665.0999999999997,7,0,7,True,True,1665.1,1665.1,0.0,31226,1064929,17.776168823242188,1617.0,48.1,0.8626,0,20,0,0,0,0,0
instance_n=20_87_c09,instance_n=20_87,Otto,20,1000.0,c09,9,high,high,mid,low,9042,published_results/full_campaign_median_T_252_2026-06-04/solutions/instance_n=20_87_c09/epsilon_trace.csv,5,epsilon,4,62,False,infeasible,,,0,,,,,,,,,,,,,,,,,,,,,,,
instance_n=20_88_c01,instance_n=20_88,Otto,20,1000.0,c01,1,low,low,low,low,1042,published_results/full_campaign_median_T_252_2026-06-04/solutions/instance_n=20_88_c01/epsilon_trace.csv,1,E0_HI_only,0,,True,,False,True,0,120.0,0.0,3,3,0,True,True,120.0,120.0,0.0,0,0,0.02742791175842285,0.0,0.0,,20,0,0,0,0,0,0
instance_n=20_88_c01,instance_n=20_88,Otto,20,1000.0,c01,1,low,low,low,low,1042,published_results/full_campaign_median_T_252_2026-06-04/solutions/instance_n=20_88_c01/epsilon_trace.csv,2,epsilon,1,119,True,,False,True,0,85.0,113.55,2,2,1,True,False,58.363855422,113.55,48.6007,104503,4911624,300.316458940506,101.0,12.55,0.749,6,0,0,0,0,9,5
instance_n=20_88_c01,instance_n=20_88,Otto,20,1000.0,c01,1,low,low,low,low,1042,published_results/full_campaign_median_T_252_2026-06-04/solutions/instance_n=20_88_c01/epsilon_trace.csv,3,epsilon,2,84,True,,False,True,0,54.0,226.10000000000002,2,1,2,True,True,226.1,226.1,0.0,21110,706675,22.713595867156982,181.0,45.1,0.549,0,2,0,0,18,0,0
instance_n=20_88_c01,instance_n=20_88,Otto,20,1000.0,c01,1,low,low,low,low,1042,published_results/full_campaign_median_T_252_2026-06-04/solutions/instance_n=20_88_c01/epsilon_trace.csv,4,epsilon,3,53,True,,False,True,0,27.0,704.15,3,0,3,True,True,704.15,704.15,0.0,0,911,0.6014599800109863,688.0,16.150000000000002,0.8923,0,20,0,0,0,0,0
instance_n=20_88_c01,instance_n=20_88,Otto,20,1000.0,c01,1,low,low,low,low,1042,published_results/full_campaign_median_T_252_2026-06-04/solutions/instance_n=20_88_c01/epsilon_trace.csv,5,epsilon,4,26,False,infeasible,,,0,,,,,,,,,,,,,,,,,,,,,,,
instance_n=20_88_c02,instance_n=20_88,Otto,20,1000.0,c02,2,low,mid,mid,mid,2042,published_results/full_campaign_median_T_252_2026-06-04/solutions/instance_n=20_88_c02/epsilon_trace.csv,1,E0_HI_only,0,,True,,False,True,0,120.0,0.0,3,3,0,True,True,120.0,120.0,0.0,0,0,0.02660512924194336,0.0,0.0,,20,0,0,0,0,0,0
instance_n=20_88_c02,instance_n=20_88,Otto,20,1000.0,c02,2,low,mid,mid,mid,2042,published_results/full_campaign_median_T_252_2026-06-04/solutions/instance_n=20_88_c02/epsilon_trace.csv,2,epsilon,1,119,True,,False,True,0,85.0,128.05,2,2,1,True,False,93.0,128.05,27.3721,228349,3888381,300.56113171577454,127.0,1.05,0.979,7,0,0,0,0,8,5
instance_n=20_88_c02,instance_n=20_88,Otto,20,1000.0,c02,2,low,mid,mid,mid,2042,published_results/full_campaign_median_T_252_2026-06-04/solutions/instance_n=20_88_c02/epsilon_trace.csv,3,epsilon,2,84,True,,False,True,0,54.0,386.59999999999997,2,1,2,True,False,323.94933284,386.6,16.2056,284412,7588725,300.57736706733704,385.0,1.6,0.984,0,7,0,0,0,6,7
instance_n=20_88_c02,instance_n=20_88,Otto,20,1000.0,c02,2,low,mid,mid,mid,2042,published_results/full_campaign_median_T_252_2026-06-04/solutions/instance_n=20_88_c02/epsilon_trace.csv,4,epsilon,3,53,True,,False,True,0,27.0,733.2,3,0,3,True,True,733.2,733.2,0.0,0,772,0.6361398696899414,717.0,16.2,0.892,0,20,0,0,0,0,0
instance_n=20_88_c02,instance_n=20_88,Otto,20,1000.0,c02,2,low,mid,mid,mid,2042,published_results/full_campaign_median_T_252_2026-06-04/solutions/instance_n=20_88_c02/epsilon_trace.csv,5,epsilon,4,26,False,infeasible,,,0,,,,,,,,,,,,,,,,,,,,,,,
instance_n=20_88_c03,instance_n=20_88,Otto,20,1000.0,c03,3,low,high,high,high,3042,published_results/full_campaign_median_T_252_2026-06-04/solutions/instance_n=20_88_c03/epsilon_trace.csv,1,E0_HI_only,0,,True,,False,True,0,120.0,0.0,3,3,0,True,True,120.0,120.0,0.0,0,0,0.030948162078857422,0.0,0.0,,20,0,0,0,0,0,0
instance_n=20_88_c03,instance_n=20_88,Otto,20,1000.0,c03,3,low,high,high,high,3042,published_results/full_campaign_median_T_252_2026-06-04/solutions/instance_n=20_88_c03/epsilon_trace.csv,2,epsilon,1,119,True,,False,True,0,89.0,188.1,3,2,1,True,False,151.91177529,188.1,19.2388,238435,6503510,300.3365943431854,175.0,13.100000000000001,0.738,15,5,0,0,0,0,0
instance_n=20_88_c03,instance_n=20_88,Otto,20,1000.0,c03,3,low,high,high,high,3042,published_results/full_campaign_median_T_252_2026-06-04/solutions/instance_n=20_88_c03/epsilon_trace.csv,3,epsilon,2,88,True,,False,True,0,58.0,433.8,3,1,2,True,False,340.4240767,433.8,21.5251,327841,9732446,300.3160471916199,418.0,15.8,0.842,8,12,0,0,0,0,0
instance_n=20_88_c03,instance_n=20_88,Otto,20,1000.0,c03,3,low,high,high,high,3042,published_results/full_campaign_median_T_252_2026-06-04/solutions/instance_n=20_88_c03/epsilon_trace.csv,4,epsilon,3,57,True,,False,True,0,27.0,717.95,3,0,3,True,True,717.95,717.95,0.0,36898,661608,11.952430248260498,703.0,14.950000000000001,0.9003,0,20,0,0,0,0,0
instance_n=20_88_c03,instance_n=20_88,Otto,20,1000.0,c03,3,low,high,high,high,3042,published_results/full_campaign_median_T_252_2026-06-04/solutions/instance_n=20_88_c03/epsilon_trace.csv,5,epsilon,4,26,False,infeasible,,,0,,,,,,,,,,,,,,,,,,,,,,,
instance_n=20_88_c04,instance_n=20_88,Otto,20,1000.0,c04,4,mid,low,mid,high,4042,published_results/full_campaign_median_T_252_2026-06-04/solutions/instance_n=20_88_c04/epsilon_trace.csv,1,E0_HI_only,0,,True,,False,True,0,120.0,0.0,3,3,0,True,True,120.0,120.0,0.0,0,0,0.029623985290527344,0.0,0.0,,20,0,0,0,0,0,0
instance_n=20_88_c04,instance_n=20_88,Otto,20,1000.0,c04,4,mid,low,mid,high,4042,published_results/full_campaign_median_T_252_2026-06-04/solutions/instance_n=20_88_c04/epsilon_trace.csv,2,epsilon,1,119,True,,False,True,0,85.0,118.3,2,2,1,True,True,118.3,118.3,0.0,4012,164095,9.084603309631348,99.0,19.3,0.614,7,0,0,0,13,0,0
instance_n=20_88_c04,instance_n=20_88,Otto,20,1000.0,c04,4,mid,low,mid,high,4042,published_results/full_campaign_median_T_252_2026-06-04/solutions/instance_n=20_88_c04/epsilon_trace.csv,3,epsilon,2,84,True,,False,True,0,54.0,221.8,2,1,2,True,True,221.8,221.8,0.0,72,16677,1.8226828575134277,175.0,46.800000000000004,0.532,0,1,0,0,19,0,0
instance_n=20_88_c04,instance_n=20_88,Otto,20,1000.0,c04,4,mid,low,mid,high,4042,published_results/full_campaign_median_T_252_2026-06-04/solutions/instance_n=20_88_c04/epsilon_trace.csv,4,epsilon,3,53,True,,False,True,0,36.0,1028.7,4,0,4,True,True,1028.7,1028.7,0.0,323,11356,0.6819379329681396,1026.0,2.7,0.9865,0,20,0,0,0,0,0
instance_n=20_88_c04,instance_n=20_88,Otto,20,1000.0,c04,4,mid,low,mid,high,4042,published_results/full_campaign_median_T_252_2026-06-04/solutions/instance_n=20_88_c04/epsilon_trace.csv,5,epsilon,4,35,False,infeasible,,,0,,,,,,,,,,,,,,,,,,,,,,,
instance_n=20_88_c05,instance_n=20_88,Otto,20,1000.0,c05,5,mid,mid,high,low,5042,published_results/full_campaign_median_T_252_2026-06-04/solutions/instance_n=20_88_c05/epsilon_trace.csv,1,E0_HI_only,0,,True,,False,True,0,120.0,0.0,3,3,0,True,True,120.0,120.0,0.0,0,0,0.026553869247436523,0.0,0.0,,20,0,0,0,0,0,0
instance_n=20_88_c05,instance_n=20_88,Otto,20,1000.0,c05,5,mid,mid,high,low,5042,published_results/full_campaign_median_T_252_2026-06-04/solutions/instance_n=20_88_c05/epsilon_trace.csv,2,epsilon,1,119,True,,False,True,0,90.0,195.65,2,2,2,True,False,88.4,195.65,54.8173,184548,6242218,300.490993976593,156.0,39.650000000000006,0.6035,0,0,0,0,0,15,5
instance_n=20_88_c05,instance_n=20_88,Otto,20,1000.0,c05,5,mid,mid,high,low,5042,published_results/full_campaign_median_T_252_2026-06-04/solutions/instance_n=20_88_c05/epsilon_trace.csv,3,epsilon,2,89,True,,False,True,0,89.0,252.65,3,2,1,True,False,103.62878259,252.65,58.9833,500661,10233841,300.4085900783539,252.0,0.65,0.987,15,5,0,0,0,0,0
instance_n=20_88_c05,instance_n=20_88,Otto,20,1000.0,c05,5,mid,mid,high,low,5042,published_results/full_campaign_median_T_252_2026-06-04/solutions/instance_n=20_88_c05/epsilon_trace.csv,4,epsilon,3,88,True,,False,True,0,63.0,526.05,3,1,3,True,False,104.2730624,526.05,80.1781,465619,10301106,300.35544776916504,500.0,26.05,0.8263,0,8,0,0,0,8,4
instance_n=20_88_c05,instance_n=20_88,Otto,20,1000.0,c05,5,mid,mid,high,low,5042,published_results/full_campaign_median_T_252_2026-06-04/solutions/instance_n=20_88_c05/epsilon_trace.csv,5,epsilon,4,62,True,,False,True,0,36.0,988.5999999999999,4,0,4,True,True,988.6,988.6,0.0,23095,768273,11.82360291481018,978.0,10.600000000000001,0.947,0,20,0,0,0,0,0
instance_n=20_88_c05,instance_n=20_88,Otto,20,1000.0,c05,5,mid,mid,high,low,5042,published_results/full_campaign_median_T_252_2026-06-04/solutions/instance_n=20_88_c05/epsilon_trace.csv,6,epsilon,5,35,False,infeasible,,,0,,,,,,,,,,,,,,,,,,,,,,,
instance_n=20_88_c06,instance_n=20_88,Otto,20,1000.0,c06,6,mid,high,low,mid,6042,published_results/full_campaign_median_T_252_2026-06-04/solutions/instance_n=20_88_c06/epsilon_trace.csv,1,E0_HI_only,0,,True,,False,True,0,120.0,0.0,3,3,0,True,True,120.0,120.0,0.0,0,0,0.02603006362915039,0.0,0.0,,20,0,0,0,0,0,0
instance_n=20_88_c06,instance_n=20_88,Otto,20,1000.0,c06,6,mid,high,low,mid,6042,published_results/full_campaign_median_T_252_2026-06-04/solutions/instance_n=20_88_c06/epsilon_trace.csv,2,epsilon,1,119,True,,False,True,0,90.0,246.7,2,2,2,True,False,115.63874287,246.7,53.1258,163554,4116455,301.542329788208,231.0,15.700000000000001,0.843,0,0,0,0,0,13,7
instance_n=20_88_c06,instance_n=20_88,Otto,20,1000.0,c06,6,mid,high,low,mid,6042,published_results/full_campaign_median_T_252_2026-06-04/solutions/instance_n=20_88_c06/epsilon_trace.csv,3,epsilon,2,89,True,,False,True,0,89.0,250.45,3,2,1,True,True,250.45,250.45,0.0,33314,1473187,34.289453983306885,249.0,1.4500000000000002,0.971,14,6,0,0,0,0,0
instance_n=20_88_c06,instance_n=20_88,Otto,20,1000.0,c06,6,mid,high,low,mid,6042,published_results/full_campaign_median_T_252_2026-06-04/solutions/instance_n=20_88_c06/epsilon_trace.csv,4,epsilon,3,88,True,,False,True,0,63.0,574.3,3,1,3,True,False,420.99481942,574.3,26.6943,439065,9546406,300.3802230358124,560.0,14.3,0.9047,0,6,0,0,0,7,7
instance_n=20_88_c06,instance_n=20_88,Otto,20,1000.0,c06,6,mid,high,low,mid,6042,published_results/full_campaign_median_T_252_2026-06-04/solutions/instance_n=20_88_c06/epsilon_trace.csv,5,epsilon,4,62,True,,False,True,0,36.0,995.45,4,0,4,True,True,995.45,995.45,0.0,7190,216210,5.124466180801392,988.0,7.45,0.9627,0,20,0,0,0,0,0
instance_n=20_88_c06,instance_n=20_88,Otto,20,1000.0,c06,6,mid,high,low,mid,6042,published_results/full_campaign_median_T_252_2026-06-04/solutions/instance_n=20_88_c06/epsilon_trace.csv,6,epsilon,5,35,False,infeasible,,,0,,,,,,,,,,,,,,,,,,,,,,,
instance_n=20_88_c07,instance_n=20_88,Otto,20,1000.0,c07,7,high,low,high,mid,7042,published_results/full_campaign_median_T_252_2026-06-04/solutions/instance_n=20_88_c07/epsilon_trace.csv,1,E0_HI_only,0,,True,,False,True,0,120.0,0.0,3,3,0,True,True,120.0,120.0,0.0,0,0,0.026604890823364258,0.0,0.0,,20,0,0,0,0,0,0
instance_n=20_88_c07,instance_n=20_88,Otto,20,1000.0,c07,7,high,low,high,mid,7042,published_results/full_campaign_median_T_252_2026-06-04/solutions/instance_n=20_88_c07/epsilon_trace.csv,2,epsilon,1,119,True,,False,True,0,85.0,117.0,2,2,1,True,True,117.0,117.0,0.0,5438,258341,8.89965534210205,99.0,18.0,0.64,8,0,0,0,12,0,0
instance_n=20_88_c07,instance_n=20_88,Otto,20,1000.0,c07,7,high,low,high,mid,7042,published_results/full_campaign_median_T_252_2026-06-04/solutions/instance_n=20_88_c07/epsilon_trace.csv,3,epsilon,2,84,True,,False,True,0,54.0,270.15,2,1,2,True,True,270.15,270.15,0.0,188,36577,2.2041499614715576,237.0,33.15,0.6685,0,1,0,0,19,0,0
instance_n=20_88_c07,instance_n=20_88,Otto,20,1000.0,c07,7,high,low,high,mid,7042,published_results/full_campaign_median_T_252_2026-06-04/solutions/instance_n=20_88_c07/epsilon_trace.csv,4,epsilon,3,53,False,infeasible,,,0,,,,,,,,,,,,,,,,,,,,,,,
instance_n=20_88_c08,instance_n=20_88,Otto,20,1000.0,c08,8,high,mid,low,high,8042,published_results/full_campaign_median_T_252_2026-06-04/solutions/instance_n=20_88_c08/epsilon_trace.csv,1,E0_HI_only,0,,True,,False,True,0,120.0,0.0,3,3,0,True,True,120.0,120.0,0.0,0,0,0.026467084884643555,0.0,0.0,,20,0,0,0,0,0,0
instance_n=20_88_c08,instance_n=20_88,Otto,20,1000.0,c08,8,high,mid,low,high,8042,published_results/full_campaign_median_T_252_2026-06-04/solutions/instance_n=20_88_c08/epsilon_trace.csv,2,epsilon,1,119,True,,False,True,0,94.0,266.5,3,2,2,True,True,266.5,266.5,0.0,49026,1236603,61.266944885253906,232.0,34.5,0.655,7,2,0,0,11,0,0
instance_n=20_88_c08,instance_n=20_88,Otto,20,1000.0,c08,8,high,mid,low,high,8042,published_results/full_campaign_median_T_252_2026-06-04/solutions/instance_n=20_88_c08/epsilon_trace.csv,3,epsilon,2,93,True,,False,True,0,90.0,282.1,2,2,2,True,True,282.1,282.1,0.0,222464,3966659,131.74247288703918,269.0,13.100000000000001,0.869,0,0,0,0,20,0,0
instance_n=20_88_c08,instance_n=20_88,Otto,20,1000.0,c08,8,high,mid,low,high,8042,published_results/full_campaign_median_T_252_2026-06-04/solutions/instance_n=20_88_c08/epsilon_trace.csv,4,epsilon,3,89,True,,False,True,0,72.0,777.55,4,1,4,True,True,777.55,777.55,0.0,41074,1287237,37.546459913253784,747.0,30.55,0.8473,0,8,0,0,12,0,0
instance_n=20_88_c08,instance_n=20_88,Otto,20,1000.0,c08,8,high,mid,low,high,8042,published_results/full_campaign_median_T_252_2026-06-04/solutions/instance_n=20_88_c08/epsilon_trace.csv,5,epsilon,4,71,True,,False,True,0,54.0,1498.6000000000001,6,0,6,True,True,1498.6,1498.6,0.0,941,55333,1.9641871452331543,1491.0,7.6000000000000005,0.9747,0,20,0,0,0,0,0
instance_n=20_88_c08,instance_n=20_88,Otto,20,1000.0,c08,8,high,mid,low,high,8042,published_results/full_campaign_median_T_252_2026-06-04/solutions/instance_n=20_88_c08/epsilon_trace.csv,6,epsilon,5,53,False,infeasible,,,0,,,,,,,,,,,,,,,,,,,,,,,
instance_n=20_88_c09,instance_n=20_88,Otto,20,1000.0,c09,9,high,high,mid,low,9042,published_results/full_campaign_median_T_252_2026-06-04/solutions/instance_n=20_88_c09/epsilon_trace.csv,1,E0_HI_only,0,,True,,False,True,0,120.0,0.0,3,3,0,True,True,120.0,120.0,0.0,0,0,0.026575803756713867,0.0,0.0,,20,0,0,0,0,0,0
instance_n=20_88_c09,instance_n=20_88,Otto,20,1000.0,c09,9,high,high,mid,low,9042,published_results/full_campaign_median_T_252_2026-06-04/solutions/instance_n=20_88_c09/epsilon_trace.csv,2,epsilon,1,119,True,,False,True,0,90.0,252.7,2,2,2,True,False,123.85,252.7,50.9893,253986,7562991,300.3567228317261,244.0,8.700000000000001,0.913,0,0,0,0,0,13,7
instance_n=20_88_c09,instance_n=20_88,Otto,20,1000.0,c09,9,high,high,mid,low,9042,published_results/full_campaign_median_T_252_2026-06-04/solutions/instance_n=20_88_c09/epsilon_trace.csv,3,epsilon,2,89,True,,False,True,0,72.0,841.55,4,1,4,True,False,492.17311694,841.55,41.5159,377169,11252960,300.3397800922394,827.0,14.55,0.9272,0,10,0,0,0,6,4
instance_n=20_88_c09,instance_n=20_88,Otto,20,1000.0,c09,9,high,high,mid,low,9042,published_results/full_campaign_median_T_252_2026-06-04/solutions/instance_n=20_88_c09/epsilon_trace.csv,4,epsilon,3,71,True,,False,True,0,54.0,1563.35,6,0,6,True,True,1563.35,1563.35,0.0,30644,1016202,20.33509612083435,1559.0,4.3500000000000005,0.9855,0,20,0,0,0,0,0
instance_n=20_88_c09,instance_n=20_88,Otto,20,1000.0,c09,9,high,high,mid,low,9042,published_results/full_campaign_median_T_252_2026-06-04/solutions/instance_n=20_88_c09/epsilon_trace.csv,5,epsilon,4,53,False,infeasible,,,0,,,,,,,,,,,,,,,,,,,,,,,
instance_n=20_91_c01,instance_n=20_91,Otto,20,1000.0,c01,1,low,low,low,low,1042,published_results/full_campaign_median_T_252_2026-06-04/solutions/instance_n=20_91_c01/epsilon_trace.csv,1,E0_HI_only,0,,True,,False,True,0,440.0,0.0,11,11,0,True,True,440.0,440.0,0.0,75,4584,0.10821294784545898,0.0,0.0,,20,0,0,0,0,0,0
instance_n=20_91_c01,instance_n=20_91,Otto,20,1000.0,c01,1,low,low,low,low,1042,published_results/full_campaign_median_T_252_2026-06-04/solutions/instance_n=20_91_c01/epsilon_trace.csv,2,epsilon,1,439,True,,False,True,0,405.0,86.2,10,10,1,True,True,86.2,86.2,0.0,33508,1464502,51.28422284126282,60.0,26.200000000000003,0.476,18,0,0,0,0,1,1
instance_n=20_91_c01,instance_n=20_91,Otto,20,1000.0,c01,1,low,low,low,low,1042,published_results/full_campaign_median_T_252_2026-06-04/solutions/instance_n=20_91_c01/epsilon_trace.csv,3,epsilon,2,404,True,,False,True,0,365.0,126.85,9,9,1,True,False,93.77063492,126.85,26.0775,52890,5914507,300.3494062423706,114.0,12.850000000000001,0.743,16,0,0,0,4,0,0
instance_n=20_91_c01,instance_n=20_91,Otto,20,1000.0,c01,1,low,low,low,low,1042,published_results/full_campaign_median_T_252_2026-06-04/solutions/instance_n=20_91_c01/epsilon_trace.csv,4,epsilon,3,364,True,,False,True,0,330.0,233.25,8,8,2,True,False,42.0,233.25,81.9936,31498,5423250,300.37162709236145,205.0,28.25,0.7175,12,0,0,0,5,2,1
instance_n=20_91_c01,instance_n=20_91,Otto,20,1000.0,c01,1,low,low,low,low,1042,published_results/full_campaign_median_T_252_2026-06-04/solutions/instance_n=20_91_c01/epsilon_trace.csv,5,epsilon,4,329,True,,False,True,0,290.0,276.6,7,7,2,True,False,57.37880422,276.6,79.2557,37806,4676213,300.90879678726196,263.0,13.600000000000001,0.864,10,0,0,0,10,0,0
instance_n=20_91_c01,instance_n=20_91,Otto,20,1000.0,c01,1,low,low,low,low,1042,published_results/full_campaign_median_T_252_2026-06-04/solutions/instance_n=20_91_c01/epsilon_trace.csv,6,epsilon,5,289,True,,False,True,0,255.0,376.65,6,6,3,True,False,91.871384781,376.65,75.6083,51750,4873089,301.3132698535919,341.0,35.65,0.7623,6,0,0,0,11,2,1
instance_n=20_91_c01,instance_n=20_91,Otto,20,1000.0,c01,1,low,low,low,low,1042,published_results/full_campaign_median_T_252_2026-06-04/solutions/instance_n=20_91_c01/epsilon_trace.csv,7,epsilon,6,254,True,,False,True,0,215.0,435.6,5,5,3,True,False,124.82703299,435.6,71.3437,23069,4100513,300.3955478668213,426.0,9.600000000000001,0.936,4,0,0,0,16,0,0
instance_n=20_91_c01,instance_n=20_91,Otto,20,1000.0,c01,1,low,low,low,low,1042,published_results/full_campaign_median_T_252_2026-06-04/solutions/instance_n=20_91_c01/epsilon_trace.csv,8,epsilon,7,214,True,,False,True,0,202.0,772.85,7,4,6,True,False,74.7,772.85,90.3345,22537,3755777,300.97137689590454,662.0,110.85000000000001,0.6305,2,3,0,0,15,0,0
instance_n=20_91_c01,instance_n=20_91,Otto,20,1000.0,c01,1,low,low,low,low,1042,published_results/full_campaign_median_T_252_2026-06-04/solutions/instance_n=20_91_c01/epsilon_trace.csv,9,epsilon,8,201,True,,False,True,1,180.0,539.15,4,4,4,True,False,336.01253338,539.15,37.6774,46593,6430525,300.3113040924072,512.0,27.150000000000002,0.8642,0,0,0,0,17,2,1
instance_n=20_91_c01,instance_n=20_91,Otto,20,1000.0,c01,1,low,low,low,low,1042,published_results/full_campaign_median_T_252_2026-06-04/solutions/instance_n=20_91_c01/epsilon_trace.csv,10,epsilon,9,179,True,,False,True,0,153.0,837.9999999999999,5,3,5,True,False,245.88727957,838.0,70.6578,32203,6073070,300.5447528362274,810.0,28.0,0.888,0,3,0,0,17,0,0
instance_n=20_91_c01,instance_n=20_91,Otto,20,1000.0,c01,1,low,low,low,low,1042,published_results/full_campaign_median_T_252_2026-06-04/solutions/instance_n=20_91_c01/epsilon_trace.csv,11,epsilon,10,152,True,,False,True,0,135.0,1350.7,7,2,7,True,False,520.04215433,1350.7,61.4983,31929,4801458,300.3756890296936,1307.0,43.7,0.8751,0,9,0,0,11,0,0
instance_n=20_91_c01,instance_n=20_91,Otto,20,1000.0,c01,1,low,low,low,low,1042,published_results/full_campaign_median_T_252_2026-06-04/solutions/instance_n=20_91_c01/epsilon_trace.csv,12,epsilon,11,134,True,,False,True,0,117.0,1880.85,9,1,9,True,False,1037.2340649,1880.85,44.8529,27497,4996567,300.3329620361328,1813.0,67.85000000000001,0.8492,0,15,0,0,5,0,0
instance_n=20_91_c01,instance_n=20_91,Otto,20,1000.0,c01,1,low,low,low,low,1042,published_results/full_campaign_median_T_252_2026-06-04/solutions/instance_n=20_91_c01/epsilon_trace.csv,13,epsilon,12,116,True,,False,True,0,99.0,2496.8500000000004,11,0,11,True,True,2496.85,2496.85,0.0,21654,2253028,90.131911277771,2417.0,79.85000000000001,0.8548,0,20,0,0,0,0,0
instance_n=20_91_c01,instance_n=20_91,Otto,20,1000.0,c01,1,low,low,low,low,1042,published_results/full_campaign_median_T_252_2026-06-04/solutions/instance_n=20_91_c01/epsilon_trace.csv,14,epsilon,13,98,False,infeasible,,,0,,,,,,,,,,,,,,,,,,,,,,,
instance_n=20_91_c02,instance_n=20_91,Otto,20,1000.0,c02,2,low,mid,mid,mid,2042,published_results/full_campaign_median_T_252_2026-06-04/solutions/instance_n=20_91_c02/epsilon_trace.csv,1,E0_HI_only,0,,True,,False,True,0,440.0,0.0,11,11,0,True,True,440.0,440.0,0.0,75,4584,0.21235299110412598,0.0,0.0,,20,0,0,0,0,0,0
instance_n=20_91_c02,instance_n=20_91,Otto,20,1000.0,c02,2,low,mid,mid,mid,2042,published_results/full_campaign_median_T_252_2026-06-04/solutions/instance_n=20_91_c02/epsilon_trace.csv,2,epsilon,1,439,True,,False,True,0,405.0,93.7,10,10,1,True,True,93.7,93.7,0.0,32620,2255359,122.16454195976257,73.0,20.700000000000003,0.586,18,0,0,0,0,1,1
instance_n=20_91_c02,instance_n=20_91,Otto,20,1000.0,c02,2,low,mid,mid,mid,2042,published_results/full_campaign_median_T_252_2026-06-04/solutions/instance_n=20_91_c02/epsilon_trace.csv,3,epsilon,2,404,True,,False,True,0,370.0,208.79999999999998,9,9,2,True,False,69.959580224,208.8,66.4945,87740,8184550,300.34664392471313,181.0,27.8,0.722,14,0,0,0,0,4,2
instance_n=20_91_c02,instance_n=20_91,Otto,20,1000.0,c02,2,low,mid,mid,mid,2042,published_results/full_campaign_median_T_252_2026-06-04/solutions/instance_n=20_91_c02/epsilon_trace.csv,4,epsilon,3,369,True,,False,True,0,339.0,390.45,9,8,3,True,False,78.438720904,390.45,79.9107,30345,5496219,300.3973639011383,346.0,44.45,0.7037,12,2,0,0,0,4,2
instance_n=20_91_c02,instance_n=20_91,Otto,20,1000.0,c02,2,low,mid,mid,mid,2042,published_results/full_campaign_median_T_252_2026-06-04/solutions/instance_n=20_91_c02/epsilon_trace.csv,5,epsilon,4,338,True,,False,True,0,317.0,642.45,10,7,5,True,False,90.0,642.45,85.9911,36316,4290478,301.1899881362915,548.0,94.45,0.6222,10,3,0,0,0,4,3
instance_n=20_91_c02,instance_n=20_91,Otto,20,1000.0,c02,2,low,mid,mid,mid,2042,published_results/full_campaign_median_T_252_2026-06-04/solutions/instance_n=20_91_c02/epsilon_trace.csv,6,epsilon,5,316,True,,False,True,0,316.0,713.3000000000001,11,7,4,True,False,72.395273325,713.3,89.8507,56798,5345190,300.3391408920288,644.0,69.3,0.6535,14,6,0,0,0,0,0
instance_n=20_91_c02,instance_n=20_91,Otto,20,1000.0,c02,2,low,mid,mid,mid,2042,published_results/full_campaign_median_T_252_2026-06-04/solutions/instance_n=20_91_c02/epsilon_trace.csv,7,epsilon,6,315,True,,False,True,2,308.0,608.6,9,7,4,True,False,146.665192,608.6,75.9012,68045,4537283,301.83907675743103,555.0,53.6,0.732,10,4,0,0,0,4,2
instance_n=20_91_c02,instance_n=20_91,Otto,20,1000.0,c02,2,low,mid,mid,mid,2042,published_results/full_campaign_median_T_252_2026-06-04/solutions/instance_n=20_91_c02/epsilon_trace.csv,8,epsilon,7,307,True,,False,True,0,277.0,984.1,9,6,5,True,False,75.75,984.1,92.3026,23929,4801257,300.3135230541229,963.0,21.1,0.9156,8,6,0,0,3,2,1
instance_n=20_91_c02,instance_n=20_91,Otto,20,1000.0,c02,2,low,mid,mid,mid,2042,published_results/full_campaign_median_T_252_2026-06-04/solutions/instance_n=20_91_c02/epsilon_trace.csv,9,epsilon,8,276,True,,False,True,0,259.0,1167.0999999999997,11,5,7,True,False,95.05,1167.1,91.8559,31940,5625250,300.31520199775696,1050.0,117.10000000000001,0.6654,8,8,0,0,0,2,2
instance_n=20_91_c02,instance_n=20_91,Otto,20,1000.0,c02,2,low,mid,mid,mid,2042,published_results/full_campaign_median_T_252_2026-06-04/solutions/instance_n=20_91_c02/epsilon_trace.csv,10,epsilon,9,258,True,,False,True,0,251.0,1194.2499999999998,9,5,7,True,False,75.3,1194.25,93.6948,15719,3100941,300.34856605529785,1119.0,75.25,0.785,4,6,0,0,3,4,3
instance_n=20_91_c02,instance_n=20_91,Otto,20,1000.0,c02,2,low,mid,mid,mid,2042,published_results/full_campaign_median_T_252_2026-06-04/solutions/instance_n=20_91_c02/epsilon_trace.csv,11,epsilon,10,250,True,,False,True,2,246.0,1069.7,9,5,6,True,False,126.97626925,1069.7,88.1297,25774,5740667,300.314608335495,1007.0,62.7,0.791,6,7,0,0,0,4,3
instance_n=20_91_c02,instance_n=20_91,Otto,20,1000.0,c02,2,low,mid,mid,mid,2042,published_results/full_campaign_median_T_252_2026-06-04/solutions/instance_n=20_91_c02/epsilon_trace.csv,12,epsilon,11,245,True,,False,True,1,243.0,1051.1,7,5,7,True,False,92.362291285,1051.1,91.2128,22317,3515682,300.39984369277954,999.0,52.1,0.8511,0,4,0,0,6,6,4
instance_n=20_91_c02,instance_n=20_91,Otto,20,1000.0,c02,2,low,mid,mid,mid,2042,published_results/full_campaign_median_T_252_2026-06-04/solutions/instance_n=20_91_c02/epsilon_trace.csv,13,epsilon,12,242,True,,False,True,0,224.0,1392.6,10,4,8,True,False,101.60536524,1392.6,92.7039,24440,5646126,300.30770802497864,1277.0,115.60000000000001,0.711,4,9,0,0,0,4,3
instance_n=20_91_c02,instance_n=20_91,Otto,20,1000.0,c02,2,low,mid,mid,mid,2042,published_results/full_campaign_median_T_252_2026-06-04/solutions/instance_n=20_91_c02/epsilon_trace.csv,14,epsilon,13,223,True,,False,True,1,219.0,1367.0499999999997,10,4,7,True,False,121.32227863,1367.05,91.1252,43717,5443404,300.3206582069397,1288.0,79.05000000000001,0.7741,6,10,0,0,0,2,2
instance_n=20_91_c02,instance_n=20_91,Otto,20,1000.0,c02,2,low,mid,mid,mid,2042,published_results/full_campaign_median_T_252_2026-06-04/solutions/instance_n=20_91_c02/epsilon_trace.csv,15,epsilon,14,218,True,,False,True,0,214.0,1458.65,10,4,6,True,False,91.262247317,1458.65,93.7434,14026,3103058,300.34824299812317,1436.0,22.650000000000002,0.9245,8,12,0,0,0,0,0
instance_n=20_91_c02,instance_n=20_91,Otto,20,1000.0,c02,2,low,mid,mid,mid,2042,published_results/full_campaign_median_T_252_2026-06-04/solutions/instance_n=20_91_c02/epsilon_trace.csv,16,epsilon,15,213,True,,False,True,0,193.0,1646.0500000000002,10,3,9,True,False,129.0841923,1646.05,92.1579,14775,3565410,300.3701298236847,1536.0,110.05000000000001,0.7554,2,11,0,0,0,4,3
instance_n=20_91_c02,instance_n=20_91,Otto,20,1000.0,c02,2,low,mid,mid,mid,2042,published_results/full_campaign_median_T_252_2026-06-04/solutions/instance_n=20_91_c02/epsilon_trace.csv,17,epsilon,16,192,True,,False,True,0,188.0,1666.7500000000002,10,3,8,True,False,230.41652749,1666.75,86.1757,25304,4988497,300.32789397239685,1597.0,69.75,0.8256,4,12,0,0,0,2,2
instance_n=20_91_c02,instance_n=20_91,Otto,20,1000.0,c02,2,low,mid,mid,mid,2042,published_results/full_campaign_median_T_252_2026-06-04/solutions/instance_n=20_91_c02/epsilon_trace.csv,18,epsilon,17,187,True,,False,True,1,184.0,1653.3499999999997,9,3,8,True,False,191.09429801,1653.35,88.442,15180,3672211,300.30488109588623,1594.0,59.35,0.8516,2,11,0,0,0,4,3
instance_n=20_91_c02,instance_n=20_91,Otto,20,1000.0,c02,2,low,mid,mid,mid,2042,published_results/full_campaign_median_T_252_2026-06-04/solutions/instance_n=20_91_c02/epsilon_trace.csv,19,epsilon,18,183,True,,False,True,2,180.0,1611.4999999999998,8,3,8,True,False,346.9724746,1611.5,78.469,23369,5093572,300.33997106552124,1570.0,41.5,0.8962,0,10,0,0,3,4,3
instance_n=20_91_c02,instance_n=20_91,Otto,20,1000.0,c02,2,low,mid,mid,mid,2042,published_results/full_campaign_median_T_252_2026-06-04/solutions/instance_n=20_91_c02/epsilon_trace.csv,20,epsilon,19,179,True,,False,True,0,179.0,1636.9999999999998,9,3,7,True,False,145.1065219,1637.0,91.1358,13548,3081931,300.3508450984955,1619.0,18.0,0.9486,4,12,0,0,0,2,2
instance_n=20_91_c02,instance_n=20_91,Otto,20,1000.0,c02,2,low,mid,mid,mid,2042,published_results/full_campaign_median_T_252_2026-06-04/solutions/instance_n=20_91_c02/epsilon_trace.csv,21,epsilon,20,178,True,,False,True,0,162.0,1977.2,10,2,10,True,False,187.47885573,1977.2,90.518,14963,2995722,300.5007779598236,1873.0,104.2,0.7916,0,14,0,0,0,4,2
instance_n=20_91_c02,instance_n=20_91,Otto,20,1000.0,c02,2,low,mid,mid,mid,2042,published_results/full_campaign_median_T_252_2026-06-04/solutions/instance_n=20_91_c02/epsilon_trace.csv,22,epsilon,21,161,True,,False,True,1,157.0,1907.5,10,2,9,True,False,338.74213701,1907.5,82.2416,16148,3446186,300.34213423728943,1836.0,71.5,0.8411,2,14,0,0,0,2,2
instance_n=20_91_c02,instance_n=20_91,Otto,20,1000.0,c02,2,low,mid,mid,mid,2042,published_results/full_campaign_median_T_252_2026-06-04/solutions/instance_n=20_91_c02/epsilon_trace.csv,23,epsilon,22,156,True,,False,True,1,153.0,1884.75,9,2,9,True,False,453.88341064,1884.75,75.9181,28011,5691520,300.32765197753906,1825.0,59.75,0.8672,0,13,0,0,3,2,2
instance_n=20_91_c02,instance_n=20_91,Otto,20,1000.0,c02,2,low,mid,mid,mid,2042,published_results/full_campaign_median_T_252_2026-06-04/solutions/instance_n=20_91_c02/epsilon_trace.csv,24,epsilon,23,152,True,,False,True,0,126.0,2186.9999999999995,10,1,10,True,False,556.8560197,2187.0,74.5379,21206,4165205,300.3329930305481,2112.0,75.0,0.85,0,17,0,0,3,0,0
instance_n=20_91_c02,instance_n=20_91,Otto,20,1000.0,c02,2,low,mid,mid,mid,2042,published_results/full_campaign_median_T_252_2026-06-04/solutions/instance_n=20_91_c02/epsilon_trace.csv,25,epsilon,24,125,True,,False,True,1,121.0,2184.5499999999997,10,1,9,True,False,1178.8498131,2184.55,46.0369,17455,3608865,300.3109321594238,2145.0,39.550000000000004,0.9121,2,18,0,0,0,0,0
instance_n=20_91_c02,instance_n=20_91,Otto,20,1000.0,c02,2,low,mid,mid,mid,2042,published_results/full_campaign_median_T_252_2026-06-04/solutions/instance_n=20_91_c02/epsilon_trace.csv,26,epsilon,25,120,True,,False,True,1,117.0,2175.1499999999996,9,1,9,True,True,2175.1499999999996,2175.1499999999996,0.0,40266,3125665,215.36744022369385,2152.0,23.150000000000002,0.9486,0,16,0,0,0,2,2
instance_n=20_91_c02,instance_n=20_91,Otto,20,1000.0,c02,2,low,mid,mid,mid,2042,published_results/full_campaign_median_T_252_2026-06-04/solutions/instance_n=20_91_c02/epsilon_trace.csv,27,epsilon,26,116,True,,False,True,0,90.0,2476.6499999999996,10,0,10,True,True,2476.65,2476.65,0.0,14224,2226855,126.7204442024231,2437.0,39.650000000000006,0.9207,0,20,0,0,0,0,0
instance_n=20_91_c02,instance_n=20_91,Otto,20,1000.0,c02,2,low,mid,mid,mid,2042,published_results/full_campaign_median_T_252_2026-06-04/solutions/instance_n=20_91_c02/epsilon_trace.csv,28,epsilon,27,89,False,infeasible,,,0,,,,,,,,,,,,,,,,,,,,,,,
instance_n=20_91_c03,instance_n=20_91,Otto,20,1000.0,c03,3,low,high,high,high,3042,published_results/full_campaign_median_T_252_2026-06-04/solutions/instance_n=20_91_c03/epsilon_trace.csv,1,E0_HI_only,0,,True,,False,True,0,440.0,0.0,11,11,0,True,True,440.0,440.0,0.0,75,4584,0.23954200744628906,0.0,0.0,,20,0,0,0,0,0,0
instance_n=20_91_c03,instance_n=20_91,Otto,20,1000.0,c03,3,low,high,high,high,3042,published_results/full_campaign_median_T_252_2026-06-04/solutions/instance_n=20_91_c03/epsilon_trace.csv,2,epsilon,1,439,True,,False,True,0,409.0,98.80000000000001,11,10,1,True,True,98.8,98.8,0.0,17595,1034913,55.743703842163086,61.0,37.800000000000004,0.244,19,1,0,0,0,0,0
instance_n=20_91_c03,instance_n=20_91,Otto,20,1000.0,c03,3,low,high,high,high,3042,published_results/full_campaign_median_T_252_2026-06-04/solutions/instance_n=20_91_c03/epsilon_trace.csv,3,epsilon,2,408,True,,False,True,0,405.0,100.45,10,10,1,True,True,100.45,100.45,0.0,17079,1558673,62.524709701538086,82.0,18.45,0.631,18,0,0,0,0,1,1
instance_n=20_91_c03,instance_n=20_91,Otto,20,1000.0,c03,3,low,high,high,high,3042,published_results/full_campaign_median_T_252_2026-06-04/solutions/instance_n=20_91_c03/epsilon_trace.csv,4,epsilon,3,404,True,,False,True,0,374.0,283.4,10,9,2,True,False,49.728304804,283.4,82.453,60939,7059021,300.32509183883667,251.0,32.4,0.676,16,2,0,0,0,1,1
instance_n=20_91_c03,instance_n=20_91,Otto,20,1000.0,c03,3,low,high,high,high,3042,published_results/full_campaign_median_T_252_2026-06-04/solutions/instance_n=20_91_c03/epsilon_trace.csv,5,epsilon,4,373,True,,False,True,0,343.0,497.25,10,8,3,True,False,85.299518384,497.25,82.8457,60481,6929210,300.3317768573761,460.0,37.25,0.7517,14,4,0,0,0,1,1
instance_n=20_91_c03,instance_n=20_91,Otto,20,1000.0,c03,3,low,high,high,high,3042,published_results/full_campaign_median_T_252_2026-06-04/solutions/instance_n=20_91_c03/epsilon_trace.csv,6,epsilon,5,342,True,,False,True,0,312.0,737.45,10,7,4,True,False,76.283705975,737.45,89.6557,25247,5546812,300.3230810165405,703.0,34.45,0.8277,12,5,0,0,0,1,2
instance_n=20_91_c03,instance_n=20_91,Otto,20,1000.0,c03,3,low,high,high,high,3042,published_results/full_campaign_median_T_252_2026-06-04/solutions/instance_n=20_91_c03/epsilon_trace.csv,7,epsilon,6,311,True,,False,True,0,285.0,978.7,11,6,5,True,False,128.54704048,978.7,86.8655,38092,6924214,300.3154797554016,914.0,64.7,0.7412,12,8,0,0,0,0,0
instance_n=20_91_c03,instance_n=20_91,Otto,20,1000.0,c03,3,low,high,high,high,3042,published_results/full_campaign_median_T_252_2026-06-04/solutions/instance_n=20_91_c03/epsilon_trace.csv,8,epsilon,7,284,True,,False,True,1,281.0,957.5,10,6,5,True,False,84.202889598,957.5,91.206,21762,4985994,300.31793904304504,911.0,46.5,0.814,10,7,0,0,0,1,2
instance_n=20_91_c03,instance_n=20_91,Otto,20,1000.0,c03,3,low,high,high,high,3042,published_results/full_campaign_median_T_252_2026-06-04/solutions/instance_n=20_91_c03/epsilon_trace.csv,9,epsilon,8,280,True,,False,True,0,254.0,1212.3999999999999,11,5,6,True,False,82.518249513,1212.4,93.1938,29395,5593473,300.49579215049744,1142.0,70.4,0.7653,10,10,0,0,0,0,0
instance_n=20_91_c03,instance_n=20_91,Otto,20,1000.0,c03,3,low,high,high,high,3042,published_results/full_campaign_median_T_252_2026-06-04/solutions/instance_n=20_91_c03/epsilon_trace.csv,10,epsilon,9,253,True,,False,True,0,250.0,1218.4999999999998,10,5,6,True,False,190.62149571,1218.5,84.3561,36784,5304378,300.3418598175049,1170.0,48.5,0.8383,8,9,0,0,0,2,1
instance_n=20_91_c03,instance_n=20_91,Otto,20,1000.0,c03,3,low,high,high,high,3042,published_results/full_campaign_median_T_252_2026-06-04/solutions/instance_n=20_91_c03/epsilon_trace.csv,11,epsilon,10,249,True,,False,True,0,223.0,1456.6,11,4,7,True,False,107.56211288,1456.6,92.6155,41442,3665979,301.13500809669495,1381.0,75.60000000000001,0.784,9,11,0,0,0,0,0
instance_n=20_91_c03,instance_n=20_91,Otto,20,1000.0,c03,3,low,high,high,high,3042,published_results/full_campaign_median_T_252_2026-06-04/solutions/instance_n=20_91_c03/epsilon_trace.csv,12,epsilon,11,222,True,,False,True,1,219.0,1414.6000000000001,10,4,7,True,False,196.70845725,1414.6,86.0944,20673,5360933,300.305468082428,1359.0,55.6,0.8411,6,11,0,0,0,2,1
instance_n=20_91_c03,instance_n=20_91,Otto,20,1000.0,c03,3,low,high,high,high,3042,published_results/full_campaign_median_T_252_2026-06-04/solutions/instance_n=20_91_c03/epsilon_trace.csv,13,epsilon,12,218,True,,False,True,1,215.0,1408.6999999999998,9,4,7,True,False,256.23220118,1408.7,81.8107,26878,5521595,300.315975189209,1378.0,30.700000000000003,0.9123,4,10,0,0,0,3,3
instance_n=20_91_c03,instance_n=20_91,Otto,20,1000.0,c03,3,low,high,high,high,3042,published_results/full_campaign_median_T_252_2026-06-04/solutions/instance_n=20_91_c03/epsilon_trace.csv,14,epsilon,13,214,True,,False,True,0,214.0,1431.1499999999999,10,4,6,True,False,184.90505469,1431.15,87.08,44772,4351009,301.0986671447754,1406.0,25.150000000000002,0.9162,8,12,0,0,0,0,0
instance_n=20_91_c03,instance_n=20_91,Otto,20,1000.0,c03,3,low,high,high,high,3042,published_results/full_campaign_median_T_252_2026-06-04/solutions/instance_n=20_91_c03/epsilon_trace.csv,15,epsilon,14,213,True,,False,True,0,192.0,1707.2000000000003,11,3,8,True,False,394.76928888,1707.2,76.8762,46271,5898770,300.33082699775696,1630.0,77.2,0.807,6,14,0,0,0,0,0
instance_n=20_91_c03,instance_n=20_91,Otto,20,1000.0,c03,3,low,high,high,high,3042,published_results/full_campaign_median_T_252_2026-06-04/solutions/instance_n=20_91_c03/epsilon_trace.csv,16,epsilon,15,191,True,,False,True,1,188.0,1695.4499999999998,10,3,8,True,False,292.44592449,1695.45,82.7511,22076,5058746,300.3129391670227,1640.0,55.45,0.8614,4,13,0,0,0,1,2
instance_n=20_91_c03,instance_n=20_91,Otto,20,1000.0,c03,3,low,high,high,high,3042,published_results/full_campaign_median_T_252_2026-06-04/solutions/instance_n=20_91_c03/epsilon_trace.csv,17,epsilon,16,187,True,,False,True,0,184.0,1707.4499999999998,9,3,8,True,False,280.5610094,1707.45,83.5684,18693,4492277,300.30734515190125,1689.0,18.45,0.9539,2,13,0,0,0,2,3
instance_n=20_91_c03,instance_n=20_91,Otto,20,1000.0,c03,3,low,high,high,high,3042,published_results/full_campaign_median_T_252_2026-06-04/solutions/instance_n=20_91_c03/epsilon_trace.csv,18,epsilon,17,183,True,,False,True,0,157.0,1933.7499999999998,10,2,9,True,False,572.20522776,1933.75,70.4096,39053,5231278,300.34469389915466,1875.0,58.75,0.8694,2,15,0,0,0,1,2
instance_n=20_91_c03,instance_n=20_91,Otto,20,1000.0,c03,3,low,high,high,high,3042,published_results/full_campaign_median_T_252_2026-06-04/solutions/instance_n=20_91_c03/epsilon_trace.csv,19,epsilon,18,156,True,,False,True,1,152.0,1911.6999999999998,10,2,8,True,False,525.23600462,1911.7,72.5252,26686,4728493,300.31794691085815,1875.0,36.7,0.9083,4,16,0,0,0,0,0
instance_n=20_91_c03,instance_n=20_91,Otto,20,1000.0,c03,3,low,high,high,high,3042,published_results/full_campaign_median_T_252_2026-06-04/solutions/instance_n=20_91_c03/epsilon_trace.csv,20,epsilon,19,151,True,,False,True,0,121.0,2186.2999999999997,10,1,9,True,False,814.27165638,2186.3,62.7557,23862,4283332,300.32424211502075,2150.0,36.300000000000004,0.9193,2,18,0,0,0,0,0
instance_n=20_91_c03,instance_n=20_91,Otto,20,1000.0,c03,3,low,high,high,high,3042,published_results/full_campaign_median_T_252_2026-06-04/solutions/instance_n=20_91_c03/epsilon_trace.csv,21,epsilon,20,120,True,,False,True,0,90.0,2435.3999999999996,10,0,10,True,True,2435.4,2435.4,0.0,29856,2361297,218.61864185333252,2400.0,35.4,0.9292,0,20,0,0,0,0,0
instance_n=20_91_c03,instance_n=20_91,Otto,20,1000.0,c03,3,low,high,high,high,3042,published_results/full_campaign_median_T_252_2026-06-04/solutions/instance_n=20_91_c03/epsilon_trace.csv,22,epsilon,21,89,False,infeasible,,,0,,,,,,,,,,,,,,,,,,,,,,,
instance_n=20_91_c04,instance_n=20_91,Otto,20,1000.0,c04,4,mid,low,mid,high,4042,published_results/full_campaign_median_T_252_2026-06-04/solutions/instance_n=20_91_c04/epsilon_trace.csv,1,E0_HI_only,0,,True,,False,True,0,440.0,0.0,11,11,0,True,True,440.0,440.0,0.0,75,4584,0.3081238269805908,0.0,0.0,,20,0,0,0,0,0,0
instance_n=20_91_c04,instance_n=20_91,Otto,20,1000.0,c04,4,mid,low,mid,high,4042,published_results/full_campaign_median_T_252_2026-06-04/solutions/instance_n=20_91_c04/epsilon_trace.csv,2,epsilon,1,439,True,,False,True,0,405.0,91.05,10,10,1,True,True,91.05,91.05,0.0,8546,555556,15.454531192779541,63.0,28.05,0.439,18,0,0,0,2,0,0
instance_n=20_91_c04,instance_n=20_91,Otto,20,1000.0,c04,4,mid,low,mid,high,4042,published_results/full_campaign_median_T_252_2026-06-04/solutions/instance_n=20_91_c04/epsilon_trace.csv,3,epsilon,2,404,True,,False,True,0,365.0,122.8,9,9,1,True,True,122.8,122.8,0.0,16269,1754049,74.91886329650879,110.0,12.8,0.744,16,0,0,0,4,0,0
instance_n=20_91_c04,instance_n=20_91,Otto,20,1000.0,c04,4,mid,low,mid,high,4042,published_results/full_campaign_median_T_252_2026-06-04/solutions/instance_n=20_91_c04/epsilon_trace.csv,4,epsilon,3,364,True,,False,True,0,330.0,233.95000000000002,8,8,2,True,False,103.0,233.95,55.9735,31999,5200070,300.35127568244934,201.0,32.95,0.6705,12,0,0,0,8,0,0
instance_n=20_91_c04,instance_n=20_91,Otto,20,1000.0,c04,4,mid,low,mid,high,4042,published_results/full_campaign_median_T_252_2026-06-04/solutions/instance_n=20_91_c04/epsilon_trace.csv,5,epsilon,4,329,True,,False,True,0,290.0,269.65000000000003,7,7,2,True,True,269.65,269.65,0.0,23725,4840166,185.74822902679443,255.0,14.65,0.8535,11,0,0,0,9,0,0
instance_n=20_91_c04,instance_n=20_91,Otto,20,1000.0,c04,4,mid,low,mid,high,4042,published_results/full_campaign_median_T_252_2026-06-04/solutions/instance_n=20_91_c04/epsilon_trace.csv,6,epsilon,5,289,True,,False,True,0,255.0,396.34999999999997,6,6,3,True,False,153.49631286,396.35,61.2725,16169,5193137,300.3173248767853,369.0,27.35,0.8177,6,0,0,0,14,0,0
instance_n=20_91_c04,instance_n=20_91,Otto,20,1000.0,c04,4,mid,low,mid,high,4042,published_results/full_campaign_median_T_252_2026-06-04/solutions/instance_n=20_91_c04/epsilon_trace.csv,7,epsilon,6,254,True,,False,True,0,215.0,432.69999999999993,5,5,3,True,False,212.59002628,432.7,50.869,20186,5762101,300.3078091144562,423.0,9.700000000000001,0.9353,4,0,0,0,16,0,0
instance_n=20_91_c04,instance_n=20_91,Otto,20,1000.0,c04,4,mid,low,mid,high,4042,published_results/full_campaign_median_T_252_2026-06-04/solutions/instance_n=20_91_c04/epsilon_trace.csv,8,epsilon,7,214,True,,False,True,0,180.0,560.75,4,4,4,True,True,560.75,560.75,0.0,22195,3616454,242.02003502845764,539.0,21.75,0.8912,0,0,0,0,20,0,0
instance_n=20_91_c04,instance_n=20_91,Otto,20,1000.0,c04,4,mid,low,mid,high,4042,published_results/full_campaign_median_T_252_2026-06-04/solutions/instance_n=20_91_c04/epsilon_trace.csv,9,epsilon,8,179,True,,False,True,0,162.0,960.6500000000001,6,3,6,True,False,675.38951045,960.65,29.6945,20456,4329227,300.31357502937317,909.0,51.650000000000006,0.8278,0,3,0,0,17,0,0
instance_n=20_91_c04,instance_n=20_91,Otto,20,1000.0,c04,4,mid,low,mid,high,4042,published_results/full_campaign_median_T_252_2026-06-04/solutions/instance_n=20_91_c04/epsilon_trace.csv,10,epsilon,9,161,True,,False,True,0,153.0,1842.9,9,2,9,True,True,1842.9,1842.9,0.0,29529,3715475,209.01437377929688,1781.0,61.900000000000006,0.8624,0,9,0,0,11,0,0
instance_n=20_91_c04,instance_n=20_91,Otto,20,1000.0,c04,4,mid,low,mid,high,4042,published_results/full_campaign_median_T_252_2026-06-04/solutions/instance_n=20_91_c04/epsilon_trace.csv,11,epsilon,10,152,False,infeasible,,,0,,,,,,,,,,,,,,,,,,,,,,,
instance_n=20_91_c05,instance_n=20_91,Otto,20,1000.0,c05,5,mid,mid,high,low,5042,published_results/full_campaign_median_T_252_2026-06-04/solutions/instance_n=20_91_c05/epsilon_trace.csv,1,E0_HI_only,0,,True,,False,True,0,440.0,0.0,11,11,0,True,True,440.0,440.0,0.0,75,4584,0.2886321544647217,0.0,0.0,,20,0,0,0,0,0,0
instance_n=20_91_c05,instance_n=20_91,Otto,20,1000.0,c05,5,mid,mid,high,low,5042,published_results/full_campaign_median_T_252_2026-06-04/solutions/instance_n=20_91_c05/epsilon_trace.csv,2,epsilon,1,439,True,,False,True,0,405.0,96.4,10,10,1,True,True,96.4,96.4,0.0,30145,1380481,75.26441216468811,78.0,18.400000000000002,0.632,18,0,0,0,0,1,1
instance_n=20_91_c05,instance_n=20_91,Otto,20,1000.0,c05,5,mid,mid,high,low,5042,published_results/full_campaign_median_T_252_2026-06-04/solutions/instance_n=20_91_c05/epsilon_trace.csv,3,epsilon,2,404,True,,False,True,0,370.0,235.0,9,9,2,True,False,78.798169494,235.0,66.4689,67453,6961607,300.31995820999146,211.0,24.0,0.76,14,0,0,0,0,4,2
instance_n=20_91_c05,instance_n=20_91,Otto,20,1000.0,c05,5,mid,mid,high,low,5042,published_results/full_campaign_median_T_252_2026-06-04/solutions/instance_n=20_91_c05/epsilon_trace.csv,4,epsilon,3,369,True,,False,True,0,335.0,404.6,8,8,3,True,False,76.05,404.6,81.2037,33023,6246038,300.323166847229,391.0,13.600000000000001,0.9093,10,0,0,0,3,4,3
instance_n=20_91_c05,instance_n=20_91,Otto,20,1000.0,c05,5,mid,mid,high,low,5042,published_results/full_campaign_median_T_252_2026-06-04/solutions/instance_n=20_91_c05/epsilon_trace.csv,5,epsilon,4,334,True,,False,True,0,309.0,737.4499999999998,8,7,5,True,False,76.409079332,737.45,89.6387,49240,6556400,300.328115940094,693.0,44.45,0.8222,6,2,0,0,3,6,3
instance_n=20_91_c05,instance_n=20_91,Otto,20,1000.0,c05,5,mid,mid,high,low,5042,published_results/full_campaign_median_T_252_2026-06-04/solutions/instance_n=20_91_c05/epsilon_trace.csv,6,epsilon,5,308,True,,False,True,0,283.0,999.3999999999999,8,6,7,True,False,150.45,999.4,84.946,52686,6095057,300.33366417884827,919.0,80.4,0.7703,2,3,0,0,0,10,5
instance_n=20_91_c05,instance_n=20_91,Otto,20,1000.0,c05,5,mid,mid,high,low,5042,published_results/full_campaign_median_T_252_2026-06-04/solutions/instance_n=20_91_c05/epsilon_trace.csv,7,epsilon,6,282,True,,False,True,1,274.0,923.9499999999999,7,6,6,True,False,56.418346877,923.95,93.8938,41151,5029446,300.33623814582825,899.0,24.950000000000003,0.9168,2,2,0,0,6,7,3
instance_n=20_91_c05,instance_n=20_91,Otto,20,1000.0,c05,5,mid,mid,high,low,5042,published_results/full_campaign_median_T_252_2026-06-04/solutions/instance_n=20_91_c05/epsilon_trace.csv,8,epsilon,7,273,True,,False,True,0,256.0,1364.1000000000001,9,5,8,True,False,144.54129642,1364.1,89.4039,32047,6149753,300.3277609348297,1302.0,62.1,0.8448,2,5,0,0,3,6,4
instance_n=20_91_c05,instance_n=20_91,Otto,20,1000.0,c05,5,mid,mid,high,low,5042,published_results/full_campaign_median_T_252_2026-06-04/solutions/instance_n=20_91_c05/epsilon_trace.csv,9,epsilon,8,255,True,,False,True,0,238.0,1857.5500000000002,11,4,10,True,False,125.18280277,1857.55,93.2609,26950,5277612,300.32432103157043,1786.0,71.55,0.8569,2,8,0,0,7,2,1
instance_n=20_91_c05,instance_n=20_91,Otto,20,1000.0,c05,5,mid,mid,high,low,5042,published_results/full_campaign_median_T_252_2026-06-04/solutions/instance_n=20_91_c05/epsilon_trace.csv,10,epsilon,9,237,True,,False,True,0,229.0,2391.95,14,3,13,True,False,170.52519985,2391.95,92.8709,27916,8148599,600.3132870197296,2221.0,170.95000000000002,0.737,2,12,0,0,0,4,2
instance_n=20_91_c05,instance_n=20_91,Otto,20,1000.0,c05,5,mid,mid,high,low,5042,published_results/full_campaign_median_T_252_2026-06-04/solutions/instance_n=20_91_c05/epsilon_trace.csv,11,epsilon,10,228,True,,False,True,0,224.0,3024.8,18,2,16,True,False,77.926150456,3024.8,97.4238,10943,2847660,300.324266910553,2774.0,250.8,0.6865,4,16,0,0,0,0,0
instance_n=20_91_c05,instance_n=20_91,Otto,20,1000.0,c05,5,mid,mid,high,low,5042,published_results/full_campaign_median_T_252_2026-06-04/solutions/instance_n=20_91_c05/epsilon_trace.csv,12,epsilon,11,223,True,,False,True,1,207.0,2738.85,15,2,15,True,False,98.9,2738.85,96.389,16131,3816990,300.340460062027,2537.0,201.85000000000002,0.7309,0,13,0,0,0,4,3
instance_n=20_91_c05,instance_n=20_91,Otto,20,1000.0,c05,5,mid,mid,high,low,5042,published_results/full_campaign_median_T_252_2026-06-04/solutions/instance_n=20_91_c05/epsilon_trace.csv,13,epsilon,12,206,True,,False,True,1,189.0,2648.85,13,2,13,True,False,226.1522242,2648.85,91.4622,25392,5195040,300.32386207580566,2540.0,108.85000000000001,0.8325,0,14,0,0,3,2,1
instance_n=20_91_c05,instance_n=20_91,Otto,20,1000.0,c05,5,mid,mid,high,low,5042,published_results/full_campaign_median_T_252_2026-06-04/solutions/instance_n=20_91_c05/epsilon_trace.csv,14,epsilon,13,188,False,infeasible,,,0,,,,,,,,,,,,,,,,,,,,,,,
instance_n=20_91_c06,instance_n=20_91,Otto,20,1000.0,c06,6,mid,high,low,mid,6042,published_results/full_campaign_median_T_252_2026-06-04/solutions/instance_n=20_91_c06/epsilon_trace.csv,1,E0_HI_only,0,,True,,False,True,0,440.0,0.0,11,11,0,True,True,440.0,440.0,0.0,75,4584,0.2467648983001709,0.0,0.0,,20,0,0,0,0,0,0
instance_n=20_91_c06,instance_n=20_91,Otto,20,1000.0,c06,6,mid,high,low,mid,6042,published_results/full_campaign_median_T_252_2026-06-04/solutions/instance_n=20_91_c06/epsilon_trace.csv,2,epsilon,1,439,True,,False,True,0,405.0,119.25,10,10,1,True,True,119.25,119.25,0.0,23417,1981824,74.55947089195251,113.0,6.25,0.875,18,0,0,0,0,1,1
instance_n=20_91_c06,instance_n=20_91,Otto,20,1000.0,c06,6,mid,high,low,mid,6042,published_results/full_campaign_median_T_252_2026-06-04/solutions/instance_n=20_91_c06/epsilon_trace.csv,3,epsilon,2,404,True,,False,True,0,378.0,354.90000000000003,11,9,2,True,False,80.1,354.9,77.4303,84012,7349117,300.4137432575226,319.0,35.9,0.641,18,2,0,0,0,0,0
instance_n=20_91_c06,instance_n=20_91,Otto,20,1000.0,c06,6,mid,high,low,mid,6042,published_results/full_campaign_median_T_252_2026-06-04/solutions/instance_n=20_91_c06/epsilon_trace.csv,4,epsilon,3,377,True,,False,True,0,352.0,658.4499999999999,11,8,4,True,False,103.26520913,658.45,84.3169,41868,6939823,300.32078886032104,602.0,56.45,0.7177,14,3,0,0,0,2,1
instance_n=20_91_c06,instance_n=20_91,Otto,20,1000.0,c06,6,mid,high,low,mid,6042,published_results/full_campaign_median_T_252_2026-06-04/solutions/instance_n=20_91_c06/epsilon_trace.csv,5,epsilon,4,351,True,,False,True,0,330.0,987.9,12,7,6,True,False,94.05,987.9,90.4798,43408,6287643,300.35702109336853,892.0,95.9,0.6803,12,5,0,0,0,2,1
instance_n=20_91_c06,instance_n=20_91,Otto,20,1000.0,c06,6,mid,high,low,mid,6042,published_results/full_campaign_median_T_252_2026-06-04/solutions/instance_n=20_91_c06/epsilon_trace.csv,6,epsilon,5,329,True,,False,True,0,325.0,1030.7,12,7,5,True,False,80.1,1030.7,92.2286,33264,4444222,300.99791193008423,976.0,54.7,0.7812,15,5,0,0,0,0,0
instance_n=20_91_c06,instance_n=20_91,Otto,20,1000.0,c06,6,mid,high,low,mid,6042,published_results/full_campaign_median_T_252_2026-06-04/solutions/instance_n=20_91_c06/epsilon_trace.csv,7,epsilon,6,324,True,,False,True,0,321.0,1517.85,15,6,9,True,False,72.697207679,1517.85,95.2105,33546,6186860,300.3300380706787,1342.0,175.85000000000002,0.6092,11,9,0,0,0,0,0
instance_n=20_91_c06,instance_n=20_91,Otto,20,1000.0,c06,6,mid,high,low,mid,6042,published_results/full_campaign_median_T_252_2026-06-04/solutions/instance_n=20_91_c06/epsilon_trace.csv,8,epsilon,7,320,True,,False,True,1,299.0,1283.2,12,6,7,True,False,84.642081188,1283.2,93.4038,40977,4526873,300.8449640274048,1196.0,87.2,0.7509,10,7,0,0,0,2,1
instance_n=20_91_c06,instance_n=20_91,Otto,20,1000.0,c06,6,mid,high,low,mid,6042,published_results/full_campaign_median_T_252_2026-06-04/solutions/instance_n=20_91_c06/epsilon_trace.csv,9,epsilon,8,298,True,,False,True,0,281.0,1700.15,14,5,9,True,False,75.600829434,1700.15,95.5533,16012,3739239,300.30900597572327,1564.0,136.15,0.6974,10,10,0,0,0,0,0
instance_n=20_91_c06,instance_n=20_91,Otto,20,1000.0,c06,6,mid,high,low,mid,6042,published_results/full_campaign_median_T_252_2026-06-04/solutions/instance_n=20_91_c06/epsilon_trace.csv,10,epsilon,9,280,True,,False,True,0,268.0,2099.3,16,4,12,True,False,100.69213885,2099.3,95.2035,33351,5858890,300.3264949321747,1880.0,219.3,0.6345,8,12,0,0,0,0,0
instance_n=20_91_c06,instance_n=20_91,Otto,20,1000.0,c06,6,mid,high,low,mid,6042,published_results/full_campaign_median_T_252_2026-06-04/solutions/instance_n=20_91_c06/epsilon_trace.csv,11,epsilon,10,267,True,,False,True,1,259.0,2068.6,15,4,11,True,False,86.98255682,2068.6,95.7951,20902,3957387,300.34502696990967,1904.0,164.60000000000002,0.7007,9,11,0,0,0,0,0
instance_n=20_91_c06,instance_n=20_91,Otto,20,1000.0,c06,6,mid,high,low,mid,6042,published_results/full_campaign_median_T_252_2026-06-04/solutions/instance_n=20_91_c06/epsilon_trace.csv,12,epsilon,11,258,True,,False,True,0,255.0,2074.75,14,4,11,True,False,178.90546451,2074.75,91.377,34207,5773041,300.33004331588745,1917.0,157.75,0.7132,6,11,0,0,0,2,1
instance_n=20_91_c06,instance_n=20_91,Otto,20,1000.0,c06,6,mid,high,low,mid,6042,published_results/full_campaign_median_T_252_2026-06-04/solutions/instance_n=20_91_c06/epsilon_trace.csv,13,epsilon,12,254,True,,False,True,2,251.0,2017.1999999999998,13,4,11,True,False,99.927687664,2017.2,95.0462,20924,4360388,300.4003140926361,1881.0,136.20000000000002,0.7524,4,10,0,0,0,4,2
instance_n=20_91_c06,instance_n=20_91,Otto,20,1000.0,c06,6,mid,high,low,mid,6042,published_results/full_campaign_median_T_252_2026-06-04/solutions/instance_n=20_91_c06/epsilon_trace.csv,14,epsilon,13,250,True,,False,True,0,237.0,2453.2500000000005,16,3,13,True,False,134.51807767,2453.25,94.5167,18763,4810033,300.30962800979614,2260.0,193.25,0.7027,6,14,0,0,0,0,0
instance_n=20_91_c06,instance_n=20_91,Otto,20,1000.0,c06,6,mid,high,low,mid,6042,published_results/full_campaign_median_T_252_2026-06-04/solutions/instance_n=20_91_c06/epsilon_trace.csv,15,epsilon,14,236,True,,False,True,1,233.0,2438.1,15,3,13,True,False,86.278725033,2438.1,96.4612,13112,4501839,300.3305449485779,2251.0,187.10000000000002,0.7122,4,13,0,0,0,2,1
instance_n=20_91_c06,instance_n=20_91,Otto,20,1000.0,c06,6,mid,high,low,mid,6042,published_results/full_campaign_median_T_252_2026-06-04/solutions/instance_n=20_91_c06/epsilon_trace.csv,16,epsilon,15,232,True,,False,True,0,215.0,2892.0999999999995,17,2,15,True,False,137.27304407,2892.1,95.2535,17615,4086388,300.3154158592224,2661.0,231.10000000000002,0.6919,4,16,0,0,0,0,0
instance_n=20_91_c06,instance_n=20_91,Otto,20,1000.0,c06,6,mid,high,low,mid,6042,published_results/full_campaign_median_T_252_2026-06-04/solutions/instance_n=20_91_c06/epsilon_trace.csv,17,epsilon,16,214,False,infeasible,,,0,,,,,,,,,,,,,,,,,,,,,,,
instance_n=20_91_c07,instance_n=20_91,Otto,20,1000.0,c07,7,high,low,high,mid,7042,published_results/full_campaign_median_T_252_2026-06-04/solutions/instance_n=20_91_c07/epsilon_trace.csv,1,E0_HI_only,0,,True,,False,True,0,440.0,0.0,11,11,0,True,True,440.0,440.0,0.0,75,4584,0.24660706520080566,0.0,0.0,,20,0,0,0,0,0,0
instance_n=20_91_c07,instance_n=20_91,Otto,20,1000.0,c07,7,high,low,high,mid,7042,published_results/full_campaign_median_T_252_2026-06-04/solutions/instance_n=20_91_c07/epsilon_trace.csv,2,epsilon,1,439,True,,False,True,0,405.0,90.1,10,10,1,True,True,90.1,90.1,0.0,16584,676184,12.219290018081665,61.0,29.1,0.418,18,0,0,0,2,0,0
instance_n=20_91_c07,instance_n=20_91,Otto,20,1000.0,c07,7,high,low,high,mid,7042,published_results/full_campaign_median_T_252_2026-06-04/solutions/instance_n=20_91_c07/epsilon_trace.csv,3,epsilon,2,404,True,,False,True,0,365.0,120.6,9,9,1,True,True,120.6,120.6,0.0,7590,449428,14.906689167022705,108.0,12.600000000000001,0.748,16,0,0,0,4,0,0
instance_n=20_91_c07,instance_n=20_91,Otto,20,1000.0,c07,7,high,low,high,mid,7042,published_results/full_campaign_median_T_252_2026-06-04/solutions/instance_n=20_91_c07/epsilon_trace.csv,4,epsilon,3,364,True,,False,True,0,330.0,230.10000000000002,8,8,2,True,True,230.1,230.1,0.0,34857,3221991,90.1271800994873,197.0,33.1,0.669,12,0,0,0,8,0,0
instance_n=20_91_c07,instance_n=20_91,Otto,20,1000.0,c07,7,high,low,high,mid,7042,published_results/full_campaign_median_T_252_2026-06-04/solutions/instance_n=20_91_c07/epsilon_trace.csv,5,epsilon,4,329,True,,False,True,0,290.0,262.3,7,7,2,True,True,262.3,262.3,0.0,25612,2908227,129.45708990097046,246.0,16.3,0.837,10,0,0,0,10,0,0
instance_n=20_91_c07,instance_n=20_91,Otto,20,1000.0,c07,7,high,low,high,mid,7042,published_results/full_campaign_median_T_252_2026-06-04/solutions/instance_n=20_91_c07/epsilon_trace.csv,6,epsilon,5,289,True,,False,True,0,255.0,386.09999999999997,6,6,3,True,True,386.1,386.1,0.0,50953,4887913,156.24020099639893,356.0,30.1,0.7993,6,0,0,0,14,0,0
instance_n=20_91_c07,instance_n=20_91,Otto,20,1000.0,c07,7,high,low,high,mid,7042,published_results/full_campaign_median_T_252_2026-06-04/solutions/instance_n=20_91_c07/epsilon_trace.csv,7,epsilon,6,254,True,,False,True,0,215.0,426.7,5,5,3,True,True,426.7,426.7,0.0,26641,5195990,200.03403496742249,416.0,10.700000000000001,0.9287,4,0,0,0,16,0,0
instance_n=20_91_c07,instance_n=20_91,Otto,20,1000.0,c07,7,high,low,high,mid,7042,published_results/full_campaign_median_T_252_2026-06-04/solutions/instance_n=20_91_c07/epsilon_trace.csv,8,epsilon,7,214,True,,False,True,0,180.0,562.6999999999999,4,4,4,True,True,562.7,562.7,0.0,15786,6452513,217.5425500869751,542.0,20.700000000000003,0.8965,0,0,0,0,20,0,0
instance_n=20_91_c07,instance_n=20_91,Otto,20,1000.0,c07,7,high,low,high,mid,7042,published_results/full_campaign_median_T_252_2026-06-04/solutions/instance_n=20_91_c07/epsilon_trace.csv,9,epsilon,8,179,True,,False,True,0,171.0,1351.55,7,3,7,True,True,1351.55,1351.55,0.0,4953,969097,30.01920509338379,1321.0,30.55,0.9127,0,4,0,0,16,0,0
instance_n=20_91_c07,instance_n=20_91,Otto,20,1000.0,c07,7,high,low,high,mid,7042,published_results/full_campaign_median_T_252_2026-06-04/solutions/instance_n=20_91_c07/epsilon_trace.csv,10,epsilon,9,170,False,infeasible,,,0,,,,,,,,,,,,,,,,,,,,,,,
instance_n=20_91_c08,instance_n=20_91,Otto,20,1000.0,c08,8,high,mid,low,high,8042,published_results/full_campaign_median_T_252_2026-06-04/solutions/instance_n=20_91_c08/epsilon_trace.csv,1,E0_HI_only,0,,True,,False,True,0,440.0,0.0,11,11,0,True,True,440.0,440.0,0.0,75,4584,0.26200079917907715,0.0,0.0,,20,0,0,0,0,0,0
instance_n=20_91_c08,instance_n=20_91,Otto,20,1000.0,c08,8,high,mid,low,high,8042,published_results/full_campaign_median_T_252_2026-06-04/solutions/instance_n=20_91_c08/epsilon_trace.csv,2,epsilon,1,439,True,,False,True,0,405.0,120.6,10,10,1,True,True,120.6,120.6,0.0,17191,982453,28.05814504623413,108.0,12.600000000000001,0.748,18,0,0,0,2,0,0
instance_n=20_91_c08,instance_n=20_91,Otto,20,1000.0,c08,8,high,mid,low,high,8042,published_results/full_campaign_median_T_252_2026-06-04/solutions/instance_n=20_91_c08/epsilon_trace.csv,3,epsilon,2,404,True,,False,True,0,370.0,275.8,9,9,2,True,True,275.8,275.8,0.0,102891,10749377,299.30200386047363,265.0,10.8,0.892,14,0,0,0,6,0,0
instance_n=20_91_c08,instance_n=20_91,Otto,20,1000.0,c08,8,high,mid,low,high,8042,published_results/full_campaign_median_T_252_2026-06-04/solutions/instance_n=20_91_c08/epsilon_trace.csv,4,epsilon,3,369,True,,False,True,0,340.0,546.1500000000001,8,8,4,True,False,188.34343889,546.15,65.5143,48971,6075341,300.4458019733429,521.0,25.150000000000002,0.8742,8,0,0,0,12,0,0
instance_n=20_91_c08,instance_n=20_91,Otto,20,1000.0,c08,8,high,mid,low,high,8042,published_results/full_campaign_median_T_252_2026-06-04/solutions/instance_n=20_91_c08/epsilon_trace.csv,5,epsilon,4,339,True,,False,True,0,305.0,728.0999999999999,7,7,5,True,False,186.5221193,728.1,74.3823,35371,8043240,300.3208119869232,716.0,12.100000000000001,0.9516,4,0,0,0,16,0,0
instance_n=20_91_c08,instance_n=20_91,Otto,20,1000.0,c08,8,high,mid,low,high,8042,published_results/full_campaign_median_T_252_2026-06-04/solutions/instance_n=20_91_c08/epsilon_trace.csv,6,epsilon,5,304,True,,False,True,0,292.0,1296.3999999999999,9,6,8,True,False,101.42774928,1296.4,92.1762,40095,6758198,300.30717396736145,1239.0,57.400000000000006,0.8565,2,3,0,0,15,0,0
instance_n=20_91_c08,instance_n=20_91,Otto,20,1000.0,c08,8,high,mid,low,high,8042,published_results/full_campaign_median_T_252_2026-06-04/solutions/instance_n=20_91_c08/epsilon_trace.csv,7,epsilon,6,291,True,,False,True,1,283.0,1145.6499999999999,8,6,7,True,False,242.30808853,1145.65,78.8497,39180,5791407,300.4205000400543,1115.0,30.650000000000002,0.9124,2,2,0,0,16,0,0
instance_n=20_91_c08,instance_n=20_91,Otto,20,1000.0,c08,8,high,mid,low,high,8042,published_results/full_campaign_median_T_252_2026-06-04/solutions/instance_n=20_91_c08/epsilon_trace.csv,8,epsilon,7,282,True,,False,True,0,279.0,1865.5500000000002,11,5,11,True,False,284.14662656,1865.55,84.7687,42690,8525876,300.3019552230835,1757.0,108.55000000000001,0.8026,0,6,0,0,14,0,0
instance_n=20_91_c08,instance_n=20_91,Otto,20,1000.0,c08,8,high,mid,low,high,8042,published_results/full_campaign_median_T_252_2026-06-04/solutions/instance_n=20_91_c08/epsilon_trace.csv,9,epsilon,8,278,True,,False,True,1,270.0,1828.8,10,5,10,True,False,169.19818458,1828.8,90.7481,36032,6616748,300.33557200431824,1762.0,66.8,0.8664,0,5,0,0,15,0,0
instance_n=20_91_c08,instance_n=20_91,Otto,20,1000.0,c08,8,high,mid,low,high,8042,published_results/full_campaign_median_T_252_2026-06-04/solutions/instance_n=20_91_c08/epsilon_trace.csv,10,epsilon,9,269,False,infeasible,,,0,,,,,,,,,,,,,,,,,,,,,,,
instance_n=20_91_c09,instance_n=20_91,Otto,20,1000.0,c09,9,high,high,mid,low,9042,published_results/full_campaign_median_T_252_2026-06-04/solutions/instance_n=20_91_c09/epsilon_trace.csv,1,E0_HI_only,0,,True,,False,True,0,440.0,0.0,11,11,0,True,True,440.0,440.0,0.0,75,4584,0.2482590675354004,0.0,0.0,,20,0,0,0,0,0,0
instance_n=20_91_c09,instance_n=20_91,Otto,20,1000.0,c09,9,high,high,mid,low,9042,published_results/full_campaign_median_T_252_2026-06-04/solutions/instance_n=20_91_c09/epsilon_trace.csv,2,epsilon,1,439,True,,False,True,0,405.0,148.05,10,10,1,True,True,148.05,148.05,0.0,25648,1335955,51.66688513755798,148.0,0.05,0.999,18,0,0,0,2,0,0
instance_n=20_91_c09,instance_n=20_91,Otto,20,1000.0,c09,9,high,high,mid,low,9042,published_results/full_campaign_median_T_252_2026-06-04/solutions/instance_n=20_91_c09/epsilon_trace.csv,3,epsilon,2,404,True,,False,True,0,383.0,524.35,11,9,3,True,False,11.956258035,524.35,97.7198,63519,5927746,300.9987630844116,493.0,31.35,0.791,16,2,0,0,0,1,1
instance_n=20_91_c09,instance_n=20_91,Otto,20,1000.0,c09,9,high,high,mid,low,9042,published_results/full_campaign_median_T_252_2026-06-04/solutions/instance_n=20_91_c09/epsilon_trace.csv,4,epsilon,3,382,True,,False,True,1,379.0,440.65000000000003,10,9,3,True,False,136.16877682,440.65,69.0982,37249,8258607,300.31526708602905,420.0,20.650000000000002,0.8623,14,1,0,0,2,2,1
instance_n=20_91_c09,instance_n=20_91,Otto,20,1000.0,c09,9,high,high,mid,low,9042,published_results/full_campaign_median_T_252_2026-06-04/solutions/instance_n=20_91_c09/epsilon_trace.csv,5,epsilon,4,378,True,,False,True,0,358.0,975.9000000000001,10,8,6,True,False,125.55,975.9,87.135,77708,5897044,301.2777693271637,917.0,58.900000000000006,0.8037,8,2,0,0,2,5,3
instance_n=20_91_c09,instance_n=20_91,Otto,20,1000.0,c09,9,high,high,mid,low,9042,published_results/full_campaign_median_T_252_2026-06-04/solutions/instance_n=20_91_c09/epsilon_trace.csv,6,epsilon,5,357,True,,False,True,1,353.0,910.05,10,8,5,True,False,183.49838104,910.05,79.8365,54771,5691351,300.47503995895386,886.0,24.05,0.9038,10,2,0,0,2,4,2
instance_n=20_91_c09,instance_n=20_91,Otto,20,1000.0,c09,9,high,high,mid,low,9042,published_results/full_campaign_median_T_252_2026-06-04/solutions/instance_n=20_91_c09/epsilon_trace.csv,7,epsilon,6,352,True,,False,True,0,335.0,1456.1999999999998,12,7,7,True,False,139.35,1456.2,90.4306,35264,8441027,300.3120460510254,1426.0,30.200000000000003,0.9137,10,5,0,0,2,2,1
instance_n=20_91_c09,instance_n=20_91,Otto,20,1000.0,c09,9,high,high,mid,low,9042,published_results/full_campaign_median_T_252_2026-06-04/solutions/instance_n=20_91_c09/epsilon_trace.csv,8,epsilon,7,334,True,,False,True,0,323.0,2249.4999999999995,13,6,11,True,False,142.49741423,2249.5,93.6654,72800,10830816,601.2535388469696,2196.0,53.5,0.9027,4,7,0,0,4,3,2
instance_n=20_91_c09,instance_n=20_91,Otto,20,1000.0,c09,9,high,high,mid,low,9042,published_results/full_campaign_median_T_252_2026-06-04/solutions/instance_n=20_91_c09/epsilon_trace.csv,9,epsilon,8,322,True,,False,True,1,313.0,1997.3999999999999,13,6,9,True,False,120.88486951,1997.4,93.9479,31357,4997045,300.33350110054016,1965.0,32.4,0.928,8,7,0,0,2,2,1
instance_n=20_91_c09,instance_n=20_91,Otto,20,1000.0,c09,9,high,high,mid,low,9042,published_results/full_campaign_median_T_252_2026-06-04/solutions/instance_n=20_91_c09/epsilon_trace.csv,10,epsilon,9,312,False,infeasible,,,0,,,,,,,,,,,,,,,,,,,,,,,
instance_n=20_97_c01,instance_n=20_97,Otto,20,1000.0,c01,1,low,low,low,low,1042,published_results/full_campaign_median_T_252_2026-06-04/solutions/instance_n=20_97_c01/epsilon_trace.csv,1,E0_HI_only,0,,True,,False,True,0,600.0,0.0,15,15,0,True,True,600.0,600.0,0.0,134,3202,0.12411880493164062,0.0,0.0,,20,0,0,0,0,0,0
instance_n=20_97_c01,instance_n=20_97,Otto,20,1000.0,c01,1,low,low,low,low,1042,published_results/full_campaign_median_T_252_2026-06-04/solutions/instance_n=20_97_c01/epsilon_trace.csv,2,epsilon,1,599,True,,False,True,0,565.0,83.15,14,14,1,True,True,83.15,83.15,0.0,272521,9447862,177.48060512542725,50.0,33.15,0.337,18,0,0,0,2,0,0
instance_n=20_97_c01,instance_n=20_97,Otto,20,1000.0,c01,1,low,low,low,low,1042,published_results/full_campaign_median_T_252_2026-06-04/solutions/instance_n=20_97_c01/epsilon_trace.csv,3,epsilon,2,564,True,,False,True,0,525.0,101.25,13,13,1,True,False,7.0425858752,101.25,93.0444,73430,5727349,301.15584087371826,77.0,24.25,0.515,17,0,0,0,3,0,0
instance_n=20_97_c01,instance_n=20_97,Otto,20,1000.0,c01,1,low,low,low,low,1042,published_results/full_campaign_median_T_252_2026-06-04/solutions/instance_n=20_97_c01/epsilon_trace.csv,4,epsilon,3,524,True,,False,True,0,485.0,122.3,12,12,1,True,False,10.146370965,122.3,91.7037,55371,4870990,301.0869381427765,109.0,13.3,0.734,16,0,0,0,4,0,0
instance_n=20_97_c01,instance_n=20_97,Otto,20,1000.0,c01,1,low,low,low,low,1042,published_results/full_campaign_median_T_252_2026-06-04/solutions/instance_n=20_97_c01/epsilon_trace.csv,5,epsilon,4,484,True,,False,True,0,445.0,142.15,11,11,1,True,False,57.501388889,142.15,59.5488,37133,7419254,300.30685782432556,138.0,4.15,0.917,15,0,0,0,5,0,0
instance_n=20_97_c01,instance_n=20_97,Otto,20,1000.0,c01,1,low,low,low,low,1042,published_results/full_campaign_median_T_252_2026-06-04/solutions/instance_n=20_97_c01/epsilon_trace.csv,6,epsilon,5,444,True,,False,True,0,410.0,234.45,10,10,2,True,False,74.55,234.45,68.2022,44317,4415275,301.14518094062805,205.0,29.450000000000003,0.7055,13,0,0,0,5,1,1
instance_n=20_97_c01,instance_n=20_97,Otto,20,1000.0,c01,1,low,low,low,low,1042,published_results/full_campaign_median_T_252_2026-06-04/solutions/instance_n=20_97_c01/epsilon_trace.csv,7,epsilon,6,409,True,,False,True,0,370.0,261.5,9,9,2,True,False,74.55,261.5,71.4914,22152,4105423,300.36377716064453,242.0,19.5,0.805,12,0,0,0,8,0,0
instance_n=20_97_c01,instance_n=20_97,Otto,20,1000.0,c01,1,low,low,low,low,1042,published_results/full_campaign_median_T_252_2026-06-04/solutions/instance_n=20_97_c01/epsilon_trace.csv,8,epsilon,7,369,True,,False,True,0,330.0,290.85,8,8,2,True,False,77.316425194,290.85,73.4171,32345,4623705,300.7633719444275,285.0,5.8500000000000005,0.9415,11,0,0,0,9,0,0
instance_n=20_97_c01,instance_n=20_97,Otto,20,1000.0,c01,1,low,low,low,low,1042,published_results/full_campaign_median_T_252_2026-06-04/solutions/instance_n=20_97_c01/epsilon_trace.csv,9,epsilon,8,329,True,,False,True,0,295.0,392.34999999999997,7,7,3,True,False,143.19523411,392.35,63.5032,54237,4361375,301.1294629573822,365.0,27.35,0.8177,8,0,0,0,12,0,0
instance_n=20_97_c01,instance_n=20_97,Otto,20,1000.0,c01,1,low,low,low,low,1042,published_results/full_campaign_median_T_252_2026-06-04/solutions/instance_n=20_97_c01/epsilon_trace.csv,10,epsilon,9,294,True,,False,True,0,255.0,429.75,6,6,3,True,False,183.862933,429.75,57.2163,88100,7279384,300.3979609012604,421.0,8.75,0.9417,6,0,0,0,14,0,0
instance_n=20_97_c01,instance_n=20_97,Otto,20,1000.0,c01,1,low,low,low,low,1042,published_results/full_campaign_median_T_252_2026-06-04/solutions/instance_n=20_97_c01/epsilon_trace.csv,11,epsilon,10,254,True,,False,True,0,220.0,559.25,5,5,4,True,False,87.515113842,559.25,84.3513,13290,4305113,300.3451111316681,538.0,21.25,0.8938,2,0,0,0,18,0,0
instance_n=20_97_c01,instance_n=20_97,Otto,20,1000.0,c01,1,low,low,low,low,1042,published_results/full_campaign_median_T_252_2026-06-04/solutions/instance_n=20_97_c01/epsilon_trace.csv,12,epsilon,11,219,True,,False,True,0,189.0,697.6,5,4,5,True,False,134.37683069,697.6,80.7373,16160,3863130,300.3172838687897,656.0,41.6,0.8336,0,1,0,0,19,0,0
instance_n=20_97_c01,instance_n=20_97,Otto,20,1000.0,c01,1,low,low,low,low,1042,published_results/full_campaign_median_T_252_2026-06-04/solutions/instance_n=20_97_c01/epsilon_trace.csv,13,epsilon,12,188,True,,False,True,0,162.0,1080.9,6,3,6,True,False,322.36152028,1080.9,70.1766,30987,4980335,300.3608572483063,1043.0,37.9,0.8737,0,4,0,0,16,0,0
instance_n=20_97_c01,instance_n=20_97,Otto,20,1000.0,c01,1,low,low,low,low,1042,published_results/full_campaign_median_T_252_2026-06-04/solutions/instance_n=20_97_c01/epsilon_trace.csv,14,epsilon,13,161,True,,False,True,0,144.0,1573.8,8,2,8,True,False,979.67356839,1573.8,37.7511,34107,5383413,300.30587697029114,1514.0,59.800000000000004,0.8505,0,10,0,0,10,0,0
instance_n=20_97_c01,instance_n=20_97,Otto,20,1000.0,c01,1,low,low,low,low,1042,published_results/full_campaign_median_T_252_2026-06-04/solutions/instance_n=20_97_c01/epsilon_trace.csv,15,epsilon,14,143,True,,False,True,0,126.0,2115.5499999999997,10,1,10,True,False,1004.7151853,2115.55,52.5081,42221,7481956,300.30544090270996,2040.0,75.55,0.8489,0,15,0,0,5,0,0
instance_n=20_97_c01,instance_n=20_97,Otto,20,1000.0,c01,1,low,low,low,low,1042,published_results/full_campaign_median_T_252_2026-06-04/solutions/instance_n=20_97_c01/epsilon_trace.csv,16,epsilon,15,125,True,,False,True,0,117.0,2789.9,13,0,13,True,True,2789.9,2789.9,0.0,21593,3205495,206.97091817855835,2654.0,135.9,0.7909,0,20,0,0,0,0,0
instance_n=20_97_c01,instance_n=20_97,Otto,20,1000.0,c01,1,low,low,low,low,1042,published_results/full_campaign_median_T_252_2026-06-04/solutions/instance_n=20_97_c01/epsilon_trace.csv,17,epsilon,16,116,False,infeasible,,,0,,,,,,,,,,,,,,,,,,,,,,,
instance_n=20_97_c02,instance_n=20_97,Otto,20,1000.0,c02,2,low,mid,mid,mid,2042,published_results/full_campaign_median_T_252_2026-06-04/solutions/instance_n=20_97_c02/epsilon_trace.csv,1,E0_HI_only,0,,True,,False,True,0,600.0,0.0,15,15,0,True,True,600.0,600.0,0.0,134,3202,0.1246647834777832,0.0,0.0,,20,0,0,0,0,0,0
instance_n=20_97_c02,instance_n=20_97,Otto,20,1000.0,c02,2,low,mid,mid,mid,2042,published_results/full_campaign_median_T_252_2026-06-04/solutions/instance_n=20_97_c02/epsilon_trace.csv,2,epsilon,1,599,True,,False,True,0,565.0,92.05,14,14,1,True,True,92.05,92.05,0.0,169977,5994142,214.0966601371765,70.0,22.05,0.559,18,0,0,0,0,1,1
instance_n=20_97_c02,instance_n=20_97,Otto,20,1000.0,c02,2,low,mid,mid,mid,2042,published_results/full_campaign_median_T_252_2026-06-04/solutions/instance_n=20_97_c02/epsilon_trace.csv,3,epsilon,2,564,True,,False,True,0,525.0,149.5,13,13,1,True,False,2.9109211799,149.5,98.0529,92847,8133937,300.2919659614563,149.0,0.5,0.99,17,0,0,0,3,0,0
instance_n=20_97_c02,instance_n=20_97,Otto,20,1000.0,c02,2,low,mid,mid,mid,2042,published_results/full_campaign_median_T_252_2026-06-04/solutions/instance_n=20_97_c02/epsilon_trace.csv,4,epsilon,3,524,True,,False,True,0,490.0,246.20000000000002,12,12,2,True,False,3.9620327937,246.2,98.3907,74425,7487384,301.80241990089417,224.0,22.200000000000003,0.778,15,0,0,0,3,1,1
instance_n=20_97_c02,instance_n=20_97,Otto,20,1000.0,c02,2,low,mid,mid,mid,2042,published_results/full_campaign_median_T_252_2026-06-04/solutions/instance_n=20_97_c02/epsilon_trace.csv,5,epsilon,4,489,True,,False,True,0,455.0,337.59999999999997,11,11,3,True,False,80.1,337.6,76.2737,45595,6994127,300.33617424964905,295.0,42.6,0.716,13,0,0,0,3,2,2
instance_n=20_97_c02,instance_n=20_97,Otto,20,1000.0,c02,2,low,mid,mid,mid,2042,published_results/full_campaign_median_T_252_2026-06-04/solutions/instance_n=20_97_c02/epsilon_trace.csv,6,epsilon,5,454,True,,False,True,0,420.0,443.95,10,10,4,True,False,88.510668232,443.95,80.0629,83774,8561008,300.31460785865784,389.0,54.95,0.7252,11,0,0,0,3,3,3
instance_n=20_97_c02,instance_n=20_97,Otto,20,1000.0,c02,2,low,mid,mid,mid,2042,published_results/full_campaign_median_T_252_2026-06-04/solutions/instance_n=20_97_c02/epsilon_trace.csv,7,epsilon,6,419,True,,False,True,0,389.0,645.15,10,9,5,True,False,81.649004438,645.15,87.3442,68702,6090072,300.2901659011841,568.0,77.15,0.6914,10,2,0,0,0,4,4
instance_n=20_97_c02,instance_n=20_97,Otto,20,1000.0,c02,2,low,mid,mid,mid,2042,published_results/full_campaign_median_T_252_2026-06-04/solutions/instance_n=20_97_c02/epsilon_trace.csv,8,epsilon,7,388,True,,False,True,1,384.0,597.85,10,9,4,True,False,112.91936518,597.85,81.1124,66651,4709685,301.4395709037781,562.0,35.85,0.8207,11,2,0,0,3,2,2
instance_n=20_97_c02,instance_n=20_97,Otto,20,1000.0,c02,2,low,mid,mid,mid,2042,published_results/full_campaign_median_T_252_2026-06-04/solutions/instance_n=20_97_c02/epsilon_trace.csv,9,epsilon,8,383,True,,False,True,0,363.0,784.8000000000002,10,8,7,True,False,81.186422669,784.8,89.6551,72602,6630390,300.37824726104736,649.0,135.8,0.612,6,2,0,0,0,7,5
instance_n=20_97_c02,instance_n=20_97,Otto,20,1000.0,c02,2,low,mid,mid,mid,2042,published_results/full_campaign_median_T_252_2026-06-04/solutions/instance_n=20_97_c02/epsilon_trace.csv,10,epsilon,9,362,True,,False,True,1,353.0,722.5000000000001,10,8,5,True,False,88.607823669,722.5,87.7359,39757,6839815,300.32168197631836,662.0,60.5,0.758,10,2,0,0,6,1,1
instance_n=20_97_c02,instance_n=20_97,Otto,20,1000.0,c02,2,low,mid,mid,mid,2042,published_results/full_campaign_median_T_252_2026-06-04/solutions/instance_n=20_97_c02/epsilon_trace.csv,11,epsilon,10,352,True,,False,True,0,349.0,724.2,9,8,5,True,False,89.684064076,724.2,87.6161,43526,6435911,300.3906400203705,676.0,48.2,0.8072,8,2,0,0,3,4,3
instance_n=20_97_c02,instance_n=20_97,Otto,20,1000.0,c02,2,low,mid,mid,mid,2042,published_results/full_campaign_median_T_252_2026-06-04/solutions/instance_n=20_97_c02/epsilon_trace.csv,12,epsilon,11,348,True,,False,True,0,322.0,973.5,10,7,6,True,False,164.65,973.5,83.0868,67128,4856628,301.5417847633362,908.0,65.5,0.7817,8,5,0,0,3,2,2
instance_n=20_97_c02,instance_n=20_97,Otto,20,1000.0,c02,2,low,mid,mid,mid,2042,published_results/full_campaign_median_T_252_2026-06-04/solutions/instance_n=20_97_c02/epsilon_trace.csv,13,epsilon,12,321,True,,False,True,0,296.0,1148.75,10,6,8,True,False,108.16073853,1148.75,90.5845,49475,4446040,301.03191018104553,1016.0,132.75,0.6681,4,5,0,0,0,7,4
instance_n=20_97_c02,instance_n=20_97,Otto,20,1000.0,c02,2,low,mid,mid,mid,2042,published_results/full_campaign_median_T_252_2026-06-04/solutions/instance_n=20_97_c02/epsilon_trace.csv,14,epsilon,13,295,True,,False,True,0,291.0,1170.55,10,6,7,True,False,165.43133895,1170.55,85.8672,40895,7598583,300.2972719669342,1091.0,79.55000000000001,0.7727,6,6,0,0,3,3,2
instance_n=20_97_c02,instance_n=20_97,Otto,20,1000.0,c02,2,low,mid,mid,mid,2042,published_results/full_campaign_median_T_252_2026-06-04/solutions/instance_n=20_97_c02/epsilon_trace.csv,15,epsilon,14,290,True,,False,True,2,287.0,1113.8,9,6,7,True,False,96.287881933,1113.8,91.355,38358,6900318,300.30280232429504,1041.0,72.8,0.792,4,5,0,0,3,5,3
instance_n=20_97_c02,instance_n=20_97,Otto,20,1000.0,c02,2,low,mid,mid,mid,2042,published_results/full_campaign_median_T_252_2026-06-04/solutions/instance_n=20_97_c02/epsilon_trace.csv,16,epsilon,15,286,True,,False,True,0,274.0,1420.5,11,5,10,True,False,202.22226444,1420.5,85.764,67688,7540992,300.3194260597229,1236.0,184.5,0.631,2,7,0,0,0,7,4
instance_n=20_97_c02,instance_n=20_97,Otto,20,1000.0,c02,2,low,mid,mid,mid,2042,published_results/full_campaign_median_T_252_2026-06-04/solutions/instance_n=20_97_c02/epsilon_trace.csv,17,epsilon,16,273,True,,False,True,1,260.0,1370.0,10,5,8,True,False,202.51239538,1370.0,85.2181,48239,4780004,301.4228558540344,1287.0,83.0,0.7925,4,8,0,0,0,4,4
instance_n=20_97_c02,instance_n=20_97,Otto,20,1000.0,c02,2,low,mid,mid,mid,2042,published_results/full_campaign_median_T_252_2026-06-04/solutions/instance_n=20_97_c02/epsilon_trace.csv,18,epsilon,17,259,True,,False,True,0,256.0,1419.3000000000002,9,5,8,True,False,197.04918458,1419.3,86.1165,30222,5738584,300.38407802581787,1364.0,55.300000000000004,0.8618,2,8,0,0,0,5,5
instance_n=20_97_c02,instance_n=20_97,Otto,20,1000.0,c02,2,low,mid,mid,mid,2042,published_results/full_campaign_median_T_252_2026-06-04/solutions/instance_n=20_97_c02/epsilon_trace.csv,19,epsilon,18,255,True,,False,True,0,225.0,1603.0,9,4,9,True,False,181.1021088,1603.0,88.7023,33985,4456034,300.7781391143799,1528.0,75.0,0.8333,0,9,0,0,3,5,3
instance_n=20_97_c02,instance_n=20_97,Otto,20,1000.0,c02,2,low,mid,mid,mid,2042,published_results/full_campaign_median_T_252_2026-06-04/solutions/instance_n=20_97_c02/epsilon_trace.csv,20,epsilon,19,224,True,,False,True,0,202.0,1976.45,11,3,10,True,False,315.8538355,1976.45,84.0191,28493,6291499,300.305388212204,1871.0,105.45,0.7891,2,12,0,0,3,2,1
instance_n=20_97_c02,instance_n=20_97,Otto,20,1000.0,c02,2,low,mid,mid,mid,2042,published_results/full_campaign_median_T_252_2026-06-04/solutions/instance_n=20_97_c02/epsilon_trace.csv,21,epsilon,20,201,True,,False,True,1,198.0,1921.7499999999995,10,3,10,True,False,551.94425292,1921.75,71.2791,40964,7628988,300.3241698741913,1830.0,91.75,0.8165,0,11,0,0,6,2,1
instance_n=20_97_c02,instance_n=20_97,Otto,20,1000.0,c02,2,low,mid,mid,mid,2042,published_results/full_campaign_median_T_252_2026-06-04/solutions/instance_n=20_97_c02/epsilon_trace.csv,22,epsilon,21,197,True,,False,True,0,175.0,2278.2500000000005,12,2,11,True,False,396.33093397,2278.25,82.6037,26282,6875708,300.29435086250305,2168.0,110.25,0.7995,1,15,0,0,0,2,2
instance_n=20_97_c02,instance_n=20_97,Otto,20,1000.0,c02,2,low,mid,mid,mid,2042,published_results/full_campaign_median_T_252_2026-06-04/solutions/instance_n=20_97_c02/epsilon_trace.csv,23,epsilon,22,174,True,,False,True,1,171.0,2192.000000000001,11,2,11,True,False,510.5483491,2192.0,76.7086,20722,5883946,300.28379797935486,2080.0,112.0,0.7964,0,14,0,0,3,2,1
instance_n=20_97_c02,instance_n=20_97,Otto,20,1000.0,c02,2,low,mid,mid,mid,2042,published_results/full_campaign_median_T_252_2026-06-04/solutions/instance_n=20_97_c02/epsilon_trace.csv,24,epsilon,23,170,True,,False,True,0,144.0,2469.35,12,1,12,True,False,1003.0601898,2469.35,59.3796,30958,5232293,300.31762170791626,2341.0,128.35,0.7861,0,16,0,0,0,2,2
instance_n=20_97_c02,instance_n=20_97,Otto,20,1000.0,c02,2,low,mid,mid,mid,2042,published_results/full_campaign_median_T_252_2026-06-04/solutions/instance_n=20_97_c02/epsilon_trace.csv,25,epsilon,24,143,False,infeasible,,,0,,,,,,,,,,,,,,,,,,,,,,,
instance_n=20_97_c03,instance_n=20_97,Otto,20,1000.0,c03,3,low,high,high,high,3042,published_results/full_campaign_median_T_252_2026-06-04/solutions/instance_n=20_97_c03/epsilon_trace.csv,1,E0_HI_only,0,,True,,False,True,0,600.0,0.0,15,15,0,True,True,600.0,600.0,0.0,134,3202,0.138106107711792,0.0,0.0,,20,0,0,0,0,0,0
instance_n=20_97_c03,instance_n=20_97,Otto,20,1000.0,c03,3,low,high,high,high,3042,published_results/full_campaign_median_T_252_2026-06-04/solutions/instance_n=20_97_c03/epsilon_trace.csv,2,epsilon,1,599,True,,False,True,0,565.0,100.45,14,14,1,True,True,100.45,100.45,0.0,183714,7402653,250.98657393455505,82.0,18.45,0.631,18,0,0,0,0,1,1
instance_n=20_97_c03,instance_n=20_97,Otto,20,1000.0,c03,3,low,high,high,high,3042,published_results/full_campaign_median_T_252_2026-06-04/solutions/instance_n=20_97_c03/epsilon_trace.csv,3,epsilon,2,564,True,,False,True,0,530.0,204.29999999999998,13,13,2,True,False,2.3124946179,204.3,98.8681,128320,7355166,300.3132791519165,170.0,34.300000000000004,0.657,16,0,0,0,0,2,2
instance_n=20_97_c03,instance_n=20_97,Otto,20,1000.0,c03,3,low,high,high,high,3042,published_results/full_campaign_median_T_252_2026-06-04/solutions/instance_n=20_97_c03/epsilon_trace.csv,4,epsilon,3,529,True,,False,True,0,529.0,233.1,14,13,1,True,False,9.2348405162,233.1,96.0382,94401,6901783,300.3739399909973,233.0,0.1,0.998,18,2,0,0,0,0,0
instance_n=20_97_c03,instance_n=20_97,Otto,20,1000.0,c03,3,low,high,high,high,3042,published_results/full_campaign_median_T_252_2026-06-04/solutions/instance_n=20_97_c03/epsilon_trace.csv,5,epsilon,4,528,True,,False,True,0,495.0,310.95,12,12,3,True,False,54.796178163,310.95,82.3778,137821,10997592,300.3214383125305,263.0,47.95,0.6803,14,0,0,0,0,3,3
instance_n=20_97_c03,instance_n=20_97,Otto,20,1000.0,c03,3,low,high,high,high,3042,published_results/full_campaign_median_T_252_2026-06-04/solutions/instance_n=20_97_c03/epsilon_trace.csv,6,epsilon,5,494,True,,False,True,0,494.0,333.55,13,12,2,True,False,75.9,333.55,77.2448,85225,6125727,300.31343483924866,315.0,18.55,0.8145,16,2,0,0,0,1,1
instance_n=20_97_c03,instance_n=20_97,Otto,20,1000.0,c03,3,low,high,high,high,3042,published_results/full_campaign_median_T_252_2026-06-04/solutions/instance_n=20_97_c03/epsilon_trace.csv,7,epsilon,6,493,True,,False,True,0,459.0,437.40000000000003,12,11,3,True,False,9.8167867591,437.4,97.7557,74753,9022002,300.2942419052124,403.0,34.4,0.7707,14,2,0,0,0,2,2
instance_n=20_97_c03,instance_n=20_97,Otto,20,1000.0,c03,3,low,high,high,high,3042,published_results/full_campaign_median_T_252_2026-06-04/solutions/instance_n=20_97_c03/epsilon_trace.csv,8,epsilon,7,458,True,,False,True,0,458.0,481.35,13,11,2,True,False,59.465984155,481.35,87.646,78327,7499160,300.2863218784332,481.0,0.35000000000000003,0.9965,16,4,0,0,0,0,0
instance_n=20_97_c03,instance_n=20_97,Otto,20,1000.0,c03,3,low,high,high,high,3042,published_results/full_campaign_median_T_252_2026-06-04/solutions/instance_n=20_97_c03/epsilon_trace.csv,9,epsilon,8,457,True,,False,True,0,424.0,553.1500000000001,11,10,4,True,False,57.24625,553.15,89.6509,68331,8769178,300.2831861972809,507.0,46.150000000000006,0.7692,12,2,0,0,0,3,3
instance_n=20_97_c03,instance_n=20_97,Otto,20,1000.0,c03,3,low,high,high,high,3042,published_results/full_campaign_median_T_252_2026-06-04/solutions/instance_n=20_97_c03/epsilon_trace.csv,10,epsilon,9,423,True,,False,True,0,423.0,575.8,12,10,3,True,False,99.006436732,575.8,82.8054,145614,6931149,300.3322968482971,562.0,13.8,0.908,14,4,0,0,0,1,1
instance_n=20_97_c03,instance_n=20_97,Otto,20,1000.0,c03,3,low,high,high,high,3042,published_results/full_campaign_median_T_252_2026-06-04/solutions/instance_n=20_97_c03/epsilon_trace.csv,11,epsilon,10,422,True,,False,True,0,389.0,663.95,10,9,5,True,False,91.569561369,663.95,86.2084,157674,6264976,302.03852796554565,606.0,57.95,0.7682,10,2,0,0,0,4,4
instance_n=20_97_c03,instance_n=20_97,Otto,20,1000.0,c03,3,low,high,high,high,3042,published_results/full_campaign_median_T_252_2026-06-04/solutions/instance_n=20_97_c03/epsilon_trace.csv,12,epsilon,11,388,True,,False,True,0,388.0,693.35,11,9,4,True,False,91.387454952,693.35,86.8194,60644,5487426,301.3050072193146,658.0,35.35,0.8233,12,4,0,0,0,2,2
instance_n=20_97_c03,instance_n=20_97,Otto,20,1000.0,c03,3,low,high,high,high,3042,published_results/full_campaign_median_T_252_2026-06-04/solutions/instance_n=20_97_c03/epsilon_trace.csv,13,epsilon,12,387,True,,False,True,0,387.0,725.0999999999999,12,9,3,True,False,126.98559494,725.1,82.4872,125251,8539535,300.32230615615845,724.0,1.1,0.9927,14,6,0,0,0,0,0
instance_n=20_97_c03,instance_n=20_97,Otto,20,1000.0,c03,3,low,high,high,high,3042,published_results/full_campaign_median_T_252_2026-06-04/solutions/instance_n=20_97_c03/epsilon_trace.csv,14,epsilon,13,386,True,,False,True,0,357.0,855.0999999999999,11,8,5,True,False,97.623191791,855.1,88.5834,222326,9066405,300.3589127063751,804.0,51.1,0.7956,11,5,0,0,0,2,2
instance_n=20_97_c03,instance_n=20_97,Otto,20,1000.0,c03,3,low,high,high,high,3042,published_results/full_campaign_median_T_252_2026-06-04/solutions/instance_n=20_97_c03/epsilon_trace.csv,15,epsilon,14,356,True,,False,True,0,334.0,1105.2999999999997,13,7,6,True,False,93.604654125,1105.3,91.5313,70311,4638409,300.3180899620056,1006.0,99.30000000000001,0.669,12,8,0,0,0,0,0
instance_n=20_97_c03,instance_n=20_97,Otto,20,1000.0,c03,3,low,high,high,high,3042,published_results/full_campaign_median_T_252_2026-06-04/solutions/instance_n=20_97_c03/epsilon_trace.csv,16,epsilon,15,333,True,,False,True,1,325.0,1094.8,12,7,5,True,False,105.04833333,1094.8,90.4048,73466,5702382,300.30168414115906,1051.0,43.800000000000004,0.8248,12,8,0,0,0,0,0
instance_n=20_97_c03,instance_n=20_97,Otto,20,1000.0,c03,3,low,high,high,high,3042,published_results/full_campaign_median_T_252_2026-06-04/solutions/instance_n=20_97_c03/epsilon_trace.csv,17,epsilon,16,324,True,,False,True,1,322.0,1020.1999999999999,10,7,6,True,False,153.79679358,1020.2,84.9248,61516,5258266,301.2211630344391,973.0,47.2,0.8427,8,6,0,0,0,3,3
instance_n=20_97_c03,instance_n=20_97,Otto,20,1000.0,c03,3,low,high,high,high,3042,published_results/full_campaign_median_T_252_2026-06-04/solutions/instance_n=20_97_c03/epsilon_trace.csv,18,epsilon,17,321,True,,False,True,0,299.0,1302.15,12,6,7,True,False,140.30384615,1302.15,89.2252,55453,4840189,301.11554408073425,1222.0,80.15,0.771,9,9,0,0,0,1,1
instance_n=20_97_c03,instance_n=20_97,Otto,20,1000.0,c03,3,low,high,high,high,3042,published_results/full_campaign_median_T_252_2026-06-04/solutions/instance_n=20_97_c03/epsilon_trace.csv,19,epsilon,18,298,True,,False,True,1,295.0,1221.9499999999998,11,6,7,True,False,214.22967545,1221.95,82.4682,99668,5718632,301.1503641605377,1137.0,84.95,0.7573,8,8,0,0,0,2,2
instance_n=20_97_c03,instance_n=20_97,Otto,20,1000.0,c03,3,low,high,high,high,3042,published_results/full_campaign_median_T_252_2026-06-04/solutions/instance_n=20_97_c03/epsilon_trace.csv,20,epsilon,19,294,True,,False,True,0,290.0,1231.8,11,6,6,True,False,107.16168094,1231.8,91.3004,58504,6860606,300.3200602531433,1195.0,36.800000000000004,0.8773,9,9,0,0,0,1,1
instance_n=20_97_c03,instance_n=20_97,Otto,20,1000.0,c03,3,low,high,high,high,3042,published_results/full_campaign_median_T_252_2026-06-04/solutions/instance_n=20_97_c03/epsilon_trace.csv,21,epsilon,20,289,True,,False,True,0,264.0,1465.1999999999998,11,5,8,True,False,194.69088982,1465.2,86.7123,53230,5353228,301.1478600502014,1386.0,79.2,0.802,6,9,0,0,0,2,3
instance_n=20_97_c03,instance_n=20_97,Otto,20,1000.0,c03,3,low,high,high,high,3042,published_results/full_campaign_median_T_252_2026-06-04/solutions/instance_n=20_97_c03/epsilon_trace.csv,22,epsilon,21,263,True,,False,True,1,263.0,1463.2999999999997,12,5,7,True,False,204.0624382,1463.3,86.0546,44441,7904974,300.298269033432,1384.0,79.30000000000001,0.7734,10,10,0,0,0,0,0
instance_n=20_97_c03,instance_n=20_97,Otto,20,1000.0,c03,3,low,high,high,high,3042,published_results/full_campaign_median_T_252_2026-06-04/solutions/instance_n=20_97_c03/epsilon_trace.csv,23,epsilon,22,262,True,,False,True,1,255.0,1409.7499999999998,10,5,7,True,False,197.39959805,1409.75,85.9975,34033,6754935,300.3006510734558,1383.0,26.75,0.9236,6,10,0,0,0,2,2
instance_n=20_97_c03,instance_n=20_97,Otto,20,1000.0,c03,3,low,high,high,high,3042,published_results/full_campaign_median_T_252_2026-06-04/solutions/instance_n=20_97_c03/epsilon_trace.csv,24,epsilon,23,254,True,,False,True,0,229.0,1700.9,10,4,9,True,False,149.45720183,1700.9,91.2131,39919,4803780,300.7334370613098,1639.0,61.900000000000006,0.8624,2,11,0,0,0,3,4
instance_n=20_97_c03,instance_n=20_97,Otto,20,1000.0,c03,3,low,high,high,high,3042,published_results/full_campaign_median_T_252_2026-06-04/solutions/instance_n=20_97_c03/epsilon_trace.csv,25,epsilon,24,228,True,,False,True,0,206.0,1973.8999999999996,12,3,10,True,False,302.63270763,1973.9,84.6683,29838,4100448,300.34643507003784,1865.0,108.9,0.7822,4,14,0,0,0,1,1
instance_n=20_97_c03,instance_n=20_97,Otto,20,1000.0,c03,3,low,high,high,high,3042,published_results/full_campaign_median_T_252_2026-06-04/solutions/instance_n=20_97_c03/epsilon_trace.csv,26,epsilon,25,205,True,,False,True,1,202.0,1952.15,11,3,10,True,False,414.7020358,1952.15,78.7567,26172,4427436,300.3187770843506,1861.0,91.15,0.8177,2,14,0,0,0,2,2
instance_n=20_97_c03,instance_n=20_97,Otto,20,1000.0,c03,3,low,high,high,high,3042,published_results/full_campaign_median_T_252_2026-06-04/solutions/instance_n=20_97_c03/epsilon_trace.csv,27,epsilon,26,201,True,,False,True,0,197.0,1959.9499999999998,11,3,9,True,False,464.4940508,1959.95,76.3007,27456,6127686,300.2867419719696,1908.0,51.95,0.8846,3,15,0,0,0,1,1
instance_n=20_97_c03,instance_n=20_97,Otto,20,1000.0,c03,3,low,high,high,high,3042,published_results/full_campaign_median_T_252_2026-06-04/solutions/instance_n=20_97_c03/epsilon_trace.csv,28,epsilon,27,196,True,,False,True,0,171.0,2179.55,11,2,11,True,False,491.20413096,2179.55,77.463,60549,7916898,300.3161127567291,2085.0,94.55000000000001,0.8281,0,16,0,0,0,2,2
instance_n=20_97_c03,instance_n=20_97,Otto,20,1000.0,c03,3,low,high,high,high,3042,published_results/full_campaign_median_T_252_2026-06-04/solutions/instance_n=20_97_c03/epsilon_trace.csv,29,epsilon,28,170,True,,False,True,1,166.0,2156.55,11,2,10,True,False,1454.5477149,2156.55,32.5521,77315,6519680,300.3228032588959,2090.0,66.55,0.8669,2,16,0,0,0,1,1
instance_n=20_97_c03,instance_n=20_97,Otto,20,1000.0,c03,3,low,high,high,high,3042,published_results/full_campaign_median_T_252_2026-06-04/solutions/instance_n=20_97_c03/epsilon_trace.csv,30,epsilon,29,165,True,,False,True,0,135.0,2437.25,11,1,11,True,False,1283.1643861,2437.25,47.352,73718,7733087,300.29776787757874,2371.0,66.25,0.8795,0,18,0,0,0,1,1
instance_n=20_97_c03,instance_n=20_97,Otto,20,1000.0,c03,3,low,high,high,high,3042,published_results/full_campaign_median_T_252_2026-06-04/solutions/instance_n=20_97_c03/epsilon_trace.csv,31,epsilon,30,134,True,,False,True,0,108.0,2735.7999999999997,12,0,12,True,True,2735.8,2735.8,0.0,46886,4727014,235.38340306282043,2648.0,87.80000000000001,0.8537,0,20,0,0,0,0,0
instance_n=20_97_c03,instance_n=20_97,Otto,20,1000.0,c03,3,low,high,high,high,3042,published_results/full_campaign_median_T_252_2026-06-04/solutions/instance_n=20_97_c03/epsilon_trace.csv,32,epsilon,31,107,False,infeasible,,,0,,,,,,,,,,,,,,,,,,,,,,,
instance_n=20_97_c04,instance_n=20_97,Otto,20,1000.0,c04,4,mid,low,mid,high,4042,published_results/full_campaign_median_T_252_2026-06-04/solutions/instance_n=20_97_c04/epsilon_trace.csv,1,E0_HI_only,0,,True,,False,True,0,600.0,0.0,15,15,0,True,True,600.0,600.0,0.0,134,3202,0.1200556755065918,0.0,0.0,,20,0,0,0,0,0,0
instance_n=20_97_c04,instance_n=20_97,Otto,20,1000.0,c04,4,mid,low,mid,high,4042,published_results/full_campaign_median_T_252_2026-06-04/solutions/instance_n=20_97_c04/epsilon_trace.csv,2,epsilon,1,599,True,,False,True,0,565.0,85.65,14,14,1,True,True,85.65,85.65,0.0,77493,1936674,23.3077130317688,53.0,32.65,0.347,18,0,0,0,2,0,0
instance_n=20_97_c04,instance_n=20_97,Otto,20,1000.0,c04,4,mid,low,mid,high,4042,published_results/full_campaign_median_T_252_2026-06-04/solutions/instance_n=20_97_c04/epsilon_trace.csv,3,epsilon,2,564,True,,False,True,0,525.0,104.3,13,13,1,True,True,104.3,104.3,0.0,42098,1678572,32.426724910736084,81.0,23.3,0.534,17,0,0,0,3,0,0
instance_n=20_97_c04,instance_n=20_97,Otto,20,1000.0,c04,4,mid,low,mid,high,4042,published_results/full_campaign_median_T_252_2026-06-04/solutions/instance_n=20_97_c04/epsilon_trace.csv,4,epsilon,3,524,True,,False,True,0,485.0,124.15,12,12,1,True,True,124.15,124.15,0.0,16508,1317552,45.913609981536865,111.0,13.15,0.737,16,0,0,0,4,0,0
instance_n=20_97_c04,instance_n=20_97,Otto,20,1000.0,c04,4,mid,low,mid,high,4042,published_results/full_campaign_median_T_252_2026-06-04/solutions/instance_n=20_97_c04/epsilon_trace.csv,5,epsilon,4,484,True,,False,True,0,445.0,144.25,11,11,1,True,True,144.25,144.25,0.0,17223,4374687,157.8359911441803,141.0,3.25,0.935,15,0,0,0,5,0,0
instance_n=20_97_c04,instance_n=20_97,Otto,20,1000.0,c04,4,mid,low,mid,high,4042,published_results/full_campaign_median_T_252_2026-06-04/solutions/instance_n=20_97_c04/epsilon_trace.csv,6,epsilon,5,444,True,,False,True,0,410.0,236.95,10,10,2,True,False,89.15,236.95,62.376,35621,7826671,300.32923007011414,205.0,31.950000000000003,0.6805,13,0,0,0,7,0,0
instance_n=20_97_c04,instance_n=20_97,Otto,20,1000.0,c04,4,mid,low,mid,high,4042,published_results/full_campaign_median_T_252_2026-06-04/solutions/instance_n=20_97_c04/epsilon_trace.csv,7,epsilon,6,409,True,,False,True,0,370.0,257.05,9,9,2,True,True,257.05,257.05,0.0,41404,5540666,191.79396510124207,235.0,22.05,0.7795,12,0,0,0,8,0,0
instance_n=20_97_c04,instance_n=20_97,Otto,20,1000.0,c04,4,mid,low,mid,high,4042,published_results/full_campaign_median_T_252_2026-06-04/solutions/instance_n=20_97_c04/epsilon_trace.csv,8,epsilon,7,369,True,,False,True,0,330.0,285.65,8,8,2,True,False,179.43734677,285.65,37.1828,18868,8032014,300.28225326538086,279.0,6.65,0.9335,11,0,0,0,9,0,0
instance_n=20_97_c04,instance_n=20_97,Otto,20,1000.0,c04,4,mid,low,mid,high,4042,published_results/full_campaign_median_T_252_2026-06-04/solutions/instance_n=20_97_c04/epsilon_trace.csv,9,epsilon,8,329,True,,False,True,0,295.0,387.5,7,7,3,True,False,191.134186,387.5,50.675,42134,9564474,300.2825520038605,355.0,32.5,0.7833,8,0,0,0,12,0,0
instance_n=20_97_c04,instance_n=20_97,Otto,20,1000.0,c04,4,mid,low,mid,high,4042,published_results/full_campaign_median_T_252_2026-06-04/solutions/instance_n=20_97_c04/epsilon_trace.csv,10,epsilon,9,294,True,,False,True,0,255.0,425.3,6,6,3,True,True,425.3,425.3,0.0,47945,4883631,132.61286687850952,412.0,13.3,0.9113,6,0,0,0,14,0,0
instance_n=20_97_c04,instance_n=20_97,Otto,20,1000.0,c04,4,mid,low,mid,high,4042,published_results/full_campaign_median_T_252_2026-06-04/solutions/instance_n=20_97_c04/epsilon_trace.csv,11,epsilon,10,254,True,,False,True,0,220.0,552.8000000000001,5,5,4,True,True,552.8000000000001,552.8000000000001,0.0,57232,8032725,218.48024106025696,527.0,25.8,0.871,2,0,0,0,18,0,0
instance_n=20_97_c04,instance_n=20_97,Otto,20,1000.0,c04,4,mid,low,mid,high,4042,published_results/full_campaign_median_T_252_2026-06-04/solutions/instance_n=20_97_c04/epsilon_trace.csv,12,epsilon,11,219,True,,False,True,0,180.0,593.7000000000002,4,4,4,True,True,593.7,593.7,0.0,17068,3816552,191.58901619911194,589.0,4.7,0.9765,0,0,0,0,20,0,0
instance_n=20_97_c04,instance_n=20_97,Otto,20,1000.0,c04,4,mid,low,mid,high,4042,published_results/full_campaign_median_T_252_2026-06-04/solutions/instance_n=20_97_c04/epsilon_trace.csv,13,epsilon,12,179,True,,False,True,0,171.0,1243.2500000000002,7,3,7,True,True,1243.25,1243.25,0.0,34039,6225779,240.08962488174438,1204.0,39.25,0.8879,0,5,0,0,15,0,0
instance_n=20_97_c04,instance_n=20_97,Otto,20,1000.0,c04,4,mid,low,mid,high,4042,published_results/full_campaign_median_T_252_2026-06-04/solutions/instance_n=20_97_c04/epsilon_trace.csv,14,epsilon,13,170,False,infeasible,,,0,,,,,,,,,,,,,,,,,,,,,,,
instance_n=20_97_c05,instance_n=20_97,Otto,20,1000.0,c05,5,mid,mid,high,low,5042,published_results/full_campaign_median_T_252_2026-06-04/solutions/instance_n=20_97_c05/epsilon_trace.csv,1,E0_HI_only,0,,True,,False,True,0,600.0,0.0,15,15,0,True,True,600.0,600.0,0.0,134,3202,0.1760110855102539,0.0,0.0,,20,0,0,0,0,0,0
instance_n=20_97_c05,instance_n=20_97,Otto,20,1000.0,c05,5,mid,mid,high,low,5042,published_results/full_campaign_median_T_252_2026-06-04/solutions/instance_n=20_97_c05/epsilon_trace.csv,2,epsilon,1,599,True,,False,True,0,565.0,102.3,14,14,1,True,True,102.3,102.3,0.0,191733,5397201,98.84382510185242,86.0,16.3,0.674,18,0,0,0,0,1,1
instance_n=20_97_c05,instance_n=20_97,Otto,20,1000.0,c05,5,mid,mid,high,low,5042,published_results/full_campaign_median_T_252_2026-06-04/solutions/instance_n=20_97_c05/epsilon_trace.csv,3,epsilon,2,564,True,,False,True,0,525.0,144.35,13,13,1,True,False,83.75,144.35,41.9813,155826,10428788,300.34565901756287,140.0,4.3500000000000005,0.913,17,0,0,0,3,0,0
instance_n=20_97_c05,instance_n=20_97,Otto,20,1000.0,c05,5,mid,mid,high,low,5042,published_results/full_campaign_median_T_252_2026-06-04/solutions/instance_n=20_97_c05/epsilon_trace.csv,4,epsilon,3,524,True,,False,True,0,490.0,246.65,12,12,2,True,False,58.636125654,246.65,76.227,59568,6267582,300.3292908668518,226.0,20.650000000000002,0.7935,15,0,0,0,3,1,1
instance_n=20_97_c05,instance_n=20_97,Otto,20,1000.0,c05,5,mid,mid,high,low,5042,published_results/full_campaign_median_T_252_2026-06-04/solutions/instance_n=20_97_c05/epsilon_trace.csv,5,epsilon,4,489,True,,False,True,0,450.0,295.2,11,11,2,True,False,53.338839286,295.2,81.9313,75554,4877555,300.3634030818939,292.0,3.2,0.968,14,0,0,0,6,0,0
instance_n=20_97_c05,instance_n=20_97,Otto,20,1000.0,c05,5,mid,mid,high,low,5042,published_results/full_campaign_median_T_252_2026-06-04/solutions/instance_n=20_97_c05/epsilon_trace.csv,6,epsilon,5,449,True,,False,True,0,420.0,475.85,10,10,4,True,False,87.45,475.85,81.6224,69456,4666465,300.32510685920715,434.0,41.85,0.7908,10,0,0,0,3,4,3
instance_n=20_97_c05,instance_n=20_97,Otto,20,1000.0,c05,5,mid,mid,high,low,5042,published_results/full_campaign_median_T_252_2026-06-04/solutions/instance_n=20_97_c05/epsilon_trace.csv,7,epsilon,6,419,True,,False,True,1,415.0,397.5,10,10,3,True,False,93.948848312,397.5,76.3651,42229,4113590,300.8905909061432,378.0,19.5,0.87,12,0,0,0,6,1,1
instance_n=20_97_c05,instance_n=20_97,Otto,20,1000.0,c05,5,mid,mid,high,low,5042,published_results/full_campaign_median_T_252_2026-06-04/solutions/instance_n=20_97_c05/epsilon_trace.csv,8,epsilon,7,414,True,,False,True,0,380.0,532.6,9,9,4,True,False,108.39319187,532.6,79.6483,67827,5504722,301.38859510421753,520.0,12.600000000000001,0.937,8,0,0,0,6,4,2
instance_n=20_97_c05,instance_n=20_97,Otto,20,1000.0,c05,5,mid,mid,high,low,5042,published_results/full_campaign_median_T_252_2026-06-04/solutions/instance_n=20_97_c05/epsilon_trace.csv,9,epsilon,8,379,True,,False,True,0,345.0,661.0,8,8,5,True,False,91.952695494,661.0,86.0889,58670,5086786,301.22478699684143,642.0,19.0,0.924,6,0,0,0,6,5,3
instance_n=20_97_c05,instance_n=20_97,Otto,20,1000.0,c05,5,mid,mid,high,low,5042,published_results/full_campaign_median_T_252_2026-06-04/solutions/instance_n=20_97_c05/epsilon_trace.csv,10,epsilon,9,344,True,,False,True,0,310.0,798.5,7,7,6,True,False,142.47419372,798.5,82.1573,67215,6936516,300.3201470375061,779.0,19.5,0.935,2,0,0,0,6,8,4
instance_n=20_97_c05,instance_n=20_97,Otto,20,1000.0,c05,5,mid,mid,high,low,5042,published_results/full_campaign_median_T_252_2026-06-04/solutions/instance_n=20_97_c05/epsilon_trace.csv,11,epsilon,10,309,True,,False,True,0,301.0,1403.8499999999997,10,6,9,True,False,91.232857825,1403.85,93.5012,72133,6976195,300.29669189453125,1321.0,82.85000000000001,0.8159,2,4,0,0,6,5,3
instance_n=20_97_c05,instance_n=20_97,Otto,20,1000.0,c05,5,mid,mid,high,low,5042,published_results/full_campaign_median_T_252_2026-06-04/solutions/instance_n=20_97_c05/epsilon_trace.csv,12,epsilon,11,300,True,,False,True,1,288.0,1180.3999999999996,8,6,8,True,False,197.9875,1180.4,83.2271,51234,6631486,300.3561260700226,1133.0,47.400000000000006,0.8815,0,2,0,0,6,8,4
instance_n=20_97_c05,instance_n=20_97,Otto,20,1000.0,c05,5,mid,mid,high,low,5042,published_results/full_campaign_median_T_252_2026-06-04/solutions/instance_n=20_97_c05/epsilon_trace.csv,13,epsilon,12,287,True,,False,True,0,270.0,1617.7499999999998,10,5,10,True,False,171.04167255,1617.75,89.4272,34172,6435931,300.34870767593384,1542.0,75.75,0.8485,0,5,0,0,3,8,4
instance_n=20_97_c05,instance_n=20_97,Otto,20,1000.0,c05,5,mid,mid,high,low,5042,published_results/full_campaign_median_T_252_2026-06-04/solutions/instance_n=20_97_c05/epsilon_trace.csv,14,epsilon,13,269,True,,False,True,1,261.0,1576.6999999999996,9,5,9,True,False,146.63883079,1576.7,90.6996,28624,6720491,300.3012578487396,1543.0,33.7,0.9251,0,5,0,0,6,6,3
instance_n=20_97_c05,instance_n=20_97,Otto,20,1000.0,c05,5,mid,mid,high,low,5042,published_results/full_campaign_median_T_252_2026-06-04/solutions/instance_n=20_97_c05/epsilon_trace.csv,15,epsilon,14,260,True,,False,True,0,243.0,2057.4,11,4,11,True,False,113.67314996,2057.4,94.4749,28052,6898320,300.3116590976715,1989.0,68.4,0.8756,0,7,0,0,10,2,1
instance_n=20_97_c05,instance_n=20_97,Otto,20,1000.0,c05,5,mid,mid,high,low,5042,published_results/full_campaign_median_T_252_2026-06-04/solutions/instance_n=20_97_c05/epsilon_trace.csv,16,epsilon,15,242,True,,False,True,0,225.0,2557.1499999999996,13,3,13,True,False,304.29607038,2557.15,88.1002,35442,7158342,300.2901120185852,2449.0,108.15,0.8336,0,11,0,0,6,2,1
instance_n=20_97_c05,instance_n=20_97,Otto,20,1000.0,c05,5,mid,mid,high,low,5042,published_results/full_campaign_median_T_252_2026-06-04/solutions/instance_n=20_97_c05/epsilon_trace.csv,17,epsilon,16,224,True,,False,True,0,207.0,3031.2000000000003,15,2,15,True,False,239.675,3031.2,92.0931,29996,4618802,300.34632086753845,2881.0,150.20000000000002,0.7997,0,14,0,0,3,2,1
instance_n=20_97_c05,instance_n=20_97,Otto,20,1000.0,c05,5,mid,mid,high,low,5042,published_results/full_campaign_median_T_252_2026-06-04/solutions/instance_n=20_97_c05/epsilon_trace.csv,18,epsilon,17,206,True,,False,True,1,201.9999999999867,3029.949999999787,15,2,14,True,False,237.8541386,3029.95,92.1499,47329,11839364,600.2895832061768,2930.9999999998263,98.9499999999609,0.8586,2,15,0,0,3,0,0
instance_n=20_97_c05,instance_n=20_97,Otto,20,1000.0,c05,5,mid,mid,high,low,5042,published_results/full_campaign_median_T_252_2026-06-04/solutions/instance_n=20_97_c05/epsilon_trace.csv,19,epsilon,18,200,False,infeasible,,,0,,,,,,,,,,,,,,,,,,,,,,,
instance_n=20_97_c06,instance_n=20_97,Otto,20,1000.0,c06,6,mid,high,low,mid,6042,published_results/full_campaign_median_T_252_2026-06-04/solutions/instance_n=20_97_c06/epsilon_trace.csv,1,E0_HI_only,0,,True,,False,True,0,600.0,0.0,15,15,0,True,True,600.0,600.0,0.0,134,3202,0.11849021911621094,0.0,0.0,,20,0,0,0,0,0,0
instance_n=20_97_c06,instance_n=20_97,Otto,20,1000.0,c06,6,mid,high,low,mid,6042,published_results/full_campaign_median_T_252_2026-06-04/solutions/instance_n=20_97_c06/epsilon_trace.csv,2,epsilon,1,599,True,,False,True,0,565.0,107.1,14,14,1,True,True,107.1,107.1,0.0,218841,8367285,155.46991777420044,90.0,17.1,0.658,18,0,0,0,0,1,1
instance_n=20_97_c06,instance_n=20_97,Otto,20,1000.0,c06,6,mid,high,low,mid,6042,published_results/full_campaign_median_T_252_2026-06-04/solutions/instance_n=20_97_c06/epsilon_trace.csv,3,epsilon,2,564,True,,False,True,0,530.0,221.25,13,13,2,True,False,6.5569952718,221.25,97.0364,119213,9435155,300.36456990242004,188.0,33.25,0.6675,16,0,0,0,0,2,2
instance_n=20_97_c06,instance_n=20_97,Otto,20,1000.0,c06,6,mid,high,low,mid,6042,published_results/full_campaign_median_T_252_2026-06-04/solutions/instance_n=20_97_c06/epsilon_trace.csv,4,epsilon,3,529,True,,False,True,0,495.0,345.15,12,12,3,True,False,25.371049254,345.15,92.6493,114087,6801356,301.26520895957947,304.0,41.150000000000006,0.7257,14,0,0,0,0,3,3
instance_n=20_97_c06,instance_n=20_97,Otto,20,1000.0,c06,6,mid,high,low,mid,6042,published_results/full_campaign_median_T_252_2026-06-04/solutions/instance_n=20_97_c06/epsilon_trace.csv,5,epsilon,4,494,True,,False,True,0,464.0,537.35,12,11,4,True,False,89.841620637,537.35,83.2806,78899,6542395,300.3660719394684,481.0,56.35,0.7183,13,1,0,0,0,3,3
instance_n=20_97_c06,instance_n=20_97,Otto,20,1000.0,c06,6,mid,high,low,mid,6042,published_results/full_campaign_median_T_252_2026-06-04/solutions/instance_n=20_97_c06/epsilon_trace.csv,6,epsilon,5,463,True,,False,True,1,460.0,481.75,11,11,4,True,False,95.693703735,481.75,80.1362,57949,9707809,300.34955382347107,435.0,46.75,0.7662,12,0,0,0,2,3,3
instance_n=20_97_c06,instance_n=20_97,Otto,20,1000.0,c06,6,mid,high,low,mid,6042,published_results/full_campaign_median_T_252_2026-06-04/solutions/instance_n=20_97_c06/epsilon_trace.csv,7,epsilon,6,459,True,,False,True,0,429.0,673.95,11,10,5,True,False,98.842325803,673.95,85.3339,69390,6273555,300.3044259548187,612.0,61.95,0.7522,11,1,0,0,2,3,3
instance_n=20_97_c06,instance_n=20_97,Otto,20,1000.0,c06,6,mid,high,low,mid,6042,published_results/full_campaign_median_T_252_2026-06-04/solutions/instance_n=20_97_c06/epsilon_trace.csv,8,epsilon,7,428,True,,False,True,0,402.0,935.9500000000002,12,9,6,True,False,96.721629143,935.95,89.6659,112951,6774642,301.56508016586304,857.0,78.95,0.7368,11,3,0,0,2,2,2
instance_n=20_97_c06,instance_n=20_97,Otto,20,1000.0,c06,6,mid,high,low,mid,6042,published_results/full_campaign_median_T_252_2026-06-04/solutions/instance_n=20_97_c06/epsilon_trace.csv,9,epsilon,8,401,True,,False,True,0,371.0,1148.4,12,8,7,True,False,102.73557161,1148.4,91.054,75608,8589491,300.7251179218292,1065.0,83.4,0.7617,10,4,0,0,2,2,2
instance_n=20_97_c06,instance_n=20_97,Otto,20,1000.0,c06,6,mid,high,low,mid,6042,published_results/full_campaign_median_T_252_2026-06-04/solutions/instance_n=20_97_c06/epsilon_trace.csv,10,epsilon,9,370,True,,False,True,0,368.0,1235.7,10,8,8,True,False,110.00688429,1235.7,91.0976,86899,8092035,300.7876150608063,1181.0,54.7,0.8632,4,2,0,0,4,6,4
instance_n=20_97_c06,instance_n=20_97,Otto,20,1000.0,c06,6,mid,high,low,mid,6042,published_results/full_campaign_median_T_252_2026-06-04/solutions/instance_n=20_97_c06/epsilon_trace.csv,11,epsilon,10,367,True,,False,True,0,340.0,1496.3999999999999,12,7,8,True,False,92.65,1496.4,93.8085,78252,7445670,300.30302023887634,1433.0,63.400000000000006,0.8415,8,5,0,0,2,3,2
instance_n=20_97_c06,instance_n=20_97,Otto,20,1000.0,c06,6,mid,high,low,mid,6042,published_results/full_campaign_median_T_252_2026-06-04/solutions/instance_n=20_97_c06/epsilon_trace.csv,12,epsilon,11,339,True,,False,True,0,318.0,1737.0,13,6,10,True,False,157.3067193,1737.0,90.9438,95265,8396192,301.8933701515198,1620.0,117.0,0.766,6,7,0,0,0,4,3
instance_n=20_97_c06,instance_n=20_97,Otto,20,1000.0,c06,6,mid,high,low,mid,6042,published_results/full_campaign_median_T_252_2026-06-04/solutions/instance_n=20_97_c06/epsilon_trace.csv,13,epsilon,12,317,True,,False,True,0,314.0,1800.05,12,6,10,True,False,126.2358119,1800.05,92.9871,50863,9382117,300.3057289123535,1714.0,86.05000000000001,0.8279,4,7,0,0,2,4,3
instance_n=20_97_c06,instance_n=20_97,Otto,20,1000.0,c06,6,mid,high,low,mid,6042,published_results/full_campaign_median_T_252_2026-06-04/solutions/instance_n=20_97_c06/epsilon_trace.csv,14,epsilon,13,313,True,,False,True,0,295.0,2073.45,15,5,11,True,False,153.14277121,2073.45,92.6141,62525,6161320,300.90933108329773,1938.0,135.45000000000002,0.7537,8,10,0,0,0,1,1
instance_n=20_97_c06,instance_n=20_97,Otto,20,1000.0,c06,6,mid,high,low,mid,6042,published_results/full_campaign_median_T_252_2026-06-04/solutions/instance_n=20_97_c06/epsilon_trace.csv,15,epsilon,14,294,True,,False,True,0,287.0,2089.05,13,5,11,True,False,181.33937298,2089.05,91.3195,24500,6732845,300.2803020477295,1998.0,91.05000000000001,0.8345,4,9,0,0,0,4,3
instance_n=20_97_c06,instance_n=20_97,Otto,20,1000.0,c06,6,mid,high,low,mid,6042,published_results/full_campaign_median_T_252_2026-06-04/solutions/instance_n=20_97_c06/epsilon_trace.csv,16,epsilon,15,286,True,,False,True,0,269.0,2539.1,15,4,13,True,False,166.98031067,2539.1,93.4236,35617,5876080,300.3849198818207,2406.0,133.1,0.7952,4,12,0,0,0,2,2
instance_n=20_97_c06,instance_n=20_97,Otto,20,1000.0,c06,6,mid,high,low,mid,6042,published_results/full_campaign_median_T_252_2026-06-04/solutions/instance_n=20_97_c06/epsilon_trace.csv,17,epsilon,16,268,True,,False,True,1,260.0,2401.0499999999997,14,4,12,True,False,167.0462963,2401.05,93.0428,25413,5103397,300.3504240512848,2292.0,109.05000000000001,0.8182,4,11,0,0,0,3,2
instance_n=20_97_c06,instance_n=20_97,Otto,20,1000.0,c06,6,mid,high,low,mid,6042,published_results/full_campaign_median_T_252_2026-06-04/solutions/instance_n=20_97_c06/epsilon_trace.csv,18,epsilon,17,259,True,,False,True,0,238.0,2807.0499999999997,15,3,14,True,False,266.69444444,2807.05,90.4991,72334,9321429,300.3023250102997,2676.0,131.05,0.8128,2,13,0,0,0,3,2
instance_n=20_97_c06,instance_n=20_97,Otto,20,1000.0,c06,6,mid,high,low,mid,6042,published_results/full_campaign_median_T_252_2026-06-04/solutions/instance_n=20_97_c06/epsilon_trace.csv,19,epsilon,18,237,True,,False,True,0,216.0,3242.5999999999995,16,2,16,True,False,270.01396092,3242.6,91.6729,49355,10839274,600.7630169391632,3081.0,161.60000000000002,0.798,0,15,0,0,0,3,2
instance_n=20_97_c06,instance_n=20_97,Otto,20,1000.0,c06,6,mid,high,low,mid,6042,published_results/full_campaign_median_T_252_2026-06-04/solutions/instance_n=20_97_c06/epsilon_trace.csv,20,epsilon,19,215,False,infeasible,,,0,,,,,,,,,,,,,,,,,,,,,,,
instance_n=20_97_c07,instance_n=20_97,Otto,20,1000.0,c07,7,high,low,high,mid,7042,published_results/full_campaign_median_T_252_2026-06-04/solutions/instance_n=20_97_c07/epsilon_trace.csv,1,E0_HI_only,0,,True,,False,True,0,600.0,0.0,15,15,0,True,True,600.0,600.0,0.0,134,3202,0.13769912719726562,0.0,0.0,,20,0,0,0,0,0,0
instance_n=20_97_c07,instance_n=20_97,Otto,20,1000.0,c07,7,high,low,high,mid,7042,published_results/full_campaign_median_T_252_2026-06-04/solutions/instance_n=20_97_c07/epsilon_trace.csv,2,epsilon,1,599,True,,False,True,0,565.0,84.15,14,14,1,True,True,84.15,84.15,0.0,109618,2204425,15.921499013900757,51.0,33.15,0.337,18,0,0,0,2,0,0
instance_n=20_97_c07,instance_n=20_97,Otto,20,1000.0,c07,7,high,low,high,mid,7042,published_results/full_campaign_median_T_252_2026-06-04/solutions/instance_n=20_97_c07/epsilon_trace.csv,3,epsilon,2,564,True,,False,True,0,525.0,104.5,13,13,1,True,True,104.5,104.5,0.0,82870,2579334,44.08525109291077,83.0,21.5,0.57,17,0,0,0,3,0,0
instance_n=20_97_c07,instance_n=20_97,Otto,20,1000.0,c07,7,high,low,high,mid,7042,published_results/full_campaign_median_T_252_2026-06-04/solutions/instance_n=20_97_c07/epsilon_trace.csv,4,epsilon,3,524,True,,False,True,0,485.0,125.5,12,12,1,True,True,125.5,125.5,0.0,23221,1144017,16.8878071308136,113.0,12.5,0.75,16,0,0,0,4,0,0
instance_n=20_97_c07,instance_n=20_97,Otto,20,1000.0,c07,7,high,low,high,mid,7042,published_results/full_campaign_median_T_252_2026-06-04/solutions/instance_n=20_97_c07/epsilon_trace.csv,5,epsilon,4,484,True,,False,True,0,445.0,145.1,11,11,1,True,True,145.1,145.1,0.0,5794,397137,13.248836040496826,143.0,2.1,0.958,15,0,0,0,5,0,0
instance_n=20_97_c07,instance_n=20_97,Otto,20,1000.0,c07,7,high,low,high,mid,7042,published_results/full_campaign_median_T_252_2026-06-04/solutions/instance_n=20_97_c07/epsilon_trace.csv,6,epsilon,5,444,True,,False,True,0,410.0,240.8,10,10,2,True,True,240.8,240.8,0.0,43557,2960982,65.05821537971497,212.0,28.8,0.712,13,0,0,0,7,0,0
instance_n=20_97_c07,instance_n=20_97,Otto,20,1000.0,c07,7,high,low,high,mid,7042,published_results/full_campaign_median_T_252_2026-06-04/solutions/instance_n=20_97_c07/epsilon_trace.csv,7,epsilon,6,409,True,,False,True,0,370.0,265.0,9,9,2,True,True,265.0,265.0,0.0,41117,2521990,51.94062614440918,247.0,18.0,0.82,12,0,0,0,8,0,0
instance_n=20_97_c07,instance_n=20_97,Otto,20,1000.0,c07,7,high,low,high,mid,7042,published_results/full_campaign_median_T_252_2026-06-04/solutions/instance_n=20_97_c07/epsilon_trace.csv,8,epsilon,7,369,True,,False,True,0,330.0,289.70000000000005,8,8,2,True,True,289.7,289.7,0.0,33742,4820376,117.60875272750854,285.0,4.7,0.953,11,0,0,0,9,0,0
instance_n=20_97_c07,instance_n=20_97,Otto,20,1000.0,c07,7,high,low,high,mid,7042,published_results/full_campaign_median_T_252_2026-06-04/solutions/instance_n=20_97_c07/epsilon_trace.csv,9,epsilon,8,329,True,,False,True,0,295.0,395.79999999999995,7,7,3,True,False,358.12765978,395.8,9.518,64779,9493519,300.3037910461426,368.0,27.8,0.8147,8,0,0,0,12,0,0
instance_n=20_97_c07,instance_n=20_97,Otto,20,1000.0,c07,7,high,low,high,mid,7042,published_results/full_campaign_median_T_252_2026-06-04/solutions/instance_n=20_97_c07/epsilon_trace.csv,10,epsilon,9,294,True,,False,True,0,255.0,431.20000000000005,6,6,3,True,True,431.2,431.2,0.0,29432,5123293,122.22811484336853,421.0,10.200000000000001,0.932,6,0,0,0,14,0,0
instance_n=20_97_c07,instance_n=20_97,Otto,20,1000.0,c07,7,high,low,high,mid,7042,published_results/full_campaign_median_T_252_2026-06-04/solutions/instance_n=20_97_c07/epsilon_trace.csv,11,epsilon,10,254,True,,False,True,0,220.0,556.9499999999999,5,5,4,True,True,556.95,556.95,0.0,23116,2634826,95.2052001953125,534.0,22.950000000000003,0.8852,2,0,0,0,18,0,0
instance_n=20_97_c07,instance_n=20_97,Otto,20,1000.0,c07,7,high,low,high,mid,7042,published_results/full_campaign_median_T_252_2026-06-04/solutions/instance_n=20_97_c07/epsilon_trace.csv,12,epsilon,11,219,True,,False,True,0,180.0,602.1,4,4,4,True,True,602.1,602.1,0.0,10973,2552427,76.82431101799011,600.0,2.1,0.9895,0,0,0,0,20,0,0
instance_n=20_97_c07,instance_n=20_97,Otto,20,1000.0,c07,7,high,low,high,mid,7042,published_results/full_campaign_median_T_252_2026-06-04/solutions/instance_n=20_97_c07/epsilon_trace.csv,13,epsilon,12,179,False,infeasible,,,0,,,,,,,,,,,,,,,,,,,,,,,
instance_n=20_97_c08,instance_n=20_97,Otto,20,1000.0,c08,8,high,mid,low,high,8042,published_results/full_campaign_median_T_252_2026-06-04/solutions/instance_n=20_97_c08/epsilon_trace.csv,1,E0_HI_only,0,,True,,False,True,0,600.0,0.0,15,15,0,True,True,600.0,600.0,0.0,134,3202,0.12079095840454102,0.0,0.0,,20,0,0,0,0,0,0
instance_n=20_97_c08,instance_n=20_97,Otto,20,1000.0,c08,8,high,mid,low,high,8042,published_results/full_campaign_median_T_252_2026-06-04/solutions/instance_n=20_97_c08/epsilon_trace.csv,2,epsilon,1,599,True,,False,True,0,565.0,112.2,14,14,1,True,True,112.2,112.2,0.0,110961,2090317,29.434362173080444,95.0,17.2,0.656,18,0,0,0,2,0,0
instance_n=20_97_c08,instance_n=20_97,Otto,20,1000.0,c08,8,high,mid,low,high,8042,published_results/full_campaign_median_T_252_2026-06-04/solutions/instance_n=20_97_c08/epsilon_trace.csv,3,epsilon,2,564,True,,False,True,0,525.0,146.0,13,13,1,True,True,146.0,146.0,0.0,79484,2394037,47.31626796722412,144.0,2.0,0.96,17,0,0,0,3,0,0
instance_n=20_97_c08,instance_n=20_97,Otto,20,1000.0,c08,8,high,mid,low,high,8042,published_results/full_campaign_median_T_252_2026-06-04/solutions/instance_n=20_97_c08/epsilon_trace.csv,4,epsilon,3,524,True,,False,True,0,490.0,261.9,12,12,2,True,False,238.65,261.9,8.8774,291110,10295985,300.49465107917786,245.0,16.900000000000002,0.831,15,0,0,0,5,0,0
instance_n=20_97_c08,instance_n=20_97,Otto,20,1000.0,c08,8,high,mid,low,high,8042,published_results/full_campaign_median_T_252_2026-06-04/solutions/instance_n=20_97_c08/epsilon_trace.csv,5,epsilon,4,489,True,,False,True,0,450.0,297.4,11,11,2,True,True,297.4,297.4,0.0,56654,3397185,96.65240383148193,295.0,2.4000000000000004,0.976,14,0,0,0,6,0,0
instance_n=20_97_c08,instance_n=20_97,Otto,20,1000.0,c08,8,high,mid,low,high,8042,published_results/full_campaign_median_T_252_2026-06-04/solutions/instance_n=20_97_c08/epsilon_trace.csv,6,epsilon,5,449,True,,False,True,0,415.0,413.29999999999995,10,10,3,True,False,259.7884399,413.3,37.1429,115663,9288710,300.70010685920715,396.0,17.3,0.8847,12,0,0,0,8,0,0
instance_n=20_97_c08,instance_n=20_97,Otto,20,1000.0,c08,8,high,mid,low,high,8042,published_results/full_campaign_median_T_252_2026-06-04/solutions/instance_n=20_97_c08/epsilon_trace.csv,7,epsilon,6,414,True,,False,True,0,380.0,550.6,9,9,4,True,False,152.56666667,550.6,72.2908,73860,8653751,300.31461906433105,527.0,23.6,0.882,10,0,0,0,10,0,0
instance_n=20_97_c08,instance_n=20_97,Otto,20,1000.0,c08,8,high,mid,low,high,8042,published_results/full_campaign_median_T_252_2026-06-04/solutions/instance_n=20_97_c08/epsilon_trace.csv,8,epsilon,7,379,True,,False,True,0,345.0,720.8499999999999,8,8,5,True,False,288.35382617,720.85,59.9981,96508,8222633,300.76777696609497,708.0,12.850000000000001,0.9486,6,0,0,0,14,0,0
instance_n=20_97_c08,instance_n=20_97,Otto,20,1000.0,c08,8,high,mid,low,high,8042,published_results/full_campaign_median_T_252_2026-06-04/solutions/instance_n=20_97_c08/epsilon_trace.csv,9,epsilon,8,344,True,,False,True,0,319.0,1084.75,8,7,7,True,False,312.81779859,1084.75,71.1622,68174,12565394,300.29293298721313,1063.0,21.75,0.9379,2,1,0,0,17,0,0
instance_n=20_97_c08,instance_n=20_97,Otto,20,1000.0,c08,8,high,mid,low,high,8042,published_results/full_campaign_median_T_252_2026-06-04/solutions/instance_n=20_97_c08/epsilon_trace.csv,10,epsilon,9,318,False,infeasible,,,0,,,,,,,,,,,,,,,,,,,,,,,
instance_n=20_97_c09,instance_n=20_97,Otto,20,1000.0,c09,9,high,high,mid,low,9042,published_results/full_campaign_median_T_252_2026-06-04/solutions/instance_n=20_97_c09/epsilon_trace.csv,1,E0_HI_only,0,,True,,False,True,0,600.0,0.0,15,15,0,True,True,600.0,600.0,0.0,134,3202,0.12998509407043457,0.0,0.0,,20,0,0,0,0,0,0
instance_n=20_97_c09,instance_n=20_97,Otto,20,1000.0,c09,9,high,high,mid,low,9042,published_results/full_campaign_median_T_252_2026-06-04/solutions/instance_n=20_97_c09/epsilon_trace.csv,2,epsilon,1,599,True,,False,True,0,565.0,115.25,14,14,1,True,True,115.25,115.25,0.0,124420,3534815,56.593435764312744,111.0,4.25,0.915,18,0,0,0,0,1,1
instance_n=20_97_c09,instance_n=20_97,Otto,20,1000.0,c09,9,high,high,mid,low,9042,published_results/full_campaign_median_T_252_2026-06-04/solutions/instance_n=20_97_c09/epsilon_trace.csv,3,epsilon,2,564,True,,False,True,0,530.0,257.1,13,13,2,True,False,114.45,257.1,55.4842,178110,7940501,300.45160388946533,247.0,10.100000000000001,0.899,15,0,0,0,2,2,1
instance_n=20_97_c09,instance_n=20_97,Otto,20,1000.0,c09,9,high,high,mid,low,9042,published_results/full_campaign_median_T_252_2026-06-04/solutions/instance_n=20_97_c09/epsilon_trace.csv,4,epsilon,3,529,True,,False,True,0,495.0,401.75,12,12,3,True,False,32.275145216,401.75,91.9664,110113,9482582,300.34897208213806,390.0,11.75,0.9217,14,0,0,0,2,2,2
instance_n=20_97_c09,instance_n=20_97,Otto,20,1000.0,c09,9,high,high,mid,low,9042,published_results/full_campaign_median_T_252_2026-06-04/solutions/instance_n=20_97_c09/epsilon_trace.csv,5,epsilon,4,494,True,,False,True,0,460.0,551.85,11,11,4,True,False,93.807053825,551.85,83.0013,96779,7992070,300.3705892562866,537.0,14.850000000000001,0.9258,12,0,0,0,4,2,2
instance_n=20_97_c09,instance_n=20_97,Otto,20,1000.0,c09,9,high,high,mid,low,9042,published_results/full_campaign_median_T_252_2026-06-04/solutions/instance_n=20_97_c09/epsilon_trace.csv,6,epsilon,5,459,True,,False,True,0,429.0,809.4,11,10,5,True,False,131.2607636,809.4,83.783,128417,9994104,300.36056995391846,796.0,13.4,0.9464,11,1,0,0,6,1,1
instance_n=20_97_c09,instance_n=20_97,Otto,20,1000.0,c09,9,high,high,mid,low,9042,published_results/full_campaign_median_T_252_2026-06-04/solutions/instance_n=20_97_c09/epsilon_trace.csv,7,epsilon,6,428,False,infeasible,,,0,,,,,,,,,,,,,,,,,,,,,,,
instance_n=20_99_c01,instance_n=20_99,Otto,20,1000.0,c01,1,low,low,low,low,1042,published_results/full_campaign_median_T_252_2026-06-04/solutions/instance_n=20_99_c01/epsilon_trace.csv,1,E0_HI_only,0,,True,,False,True,0,480.0,0.0,12,12,0,True,True,480.0,480.0,0.0,359,19917,0.12576889991760254,0.0,0.0,,20,0,0,0,0,0,0
instance_n=20_99_c01,instance_n=20_99,Otto,20,1000.0,c01,1,low,low,low,low,1042,published_results/full_campaign_median_T_252_2026-06-04/solutions/instance_n=20_99_c01/epsilon_trace.csv,2,epsilon,1,479,True,,False,True,0,445.0,86.0,11,11,1,True,True,86.0,86.0,0.0,70987,3605909,86.53126907348633,58.0,28.0,0.44,18,0,0,0,0,1,1
instance_n=20_99_c01,instance_n=20_99,Otto,20,1000.0,c01,1,low,low,low,low,1042,published_results/full_campaign_median_T_252_2026-06-04/solutions/instance_n=20_99_c01/epsilon_trace.csv,3,epsilon,2,444,True,,False,True,0,405.0,109.0,10,10,1,True,False,88.55,109.0,18.7615,66240,6339231,300.3993318080902,88.0,21.0,0.58,17,0,0,0,3,0,0
instance_n=20_99_c01,instance_n=20_99,Otto,20,1000.0,c01,1,low,low,low,low,1042,published_results/full_campaign_median_T_252_2026-06-04/solutions/instance_n=20_99_c01/epsilon_trace.csv,4,epsilon,3,404,True,,False,True,0,365.0,150.0,9,9,1,True,False,100.79949135,150.0,32.8003,36192,4929137,300.34910893440247,149.0,1.0,0.98,15,0,0,0,5,0,0
instance_n=20_99_c01,instance_n=20_99,Otto,20,1000.0,c01,1,low,low,low,low,1042,published_results/full_campaign_median_T_252_2026-06-04/solutions/instance_n=20_99_c01/epsilon_trace.csv,5,epsilon,4,364,True,,False,True,0,330.0,252.95,8,8,2,True,False,88.829929894,252.95,64.8824,36939,4996942,301.28663992881775,229.0,23.950000000000003,0.7605,12,0,0,0,8,0,0
instance_n=20_99_c01,instance_n=20_99,Otto,20,1000.0,c01,1,low,low,low,low,1042,published_results/full_campaign_median_T_252_2026-06-04/solutions/instance_n=20_99_c01/epsilon_trace.csv,6,epsilon,5,329,True,,False,True,0,290.0,294.55,7,7,2,True,False,95.440777684,294.55,67.5978,24910,7285561,300.30535411834717,290.0,4.55,0.9545,10,0,0,0,10,0,0
instance_n=20_99_c01,instance_n=20_99,Otto,20,1000.0,c01,1,low,low,low,low,1042,published_results/full_campaign_median_T_252_2026-06-04/solutions/instance_n=20_99_c01/epsilon_trace.csv,7,epsilon,6,289,True,,False,True,0,255.0,423.74999999999994,6,6,3,True,False,81.938239931,423.75,80.6635,39659,6780919,300.3033518791199,410.0,13.75,0.9083,6,0,0,0,14,0,0
instance_n=20_99_c01,instance_n=20_99,Otto,20,1000.0,c01,1,low,low,low,low,1042,published_results/full_campaign_median_T_252_2026-06-04/solutions/instance_n=20_99_c01/epsilon_trace.csv,8,epsilon,7,254,True,,False,True,0,220.0,535.7,5,5,4,True,False,143.63748457,535.7,73.187,22737,6165974,300.2992000579834,503.0,32.7,0.8365,2,0,0,0,15,2,1
instance_n=20_99_c01,instance_n=20_99,Otto,20,1000.0,c01,1,low,low,low,low,1042,published_results/full_campaign_median_T_252_2026-06-04/solutions/instance_n=20_99_c01/epsilon_trace.csv,9,epsilon,8,219,True,,False,True,0,180.0,593.1,4,4,4,True,False,147.46008722,593.1,75.1374,19314,4714331,300.315899848938,585.0,8.1,0.9595,0,0,0,0,20,0,0
instance_n=20_99_c01,instance_n=20_99,Otto,20,1000.0,c01,1,low,low,low,low,1042,published_results/full_campaign_median_T_252_2026-06-04/solutions/instance_n=20_99_c01/epsilon_trace.csv,10,epsilon,9,179,True,,False,True,0,162.0,1027.5,6,3,6,True,False,328.31714712,1027.5,68.047,26355,6385866,300.29307103157043,988.0,39.5,0.8683,0,5,0,0,15,0,0
instance_n=20_99_c01,instance_n=20_99,Otto,20,1000.0,c01,1,low,low,low,low,1042,published_results/full_campaign_median_T_252_2026-06-04/solutions/instance_n=20_99_c01/epsilon_trace.csv,11,epsilon,10,161,True,,False,True,0,135.0,1498.8,7,2,7,True,False,665.49125475,1498.8,55.5984,35109,5465254,300.31856417655945,1487.0,11.8,0.9663,0,10,0,0,10,0,0
instance_n=20_99_c01,instance_n=20_99,Otto,20,1000.0,c01,1,low,low,low,low,1042,published_results/full_campaign_median_T_252_2026-06-04/solutions/instance_n=20_99_c01/epsilon_trace.csv,12,epsilon,11,134,True,,False,True,0,117.0,2031.3999999999999,9,1,9,True,False,596.63792789,2031.4,70.6292,17152,4479385,300.31111192703247,2002.0,29.400000000000002,0.9347,0,15,0,0,5,0,0
instance_n=20_99_c01,instance_n=20_99,Otto,20,1000.0,c01,1,low,low,low,low,1042,published_results/full_campaign_median_T_252_2026-06-04/solutions/instance_n=20_99_c01/epsilon_trace.csv,13,epsilon,12,116,True,,False,True,0,108.0,2677.149999999999,12,0,12,True,True,2677.15,2677.15,0.0,17826,2851592,113.77901268005371,2585.0,92.15,0.8464,0,20,0,0,0,0,0
instance_n=20_99_c01,instance_n=20_99,Otto,20,1000.0,c01,1,low,low,low,low,1042,published_results/full_campaign_median_T_252_2026-06-04/solutions/instance_n=20_99_c01/epsilon_trace.csv,14,epsilon,13,107,False,infeasible,,,0,,,,,,,,,,,,,,,,,,,,,,,
instance_n=20_99_c02,instance_n=20_99,Otto,20,1000.0,c02,2,low,mid,mid,mid,2042,published_results/full_campaign_median_T_252_2026-06-04/solutions/instance_n=20_99_c02/epsilon_trace.csv,1,E0_HI_only,0,,True,,False,True,0,480.0,0.0,12,12,0,True,True,480.0,480.0,0.0,359,19917,0.12366318702697754,0.0,0.0,,20,0,0,0,0,0,0
instance_n=20_99_c02,instance_n=20_99,Otto,20,1000.0,c02,2,low,mid,mid,mid,2042,published_results/full_campaign_median_T_252_2026-06-04/solutions/instance_n=20_99_c02/epsilon_trace.csv,2,epsilon,1,479,True,,False,True,0,445.0,86.9,11,11,1,True,True,86.9,86.9,0.0,76123,3196689,90.5759699344635,60.0,26.900000000000002,0.462,18,0,0,0,0,1,1
instance_n=20_99_c02,instance_n=20_99,Otto,20,1000.0,c02,2,low,mid,mid,mid,2042,published_results/full_campaign_median_T_252_2026-06-04/solutions/instance_n=20_99_c02/epsilon_trace.csv,3,epsilon,2,444,True,,False,True,0,410.0,185.35,10,10,2,True,False,12.118042666,185.35,93.4621,75910,5581351,300.74423003196716,141.0,44.35,0.5565,16,0,0,0,0,2,2
instance_n=20_99_c02,instance_n=20_99,Otto,20,1000.0,c02,2,low,mid,mid,mid,2042,published_results/full_campaign_median_T_252_2026-06-04/solutions/instance_n=20_99_c02/epsilon_trace.csv,4,epsilon,3,409,True,,False,True,0,409.0,228.05,11,10,1,True,False,84.15,228.05,63.1002,42965,8012101,300.31180119514465,224.0,4.05,0.919,18,2,0,0,0,0,0
instance_n=20_99_c02,instance_n=20_99,Otto,20,1000.0,c02,2,low,mid,mid,mid,2042,published_results/full_campaign_median_T_252_2026-06-04/solutions/instance_n=20_99_c02/epsilon_trace.csv,5,epsilon,4,408,True,,False,True,0,379.0,365.90000000000003,10,9,3,True,False,59.192003446,365.9,83.8229,83307,7878066,300.3661861419678,317.0,48.900000000000006,0.674,14,1,0,0,0,2,3
instance_n=20_99_c02,instance_n=20_99,Otto,20,1000.0,c02,2,low,mid,mid,mid,2042,published_results/full_campaign_median_T_252_2026-06-04/solutions/instance_n=20_99_c02/epsilon_trace.csv,6,epsilon,5,378,True,,False,True,1,375.0,352.59999999999997,9,9,3,True,False,86.623946037,352.6,75.4328,58866,8230707,300.3031768798828,326.0,26.6,0.8227,12,0,0,0,0,4,4
instance_n=20_99_c02,instance_n=20_99,Otto,20,1000.0,c02,2,low,mid,mid,mid,2042,published_results/full_campaign_median_T_252_2026-06-04/solutions/instance_n=20_99_c02/epsilon_trace.csv,7,epsilon,6,374,True,,False,True,0,344.0,541.4000000000001,9,8,4,True,False,84.967350763,541.4,84.306,46206,7653145,300.314080953598,507.0,34.4,0.828,10,1,0,0,0,5,4
instance_n=20_99_c02,instance_n=20_99,Otto,20,1000.0,c02,2,low,mid,mid,mid,2042,published_results/full_campaign_median_T_252_2026-06-04/solutions/instance_n=20_99_c02/epsilon_trace.csv,8,epsilon,7,343,True,,False,True,0,330.0,894.1,12,7,6,True,False,54.874590035,894.1,93.8626,65380,5698230,301.2268717288971,772.0,122.10000000000001,0.593,12,5,0,0,3,0,0
instance_n=20_99_c02,instance_n=20_99,Otto,20,1000.0,c02,2,low,mid,mid,mid,2042,published_results/full_campaign_median_T_252_2026-06-04/solutions/instance_n=20_99_c02/epsilon_trace.csv,9,epsilon,8,329,True,,False,True,1,309.0,752.35,8,7,5,True,False,184.54188192,752.35,75.4713,130877,7979647,300.3297846317291,733.0,19.35,0.9226,6,2,0,0,3,5,4
instance_n=20_99_c02,instance_n=20_99,Otto,20,1000.0,c02,2,low,mid,mid,mid,2042,published_results/full_campaign_median_T_252_2026-06-04/solutions/instance_n=20_99_c02/epsilon_trace.csv,10,epsilon,9,308,True,,False,True,1,308.0,732.2499999999999,9,7,4,True,False,100.90623558,732.25,86.2197,64064,7605627,300.3146312236786,720.0,12.25,0.9387,10,4,0,0,3,2,1
instance_n=20_99_c02,instance_n=20_99,Otto,20,1000.0,c02,2,low,mid,mid,mid,2042,published_results/full_campaign_median_T_252_2026-06-04/solutions/instance_n=20_99_c02/epsilon_trace.csv,11,epsilon,10,307,True,,False,True,0,286.0,1067.3,10,6,6,True,False,87.00052949,1067.3,91.8485,22950,4256672,300.36178493499756,1009.0,58.300000000000004,0.8057,8,6,0,0,3,1,2
instance_n=20_99_c02,instance_n=20_99,Otto,20,1000.0,c02,2,low,mid,mid,mid,2042,published_results/full_campaign_median_T_252_2026-06-04/solutions/instance_n=20_99_c02/epsilon_trace.csv,12,epsilon,11,285,True,,False,True,1,282.0,980.1500000000001,9,6,6,True,False,102.24215661,980.15,89.5687,41696,6668041,300.3242177963257,933.0,47.150000000000006,0.8428,6,4,0,0,3,4,3
instance_n=20_99_c02,instance_n=20_99,Otto,20,1000.0,c02,2,low,mid,mid,mid,2042,published_results/full_campaign_median_T_252_2026-06-04/solutions/instance_n=20_99_c02/epsilon_trace.csv,13,epsilon,12,281,True,,False,True,0,281.0,1034.6,10,6,5,True,False,145.08323728,1034.6,85.9769,71361,4964105,301.6784071922302,1008.0,26.6,0.8936,10,7,0,0,3,0,0
instance_n=20_99_c02,instance_n=20_99,Otto,20,1000.0,c02,2,low,mid,mid,mid,2042,published_results/full_campaign_median_T_252_2026-06-04/solutions/instance_n=20_99_c02/epsilon_trace.csv,14,epsilon,13,280,True,,False,True,2,277.0,955.25,9,6,5,True,False,157.14394878,955.25,83.5494,52948,4878554,301.14475870132446,938.0,17.25,0.931,8,6,0,0,3,1,2
instance_n=20_99_c02,instance_n=20_99,Otto,20,1000.0,c02,2,low,mid,mid,mid,2042,published_results/full_campaign_median_T_252_2026-06-04/solutions/instance_n=20_99_c02/epsilon_trace.csv,15,epsilon,14,276,True,,False,True,0,259.0,1337.35,11,5,7,True,False,157.43547016,1337.35,88.2278,36861,7283887,300.2948160171509,1265.0,72.35000000000001,0.7933,8,9,0,0,0,2,1
instance_n=20_99_c02,instance_n=20_99,Otto,20,1000.0,c02,2,low,mid,mid,mid,2042,published_results/full_campaign_median_T_252_2026-06-04/solutions/instance_n=20_99_c02/epsilon_trace.csv,16,epsilon,15,258,True,,False,True,1,251.0,1303.5000000000002,9,5,7,True,False,92.042826327,1303.5,92.9388,26049,6101762,300.3192341327667,1256.0,47.5,0.8643,4,7,0,0,3,3,3
instance_n=20_99_c02,instance_n=20_99,Otto,20,1000.0,c02,2,low,mid,mid,mid,2042,published_results/full_campaign_median_T_252_2026-06-04/solutions/instance_n=20_99_c02/epsilon_trace.csv,17,epsilon,16,250,True,,False,True,0,233.0,1557.9499999999998,11,4,9,True,False,174.94624772,1557.95,88.7707,66341,6770967,300.28244829177856,1435.0,122.95,0.7268,4,10,0,0,3,2,1
instance_n=20_99_c02,instance_n=20_99,Otto,20,1000.0,c02,2,low,mid,mid,mid,2042,published_results/full_campaign_median_T_252_2026-06-04/solutions/instance_n=20_99_c02/epsilon_trace.csv,18,epsilon,17,232,True,,False,True,0,228.0,1567.5999999999997,11,4,8,True,False,198.20410329,1567.6,87.3562,23700,6660043,300.2939450740814,1478.0,89.60000000000001,0.776,6,10,0,0,0,2,2
instance_n=20_99_c02,instance_n=20_99,Otto,20,1000.0,c02,2,low,mid,mid,mid,2042,published_results/full_campaign_median_T_252_2026-06-04/solutions/instance_n=20_99_c02/epsilon_trace.csv,19,epsilon,18,227,True,,False,True,2,224.0,1508.1499999999999,10,4,8,True,False,255.41357851,1508.15,83.0644,52582,7369186,300.32661724090576,1436.0,72.15,0.8196,4,10,0,0,3,2,1
instance_n=20_99_c02,instance_n=20_99,Otto,20,1000.0,c02,2,low,mid,mid,mid,2042,published_results/full_campaign_median_T_252_2026-06-04/solutions/instance_n=20_99_c02/epsilon_trace.csv,20,epsilon,19,223,True,,False,True,0,220.0,1515.6999999999998,9,4,8,True,False,215.56644804,1515.7,85.7778,22454,4126194,300.36233282089233,1469.0,46.7,0.8832,2,9,0,0,3,3,3
instance_n=20_99_c02,instance_n=20_99,Otto,20,1000.0,c02,2,low,mid,mid,mid,2042,published_results/full_campaign_median_T_252_2026-06-04/solutions/instance_n=20_99_c02/epsilon_trace.csv,21,epsilon,20,219,True,,False,True,0,189.0,1751.6999999999998,9,3,9,True,False,233.19544152,1751.7,86.6875,33984,4454158,300.90567684173584,1707.0,44.7,0.9007,0,11,0,0,0,4,5
instance_n=20_99_c02,instance_n=20_99,Otto,20,1000.0,c02,2,low,mid,mid,mid,2042,published_results/full_campaign_median_T_252_2026-06-04/solutions/instance_n=20_99_c02/epsilon_trace.csv,22,epsilon,21,188,True,,False,True,0,188.0,1816.8,10,3,8,True,False,738.90805544,1816.8,59.3291,55333,6027699,300.3726279735565,1779.0,37.800000000000004,0.9055,4,13,0,0,3,0,0
instance_n=20_99_c02,instance_n=20_99,Otto,20,1000.0,c02,2,low,mid,mid,mid,2042,published_results/full_campaign_median_T_252_2026-06-04/solutions/instance_n=20_99_c02/epsilon_trace.csv,23,epsilon,22,187,True,,False,True,0,162.0,2035.6999999999998,10,2,10,True,False,627.61413574,2035.7,69.1696,48262,7623397,300.3186638355255,1965.0,70.7,0.8586,0,13,0,0,0,4,3
instance_n=20_99_c02,instance_n=20_99,Otto,20,1000.0,c02,2,low,mid,mid,mid,2042,published_results/full_campaign_median_T_252_2026-06-04/solutions/instance_n=20_99_c02/epsilon_trace.csv,24,epsilon,23,161,True,,False,True,0,157.0,2076.7,10,2,9,True,False,1004.2186667,2076.7,51.6435,52769,7788806,300.2996280193329,2042.0,34.7,0.9229,2,15,0,0,0,2,1
instance_n=20_99_c02,instance_n=20_99,Otto,20,1000.0,c02,2,low,mid,mid,mid,2042,published_results/full_campaign_median_T_252_2026-06-04/solutions/instance_n=20_99_c02/epsilon_trace.csv,25,epsilon,24,156,True,,False,True,0,135.0,2382.35,11,1,11,True,False,998.7368369,2382.35,58.0777,34597,5844482,300.310702085495,2298.0,84.35000000000001,0.8466,0,16,0,0,0,2,2
instance_n=20_99_c02,instance_n=20_99,Otto,20,1000.0,c02,2,low,mid,mid,mid,2042,published_results/full_campaign_median_T_252_2026-06-04/solutions/instance_n=20_99_c02/epsilon_trace.csv,26,epsilon,25,134,True,,False,True,0,130.0,2404.1999999999994,11,1,10,True,False,1867.3767659,2404.2,22.3286,112977,6380034,300.30456590652466,2352.0,52.2,0.8956,2,18,0,0,0,0,0
instance_n=20_99_c02,instance_n=20_99,Otto,20,1000.0,c02,2,low,mid,mid,mid,2042,published_results/full_campaign_median_T_252_2026-06-04/solutions/instance_n=20_99_c02/epsilon_trace.csv,27,epsilon,26,129,True,,False,True,0,108.0,2741.8499999999995,12,0,12,True,False,1335.4627246,2741.85,51.2934,70864,6324510,300.3002722263336,2643.0,98.85000000000001,0.8352,0,20,0,0,0,0,0
instance_n=20_99_c02,instance_n=20_99,Otto,20,1000.0,c02,2,low,mid,mid,mid,2042,published_results/full_campaign_median_T_252_2026-06-04/solutions/instance_n=20_99_c02/epsilon_trace.csv,28,epsilon,27,107,False,infeasible,,,0,,,,,,,,,,,,,,,,,,,,,,,
instance_n=20_99_c03,instance_n=20_99,Otto,20,1000.0,c03,3,low,high,high,high,3042,published_results/full_campaign_median_T_252_2026-06-04/solutions/instance_n=20_99_c03/epsilon_trace.csv,1,E0_HI_only,0,,True,,False,True,0,480.0,0.0,12,12,0,True,True,480.0,480.0,0.0,359,19917,0.125443696975708,0.0,0.0,,20,0,0,0,0,0,0
instance_n=20_99_c03,instance_n=20_99,Otto,20,1000.0,c03,3,low,high,high,high,3042,published_results/full_campaign_median_T_252_2026-06-04/solutions/instance_n=20_99_c03/epsilon_trace.csv,2,epsilon,1,479,True,,False,True,0,445.0,100.55,11,11,1,True,True,100.55,100.55,0.0,56066,3304808,104.45266890525818,84.0,16.55,0.669,18,0,0,0,0,1,1
instance_n=20_99_c03,instance_n=20_99,Otto,20,1000.0,c03,3,low,high,high,high,3042,published_results/full_campaign_median_T_252_2026-06-04/solutions/instance_n=20_99_c03/epsilon_trace.csv,3,epsilon,2,444,True,,False,True,0,409.0,228.6,11,10,1,True,False,53.735294118,228.6,76.4937,86608,8749687,300.3022119998932,224.0,4.6000000000000005,0.908,18,2,0,0,0,0,0
instance_n=20_99_c03,instance_n=20_99,Otto,20,1000.0,c03,3,low,high,high,high,3042,published_results/full_campaign_median_T_252_2026-06-04/solutions/instance_n=20_99_c03/epsilon_trace.csv,4,epsilon,3,408,True,,False,True,0,378.0,384.55,11,9,2,True,False,84.482932112,384.55,78.0307,74890,8265994,300.2954559326172,360.0,24.55,0.7545,17,3,0,0,0,0,0
instance_n=20_99_c03,instance_n=20_99,Otto,20,1000.0,c03,3,low,high,high,high,3042,published_results/full_campaign_median_T_252_2026-06-04/solutions/instance_n=20_99_c03/epsilon_trace.csv,5,epsilon,4,377,True,,False,True,0,347.0,556.8000000000001,11,8,3,True,False,87.057716786,556.8,84.3646,126547,7657998,300.3852310180664,518.0,38.800000000000004,0.7413,16,4,0,0,0,0,0
instance_n=20_99_c03,instance_n=20_99,Otto,20,1000.0,c03,3,low,high,high,high,3042,published_results/full_campaign_median_T_252_2026-06-04/solutions/instance_n=20_99_c03/epsilon_trace.csv,6,epsilon,5,346,True,,False,True,0,316.0,777.0000000000001,11,7,4,True,False,84.606309379,777.0,89.1112,68404,8278295,300.5380358695984,735.0,42.0,0.79,14,6,0,0,0,0,0
instance_n=20_99_c03,instance_n=20_99,Otto,20,1000.0,c03,3,low,high,high,high,3042,published_results/full_campaign_median_T_252_2026-06-04/solutions/instance_n=20_99_c03/epsilon_trace.csv,7,epsilon,6,315,True,,False,True,0,285.0,1019.1500000000001,11,6,5,True,False,124.85660988,1019.15,87.7489,42914,6665042,300.35191893577576,977.0,42.150000000000006,0.8314,12,8,0,0,0,0,0
instance_n=20_99_c03,instance_n=20_99,Otto,20,1000.0,c03,3,low,high,high,high,3042,published_results/full_campaign_median_T_252_2026-06-04/solutions/instance_n=20_99_c03/epsilon_trace.csv,8,epsilon,7,284,True,,False,True,0,254.0,1258.0500000000002,11,5,6,True,False,156.09185674,1258.05,87.5926,40296,4737645,300.997318983078,1209.0,49.050000000000004,0.8365,10,10,0,0,0,0,0
instance_n=20_99_c03,instance_n=20_99,Otto,20,1000.0,c03,3,low,high,high,high,3042,published_results/full_campaign_median_T_252_2026-06-04/solutions/instance_n=20_99_c03/epsilon_trace.csv,9,epsilon,8,253,True,,False,True,0,223.0,1533.6000000000001,11,4,7,True,False,161.95119506,1533.6,89.4398,30001,4523537,300.7375900745392,1486.0,47.6,0.864,8,12,0,0,0,0,0
instance_n=20_99_c03,instance_n=20_99,Otto,20,1000.0,c03,3,low,high,high,high,3042,published_results/full_campaign_median_T_252_2026-06-04/solutions/instance_n=20_99_c03/epsilon_trace.csv,10,epsilon,9,222,True,,False,True,0,192.0,1798.8000000000002,11,3,8,True,False,491.09076631,1798.8,72.699,56936,8387651,300.30539107322693,1750.0,48.800000000000004,0.878,6,14,0,0,0,0,0
instance_n=20_99_c03,instance_n=20_99,Otto,20,1000.0,c03,3,low,high,high,high,3042,published_results/full_campaign_median_T_252_2026-06-04/solutions/instance_n=20_99_c03/epsilon_trace.csv,11,epsilon,10,191,True,,False,True,0,188.0,1804.5500000000002,10,3,8,True,False,671.44892162,1804.55,62.7913,46913,7730552,300.311133146286,1779.0,25.55,0.9361,4,14,0,0,0,1,1
instance_n=20_99_c03,instance_n=20_99,Otto,20,1000.0,c03,3,low,high,high,high,3042,published_results/full_campaign_median_T_252_2026-06-04/solutions/instance_n=20_99_c03/epsilon_trace.csv,12,epsilon,11,187,True,,False,True,0,161.0,2031.4500000000003,11,2,9,True,False,681.31985674,2031.45,66.4614,49046,8641386,300.30895709991455,1980.0,51.45,0.8857,4,16,0,0,0,0,0
instance_n=20_99_c03,instance_n=20_99,Otto,20,1000.0,c03,3,low,high,high,high,3042,published_results/full_campaign_median_T_252_2026-06-04/solutions/instance_n=20_99_c03/epsilon_trace.csv,13,epsilon,12,160,True,,False,True,0,157.0,2081.3999999999996,10,2,9,True,False,1146.0665304,2081.4,44.9377,37668,4289756,300.387326002121,2059.0,22.400000000000002,0.9502,2,16,0,0,0,1,1
instance_n=20_99_c03,instance_n=20_99,Otto,20,1000.0,c03,3,low,high,high,high,3042,published_results/full_campaign_median_T_252_2026-06-04/solutions/instance_n=20_99_c03/epsilon_trace.csv,14,epsilon,13,156,True,,False,True,0,130.0,2314.749999999999,11,1,10,True,False,1241.7439793,2314.75,46.3552,57389,6990114,300.29810309410095,2264.0,50.75,0.8985,2,18,0,0,0,0,0
instance_n=20_99_c03,instance_n=20_99,Otto,20,1000.0,c03,3,low,high,high,high,3042,published_results/full_campaign_median_T_252_2026-06-04/solutions/instance_n=20_99_c03/epsilon_trace.csv,15,epsilon,14,129,True,,False,True,0,126.0,2364.7,10,1,10,True,True,2364.7,2364.7,0.0,77900,3278194,148.6340103149414,2343.0,21.700000000000003,0.9566,0,18,0,0,0,1,1
instance_n=20_99_c03,instance_n=20_99,Otto,20,1000.0,c03,3,low,high,high,high,3042,published_results/full_campaign_median_T_252_2026-06-04/solutions/instance_n=20_99_c03/epsilon_trace.csv,16,epsilon,15,125,True,,False,True,0,99.0,2586.7999999999993,11,0,11,True,True,2586.8,2586.8,0.0,22362,2431087,89.2863359451294,2534.0,52.800000000000004,0.904,0,20,0,0,0,0,0
instance_n=20_99_c03,instance_n=20_99,Otto,20,1000.0,c03,3,low,high,high,high,3042,published_results/full_campaign_median_T_252_2026-06-04/solutions/instance_n=20_99_c03/epsilon_trace.csv,17,epsilon,16,98,False,infeasible,,,0,,,,,,,,,,,,,,,,,,,,,,,
instance_n=20_99_c04,instance_n=20_99,Otto,20,1000.0,c04,4,mid,low,mid,high,4042,published_results/full_campaign_median_T_252_2026-06-04/solutions/instance_n=20_99_c04/epsilon_trace.csv,1,E0_HI_only,0,,True,,False,True,0,480.0,0.0,12,12,0,True,True,480.0,480.0,0.0,359,19917,0.12633085250854492,0.0,0.0,,20,0,0,0,0,0,0
instance_n=20_99_c04,instance_n=20_99,Otto,20,1000.0,c04,4,mid,low,mid,high,4042,published_results/full_campaign_median_T_252_2026-06-04/solutions/instance_n=20_99_c04/epsilon_trace.csv,2,epsilon,1,479,True,,False,True,0,445.0,83.1,11,11,1,True,True,83.1,83.1,0.0,41446,1268561,10.999478101730347,50.0,33.1,0.338,18,0,0,0,2,0,0
instance_n=20_99_c04,instance_n=20_99,Otto,20,1000.0,c04,4,mid,low,mid,high,4042,published_results/full_campaign_median_T_252_2026-06-04/solutions/instance_n=20_99_c04/epsilon_trace.csv,3,epsilon,2,444,True,,False,True,0,405.0,111.9,10,10,1,True,True,111.9,111.9,0.0,22208,1016349,19.251214742660522,92.0,19.900000000000002,0.602,17,0,0,0,3,0,0
instance_n=20_99_c04,instance_n=20_99,Otto,20,1000.0,c04,4,mid,low,mid,high,4042,published_results/full_campaign_median_T_252_2026-06-04/solutions/instance_n=20_99_c04/epsilon_trace.csv,4,epsilon,3,404,True,,False,True,0,365.0,146.85,9,9,1,True,True,146.85,146.85,0.0,11314,1046854,27.67022705078125,144.0,2.85,0.943,15,0,0,0,5,0,0
instance_n=20_99_c04,instance_n=20_99,Otto,20,1000.0,c04,4,mid,low,mid,high,4042,published_results/full_campaign_median_T_252_2026-06-04/solutions/instance_n=20_99_c04/epsilon_trace.csv,5,epsilon,4,364,True,,False,True,0,330.0,259.45,8,8,2,True,False,136.13586957,259.45,47.5291,47993,9083021,300.2881181240082,239.0,20.450000000000003,0.7955,12,0,0,0,8,0,0
instance_n=20_99_c04,instance_n=20_99,Otto,20,1000.0,c04,4,mid,low,mid,high,4042,published_results/full_campaign_median_T_252_2026-06-04/solutions/instance_n=20_99_c04/epsilon_trace.csv,6,epsilon,5,329,True,,False,True,0,290.0,298.25,7,7,2,True,False,160.31949051,298.25,46.2466,33272,6525878,300.30694794654846,295.0,3.25,0.9675,10,0,0,0,10,0,0
instance_n=20_99_c04,instance_n=20_99,Otto,20,1000.0,c04,4,mid,low,mid,high,4042,published_results/full_campaign_median_T_252_2026-06-04/solutions/instance_n=20_99_c04/epsilon_trace.csv,7,epsilon,6,289,True,,False,True,0,255.0,417.2,6,6,3,True,False,173.71867081,417.2,58.3608,17955,7616377,300.3390130996704,398.0,19.200000000000003,0.872,6,0,0,0,14,0,0
instance_n=20_99_c04,instance_n=20_99,Otto,20,1000.0,c04,4,mid,low,mid,high,4042,published_results/full_campaign_median_T_252_2026-06-04/solutions/instance_n=20_99_c04/epsilon_trace.csv,8,epsilon,7,254,True,,False,True,0,220.0,547.2999999999998,5,5,4,True,False,347.075,547.3,36.5841,34812,5152259,300.4058082103729,517.0,30.3,0.8485,2,0,0,0,18,0,0
instance_n=20_99_c04,instance_n=20_99,Otto,20,1000.0,c04,4,mid,low,mid,high,4042,published_results/full_campaign_median_T_252_2026-06-04/solutions/instance_n=20_99_c04/epsilon_trace.csv,9,epsilon,8,219,True,,False,True,0,180.0,588.3499999999999,4,4,4,True,False,552.5,588.35,6.0933,33144,7823315,300.28524708747864,579.0,9.35,0.9532,0,0,0,0,20,0,0
instance_n=20_99_c04,instance_n=20_99,Otto,20,1000.0,c04,4,mid,low,mid,high,4042,published_results/full_campaign_median_T_252_2026-06-04/solutions/instance_n=20_99_c04/epsilon_trace.csv,10,epsilon,9,179,True,,False,True,0,171.0,1183.75,7,3,7,True,True,1183.75,1183.75,0.0,38161,6165068,241.0029911994934,1130.0,53.75,0.8464,0,4,0,0,16,0,0
instance_n=20_99_c04,instance_n=20_99,Otto,20,1000.0,c04,4,mid,low,mid,high,4042,published_results/full_campaign_median_T_252_2026-06-04/solutions/instance_n=20_99_c04/epsilon_trace.csv,11,epsilon,10,170,False,infeasible,,,0,,,,,,,,,,,,,,,,,,,,,,,
instance_n=20_99_c05,instance_n=20_99,Otto,20,1000.0,c05,5,mid,mid,high,low,5042,published_results/full_campaign_median_T_252_2026-06-04/solutions/instance_n=20_99_c05/epsilon_trace.csv,1,E0_HI_only,0,,True,,False,True,0,480.0,0.0,12,12,0,True,True,480.0,480.0,0.0,359,19917,0.12861180305480957,0.0,0.0,,20,0,0,0,0,0,0
instance_n=20_99_c05,instance_n=20_99,Otto,20,1000.0,c05,5,mid,mid,high,low,5042,published_results/full_campaign_median_T_252_2026-06-04/solutions/instance_n=20_99_c05/epsilon_trace.csv,2,epsilon,1,479,True,,False,True,0,445.0,98.55,11,11,1,True,True,98.55,98.55,0.0,35199,1139038,15.341792106628418,82.0,16.55,0.669,17,0,0,0,0,2,1
instance_n=20_99_c05,instance_n=20_99,Otto,20,1000.0,c05,5,mid,mid,high,low,5042,published_results/full_campaign_median_T_252_2026-06-04/solutions/instance_n=20_99_c05/epsilon_trace.csv,3,epsilon,2,444,True,,False,True,0,405.0,154.15,10,10,1,True,True,154.15,154.15,0.0,58745,4309637,184.26242685317993,154.0,0.15000000000000002,0.997,17,0,0,0,3,0,0
instance_n=20_99_c05,instance_n=20_99,Otto,20,1000.0,c05,5,mid,mid,high,low,5042,published_results/full_campaign_median_T_252_2026-06-04/solutions/instance_n=20_99_c05/epsilon_trace.csv,4,epsilon,3,404,True,,False,True,0,375.0,389.8,9,9,3,True,False,99.35,389.8,74.5126,73975,7513918,300.32330417633057,367.0,22.8,0.848,12,0,0,0,5,2,1
instance_n=20_99_c05,instance_n=20_99,Otto,20,1000.0,c05,5,mid,mid,high,low,5042,published_results/full_campaign_median_T_252_2026-06-04/solutions/instance_n=20_99_c05/epsilon_trace.csv,5,epsilon,4,374,True,,False,True,0,349.0,653.4999999999999,9,8,5,True,False,86.003927698,653.5,86.8395,77269,8151846,300.3026180267334,599.0,54.5,0.782,8,1,0,0,5,4,2
instance_n=20_99_c05,instance_n=20_99,Otto,20,1000.0,c05,5,mid,mid,high,low,5042,published_results/full_campaign_median_T_252_2026-06-04/solutions/instance_n=20_99_c05/epsilon_trace.csv,6,epsilon,5,348,True,,False,True,1,345.0,595.1999999999999,8,8,5,True,False,183.08872702,595.2,69.2391,116351,5656930,301.6636338233948,537.0,58.2,0.7672,6,0,0,0,5,6,3
instance_n=20_99_c05,instance_n=20_99,Otto,20,1000.0,c05,5,mid,mid,high,low,5042,published_results/full_campaign_median_T_252_2026-06-04/solutions/instance_n=20_99_c05/epsilon_trace.csv,7,epsilon,6,344,True,,False,True,0,319.0,908.5999999999998,8,7,7,True,False,155.83430617,908.6,82.849,117145,5724163,301.8721389770508,825.0,83.60000000000001,0.7611,2,1,0,0,8,6,3
instance_n=20_99_c05,instance_n=20_99,Otto,20,1000.0,c05,5,mid,mid,high,low,5042,published_results/full_campaign_median_T_252_2026-06-04/solutions/instance_n=20_99_c05/epsilon_trace.csv,8,epsilon,7,318,True,,False,True,0,305.0,1444.9500000000003,11,6,9,True,False,132.73335284,1444.95,90.814,46722,7007734,300.29704093933105,1323.0,121.95,0.729,4,5,0,0,3,5,3
instance_n=20_99_c05,instance_n=20_99,Otto,20,1000.0,c05,5,mid,mid,high,low,5042,published_results/full_campaign_median_T_252_2026-06-04/solutions/instance_n=20_99_c05/epsilon_trace.csv,9,epsilon,8,304,True,,False,True,1,301.0,1383.1499999999999,10,6,9,True,False,83.4,1383.15,93.9703,26916,4477324,300.32935976982117,1278.0,105.15,0.7663,2,4,0,0,5,6,3
instance_n=20_99_c05,instance_n=20_99,Otto,20,1000.0,c05,5,mid,mid,high,low,5042,published_results/full_campaign_median_T_252_2026-06-04/solutions/instance_n=20_99_c05/epsilon_trace.csv,10,epsilon,9,300,True,,False,True,1,288.0,1185.9499999999998,8,6,8,True,False,107.18909425,1185.95,90.9618,59296,5578146,300.96670389175415,1128.0,57.95,0.8551,0,2,0,0,12,4,2
instance_n=20_99_c05,instance_n=20_99,Otto,20,1000.0,c05,5,mid,mid,high,low,5042,published_results/full_campaign_median_T_252_2026-06-04/solutions/instance_n=20_99_c05/epsilon_trace.csv,11,epsilon,10,287,True,,False,True,0,270.0,1654.0000000000005,10,5,10,True,False,170.95126696,1654.0,89.6644,50418,5038112,300.87500166893005,1558.0,96.0,0.808,0,5,0,0,12,2,1
instance_n=20_99_c05,instance_n=20_99,Otto,20,1000.0,c05,5,mid,mid,high,low,5042,published_results/full_campaign_median_T_252_2026-06-04/solutions/instance_n=20_99_c05/epsilon_trace.csv,12,epsilon,11,269,True,,False,True,0,265.0,2236.7500000000005,14,4,13,True,False,134.36091978,2236.75,93.993,39622,4734995,300.84220910072327,2051.0,185.75,0.7142,2,10,0,0,5,2,1
instance_n=20_99_c05,instance_n=20_99,Otto,20,1000.0,c05,5,mid,mid,high,low,5042,published_results/full_campaign_median_T_252_2026-06-04/solutions/instance_n=20_99_c05/epsilon_trace.csv,13,epsilon,12,264,True,,False,True,1,252.0,2065.3,12,4,12,True,False,237.32700148,2065.3,88.5088,65188,6025363,301.0041449069977,1933.0,132.3,0.7795,0,8,0,0,6,4,2
instance_n=20_99_c05,instance_n=20_99,Otto,20,1000.0,c05,5,mid,mid,high,low,5042,published_results/full_campaign_median_T_252_2026-06-04/solutions/instance_n=20_99_c05/epsilon_trace.csv,14,epsilon,13,251,True,,False,True,0,234.0,2590.85,14,3,14,True,False,208.72537845,2590.85,91.9437,41522,4724998,300.9539430141449,2422.0,168.85000000000002,0.7588,0,12,0,0,5,2,1
instance_n=20_99_c05,instance_n=20_99,Otto,20,1000.0,c05,5,mid,mid,high,low,5042,published_results/full_campaign_median_T_252_2026-06-04/solutions/instance_n=20_99_c05/epsilon_trace.csv,15,epsilon,14,233,False,infeasible,,,0,,,,,,,,,,,,,,,,,,,,,,,
instance_n=20_99_c06,instance_n=20_99,Otto,20,1000.0,c06,6,mid,high,low,mid,6042,published_results/full_campaign_median_T_252_2026-06-04/solutions/instance_n=20_99_c06/epsilon_trace.csv,1,E0_HI_only,0,,True,,False,True,0,480.0,0.0,12,12,0,True,True,480.0,480.0,0.0,359,19917,0.12588906288146973,0.0,0.0,,20,0,0,0,0,0,0
instance_n=20_99_c06,instance_n=20_99,Otto,20,1000.0,c06,6,mid,high,low,mid,6042,published_results/full_campaign_median_T_252_2026-06-04/solutions/instance_n=20_99_c06/epsilon_trace.csv,2,epsilon,1,479,True,,False,True,0,445.0,106.0,11,11,1,True,True,106.0,106.0,0.0,45336,2423954,73.00398802757263,94.0,12.0,0.76,18,0,0,0,0,1,1
instance_n=20_99_c06,instance_n=20_99,Otto,20,1000.0,c06,6,mid,high,low,mid,6042,published_results/full_campaign_median_T_252_2026-06-04/solutions/instance_n=20_99_c06/epsilon_trace.csv,3,epsilon,2,444,True,,False,True,0,410.0,226.65,10,10,2,True,False,86.0,226.65,62.056,70560,5641690,300.31565403938293,204.0,22.650000000000002,0.7735,16,0,0,0,0,2,2
instance_n=20_99_c06,instance_n=20_99,Otto,20,1000.0,c06,6,mid,high,low,mid,6042,published_results/full_campaign_median_T_252_2026-06-04/solutions/instance_n=20_99_c06/epsilon_trace.csv,4,epsilon,3,409,True,,False,True,0,384.0,528.0,10,9,4,True,False,88.144584186,528.0,83.3059,127494,8700826,300.3266100883484,484.0,44.0,0.78,12,1,0,0,0,4,3
instance_n=20_99_c06,instance_n=20_99,Otto,20,1000.0,c06,6,mid,high,low,mid,6042,published_results/full_campaign_median_T_252_2026-06-04/solutions/instance_n=20_99_c06/epsilon_trace.csv,5,epsilon,4,383,True,,False,True,0,366.0,915.0500000000001,12,8,6,True,False,107.71580838,915.05,88.2284,134206,10405100,300.3636600971222,823.0,92.05000000000001,0.6932,12,4,0,0,0,2,2
instance_n=20_99_c06,instance_n=20_99,Otto,20,1000.0,c06,6,mid,high,low,mid,6042,published_results/full_campaign_median_T_252_2026-06-04/solutions/instance_n=20_99_c06/epsilon_trace.csv,6,epsilon,5,365,True,,False,True,0,362.0,921.6,11,8,6,True,False,91.575,921.6,90.0635,60624,5922763,300.9772961139679,850.0,71.60000000000001,0.7613,10,3,0,0,0,4,3
instance_n=20_99_c06,instance_n=20_99,Otto,20,1000.0,c06,6,mid,high,low,mid,6042,published_results/full_campaign_median_T_252_2026-06-04/solutions/instance_n=20_99_c06/epsilon_trace.csv,7,epsilon,6,361,True,,False,True,0,348.0,1335.75,14,7,8,True,False,86.0,1335.75,93.5617,73902,7596054,300.3140342235565,1201.0,134.75,0.6631,11,7,0,0,0,1,1
instance_n=20_99_c06,instance_n=20_99,Otto,20,1000.0,c06,6,mid,high,low,mid,6042,published_results/full_campaign_median_T_252_2026-06-04/solutions/instance_n=20_99_c06/epsilon_trace.csv,8,epsilon,7,347,True,,False,True,1,340.0,1240.3500000000001,12,7,8,True,False,91.0875,1240.35,92.6563,81746,7337274,300.323401927948,1126.0,114.35000000000001,0.7141,8,5,0,0,0,4,3
instance_n=20_99_c06,instance_n=20_99,Otto,20,1000.0,c06,6,mid,high,low,mid,6042,published_results/full_campaign_median_T_252_2026-06-04/solutions/instance_n=20_99_c06/epsilon_trace.csv,9,epsilon,8,339,True,,False,True,0,322.0,1637.55,14,6,10,True,False,89.742160717,1637.55,94.5197,91473,5168377,301.50239992141724,1475.0,162.55,0.6749,8,8,0,0,0,2,2
instance_n=20_99_c06,instance_n=20_99,Otto,20,1000.0,c06,6,mid,high,low,mid,6042,published_results/full_campaign_median_T_252_2026-06-04/solutions/instance_n=20_99_c06/epsilon_trace.csv,10,epsilon,9,321,True,,False,True,0,314.0,1652.55,12,6,10,True,False,107.34431052,1652.55,93.5043,54554,5704917,301.0551600456238,1542.0,110.55000000000001,0.7789,4,7,0,0,2,4,3
instance_n=20_99_c06,instance_n=20_99,Otto,20,1000.0,c06,6,mid,high,low,mid,6042,published_results/full_campaign_median_T_252_2026-06-04/solutions/instance_n=20_99_c06/epsilon_trace.csv,11,epsilon,10,313,True,,False,True,0,300.0,2041.15,15,5,12,True,False,86.0,2041.15,95.7867,16579,3992779,300.33285212516785,1846.0,195.15,0.6747,6,10,0,0,0,2,2
instance_n=20_99_c06,instance_n=20_99,Otto,20,1000.0,c06,6,mid,high,low,mid,6042,published_results/full_campaign_median_T_252_2026-06-04/solutions/instance_n=20_99_c06/epsilon_trace.csv,12,epsilon,11,299,True,,False,True,1,296.0,2024.55,14,5,12,True,False,147.19585587,2024.55,92.7295,58391,8636518,300.30378699302673,1858.0,166.55,0.7224,4,10,0,0,0,3,3
instance_n=20_99_c06,instance_n=20_99,Otto,20,1000.0,c06,6,mid,high,low,mid,6042,published_results/full_campaign_median_T_252_2026-06-04/solutions/instance_n=20_99_c06/epsilon_trace.csv,13,epsilon,12,295,True,,False,True,0,278.0,2456.7000000000007,16,4,14,True,False,112.65566085,2456.7,95.4144,70135,6337879,301.06485390663147,2237.0,219.70000000000002,0.6861,4,12,0,0,0,2,2
instance_n=20_99_c06,instance_n=20_99,Otto,20,1000.0,c06,6,mid,high,low,mid,6042,published_results/full_campaign_median_T_252_2026-06-04/solutions/instance_n=20_99_c06/epsilon_trace.csv,14,epsilon,13,277,True,,False,True,1,274.0,2419.4500000000003,15,4,14,True,False,272.5,2419.45,88.7371,35954,5336362,300.43009519577026,2211.0,208.45000000000002,0.7022,2,11,0,0,0,4,3
instance_n=20_99_c06,instance_n=20_99,Otto,20,1000.0,c06,6,mid,high,low,mid,6042,published_results/full_campaign_median_T_252_2026-06-04/solutions/instance_n=20_99_c06/epsilon_trace.csv,15,epsilon,14,273,True,,False,True,0,270.0,2441.4000000000005,14,4,14,True,False,322.60316343,2441.4,86.7861,65859,14210482,600.2989549636841,2261.0,180.4,0.7423,0,11,0,0,0,5,4
instance_n=20_99_c06,instance_n=20_99,Otto,20,1000.0,c06,6,mid,high,low,mid,6042,published_results/full_campaign_median_T_252_2026-06-04/solutions/instance_n=20_99_c06/epsilon_trace.csv,16,epsilon,15,269,True,,False,True,0,256.0,2862.3,17,3,16,True,False,190.88222224,2862.3,93.3312,33129,12183953,600.2928702831268,2612.0,250.3,0.6871,2,14,0,0,0,2,2
instance_n=20_99_c06,instance_n=20_99,Otto,20,1000.0,c06,6,mid,high,low,mid,6042,published_results/full_campaign_median_T_252_2026-06-04/solutions/instance_n=20_99_c06/epsilon_trace.csv,17,epsilon,16,255,True,,False,True,1,252.0,2853.05,16,3,16,True,False,555.42572463,2853.05,80.5322,83437,14126831,600.3306272029877,2629.0,224.05,0.7199,0,14,0,0,0,3,3
instance_n=20_99_c06,instance_n=20_99,Otto,20,1000.0,c06,6,mid,high,low,mid,6042,published_results/full_campaign_median_T_252_2026-06-04/solutions/instance_n=20_99_c06/epsilon_trace.csv,18,epsilon,17,251,False,infeasible,,,0,,,,,,,,,,,,,,,,,,,,,,,
instance_n=20_99_c07,instance_n=20_99,Otto,20,1000.0,c07,7,high,low,high,mid,7042,published_results/full_campaign_median_T_252_2026-06-04/solutions/instance_n=20_99_c07/epsilon_trace.csv,1,E0_HI_only,0,,True,,False,True,0,480.0,0.0,12,12,0,True,True,480.0,480.0,0.0,359,19917,0.13336396217346191,0.0,0.0,,20,0,0,0,0,0,0
instance_n=20_99_c07,instance_n=20_99,Otto,20,1000.0,c07,7,high,low,high,mid,7042,published_results/full_campaign_median_T_252_2026-06-04/solutions/instance_n=20_99_c07/epsilon_trace.csv,2,epsilon,1,479,True,,False,True,0,445.0,86.05000000000001,11,11,1,True,True,86.05,86.05,0.0,29391,933089,8.51711893081665,54.0,32.050000000000004,0.359,18,0,0,0,2,0,0
instance_n=20_99_c07,instance_n=20_99,Otto,20,1000.0,c07,7,high,low,high,mid,7042,published_results/full_campaign_median_T_252_2026-06-04/solutions/instance_n=20_99_c07/epsilon_trace.csv,3,epsilon,2,444,True,,False,True,0,405.0,109.4,10,10,1,True,True,109.4,109.4,0.0,30919,991855,11.226771831512451,89.0,20.400000000000002,0.592,17,0,0,0,3,0,0
instance_n=20_99_c07,instance_n=20_99,Otto,20,1000.0,c07,7,high,low,high,mid,7042,published_results/full_campaign_median_T_252_2026-06-04/solutions/instance_n=20_99_c07/epsilon_trace.csv,4,epsilon,3,404,True,,False,True,0,365.0,144.95,9,9,1,True,True,144.95,144.95,0.0,9134,640925,19.78962779045105,142.0,2.95,0.941,15,0,0,0,5,0,0
instance_n=20_99_c07,instance_n=20_99,Otto,20,1000.0,c07,7,high,low,high,mid,7042,published_results/full_campaign_median_T_252_2026-06-04/solutions/instance_n=20_99_c07/epsilon_trace.csv,5,epsilon,4,364,True,,False,True,0,330.0,256.15,8,8,2,True,True,256.15,256.15,0.0,12104,899852,23.94556188583374,233.0,23.150000000000002,0.7685,12,0,0,0,8,0,0
instance_n=20_99_c07,instance_n=20_99,Otto,20,1000.0,c07,7,high,low,high,mid,7042,published_results/full_campaign_median_T_252_2026-06-04/solutions/instance_n=20_99_c07/epsilon_trace.csv,6,epsilon,5,329,True,,False,True,0,290.0,291.90000000000003,7,7,2,True,True,291.9,291.9,0.0,15312,1821021,45.632816314697266,287.0,4.9,0.951,10,0,0,0,10,0,0
instance_n=20_99_c07,instance_n=20_99,Otto,20,1000.0,c07,7,high,low,high,mid,7042,published_results/full_campaign_median_T_252_2026-06-04/solutions/instance_n=20_99_c07/epsilon_trace.csv,7,epsilon,6,289,True,,False,True,0,255.0,415.95,6,6,3,True,True,415.95,415.95,0.0,14350,1799663,52.047598123550415,397.0,18.95,0.8737,6,0,0,0,14,0,0
instance_n=20_99_c07,instance_n=20_99,Otto,20,1000.0,c07,7,high,low,high,mid,7042,published_results/full_campaign_median_T_252_2026-06-04/solutions/instance_n=20_99_c07/epsilon_trace.csv,8,epsilon,7,254,True,,False,True,0,220.0,547.8,5,5,4,True,True,547.8,547.8,0.0,17965,3062633,112.18459916114807,520.0,27.8,0.861,2,0,0,0,18,0,0
instance_n=20_99_c07,instance_n=20_99,Otto,20,1000.0,c07,7,high,low,high,mid,7042,published_results/full_campaign_median_T_252_2026-06-04/solutions/instance_n=20_99_c07/epsilon_trace.csv,9,epsilon,8,219,True,,False,True,0,180.0,592.85,4,4,4,True,True,592.85,592.85,0.0,6287,665055,18.267298698425293,586.0,6.8500000000000005,0.9657,0,0,0,0,20,0,0
instance_n=20_99_c07,instance_n=20_99,Otto,20,1000.0,c07,7,high,low,high,mid,7042,published_results/full_campaign_median_T_252_2026-06-04/solutions/instance_n=20_99_c07/epsilon_trace.csv,10,epsilon,9,179,False,infeasible,,,0,,,,,,,,,,,,,,,,,,,,,,,
instance_n=20_99_c08,instance_n=20_99,Otto,20,1000.0,c08,8,high,mid,low,high,8042,published_results/full_campaign_median_T_252_2026-06-04/solutions/instance_n=20_99_c08/epsilon_trace.csv,1,E0_HI_only,0,,True,,False,True,0,480.0,0.0,12,12,0,True,True,480.0,480.0,0.0,359,19917,0.1357591152191162,0.0,0.0,,20,0,0,0,0,0,0
instance_n=20_99_c08,instance_n=20_99,Otto,20,1000.0,c08,8,high,mid,low,high,8042,published_results/full_campaign_median_T_252_2026-06-04/solutions/instance_n=20_99_c08/epsilon_trace.csv,2,epsilon,1,479,True,,False,True,0,445.0,110.3,11,11,1,True,True,110.3,110.3,0.0,22246,1157215,9.52099084854126,93.0,17.3,0.654,18,0,0,0,2,0,0
instance_n=20_99_c08,instance_n=20_99,Otto,20,1000.0,c08,8,high,mid,low,high,8042,published_results/full_campaign_median_T_252_2026-06-04/solutions/instance_n=20_99_c08/epsilon_trace.csv,3,epsilon,2,444,True,,False,True,0,410.0,253.65,10,10,2,True,True,253.65,253.65,0.0,112348,5829944,136.44897508621216,231.0,22.650000000000002,0.7735,16,0,0,0,4,0,0
instance_n=20_99_c08,instance_n=20_99,Otto,20,1000.0,c08,8,high,mid,low,high,8042,published_results/full_campaign_median_T_252_2026-06-04/solutions/instance_n=20_99_c08/epsilon_trace.csv,4,epsilon,3,409,True,,False,True,0,375.0,416.5,9,9,3,True,True,416.5,416.5,0.0,135398,6561549,158.15765190124512,402.0,14.5,0.9033,12,0,0,0,8,0,0
instance_n=20_99_c08,instance_n=20_99,Otto,20,1000.0,c08,8,high,mid,low,high,8042,published_results/full_campaign_median_T_252_2026-06-04/solutions/instance_n=20_99_c08/epsilon_trace.csv,5,epsilon,4,374,True,,False,True,0,340.0,592.6,8,8,4,True,True,592.6,592.6,0.0,159796,7683041,194.49738907814026,590.0000000000001,2.599999999999966,0.987,8,0,0,0,12,0,0
instance_n=20_99_c08,instance_n=20_99,Otto,20,1000.0,c08,8,high,mid,low,high,8042,published_results/full_campaign_median_T_252_2026-06-04/solutions/instance_n=20_99_c08/epsilon_trace.csv,6,epsilon,5,339,True,,False,True,0,310.0,888.7499999999999,7,7,6,True,True,888.7499999999999,888.7499999999999,0.0,122916,9601808,183.4645209312439,882.0,6.75,0.9775,2,0,0,0,18,0,0
instance_n=20_99_c08,instance_n=20_99,Otto,20,1000.0,c08,8,high,mid,low,high,8042,published_results/full_campaign_median_T_252_2026-06-04/solutions/instance_n=20_99_c08/epsilon_trace.csv,7,epsilon,6,309,True,,False,True,0,288.0,1346.1499999999999,8,6,8,True,False,1109.4022722,1346.15,17.587,117726,10854403,300.3290240764618,1333.0,13.149999999999995,0.9671,0,2,0,0,18,0,0
instance_n=20_99_c08,instance_n=20_99,Otto,20,1000.0,c08,8,high,mid,low,high,8042,published_results/full_campaign_median_T_252_2026-06-04/solutions/instance_n=20_99_c08/epsilon_trace.csv,8,epsilon,7,287,False,infeasible,,,0,,,,,,,,,,,,,,,,,,,,,,,
instance_n=20_99_c09,instance_n=20_99,Otto,20,1000.0,c09,9,high,high,mid,low,9042,published_results/full_campaign_median_T_252_2026-06-04/solutions/instance_n=20_99_c09/epsilon_trace.csv,1,E0_HI_only,0,,True,,False,True,0,480.0,0.0,12,12,0,True,True,480.0,480.0,0.0,359,19917,0.1366868019104004,0.0,0.0,,20,0,0,0,0,0,0
instance_n=20_99_c09,instance_n=20_99,Otto,20,1000.0,c09,9,high,high,mid,low,9042,published_results/full_campaign_median_T_252_2026-06-04/solutions/instance_n=20_99_c09/epsilon_trace.csv,2,epsilon,1,479,True,,False,True,0,445.0,114.5,11,11,1,True,True,114.5,114.5,0.0,30691,1246307,26.144922256469727,110.0,4.5,0.91,18,0,0,0,0,1,1
instance_n=20_99_c09,instance_n=20_99,Otto,20,1000.0,c09,9,high,high,mid,low,9042,published_results/full_campaign_median_T_252_2026-06-04/solutions/instance_n=20_99_c09/epsilon_trace.csv,3,epsilon,2,444,True,,False,True,0,415.0,370.65000000000003,10,10,3,True,False,89.4,370.65,75.8802,148173,12056157,300.4170949459076,361.0,9.65,0.9357,14,0,0,0,2,2,2
instance_n=20_99_c09,instance_n=20_99,Otto,20,1000.0,c09,9,high,high,mid,low,9042,published_results/full_campaign_median_T_252_2026-06-04/solutions/instance_n=20_99_c09/epsilon_trace.csv,4,epsilon,3,414,True,,False,True,0,397.0,947.4,12,9,5,True,False,109.0,947.4,88.4948,107395,7783623,301.004909992218,934.0,13.4,0.9464,13,3,0,0,2,1,1
instance_n=20_99_c09,instance_n=20_99,Otto,20,1000.0,c09,9,high,high,mid,low,9042,published_results/full_campaign_median_T_252_2026-06-04/solutions/instance_n=20_99_c09/epsilon_trace.csv,5,epsilon,4,396,True,,False,True,0,381.0,1571.1999999999998,12,8,9,True,False,204.2551041,1571.2,87.0001,240705,15733841,603.5211448669434,1528.0,43.2,0.904,6,4,0,0,8,1,1
instance_n=20_99_c09,instance_n=20_99,Otto,20,1000.0,c09,9,high,high,mid,low,9042,published_results/full_campaign_median_T_252_2026-06-04/solutions/instance_n=20_99_c09/epsilon_trace.csv,6,epsilon,5,380,False,infeasible,,,0,,,,,,,,,,,,,,,,,,,,,,,
