run_name,base_instance,source,n_tasks,T,config_name,config_id,alpha_level,beta_level,gamma_level,sigma_level,seed,source_file,row_in_file,point_idx,cost,energy,stations,workers,cobots,certified,lb,ub,mip_gap_pct,n_nodes,solver_iterations,cpu_s,energy_tasks,energy_idle,cobot_util,HI,CI,SEH,SEC,SU,SIH,SIC
Scholl_ARC111_c01,Scholl_ARC111,Scholl,111,5838.0,c01,1,low,low,low,low,1042,published_results/full_campaign_median_T_252_2026-06-04/solutions/Scholl_ARC111_c01/pareto_front.csv,1,0,1080.0,0.0,27,27,0,True,1080.0,1080.0,0.0,0,21720,5.72,0.0,0.0,,111,0,0,0,0,0,0
Scholl_ARC111_c02,Scholl_ARC111,Scholl,111,5838.0,c02,2,low,mid,mid,mid,2042,published_results/full_campaign_median_T_252_2026-06-04/solutions/Scholl_ARC111_c02/pareto_front.csv,1,0,1080.0,0.0,27,27,0,True,1080.0,1080.0,0.0,0,21720,5.68,0.0,0.0,,111,0,0,0,0,0,0
Scholl_ARC111_c03,Scholl_ARC111,Scholl,111,5838.0,c03,3,low,high,high,high,3042,published_results/full_campaign_median_T_252_2026-06-04/solutions/Scholl_ARC111_c03/pareto_front.csv,1,0,1080.0,0.0,27,27,0,True,1080.0,1080.0,0.0,0,21720,5.79,0.0,0.0,,111,0,0,0,0,0,0
Scholl_ARC111_c04,Scholl_ARC111,Scholl,111,5838.0,c04,4,mid,low,mid,high,4042,published_results/full_campaign_median_T_252_2026-06-04/solutions/Scholl_ARC111_c04/pareto_front.csv,1,0,1080.0,0.0,27,27,0,True,1080.0,1080.0,0.0,0,21720,5.69,0.0,0.0,,111,0,0,0,0,0,0
Scholl_ARC111_c05,Scholl_ARC111,Scholl,111,5838.0,c05,5,mid,mid,high,low,5042,published_results/full_campaign_median_T_252_2026-06-04/solutions/Scholl_ARC111_c05/pareto_front.csv,1,0,1080.0,0.0,27,27,0,True,1080.0,1080.0,0.0,0,21720,5.67,0.0,0.0,,111,0,0,0,0,0,0
Scholl_ARC111_c06,Scholl_ARC111,Scholl,111,5838.0,c06,6,mid,high,low,mid,6042,published_results/full_campaign_median_T_252_2026-06-04/solutions/Scholl_ARC111_c06/pareto_front.csv,1,0,1080.0,0.0,27,27,0,True,1080.0,1080.0,0.0,0,21720,5.69,0.0,0.0,,111,0,0,0,0,0,0
Scholl_ARC111_c07,Scholl_ARC111,Scholl,111,5838.0,c07,7,high,low,high,mid,7042,published_results/full_campaign_median_T_252_2026-06-04/solutions/Scholl_ARC111_c07/pareto_front.csv,1,0,1080.0,0.0,27,27,0,True,1080.0,1080.0,0.0,0,21720,5.77,0.0,0.0,,111,0,0,0,0,0,0
Scholl_ARC111_c08,Scholl_ARC111,Scholl,111,5838.0,c08,8,high,mid,low,high,8042,published_results/full_campaign_median_T_252_2026-06-04/solutions/Scholl_ARC111_c08/pareto_front.csv,1,0,1080.0,0.0,27,27,0,True,1080.0,1080.0,0.0,0,26212,7.14,0.0,0.0,,111,0,0,0,0,0,0
Scholl_ARC111_c09,Scholl_ARC111,Scholl,111,5838.0,c09,9,high,high,mid,low,9042,published_results/full_campaign_median_T_252_2026-06-04/solutions/Scholl_ARC111_c09/pareto_front.csv,1,0,1080.0,0.0,27,27,0,True,1080.0,1080.0,0.0,0,21720,5.67,0.0,0.0,,111,0,0,0,0,0,0
Scholl_ARC83_c01,Scholl_ARC83,Scholl,83,7916.0,c01,1,low,low,low,low,1042,published_results/full_campaign_median_T_252_2026-06-04/solutions/Scholl_ARC83_c01/pareto_front.csv,1,0,400.0,0.0,10,10,0,True,400.0,400.0,0.0,1468,84551,7.47,0.0,0.0,,83,0,0,0,0,0,0
Scholl_ARC83_c02,Scholl_ARC83,Scholl,83,7916.0,c02,2,low,mid,mid,mid,2042,published_results/full_campaign_median_T_252_2026-06-04/solutions/Scholl_ARC83_c02/pareto_front.csv,1,0,400.0,0.0,10,10,0,True,400.0,400.0,0.0,1468,84551,7.34,0.0,0.0,,83,0,0,0,0,0,0
Scholl_ARC83_c03,Scholl_ARC83,Scholl,83,7916.0,c03,3,low,high,high,high,3042,published_results/full_campaign_median_T_252_2026-06-04/solutions/Scholl_ARC83_c03/pareto_front.csv,1,0,400.0,0.0,10,10,0,True,400.0,400.0,0.0,1468,84551,7.25,0.0,0.0,,83,0,0,0,0,0,0
Scholl_ARC83_c04,Scholl_ARC83,Scholl,83,7916.0,c04,4,mid,low,mid,high,4042,published_results/full_campaign_median_T_252_2026-06-04/solutions/Scholl_ARC83_c04/pareto_front.csv,1,0,400.0,0.0,10,10,0,True,400.0,400.0,0.0,1468,84551,7.51,0.0,0.0,,83,0,0,0,0,0,0
Scholl_ARC83_c05,Scholl_ARC83,Scholl,83,7916.0,c05,5,mid,mid,high,low,5042,published_results/full_campaign_median_T_252_2026-06-04/solutions/Scholl_ARC83_c05/pareto_front.csv,1,0,400.0,0.0,10,10,0,True,400.0,400.0,0.0,1468,84551,7.3,0.0,0.0,,83,0,0,0,0,0,0
Scholl_ARC83_c06,Scholl_ARC83,Scholl,83,7916.0,c06,6,mid,high,low,mid,6042,published_results/full_campaign_median_T_252_2026-06-04/solutions/Scholl_ARC83_c06/pareto_front.csv,1,0,400.0,0.0,10,10,0,True,400.0,400.0,0.0,1468,84551,7.4,0.0,0.0,,83,0,0,0,0,0,0
Scholl_ARC83_c07,Scholl_ARC83,Scholl,83,7916.0,c07,7,high,low,high,mid,7042,published_results/full_campaign_median_T_252_2026-06-04/solutions/Scholl_ARC83_c07/pareto_front.csv,1,0,400.0,0.0,10,10,0,True,400.0,400.0,0.0,1468,84551,7.55,0.0,0.0,,83,0,0,0,0,0,0
Scholl_ARC83_c08,Scholl_ARC83,Scholl,83,7916.0,c08,8,high,mid,low,high,8042,published_results/full_campaign_median_T_252_2026-06-04/solutions/Scholl_ARC83_c08/pareto_front.csv,1,0,400.0,0.0,10,10,0,True,400.0,400.0,0.0,1468,84551,7.23,0.0,0.0,,83,0,0,0,0,0,0
Scholl_ARC83_c09,Scholl_ARC83,Scholl,83,7916.0,c09,9,high,high,mid,low,9042,published_results/full_campaign_median_T_252_2026-06-04/solutions/Scholl_ARC83_c09/pareto_front.csv,1,0,400.0,0.0,10,10,0,True,400.0,400.0,0.0,1468,84551,7.23,0.0,0.0,,83,0,0,0,0,0,0
Scholl_BUXEY_c01,Scholl_BUXEY,Scholl,29,36.0,c01,1,low,low,low,low,1042,published_results/full_campaign_median_T_252_2026-06-04/solutions/Scholl_BUXEY_c01/pareto_front.csv,1,0,400.0,0.0,10,10,0,True,400.0,400.0,0.0,0,1822,0.16,0.0,0.0,,29,0,0,0,0,0,0
Scholl_BUXEY_c01,Scholl_BUXEY,Scholl,29,36.0,c01,1,low,low,low,low,1042,published_results/full_campaign_median_T_252_2026-06-04/solutions/Scholl_BUXEY_c01/pareto_front.csv,2,1,365.0,3.05,9,9,1,False,0.0,3.05,100.0,11229,1995233,300.79,2.0,1.05,0.4167,25,0,0,0,0,3,1
Scholl_BUXEY_c01,Scholl_BUXEY,Scholl,29,36.0,c01,1,low,low,low,low,1042,published_results/full_campaign_median_T_252_2026-06-04/solutions/Scholl_BUXEY_c01/pareto_front.csv,3,2,325.0,8.05,8,8,1,False,0.0,8.05,100.0,6297,2478069,300.79,8.0,0.05,0.9722,23,0,0,0,6,0,0
Scholl_BUXEY_c01,Scholl_BUXEY,Scholl,29,36.0,c01,1,low,low,low,low,1042,published_results/full_campaign_median_T_252_2026-06-04/solutions/Scholl_BUXEY_c01/pareto_front.csv,4,3,303.0,17.099999999999998,9,7,3,False,0.0,17.1,100.0,5449,2291387,300.81,15.0,2.1,0.6111,21,3,0,0,5,0,0
Scholl_BUXEY_c01,Scholl_BUXEY,Scholl,29,36.0,c01,1,low,low,low,low,1042,published_results/full_campaign_median_T_252_2026-06-04/solutions/Scholl_BUXEY_c01/pareto_front.csv,5,4,294.0,18.1,8,7,2,False,0.0,18.1,100.0,4484,1816825,300.79,18.0,0.1,0.9722,20,3,0,0,6,0,0
Scholl_BUXEY_c01,Scholl_BUXEY,Scholl,29,36.0,c01,1,low,low,low,low,1042,published_results/full_campaign_median_T_252_2026-06-04/solutions/Scholl_BUXEY_c01/pareto_front.csv,6,5,277.0,26.150000000000002,9,6,5,False,0.0,26.15,100.0,6618,1924663,300.84,22.0,4.15,0.5389,14,3,0,0,12,0,0
Scholl_BUXEY_c01,Scholl_BUXEY,Scholl,29,36.0,c01,1,low,low,low,low,1042,published_results/full_campaign_median_T_252_2026-06-04/solutions/Scholl_BUXEY_c01/pareto_front.csv,7,6,272.0,26.35,9,6,4,False,0.0,26.35,100.0,4489,1666183,300.8,24.0,2.35,0.6736,19,4,0,0,6,0,0
Scholl_BUXEY_c01,Scholl_BUXEY,Scholl,29,36.0,c01,1,low,low,low,low,1042,published_results/full_campaign_median_T_252_2026-06-04/solutions/Scholl_BUXEY_c01/pareto_front.csv,8,7,224.0,27.400000000000002,6,5,4,False,0.35574811128,27.4,98.7016,4518,1494975,300.8,26.0,1.4,0.8056,9,1,0,0,19,0,0
Scholl_BUXEY_c01,Scholl_BUXEY,Scholl,29,36.0,c01,1,low,low,low,low,1042,published_results/full_campaign_median_T_252_2026-06-04/solutions/Scholl_BUXEY_c01/pareto_front.csv,9,8,206.0,42.55,8,4,6,False,0.0,42.55,100.0,5172,1822022,300.92,40.0,2.55,0.7639,9,8,0,0,12,0,0
Scholl_BUXEY_c01,Scholl_BUXEY,Scholl,29,36.0,c01,1,low,low,low,low,1042,published_results/full_campaign_median_T_252_2026-06-04/solutions/Scholl_BUXEY_c01/pareto_front.csv,10,9,166.0,53.7,7,3,6,False,2.4551026066,53.7,95.4281,4395,1640428,300.83,53.0,0.7,0.9352,3,13,0,0,13,0,0
Scholl_BUXEY_c01,Scholl_BUXEY,Scholl,29,36.0,c01,1,low,low,low,low,1042,published_results/full_campaign_median_T_252_2026-06-04/solutions/Scholl_BUXEY_c01/pareto_front.csv,11,10,144.0,66.9,8,2,8,False,3.2833124529,66.9,95.0922,3398,2084629,300.76,65.0,1.9,0.8681,0,15,0,0,7,3,4
Scholl_BUXEY_c01,Scholl_BUXEY,Scholl,29,36.0,c01,1,low,low,low,low,1042,published_results/full_campaign_median_T_252_2026-06-04/solutions/Scholl_BUXEY_c01/pareto_front.csv,12,11,117.0,79.99999999999999,9,1,9,False,31.494377219,80.0,60.632,12067,3137458,300.81,78.0,2.0,0.8765,0,22,0,0,7,0,0
Scholl_BUXEY_c01,Scholl_BUXEY,Scholl,29,36.0,c01,1,low,low,low,low,1042,published_results/full_campaign_median_T_252_2026-06-04/solutions/Scholl_BUXEY_c01/pareto_front.csv,13,12,90.0,99.39999999999999,10,0,10,False,51.88639988,99.4,47.8004,13054,3650907,300.77,98.0,1.4,0.9222,0,29,0,0,0,0,0
Scholl_BUXEY_c02,Scholl_BUXEY,Scholl,29,36.0,c02,2,low,mid,mid,mid,2042,published_results/full_campaign_median_T_252_2026-06-04/solutions/Scholl_BUXEY_c02/pareto_front.csv,1,0,400.0,0.0,10,10,0,True,400.0,400.0,0.0,0,1822,0.19,0.0,0.0,,29,0,0,0,0,0,0
Scholl_BUXEY_c02,Scholl_BUXEY,Scholl,29,36.0,c02,2,low,mid,mid,mid,2042,published_results/full_campaign_median_T_252_2026-06-04/solutions/Scholl_BUXEY_c02/pareto_front.csv,2,1,369.0,3.4000000000000004,10,9,1,False,0.0,3.4,100.0,10856,2386456,301.03,2.0,1.4,0.2222,28,1,0,0,0,0,0
Scholl_BUXEY_c02,Scholl_BUXEY,Scholl,29,36.0,c02,2,low,mid,mid,mid,2042,published_results/full_campaign_median_T_252_2026-06-04/solutions/Scholl_BUXEY_c02/pareto_front.csv,3,2,338.0,14.1,10,8,2,False,0.0,14.1,100.0,7492,2323418,300.85,13.0,1.1,0.6944,25,4,0,0,0,0,0
Scholl_BUXEY_c02,Scholl_BUXEY,Scholl,29,36.0,c02,2,low,mid,mid,mid,2042,published_results/full_campaign_median_T_252_2026-06-04/solutions/Scholl_BUXEY_c02/pareto_front.csv,4,3,307.0,23.35,10,7,3,False,0.0,23.35,100.0,6355,2129128,300.79,22.0,1.35,0.75,23,6,0,0,0,0,0
Scholl_BUXEY_c02,Scholl_BUXEY,Scholl,29,36.0,c02,2,low,mid,mid,mid,2042,published_results/full_campaign_median_T_252_2026-06-04/solutions/Scholl_BUXEY_c02/pareto_front.csv,5,4,276.0,34.25,10,6,4,False,0.0,34.25,100.0,5602,2268223,300.83,33.0,1.25,0.8264,20,9,0,0,0,0,0
Scholl_BUXEY_c02,Scholl_BUXEY,Scholl,29,36.0,c02,2,low,mid,mid,mid,2042,published_results/full_campaign_median_T_252_2026-06-04/solutions/Scholl_BUXEY_c02/pareto_front.csv,6,5,273.0,37.85,8,6,5,False,0.15869275115,37.85,99.5807,5444,2214770,300.8,37.0,0.85,0.9056,9,5,0,0,8,4,3
Scholl_BUXEY_c02,Scholl_BUXEY,Scholl,29,36.0,c02,2,low,mid,mid,mid,2042,published_results/full_campaign_median_T_252_2026-06-04/solutions/Scholl_BUXEY_c02/pareto_front.csv,7,6,241.0,43.75,9,5,5,False,2.45,43.75,94.4,3507,1302145,300.8,43.0,0.75,0.9167,14,10,0,0,0,2,3
Scholl_BUXEY_c02,Scholl_BUXEY,Scholl,29,36.0,c02,2,low,mid,mid,mid,2042,published_results/full_campaign_median_T_252_2026-06-04/solutions/Scholl_BUXEY_c02/pareto_front.csv,8,7,214.0,55.449999999999996,10,4,6,False,0.51725556975,55.45,99.0672,3443,1342942,300.81,54.0,1.45,0.8657,17,12,0,0,0,0,0
Scholl_BUXEY_c02,Scholl_BUXEY,Scholl,29,36.0,c02,2,low,mid,mid,mid,2042,published_results/full_campaign_median_T_252_2026-06-04/solutions/Scholl_BUXEY_c02/pareto_front.csv,9,8,179.0,66.85,9,3,7,False,2.7,66.85,95.9611,3315,1331533,300.8,66.0,0.85,0.9325,9,15,0,0,0,3,2
Scholl_BUXEY_c02,Scholl_BUXEY,Scholl,29,36.0,c02,2,low,mid,mid,mid,2042,published_results/full_campaign_median_T_252_2026-06-04/solutions/Scholl_BUXEY_c02/pareto_front.csv,10,9,148.0,77.85,9,2,8,False,2.55,77.85,96.7245,5378,1808568,300.79,77.0,0.85,0.941,5,18,0,0,0,3,3
Scholl_BUXEY_c02,Scholl_BUXEY,Scholl,29,36.0,c02,2,low,mid,mid,mid,2042,published_results/full_campaign_median_T_252_2026-06-04/solutions/Scholl_BUXEY_c02/pareto_front.csv,11,10,117.0,90.65,9,1,9,False,29.858603927,90.65,67.0617,5726,2103378,300.77,90.0,0.65,0.9599,0,22,0,0,0,4,3
Scholl_BUXEY_c02,Scholl_BUXEY,Scholl,29,36.0,c02,2,low,mid,mid,mid,2042,published_results/full_campaign_median_T_252_2026-06-04/solutions/Scholl_BUXEY_c02/pareto_front.csv,12,11,90.0,103.39999999999999,10,0,10,False,68.137575758,103.4,34.1029,27253,5753113,600.74,102.0,1.4,0.9222,0,29,0,0,0,0,0
Scholl_BUXEY_c03,Scholl_BUXEY,Scholl,29,36.0,c03,3,low,high,high,high,3042,published_results/full_campaign_median_T_252_2026-06-04/solutions/Scholl_BUXEY_c03/pareto_front.csv,1,0,400.0,0.0,10,10,0,True,400.0,400.0,0.0,0,1822,0.12,0.0,0.0,,29,0,0,0,0,0,0
Scholl_BUXEY_c03,Scholl_BUXEY,Scholl,29,36.0,c03,3,low,high,high,high,3042,published_results/full_campaign_median_T_252_2026-06-04/solutions/Scholl_BUXEY_c03/pareto_front.csv,2,1,365.0,3.6,9,9,1,False,0.0,3.6,100.0,9555,3068884,300.94,3.0,0.6,0.6667,26,0,0,0,0,2,1
Scholl_BUXEY_c03,Scholl_BUXEY,Scholl,29,36.0,c03,3,low,high,high,high,3042,published_results/full_campaign_median_T_252_2026-06-04/solutions/Scholl_BUXEY_c03/pareto_front.csv,3,2,338.0,12.65,10,8,2,False,0.0,12.65,100.0,11016,2191080,301.04,11.0,1.65,0.5417,26,3,0,0,0,0,0
Scholl_BUXEY_c03,Scholl_BUXEY,Scholl,29,36.0,c03,3,low,high,high,high,3042,published_results/full_campaign_median_T_252_2026-06-04/solutions/Scholl_BUXEY_c03/pareto_front.csv,4,3,334.0,14.1,9,8,2,False,0.0,14.1,100.0,6709,1651165,300.8,14.0,0.1,0.9722,23,2,0,0,0,2,2
Scholl_BUXEY_c03,Scholl_BUXEY,Scholl,29,36.0,c03,3,low,high,high,high,3042,published_results/full_campaign_median_T_252_2026-06-04/solutions/Scholl_BUXEY_c03/pareto_front.csv,5,4,307.0,22.7,10,7,3,False,0.0,22.7,100.0,6124,2065202,300.82,21.0,1.7,0.6852,24,5,0,0,0,0,0
Scholl_BUXEY_c03,Scholl_BUXEY,Scholl,29,36.0,c03,3,low,high,high,high,3042,published_results/full_campaign_median_T_252_2026-06-04/solutions/Scholl_BUXEY_c03/pareto_front.csv,6,5,303.0,24.4,9,7,3,False,0.0,24.4,100.0,6744,2510688,300.84,24.0,0.4,0.9259,20,4,0,0,0,3,2
Scholl_BUXEY_c03,Scholl_BUXEY,Scholl,29,36.0,c03,3,low,high,high,high,3042,published_results/full_campaign_median_T_252_2026-06-04/solutions/Scholl_BUXEY_c03/pareto_front.csv,7,6,276.0,33.699999999999996,10,6,4,False,0.0,33.7,100.0,13220,2576646,300.79,32.0,1.7,0.7639,21,8,0,0,0,0,0
Scholl_BUXEY_c03,Scholl_BUXEY,Scholl,29,36.0,c03,3,low,high,high,high,3042,published_results/full_campaign_median_T_252_2026-06-04/solutions/Scholl_BUXEY_c03/pareto_front.csv,8,7,272.0,35.449999999999996,9,6,4,False,0.0,35.45,100.0,4006,1796870,300.79,35.0,0.45,0.9375,18,7,0,0,0,2,2
Scholl_BUXEY_c03,Scholl_BUXEY,Scholl,29,36.0,c03,3,low,high,high,high,3042,published_results/full_campaign_median_T_252_2026-06-04/solutions/Scholl_BUXEY_c03/pareto_front.csv,9,8,245.0,42.75,10,5,5,False,0.0,42.75,100.0,5040,1454333,300.79,41.0,1.75,0.8056,19,10,0,0,0,0,0
Scholl_BUXEY_c03,Scholl_BUXEY,Scholl,29,36.0,c03,3,low,high,high,high,3042,published_results/full_campaign_median_T_252_2026-06-04/solutions/Scholl_BUXEY_c03/pareto_front.csv,10,9,214.0,53.85,10,4,6,False,2.5,53.85,95.3575,3772,1199156,300.78,52.0,1.85,0.8287,16,13,0,0,0,0,0
Scholl_BUXEY_c03,Scholl_BUXEY,Scholl,29,36.0,c03,3,low,high,high,high,3042,published_results/full_campaign_median_T_252_2026-06-04/solutions/Scholl_BUXEY_c03/pareto_front.csv,11,10,210.0,56.4,9,4,6,False,2.3508822603,56.4,95.8318,6580,1813066,300.83,56.0,0.4,0.963,11,13,0,0,0,3,2
Scholl_BUXEY_c03,Scholl_BUXEY,Scholl,29,36.0,c03,3,low,high,high,high,3042,published_results/full_campaign_median_T_252_2026-06-04/solutions/Scholl_BUXEY_c03/pareto_front.csv,12,11,192.0,65.60000000000001,11,3,8,False,1.4890260623,65.6,97.7301,3414,1324817,300.98,62.0,3.6,0.75,13,16,0,0,0,0,0
Scholl_BUXEY_c03,Scholl_BUXEY,Scholl,29,36.0,c03,3,low,high,high,high,3042,published_results/full_campaign_median_T_252_2026-06-04/solutions/Scholl_BUXEY_c03/pareto_front.csv,13,12,183.0,67.5,10,3,7,False,2.5,67.5,96.2963,5367,2005371,300.79,66.0,1.5,0.881,10,19,0,0,0,0,0
Scholl_BUXEY_c03,Scholl_BUXEY,Scholl,29,36.0,c03,3,low,high,high,high,3042,published_results/full_campaign_median_T_252_2026-06-04/solutions/Scholl_BUXEY_c03/pareto_front.csv,14,13,152.0,76.80000000000001,10,2,8,False,5.5437852484,76.8,92.7815,3486,1343525,300.87,75.0,1.8,0.875,8,21,0,0,0,0,0
Scholl_BUXEY_c03,Scholl_BUXEY,Scholl,29,36.0,c03,3,low,high,high,high,3042,published_results/full_campaign_median_T_252_2026-06-04/solutions/Scholl_BUXEY_c03/pareto_front.csv,15,14,117.0,87.79999999999998,9,1,9,False,57.847872044,87.8,34.114,11958,3304470,300.77,87.0,0.8,0.9506,0,23,0,0,0,4,2
Scholl_BUXEY_c03,Scholl_BUXEY,Scholl,29,36.0,c03,3,low,high,high,high,3042,published_results/full_campaign_median_T_252_2026-06-04/solutions/Scholl_BUXEY_c03/pareto_front.csv,16,15,90.0,100.8,10,0,10,True,100.8,100.8,0.0,8331,806062,43.21,99.0,1.8,0.9,0,29,0,0,0,0,0
Scholl_BUXEY_c04,Scholl_BUXEY,Scholl,29,36.0,c04,4,mid,low,mid,high,4042,published_results/full_campaign_median_T_252_2026-06-04/solutions/Scholl_BUXEY_c04/pareto_front.csv,1,0,400.0,0.0,10,10,0,True,400.0,400.0,0.0,0,1822,0.12,0.0,0.0,,29,0,0,0,0,0,0
Scholl_BUXEY_c04,Scholl_BUXEY,Scholl,29,36.0,c04,4,mid,low,mid,high,4042,published_results/full_campaign_median_T_252_2026-06-04/solutions/Scholl_BUXEY_c04/pareto_front.csv,2,1,365.0,3.9,9,9,1,False,0.0,3.9,100.0,9215,2983722,300.81,3.0,0.9,0.5,26,0,0,0,3,0,0
Scholl_BUXEY_c04,Scholl_BUXEY,Scholl,29,36.0,c04,4,mid,low,mid,high,4042,published_results/full_campaign_median_T_252_2026-06-04/solutions/Scholl_BUXEY_c04/pareto_front.csv,3,2,325.0,6.15,8,8,1,False,0.0,6.15,100.0,13335,2071867,300.94,6.0,0.15,0.9167,24,0,0,0,5,0,0
Scholl_BUXEY_c04,Scholl_BUXEY,Scholl,29,36.0,c04,4,mid,low,mid,high,4042,published_results/full_campaign_median_T_252_2026-06-04/solutions/Scholl_BUXEY_c04/pareto_front.csv,4,3,290.0,12.4,7,7,2,False,2.5560639376,12.4,79.3866,22007,4028304,300.8,12.0,0.4,0.8889,18,0,0,0,11,0,0
Scholl_BUXEY_c04,Scholl_BUXEY,Scholl,29,36.0,c04,4,mid,low,mid,high,4042,published_results/full_campaign_median_T_252_2026-06-04/solutions/Scholl_BUXEY_c04/pareto_front.csv,5,4,255.0,19.849999999999998,6,6,3,False,2.5,19.85,87.4055,6420,2571942,300.81,19.0,0.85,0.8426,13,0,0,0,16,0,0
Scholl_BUXEY_c04,Scholl_BUXEY,Scholl,29,36.0,c04,4,mid,low,mid,high,4042,published_results/full_campaign_median_T_252_2026-06-04/solutions/Scholl_BUXEY_c04/pareto_front.csv,6,5,224.0,25.750000000000004,6,5,4,False,2.5471462631,25.75,90.1082,8521,2643238,300.78,24.0,1.75,0.7569,8,1,0,0,20,0,0
Scholl_BUXEY_c04,Scholl_BUXEY,Scholl,29,36.0,c04,4,mid,low,mid,high,4042,published_results/full_campaign_median_T_252_2026-06-04/solutions/Scholl_BUXEY_c04/pareto_front.csv,7,6,189.0,38.75,5,4,5,False,2.6,38.75,93.2903,3639,1737584,300.77,38.0,0.75,0.9167,0,1,0,0,22,4,2
Scholl_BUXEY_c04,Scholl_BUXEY,Scholl,29,36.0,c04,4,mid,low,mid,high,4042,published_results/full_campaign_median_T_252_2026-06-04/solutions/Scholl_BUXEY_c04/pareto_front.csv,8,7,162.0,51.05,6,3,6,False,8.1485842503,51.05,84.038,3407,1700297,300.8,50.0,1.05,0.9028,0,5,0,0,24,0,0
Scholl_BUXEY_c04,Scholl_BUXEY,Scholl,29,36.0,c04,4,mid,low,mid,high,4042,published_results/full_campaign_median_T_252_2026-06-04/solutions/Scholl_BUXEY_c04/pareto_front.csv,9,8,144.0,74.6,8,2,8,False,15.210846047,74.6,79.6101,4952,1887095,300.78,74.0,0.6,0.9583,0,12,0,0,17,0,0
Scholl_BUXEY_c04,Scholl_BUXEY,Scholl,29,36.0,c04,4,mid,low,mid,high,4042,published_results/full_campaign_median_T_252_2026-06-04/solutions/Scholl_BUXEY_c04/pareto_front.csv,10,9,126.0,136.50000000000003,14,0,14,True,136.5,136.5,0.0,1714,710503,41.18,135.0,1.5,0.9405,0,29,0,0,0,0,0
Scholl_BUXEY_c05,Scholl_BUXEY,Scholl,29,36.0,c05,5,mid,mid,high,low,5042,published_results/full_campaign_median_T_252_2026-06-04/solutions/Scholl_BUXEY_c05/pareto_front.csv,1,0,400.0,0.0,10,10,0,True,400.0,400.0,0.0,0,1822,0.12,0.0,0.0,,29,0,0,0,0,0,0
Scholl_BUXEY_c05,Scholl_BUXEY,Scholl,29,36.0,c05,5,mid,mid,high,low,5042,published_results/full_campaign_median_T_252_2026-06-04/solutions/Scholl_BUXEY_c05/pareto_front.csv,2,1,365.0,3.65,9,9,1,False,0.0,3.65,100.0,5482,2117824,300.91,3.0,0.65,0.6389,26,0,0,0,0,2,1
Scholl_BUXEY_c05,Scholl_BUXEY,Scholl,29,36.0,c05,5,mid,mid,high,low,5042,published_results/full_campaign_median_T_252_2026-06-04/solutions/Scholl_BUXEY_c05/pareto_front.csv,3,2,338.0,16.6,10,8,2,False,0.0,16.6,100.0,10985,2170947,301.3,16.0,0.6,0.8333,26,3,0,0,0,0,0
Scholl_BUXEY_c05,Scholl_BUXEY,Scholl,29,36.0,c05,5,mid,mid,high,low,5042,published_results/full_campaign_median_T_252_2026-06-04/solutions/Scholl_BUXEY_c05/pareto_front.csv,4,3,312.0,30.25,10,7,4,False,0.0,30.25,100.0,5524,1833923,300.9,29.0,1.25,0.8264,20,5,0,0,4,0,0
Scholl_BUXEY_c05,Scholl_BUXEY,Scholl,29,36.0,c05,5,mid,mid,high,low,5042,published_results/full_campaign_median_T_252_2026-06-04/solutions/Scholl_BUXEY_c05/pareto_front.csv,5,4,308.0,30.55,9,7,4,False,0.0,30.55,100.0,6228,2792123,300.8,30.0,0.55,0.9236,19,4,0,0,6,0,0
Scholl_BUXEY_c05,Scholl_BUXEY,Scholl,29,36.0,c05,5,mid,mid,high,low,5042,published_results/full_campaign_median_T_252_2026-06-04/solutions/Scholl_BUXEY_c05/pareto_front.csv,6,5,291.0,43.65,10,6,7,False,0.0,43.65,100.0,3900,1850325,300.79,40.0,3.65,0.7103,12,5,0,0,12,0,0
Scholl_BUXEY_c05,Scholl_BUXEY,Scholl,29,36.0,c05,5,mid,mid,high,low,5042,published_results/full_campaign_median_T_252_2026-06-04/solutions/Scholl_BUXEY_c05/pareto_front.csv,7,6,282.0,44.050000000000004,9,6,6,False,0.0,44.05,100.0,4998,2217575,300.79,43.0,1.05,0.9028,10,5,0,0,9,3,2
Scholl_BUXEY_c05,Scholl_BUXEY,Scholl,29,36.0,c05,5,mid,mid,high,low,5042,published_results/full_campaign_median_T_252_2026-06-04/solutions/Scholl_BUXEY_c05/pareto_front.csv,8,7,259.0,56.89999999999999,11,5,7,False,1.0,56.9,98.2425,6581,2461004,300.8,55.0,1.9,0.8492,15,10,0,0,4,0,0
Scholl_BUXEY_c06,Scholl_BUXEY,Scholl,29,36.0,c06,6,mid,high,low,mid,6042,published_results/full_campaign_median_T_252_2026-06-04/solutions/Scholl_BUXEY_c06/pareto_front.csv,1,0,400.0,0.0,10,10,0,True,400.0,400.0,0.0,0,1822,0.12,0.0,0.0,,29,0,0,0,0,0,0
Scholl_BUXEY_c06,Scholl_BUXEY,Scholl,29,36.0,c06,6,mid,high,low,mid,6042,published_results/full_campaign_median_T_252_2026-06-04/solutions/Scholl_BUXEY_c06/pareto_front.csv,2,1,365.0,3.65,9,9,1,False,0.0,3.65,100.0,17783,3479129,300.78,3.0,0.65,0.6389,25,0,0,0,0,3,1
Scholl_BUXEY_c06,Scholl_BUXEY,Scholl,29,36.0,c06,6,mid,high,low,mid,6042,published_results/full_campaign_median_T_252_2026-06-04/solutions/Scholl_BUXEY_c06/pareto_front.csv,3,2,338.0,16.6,10,8,2,False,0.0,16.6,100.0,12546,3577526,300.78,16.0,0.6,0.8333,26,3,0,0,0,0,0
Scholl_BUXEY_c06,Scholl_BUXEY,Scholl,29,36.0,c06,6,mid,high,low,mid,6042,published_results/full_campaign_median_T_252_2026-06-04/solutions/Scholl_BUXEY_c06/pareto_front.csv,4,3,312.0,31.0,10,7,4,False,0.0,31.0,100.0,10586,2772419,300.78,30.0,1.0,0.8611,18,5,0,0,0,4,2
Scholl_BUXEY_c06,Scholl_BUXEY,Scholl,29,36.0,c06,6,mid,high,low,mid,6042,published_results/full_campaign_median_T_252_2026-06-04/solutions/Scholl_BUXEY_c06/pareto_front.csv,5,4,294.0,46.05,12,6,6,False,0.39811318392,46.05,99.1355,6192,2721360,300.8,43.0,3.05,0.7176,20,9,0,0,0,0,0
Scholl_BUXEY_c06,Scholl_BUXEY,Scholl,29,36.0,c06,6,mid,high,low,mid,6042,published_results/full_campaign_median_T_252_2026-06-04/solutions/Scholl_BUXEY_c06/pareto_front.csv,6,5,286.0,49.099999999999994,10,6,6,False,0.0,49.1,100.0,8041,1932332,300.79,48.0,1.1,0.8981,12,9,0,0,0,5,3
Scholl_BUXEY_c06,Scholl_BUXEY,Scholl,29,36.0,c06,6,mid,high,low,mid,6042,published_results/full_campaign_median_T_252_2026-06-04/solutions/Scholl_BUXEY_c06/pareto_front.csv,7,6,259.0,59.74999999999999,11,5,7,False,2.6,59.75,95.6485,6287,2343892,300.8,58.0,1.75,0.8611,17,9,0,0,0,2,1
Scholl_BUXEY_c06,Scholl_BUXEY,Scholl,29,36.0,c06,6,mid,high,low,mid,6042,published_results/full_campaign_median_T_252_2026-06-04/solutions/Scholl_BUXEY_c06/pareto_front.csv,8,7,232.0,74.00000000000001,12,4,8,False,0.30687830688,74.0,99.5853,3692,1755965,300.77,72.0,2.0,0.8611,17,12,0,0,0,0,0
Scholl_BUXEY_c06,Scholl_BUXEY,Scholl,29,36.0,c06,6,mid,high,low,mid,6042,published_results/full_campaign_median_T_252_2026-06-04/solutions/Scholl_BUXEY_c06/pareto_front.csv,9,8,210.0,89.9,13,3,10,False,2.6,89.9,97.1079,10818,5056647,600.73,87.0,2.9,0.8389,11,18,0,0,0,0,0
Scholl_BUXEY_c06,Scholl_BUXEY,Scholl,29,36.0,c06,6,mid,high,low,mid,6042,published_results/full_campaign_median_T_252_2026-06-04/solutions/Scholl_BUXEY_c06/pareto_front.csv,10,9,179.0,103.25,13,2,11,False,8.8905281711,103.25,91.3893,5291,2948006,300.75,101.0,2.25,0.8864,9,20,0,0,0,0,0
Scholl_BUXEY_c07,Scholl_BUXEY,Scholl,29,36.0,c07,7,high,low,high,mid,7042,published_results/full_campaign_median_T_252_2026-06-04/solutions/Scholl_BUXEY_c07/pareto_front.csv,1,0,400.0,0.0,10,10,0,True,400.0,400.0,0.0,0,1822,0.12,0.0,0.0,,29,0,0,0,0,0,0
Scholl_BUXEY_c07,Scholl_BUXEY,Scholl,29,36.0,c07,7,high,low,high,mid,7042,published_results/full_campaign_median_T_252_2026-06-04/solutions/Scholl_BUXEY_c07/pareto_front.csv,2,1,365.0,4.65,9,9,1,False,0.0,4.65,100.0,11379,2632047,300.79,4.0,0.65,0.6389,26,0,0,0,3,0,0
Scholl_BUXEY_c07,Scholl_BUXEY,Scholl,29,36.0,c07,7,high,low,high,mid,7042,published_results/full_campaign_median_T_252_2026-06-04/solutions/Scholl_BUXEY_c07/pareto_front.csv,3,2,325.0,7.1,8,8,1,False,0.0,7.1,100.0,10650,3837860,300.8,7.0,0.1,0.9444,24,0,0,0,5,0,0
Scholl_BUXEY_c07,Scholl_BUXEY,Scholl,29,36.0,c07,7,high,low,high,mid,7042,published_results/full_campaign_median_T_252_2026-06-04/solutions/Scholl_BUXEY_c07/pareto_front.csv,4,3,290.0,12.65,7,7,2,False,2.1804123711,12.65,82.7635,7226,2503983,300.79,12.0,0.65,0.8194,20,0,0,0,9,0,0
Scholl_BUXEY_c07,Scholl_BUXEY,Scholl,29,36.0,c07,7,high,low,high,mid,7042,published_results/full_campaign_median_T_252_2026-06-04/solutions/Scholl_BUXEY_c07/pareto_front.csv,5,4,259.0,22.75,7,6,3,False,0.093147216495,22.75,99.5906,4191,2070120,300.78,22.0,0.75,0.8611,16,1,0,0,12,0,0
Scholl_BUXEY_c07,Scholl_BUXEY,Scholl,29,36.0,c07,7,high,low,high,mid,7042,published_results/full_campaign_median_T_252_2026-06-04/solutions/Scholl_BUXEY_c07/pareto_front.csv,6,5,215.0,24.2,5,5,3,False,2.083757716,24.2,91.3894,4578,2341062,300.77,24.0,0.2,0.963,11,0,0,0,18,0,0
Scholl_BUXEY_c07,Scholl_BUXEY,Scholl,29,36.0,c07,7,high,low,high,mid,7042,published_results/full_campaign_median_T_252_2026-06-04/solutions/Scholl_BUXEY_c07/pareto_front.csv,7,6,180.0,35.349999999999994,4,4,4,False,6.7051948052,35.35,81.032,5075,2981112,300.77,35.0,0.35,0.9514,0,0,0,0,29,0,0
Scholl_BUXEY_c07,Scholl_BUXEY,Scholl,29,36.0,c07,7,high,low,high,mid,7042,published_results/full_campaign_median_T_252_2026-06-04/solutions/Scholl_BUXEY_c07/pareto_front.csv,8,7,171.0,64.29999999999998,7,3,7,True,64.3,64.3,0.0,6436,2548551,122.1,64.0,0.3,0.9762,0,10,0,0,19,0,0
Scholl_BUXEY_c08,Scholl_BUXEY,Scholl,29,36.0,c08,8,high,mid,low,high,8042,published_results/full_campaign_median_T_252_2026-06-04/solutions/Scholl_BUXEY_c08/pareto_front.csv,1,0,400.0,0.0,10,10,0,True,400.0,400.0,0.0,0,1822,0.12,0.0,0.0,,29,0,0,0,0,0,0
Scholl_BUXEY_c08,Scholl_BUXEY,Scholl,29,36.0,c08,8,high,mid,low,high,8042,published_results/full_campaign_median_T_252_2026-06-04/solutions/Scholl_BUXEY_c08/pareto_front.csv,2,1,369.0,5.0,10,9,1,False,0.0,5.0,100.0,38135,2668301,300.84,4.0,1.0,0.4444,28,1,0,0,0,0,0
Scholl_BUXEY_c08,Scholl_BUXEY,Scholl,29,36.0,c08,8,high,mid,low,high,8042,published_results/full_campaign_median_T_252_2026-06-04/solutions/Scholl_BUXEY_c08/pareto_front.csv,3,2,365.0,5.3,9,9,1,False,2.5012111801,5.3,52.8073,20318,4262078,300.8,5.0,0.3,0.8333,26,0,0,0,3,0,0
Scholl_BUXEY_c08,Scholl_BUXEY,Scholl,29,36.0,c08,8,high,mid,low,high,8042,published_results/full_campaign_median_T_252_2026-06-04/solutions/Scholl_BUXEY_c08/pareto_front.csv,4,3,339.0,19.0,9,8,3,False,0.0,19.0,100.0,10394,2973394,300.96,18.0,1.0,0.8148,20,1,0,0,8,0,0
Scholl_BUXEY_c08,Scholl_BUXEY,Scholl,29,36.0,c08,8,high,mid,low,high,8042,published_results/full_campaign_median_T_252_2026-06-04/solutions/Scholl_BUXEY_c08/pareto_front.csv,5,4,335.0,19.4,8,8,3,False,2.002173913,19.4,89.6795,8072,3431059,300.78,19.0,0.4,0.9259,17,0,0,0,12,0,0
Scholl_BUXEY_c08,Scholl_BUXEY,Scholl,29,36.0,c08,8,high,mid,low,high,8042,published_results/full_campaign_median_T_252_2026-06-04/solutions/Scholl_BUXEY_c08/pareto_front.csv,6,5,313.0,31.950000000000003,9,7,5,False,2.5,31.95,92.1753,24310,3716477,301.8,30.0,1.95,0.7833,14,2,0,0,13,0,0
Scholl_BUXEY_c08,Scholl_BUXEY,Scholl,29,36.0,c08,8,high,mid,low,high,8042,published_results/full_campaign_median_T_252_2026-06-04/solutions/Scholl_BUXEY_c08/pareto_front.csv,7,6,304.0,68.14999999999999,12,6,8,False,0.8484995525,68.15,98.755,9853,4116550,600.73,67.0,1.15,0.9201,12,8,0,0,4,3,2
Scholl_BUXEY_c09,Scholl_BUXEY,Scholl,29,36.0,c09,9,high,high,mid,low,9042,published_results/full_campaign_median_T_252_2026-06-04/solutions/Scholl_BUXEY_c09/pareto_front.csv,1,0,400.0,0.0,10,10,0,True,400.0,400.0,0.0,0,1822,0.12,0.0,0.0,,29,0,0,0,0,0,0
Scholl_BUXEY_c09,Scholl_BUXEY,Scholl,29,36.0,c09,9,high,high,mid,low,9042,published_results/full_campaign_median_T_252_2026-06-04/solutions/Scholl_BUXEY_c09/pareto_front.csv,2,1,365.0,4.25,9,9,1,False,0.0,4.25,100.0,7436,3057641,300.79,4.0,0.25,0.8611,25,0,0,0,0,3,1
Scholl_BUXEY_c09,Scholl_BUXEY,Scholl,29,36.0,c09,9,high,high,mid,low,9042,published_results/full_campaign_median_T_252_2026-06-04/solutions/Scholl_BUXEY_c09/pareto_front.csv,3,2,343.0,22.55,10,8,3,False,0.14814814815,22.55,99.343,20014,2656959,301.88,22.0,0.55,0.8981,22,3,0,0,0,3,1
Scholl_BUXEY_c09,Scholl_BUXEY,Scholl,29,36.0,c09,9,high,high,mid,low,9042,published_results/full_campaign_median_T_252_2026-06-04/solutions/Scholl_BUXEY_c09/pareto_front.csv,4,3,330.0,44.949999999999996,12,7,6,False,0.15696677385,44.95,99.6508,8170,4897685,600.74,43.0,1.95,0.8194,19,6,0,0,0,3,1
Scholl_GUNTHER_c01,Scholl_GUNTHER,Scholl,35,54.0,c01,1,low,low,low,low,1042,published_results/full_campaign_median_T_252_2026-06-04/solutions/Scholl_GUNTHER_c01/pareto_front.csv,1,0,360.0,0.0,9,9,0,True,360.0,360.0,0.0,0,2181,0.2,0.0,0.0,,35,0,0,0,0,0,0
Scholl_GUNTHER_c01,Scholl_GUNTHER,Scholl,35,54.0,c01,1,low,low,low,low,1042,published_results/full_campaign_median_T_252_2026-06-04/solutions/Scholl_GUNTHER_c01/pareto_front.csv,2,1,338.0,18.3,10,8,2,False,0.0,18.3,100.0,3891,1352653,301.32,16.0,2.3,0.5741,30,5,0,0,0,0,0
Scholl_GUNTHER_c01,Scholl_GUNTHER,Scholl,35,54.0,c01,1,low,low,low,low,1042,published_results/full_campaign_median_T_252_2026-06-04/solutions/Scholl_GUNTHER_c01/pareto_front.csv,3,2,303.0,25.049999999999997,9,7,3,False,0.0,25.05,100.0,3245,1403909,301.36,21.0,4.05,0.5,25,2,0,0,8,0,0
Scholl_GUNTHER_c01,Scholl_GUNTHER,Scholl,35,54.0,c01,1,low,low,low,low,1042,published_results/full_campaign_median_T_252_2026-06-04/solutions/Scholl_GUNTHER_c01/pareto_front.csv,4,3,264.0,37.05,7,6,4,False,0.16381448413,37.05,99.5579,3447,2708661,601.2,34.0,3.05,0.7176,12,2,0,0,9,8,4
Scholl_GUNTHER_c01,Scholl_GUNTHER,Scholl,35,54.0,c01,1,low,low,low,low,1042,published_results/full_campaign_median_T_252_2026-06-04/solutions/Scholl_GUNTHER_c01/pareto_front.csv,5,4,263.0,37.25,8,6,3,False,0.0,37.25,100.0,3617,1278509,301.28,36.0,1.25,0.8457,23,4,0,0,8,0,0
Scholl_GUNTHER_c01,Scholl_GUNTHER,Scholl,35,54.0,c01,1,low,low,low,low,1042,published_results/full_campaign_median_T_252_2026-06-04/solutions/Scholl_GUNTHER_c01/pareto_front.csv,6,5,228.0,49.0,7,5,4,False,0.43433238792,49.0,99.1136,3452,2414385,601.2,48.0,1.0,0.9074,12,6,0,0,9,5,3
Scholl_GUNTHER_c01,Scholl_GUNTHER,Scholl,35,54.0,c01,1,low,low,low,low,1042,published_results/full_campaign_median_T_252_2026-06-04/solutions/Scholl_GUNTHER_c01/pareto_front.csv,7,6,197.0,59.0,7,4,5,False,0.3074872591,59.0,99.4788,23,471194,301.3,57.0,2.0,0.8519,16,6,0,0,13,0,0
Scholl_GUNTHER_c01,Scholl_GUNTHER,Scholl,35,54.0,c01,1,low,low,low,low,1042,published_results/full_campaign_median_T_252_2026-06-04/solutions/Scholl_GUNTHER_c01/pareto_front.csv,8,7,170.0,85.80000000000001,8,3,6,False,0.65529695228,85.8,99.2363,1090,1262537,301.32,84.0,1.8,0.8889,7,19,0,0,9,0,0
Scholl_GUNTHER_c01,Scholl_GUNTHER,Scholl,35,54.0,c01,1,low,low,low,low,1042,published_results/full_campaign_median_T_252_2026-06-04/solutions/Scholl_GUNTHER_c01/pareto_front.csv,9,8,139.0,96.95000000000002,8,2,7,False,3.5414558981,96.95,96.3471,3355,1838320,301.27,95.0,1.95,0.8968,5,19,0,0,11,0,0
Scholl_GUNTHER_c01,Scholl_GUNTHER,Scholl,35,54.0,c01,1,low,low,low,low,1042,published_results/full_campaign_median_T_252_2026-06-04/solutions/Scholl_GUNTHER_c01/pareto_front.csv,10,9,135.0,98.89999999999999,7,2,7,False,6.1081897926,98.9,93.8239,3543,1804406,301.29,98.0,0.9,0.9524,0,20,0,0,10,2,3
Scholl_GUNTHER_c01,Scholl_GUNTHER,Scholl,35,54.0,c01,1,low,low,low,low,1042,published_results/full_campaign_median_T_252_2026-06-04/solutions/Scholl_GUNTHER_c01/pareto_front.csv,11,10,108.0,115.35,8,1,8,False,61.120157455,115.35,47.0133,7352,2799454,301.29,114.0,1.35,0.9375,0,26,0,0,9,0,0
Scholl_GUNTHER_c01,Scholl_GUNTHER,Scholl,35,54.0,c01,1,low,low,low,low,1042,published_results/full_campaign_median_T_252_2026-06-04/solutions/Scholl_GUNTHER_c01/pareto_front.csv,12,11,90.0,144.50000000000003,10,0,10,True,144.5,144.5,0.0,1822,507072,46.94,142.0,2.5,0.9074,0,35,0,0,0,0,0
Scholl_GUNTHER_c02,Scholl_GUNTHER,Scholl,35,54.0,c02,2,low,mid,mid,mid,2042,published_results/full_campaign_median_T_252_2026-06-04/solutions/Scholl_GUNTHER_c02/pareto_front.csv,1,0,360.0,0.0,9,9,0,True,360.0,360.0,0.0,0,2181,0.19,0.0,0.0,,35,0,0,0,0,0,0
Scholl_GUNTHER_c02,Scholl_GUNTHER,Scholl,35,54.0,c02,2,low,mid,mid,mid,2042,published_results/full_campaign_median_T_252_2026-06-04/solutions/Scholl_GUNTHER_c02/pareto_front.csv,2,1,338.0,17.650000000000002,10,8,2,False,0.0,17.65,100.0,3779,1820522,301.3,15.0,2.65,0.5093,31,4,0,0,0,0,0
Scholl_GUNTHER_c02,Scholl_GUNTHER,Scholl,35,54.0,c02,2,low,mid,mid,mid,2042,published_results/full_campaign_median_T_252_2026-06-04/solutions/Scholl_GUNTHER_c02/pareto_front.csv,3,2,299.0,33.650000000000006,8,7,3,False,0.0,33.65,100.0,3671,1173567,301.38,33.0,0.65,0.9198,22,2,0,0,4,5,2
Scholl_GUNTHER_c02,Scholl_GUNTHER,Scholl,35,54.0,c02,2,low,mid,mid,mid,2042,published_results/full_campaign_median_T_252_2026-06-04/solutions/Scholl_GUNTHER_c02/pareto_front.csv,4,3,286.0,48.24999999999999,10,6,6,False,0.0,48.25,100.0,3530,1327125,301.37,42.0,6.25,0.6142,15,6,0,0,0,10,4
Scholl_GUNTHER_c02,Scholl_GUNTHER,Scholl,35,54.0,c02,2,low,mid,mid,mid,2042,published_results/full_campaign_median_T_252_2026-06-04/solutions/Scholl_GUNTHER_c02/pareto_front.csv,5,4,272.0,48.45,9,6,4,False,0.048138564597,48.45,99.9006,3411,1573479,301.27,47.0,1.45,0.8657,21,9,0,0,0,2,3
Scholl_GUNTHER_c02,Scholl_GUNTHER,Scholl,35,54.0,c02,2,low,mid,mid,mid,2042,published_results/full_campaign_median_T_252_2026-06-04/solutions/Scholl_GUNTHER_c02/pareto_front.csv,6,5,245.0,64.85000000000001,10,5,5,False,0.049795874079,64.85,99.9232,4085,2431119,601.64,62.0,2.85,0.7889,24,11,0,0,0,0,0
Scholl_GUNTHER_c02,Scholl_GUNTHER,Scholl,35,54.0,c02,2,low,mid,mid,mid,2042,published_results/full_campaign_median_T_252_2026-06-04/solutions/Scholl_GUNTHER_c02/pareto_front.csv,7,6,241.0,71.14999999999999,9,5,5,False,0.043138867627,71.15,99.9394,1766,1435843,301.32,70.0,1.15,0.9148,14,13,0,0,0,3,5
Scholl_GUNTHER_c02,Scholl_GUNTHER,Scholl,35,54.0,c02,2,low,mid,mid,mid,2042,published_results/full_campaign_median_T_252_2026-06-04/solutions/Scholl_GUNTHER_c02/pareto_front.csv,8,7,228.0,83.6,11,4,8,False,1.7639699519,83.6,97.89,3463,1853748,601.21,76.0,7.6,0.6481,13,14,0,0,0,6,2
Scholl_GUNTHER_c02,Scholl_GUNTHER,Scholl,35,54.0,c02,2,low,mid,mid,mid,2042,published_results/full_campaign_median_T_252_2026-06-04/solutions/Scholl_GUNTHER_c02/pareto_front.csv,9,8,223.0,84.8,11,4,7,False,0.36018957346,84.8,99.5752,1426,1470924,301.31,79.0,5.8,0.6931,16,19,0,0,0,0,0
Scholl_GUNTHER_c03,Scholl_GUNTHER,Scholl,35,54.0,c03,3,low,high,high,high,3042,published_results/full_campaign_median_T_252_2026-06-04/solutions/Scholl_GUNTHER_c03/pareto_front.csv,1,0,360.0,0.0,9,9,0,True,360.0,360.0,0.0,0,2181,0.19,0.0,0.0,,35,0,0,0,0,0,0
Scholl_GUNTHER_c03,Scholl_GUNTHER,Scholl,35,54.0,c03,3,low,high,high,high,3042,published_results/full_campaign_median_T_252_2026-06-04/solutions/Scholl_GUNTHER_c03/pareto_front.csv,2,1,334.0,15.4,9,8,2,False,0.0,15.4,100.0,6156,1432246,301.33,14.0,1.4,0.7407,30,1,0,0,0,2,2
Scholl_GUNTHER_c03,Scholl_GUNTHER,Scholl,35,54.0,c03,3,low,high,high,high,3042,published_results/full_campaign_median_T_252_2026-06-04/solutions/Scholl_GUNTHER_c03/pareto_front.csv,3,2,307.0,29.8,10,7,3,False,0.0,29.8,100.0,4458,1374146,301.31,27.0,2.8,0.6543,30,5,0,0,0,0,0
Scholl_GUNTHER_c03,Scholl_GUNTHER,Scholl,35,54.0,c03,3,low,high,high,high,3042,published_results/full_campaign_median_T_252_2026-06-04/solutions/Scholl_GUNTHER_c03/pareto_front.csv,4,3,272.0,42.65,9,6,4,False,0.0,42.65,100.0,3547,1294253,301.36,41.0,1.65,0.8472,25,6,0,0,0,2,2
Scholl_GUNTHER_c03,Scholl_GUNTHER,Scholl,35,54.0,c03,3,low,high,high,high,3042,published_results/full_campaign_median_T_252_2026-06-04/solutions/Scholl_GUNTHER_c03/pareto_front.csv,5,4,245.0,60.75000000000001,10,5,5,False,0.15958295142,60.75,99.7373,3541,1140117,301.31,58.0,2.75,0.7963,25,10,0,0,0,0,0
Scholl_GUNTHER_c03,Scholl_GUNTHER,Scholl,35,54.0,c03,3,low,high,high,high,3042,published_results/full_campaign_median_T_252_2026-06-04/solutions/Scholl_GUNTHER_c03/pareto_front.csv,6,5,214.0,79.0,10,4,6,False,1.4241666667,79.0,98.1973,3016,1277029,301.37,76.0,3.0,0.8148,19,16,0,0,0,0,0
Scholl_GUNTHER_c03,Scholl_GUNTHER,Scholl,35,54.0,c03,3,low,high,high,high,3042,published_results/full_campaign_median_T_252_2026-06-04/solutions/Scholl_GUNTHER_c03/pareto_front.csv,7,6,192.0,93.9,11,3,8,False,0.84343884472,93.9,99.1018,42,396245,301.33,88.0,5.9,0.7269,19,16,0,0,0,0,0
Scholl_GUNTHER_c03,Scholl_GUNTHER,Scholl,35,54.0,c03,3,low,high,high,high,3042,published_results/full_campaign_median_T_252_2026-06-04/solutions/Scholl_GUNTHER_c03/pareto_front.csv,8,7,183.0,95.10000000000001,10,3,7,False,0.51708333333,95.1,99.4563,408,650710,301.31,92.0,3.1,0.836,17,18,0,0,0,0,0
Scholl_GUNTHER_c03,Scholl_GUNTHER,Scholl,35,54.0,c03,3,low,high,high,high,3042,published_results/full_campaign_median_T_252_2026-06-04/solutions/Scholl_GUNTHER_c03/pareto_front.csv,9,8,143.0,109.39999999999999,9,2,7,False,14.294363245,109.4,86.9339,3321,2067466,301.29,109.0,0.4,0.9788,7,28,0,0,0,0,0
Scholl_GUNTHER_c03,Scholl_GUNTHER,Scholl,35,54.0,c03,3,low,high,high,high,3042,published_results/full_campaign_median_T_252_2026-06-04/solutions/Scholl_GUNTHER_c03/pareto_front.csv,10,9,112.0,125.3,9,1,8,False,51.439936632,125.3,58.9466,8938,2416394,301.29,125.0,0.3,0.9861,3,32,0,0,0,0,0
Scholl_GUNTHER_c03,Scholl_GUNTHER,Scholl,35,54.0,c03,3,low,high,high,high,3042,published_results/full_campaign_median_T_252_2026-06-04/solutions/Scholl_GUNTHER_c03/pareto_front.csv,11,10,81.0,142.35000000000002,9,0,9,True,142.35,142.35,0.0,6877,1019458,74.11,142.0,0.35,0.9856,0,35,0,0,0,0,0
Scholl_GUNTHER_c04,Scholl_GUNTHER,Scholl,35,54.0,c04,4,mid,low,mid,high,4042,published_results/full_campaign_median_T_252_2026-06-04/solutions/Scholl_GUNTHER_c04/pareto_front.csv,1,0,360.0,0.0,9,9,0,True,360.0,360.0,0.0,0,2181,0.19,0.0,0.0,,35,0,0,0,0,0,0
Scholl_GUNTHER_c04,Scholl_GUNTHER,Scholl,35,54.0,c04,4,mid,low,mid,high,4042,published_results/full_campaign_median_T_252_2026-06-04/solutions/Scholl_GUNTHER_c04/pareto_front.csv,2,1,325.0,11.3,8,8,1,False,0.0,11.3,100.0,5138,1972199,301.32,11.0,0.3,0.8889,29,0,0,0,6,0,0
Scholl_GUNTHER_c04,Scholl_GUNTHER,Scholl,35,54.0,c04,4,mid,low,mid,high,4042,published_results/full_campaign_median_T_252_2026-06-04/solutions/Scholl_GUNTHER_c04/pareto_front.csv,3,2,290.0,20.900000000000002,7,7,2,False,0.1275,20.9,99.39,4017,1225935,301.29,20.0,0.9,0.8333,23,0,0,0,12,0,0
Scholl_GUNTHER_c04,Scholl_GUNTHER,Scholl,35,54.0,c04,4,mid,low,mid,high,4042,published_results/full_campaign_median_T_252_2026-06-04/solutions/Scholl_GUNTHER_c04/pareto_front.csv,4,3,255.0,28.6,6,6,3,False,0.0,28.6,100.0,3430,1861939,301.27,27.0,1.6,0.8025,20,0,0,0,15,0,0
Scholl_GUNTHER_c04,Scholl_GUNTHER,Scholl,35,54.0,c04,4,mid,low,mid,high,4042,published_results/full_campaign_median_T_252_2026-06-04/solutions/Scholl_GUNTHER_c04/pareto_front.csv,5,4,215.0,35.4,5,5,3,False,0.17592592593,35.4,99.503,510,1133225,301.3,35.0,0.4,0.9506,14,0,0,0,21,0,0
Scholl_GUNTHER_c04,Scholl_GUNTHER,Scholl,35,54.0,c04,4,mid,low,mid,high,4042,published_results/full_campaign_median_T_252_2026-06-04/solutions/Scholl_GUNTHER_c04/pareto_front.csv,6,5,193.0,55.699999999999996,6,4,5,False,3.537037037,55.7,93.6498,2846,3592375,601.39,53.0,2.7,0.8,9,3,0,0,23,0,0
Scholl_GUNTHER_c04,Scholl_GUNTHER,Scholl,35,54.0,c04,4,mid,low,mid,high,4042,published_results/full_campaign_median_T_252_2026-06-04/solutions/Scholl_GUNTHER_c04/pareto_front.csv,7,6,184.0,94.25,9,3,8,False,6.7731341047,94.25,92.8137,3293,2048780,301.28,90.0,4.25,0.8032,6,15,0,0,14,0,0
Scholl_GUNTHER_c04,Scholl_GUNTHER,Scholl,35,54.0,c04,4,mid,low,mid,high,4042,published_results/full_campaign_median_T_252_2026-06-04/solutions/Scholl_GUNTHER_c04/pareto_front.csv,8,7,175.0,95.2,8,3,7,False,7.0036707921,95.2,92.6432,4909,2112199,301.3,94.0,1.2,0.9365,4,11,0,0,20,0,0
Scholl_GUNTHER_c05,Scholl_GUNTHER,Scholl,35,54.0,c05,5,mid,mid,high,low,5042,published_results/full_campaign_median_T_252_2026-06-04/solutions/Scholl_GUNTHER_c05/pareto_front.csv,1,0,360.0,0.0,9,9,0,True,360.0,360.0,0.0,0,2181,0.19,0.0,0.0,,35,0,0,0,0,0,0
Scholl_GUNTHER_c05,Scholl_GUNTHER,Scholl,35,54.0,c05,5,mid,mid,high,low,5042,published_results/full_campaign_median_T_252_2026-06-04/solutions/Scholl_GUNTHER_c05/pareto_front.csv,2,1,334.0,19.099999999999998,9,8,2,False,0.0,19.1,100.0,3360,1596070,301.51,18.0,1.1,0.7963,29,1,0,0,0,2,3
Scholl_GUNTHER_c05,Scholl_GUNTHER,Scholl,35,54.0,c05,5,mid,mid,high,low,5042,published_results/full_campaign_median_T_252_2026-06-04/solutions/Scholl_GUNTHER_c05/pareto_front.csv,3,2,308.0,38.95,9,7,4,False,0.0,38.95,100.0,3572,1623074,301.33,37.0,1.95,0.8194,21,5,0,0,0,6,3
Scholl_GUNTHER_c05,Scholl_GUNTHER,Scholl,35,54.0,c05,5,mid,mid,high,low,5042,published_results/full_campaign_median_T_252_2026-06-04/solutions/Scholl_GUNTHER_c05/pareto_front.csv,4,3,290.0,63.849999999999994,11,6,6,False,0.0,63.85,100.0,3546,1789180,301.31,60.0,3.85,0.7623,23,10,0,0,2,0,0
Scholl_GUNTHER_c06,Scholl_GUNTHER,Scholl,35,54.0,c06,6,mid,high,low,mid,6042,published_results/full_campaign_median_T_252_2026-06-04/solutions/Scholl_GUNTHER_c06/pareto_front.csv,1,0,360.0,0.0,9,9,0,True,360.0,360.0,0.0,0,2181,0.56,0.0,0.0,,35,0,0,0,0,0,0
Scholl_GUNTHER_c06,Scholl_GUNTHER,Scholl,35,54.0,c06,6,mid,high,low,mid,6042,published_results/full_campaign_median_T_252_2026-06-04/solutions/Scholl_GUNTHER_c06/pareto_front.csv,2,1,338.0,21.65,10,8,2,False,0.0,21.65,100.0,5944,2452156,301.3,20.0,1.65,0.6944,33,2,0,0,0,0,0
Scholl_GUNTHER_c06,Scholl_GUNTHER,Scholl,35,54.0,c06,6,mid,high,low,mid,6042,published_results/full_campaign_median_T_252_2026-06-04/solutions/Scholl_GUNTHER_c06/pareto_front.csv,3,2,285.0,64.30000000000001,11,6,5,False,0.0,64.3,100.0,3791,1953361,301.33,62.0,2.3,0.8296,24,11,0,0,0,0,0
Scholl_GUNTHER_c06,Scholl_GUNTHER,Scholl,35,54.0,c06,6,mid,high,low,mid,6042,published_results/full_campaign_median_T_252_2026-06-04/solutions/Scholl_GUNTHER_c06/pareto_front.csv,4,3,259.0,82.55000000000001,11,5,7,False,0.014882708585,82.55,99.982,1729,2807708,601.22,80.0,2.55,0.8651,18,13,0,0,0,2,2
Scholl_GUNTHER_c07,Scholl_GUNTHER,Scholl,35,54.0,c07,7,high,low,high,mid,7042,published_results/full_campaign_median_T_252_2026-06-04/solutions/Scholl_GUNTHER_c07/pareto_front.csv,1,0,360.0,0.0,9,9,0,True,360.0,360.0,0.0,0,2181,0.2,0.0,0.0,,35,0,0,0,0,0,0
Scholl_GUNTHER_c07,Scholl_GUNTHER,Scholl,35,54.0,c07,7,high,low,high,mid,7042,published_results/full_campaign_median_T_252_2026-06-04/solutions/Scholl_GUNTHER_c07/pareto_front.csv,2,1,325.0,9.45,8,8,1,False,0.0,9.45,100.0,6979,1899268,301.32,9.0,0.45,0.8333,30,0,0,0,5,0,0
Scholl_GUNTHER_c07,Scholl_GUNTHER,Scholl,35,54.0,c07,7,high,low,high,mid,7042,published_results/full_campaign_median_T_252_2026-06-04/solutions/Scholl_GUNTHER_c07/pareto_front.csv,3,2,250.0,23.1,6,6,2,False,0.50663366337,23.1,97.8068,2640,2288627,301.3,23.0,0.1,0.9815,19,0,0,0,16,0,0
Scholl_GUNTHER_c07,Scholl_GUNTHER,Scholl,35,54.0,c07,7,high,low,high,mid,7042,published_results/full_campaign_median_T_252_2026-06-04/solutions/Scholl_GUNTHER_c07/pareto_front.csv,4,3,224.0,36.2,6,5,4,False,0.37990108855,36.2,98.9505,5043,2340356,301.28,33.0,3.2,0.7037,15,1,0,0,19,0,0
Scholl_GUNTHER_c07,Scholl_GUNTHER,Scholl,35,54.0,c07,7,high,low,high,mid,7042,published_results/full_campaign_median_T_252_2026-06-04/solutions/Scholl_GUNTHER_c07/pareto_front.csv,5,4,215.0,38.449999999999996,5,5,3,False,0.82952278988,38.45,97.8426,2231,2187297,301.3,38.0,0.45,0.9444,9,0,0,0,26,0,0
Scholl_GUNTHER_c07,Scholl_GUNTHER,Scholl,35,54.0,c07,7,high,low,high,mid,7042,published_results/full_campaign_median_T_252_2026-06-04/solutions/Scholl_GUNTHER_c07/pareto_front.csv,6,5,184.0,49.699999999999996,5,4,4,False,4.0728964025,49.7,91.805,3683,2381951,301.28,49.0,0.7,0.9352,8,1,0,0,26,0,0
Scholl_GUNTHER_c07,Scholl_GUNTHER,Scholl,35,54.0,c07,7,high,low,high,mid,7042,published_results/full_campaign_median_T_252_2026-06-04/solutions/Scholl_GUNTHER_c07/pareto_front.csv,7,6,162.0,80.89999999999999,6,3,6,True,80.9,80.9,0.0,2981,2567581,220.11,80.0,0.9,0.9444,0,8,0,0,27,0,0
Scholl_GUNTHER_c08,Scholl_GUNTHER,Scholl,35,54.0,c08,8,high,mid,low,high,8042,published_results/full_campaign_median_T_252_2026-06-04/solutions/Scholl_GUNTHER_c08/pareto_front.csv,1,0,360.0,0.0,9,9,0,True,360.0,360.0,0.0,0,2181,0.2,0.0,0.0,,35,0,0,0,0,0,0
Scholl_GUNTHER_c08,Scholl_GUNTHER,Scholl,35,54.0,c08,8,high,mid,low,high,8042,published_results/full_campaign_median_T_252_2026-06-04/solutions/Scholl_GUNTHER_c08/pareto_front.csv,2,1,330.0,20.1,8,8,2,False,0.030291970803,20.1,99.8493,3361,1665553,301.29,20.0,0.1,0.9815,26,0,0,0,9,0,0
Scholl_GUNTHER_c09,Scholl_GUNTHER,Scholl,35,54.0,c09,9,high,high,mid,low,9042,published_results/full_campaign_median_T_252_2026-06-04/solutions/Scholl_GUNTHER_c09/pareto_front.csv,1,0,360.0,0.0,9,9,0,True,360.0,360.0,0.0,0,2181,0.2,0.0,0.0,,35,0,0,0,0,0,0
Scholl_GUNTHER_c09,Scholl_GUNTHER,Scholl,35,54.0,c09,9,high,high,mid,low,9042,published_results/full_campaign_median_T_252_2026-06-04/solutions/Scholl_GUNTHER_c09/pareto_front.csv,2,1,348.0,52.2,10,8,4,False,0.0,52.2,100.0,6593,2621816,601.24,52.0,0.2,0.9815,24,3,0,0,8,0,0
Scholl_HAHN_c01,Scholl_HAHN,Scholl,53,2806.0,c01,1,low,low,low,low,1042,published_results/full_campaign_median_T_252_2026-06-04/solutions/Scholl_HAHN_c01/pareto_front.csv,1,0,240.0,0.0,6,6,0,True,240.0,240.0,0.0,0,2662,0.47,0.0,0.0,,53,0,0,0,0,0,0
Scholl_HAHN_c01,Scholl_HAHN,Scholl,53,2806.0,c01,1,low,low,low,low,1042,published_results/full_campaign_median_T_252_2026-06-04/solutions/Scholl_HAHN_c01/pareto_front.csv,2,1,205.0,156.20000000000002,5,5,1,False,0.0,156.2,100.0,2343,800451,304.39,21.0,135.2,0.0364,44,0,8,1,0,0,0
Scholl_HAHN_c01,Scholl_HAHN,Scholl,53,2806.0,c01,1,low,low,low,low,1042,published_results/full_campaign_median_T_252_2026-06-04/solutions/Scholl_HAHN_c01/pareto_front.csv,3,2,165.0,353.3,4,4,1,False,0.0,353.3,100.0,419,546440,304.21,315.0,38.3,0.727,38,0,0,0,15,0,0
Scholl_HAHN_c01,Scholl_HAHN,Scholl,53,2806.0,c01,1,low,low,low,low,1042,published_results/full_campaign_median_T_252_2026-06-04/solutions/Scholl_HAHN_c01/pareto_front.csv,4,3,130.0,684.75,3,3,2,False,21.625094963,684.75,96.8419,1189,764752,304.23,604.0,80.75,0.7122,6,0,0,0,33,12,2
Scholl_HAHN_c01,Scholl_HAHN,Scholl,53,2806.0,c01,1,low,low,low,low,1042,published_results/full_campaign_median_T_252_2026-06-04/solutions/Scholl_HAHN_c01/pareto_front.csv,5,4,90.0,824.95,2,2,2,False,317.2798276,824.95,61.5395,2023,2021580,304.19,798.0,26.95,0.904,0,0,0,0,53,0,0
Scholl_HAHN_c01,Scholl_HAHN,Scholl,53,2806.0,c01,1,low,low,low,low,1042,published_results/full_campaign_median_T_252_2026-06-04/solutions/Scholl_HAHN_c01/pareto_front.csv,6,5,72.0,2128.6,4,1,4,False,145.84839109,2128.6,93.1482,2172,1387294,304.11,2021.0,107.6,0.8083,0,24,0,0,29,0,0
Scholl_HAHN_c01,Scholl_HAHN,Scholl,53,2806.0,c01,1,low,low,low,low,1042,published_results/full_campaign_median_T_252_2026-06-04/solutions/Scholl_HAHN_c01/pareto_front.csv,7,6,54.0,3794.9000000000005,6,0,6,True,3794.9,3794.9,0.0,134,158430,35.92,3654.0,140.9,0.8326,0,53,0,0,0,0,0
Scholl_HAHN_c02,Scholl_HAHN,Scholl,53,2806.0,c02,2,low,mid,mid,mid,2042,published_results/full_campaign_median_T_252_2026-06-04/solutions/Scholl_HAHN_c02/pareto_front.csv,1,0,240.0,0.0,6,6,0,True,240.0,240.0,0.0,0,2662,0.47,0.0,0.0,,53,0,0,0,0,0,0
Scholl_HAHN_c02,Scholl_HAHN,Scholl,53,2806.0,c02,2,low,mid,mid,mid,2042,published_results/full_campaign_median_T_252_2026-06-04/solutions/Scholl_HAHN_c02/pareto_front.csv,2,1,205.0,331.2,5,5,1,False,0.0,331.2,100.0,3520,1706810,603.87,280.0,51.2,0.6351,34,0,0,0,19,0,0
Scholl_HAHN_c02,Scholl_HAHN,Scholl,53,2806.0,c02,2,low,mid,mid,mid,2042,published_results/full_campaign_median_T_252_2026-06-04/solutions/Scholl_HAHN_c02/pareto_front.csv,3,2,174.0,800.6999999999999,5,4,2,False,0.0,800.7,100.0,506,577778,304.2,716.0,84.7,0.6981,24,11,0,0,18,0,0
Scholl_HAHN_c02,Scholl_HAHN,Scholl,53,2806.0,c02,2,low,mid,mid,mid,2042,published_results/full_campaign_median_T_252_2026-06-04/solutions/Scholl_HAHN_c02/pareto_front.csv,4,3,138.0,1522.15,5,3,2,False,0.0,1522.15,100.0,757,753784,304.17,1515.0,7.15,0.9745,38,15,0,0,0,0,0
Scholl_HAHN_c02,Scholl_HAHN,Scholl,53,2806.0,c02,2,low,mid,mid,mid,2042,published_results/full_campaign_median_T_252_2026-06-04/solutions/Scholl_HAHN_c02/pareto_front.csv,5,4,107.0,2227.0000000000005,5,2,3,False,285.25986282,2227.0,87.1908,2336,1546641,304.17,2223.0,4.0,0.9905,16,37,0,0,0,0,0
Scholl_HAHN_c02,Scholl_HAHN,Scholl,53,2806.0,c02,2,low,mid,mid,mid,2042,published_results/full_campaign_median_T_252_2026-06-04/solutions/Scholl_HAHN_c02/pareto_front.csv,6,5,81.0,2983.8,5,1,5,False,311.72248227,2983.8,89.5528,3492,1785418,304.16,2888.0,95.8,0.8634,0,38,0,0,0,10,5
Scholl_HAHN_c02,Scholl_HAHN,Scholl,53,2806.0,c02,2,low,mid,mid,mid,2042,published_results/full_campaign_median_T_252_2026-06-04/solutions/Scholl_HAHN_c02/pareto_front.csv,7,6,76.0,2994.35,5,1,4,True,2994.35,2994.35,0.0,1422,508561,83.8,2988.0,6.35,0.9887,8,45,0,0,0,0,0
Scholl_HAHN_c02,Scholl_HAHN,Scholl,53,2806.0,c02,2,low,mid,mid,mid,2042,published_results/full_campaign_median_T_252_2026-06-04/solutions/Scholl_HAHN_c02/pareto_front.csv,8,7,54.0,3863.15,6,0,6,True,3863.15,3863.15,0.0,404,291570,52.41,3721.0,142.15,0.8311,0,53,0,0,0,0,0
Scholl_HAHN_c03,Scholl_HAHN,Scholl,53,2806.0,c03,3,low,high,high,high,3042,published_results/full_campaign_median_T_252_2026-06-04/solutions/Scholl_HAHN_c03/pareto_front.csv,1,0,240.0,0.0,6,6,0,True,240.0,240.0,0.0,0,2662,0.47,0.0,0.0,,53,0,0,0,0,0,0
Scholl_HAHN_c04,Scholl_HAHN,Scholl,53,2806.0,c04,4,mid,low,mid,high,4042,published_results/full_campaign_median_T_252_2026-06-04/solutions/Scholl_HAHN_c04/pareto_front.csv,1,0,240.0,0.0,6,6,0,True,240.0,240.0,0.0,0,2662,0.47,0.0,0.0,,53,0,0,0,0,0,0
Scholl_HAHN_c04,Scholl_HAHN,Scholl,53,2806.0,c04,4,mid,low,mid,high,4042,published_results/full_campaign_median_T_252_2026-06-04/solutions/Scholl_HAHN_c04/pareto_front.csv,2,1,205.0,330.15,5,5,1,False,0.0,330.15,100.0,610,942747,604.1,276.0,54.15,0.614,41,0,0,0,12,0,0
Scholl_HAHN_c04,Scholl_HAHN,Scholl,53,2806.0,c04,4,mid,low,mid,high,4042,published_results/full_campaign_median_T_252_2026-06-04/solutions/Scholl_HAHN_c04/pareto_front.csv,3,2,130.0,744.85,3,3,2,False,0.0,744.85,100.0,182,498052,304.23,684.0,60.85,0.7831,8,0,0,0,45,0,0
Scholl_HAHN_c04,Scholl_HAHN,Scholl,53,2806.0,c04,4,mid,low,mid,high,4042,published_results/full_campaign_median_T_252_2026-06-04/solutions/Scholl_HAHN_c04/pareto_front.csv,4,3,90.0,845.9,2,2,2,False,19.310278511,845.9,97.7172,324,860669,304.18,831.0,14.9,0.9469,0,0,0,0,53,0,0
Scholl_HAHN_c04,Scholl_HAHN,Scholl,53,2806.0,c04,4,mid,low,mid,high,4042,published_results/full_campaign_median_T_252_2026-06-04/solutions/Scholl_HAHN_c04/pareto_front.csv,5,4,81.0,2977.8,5,1,5,True,2977.8,2977.8,0.0,152,268534,63.68,2881.0,96.8,0.862,0,20,0,0,33,0,0
Scholl_HAHN_c04,Scholl_HAHN,Scholl,53,2806.0,c04,4,mid,low,mid,high,4042,published_results/full_campaign_median_T_252_2026-06-04/solutions/Scholl_HAHN_c04/pareto_front.csv,6,5,72.0,5492.950000000001,8,0,8,True,5492.95,5492.95,0.0,99,150852,32.95,5386.0,106.95,0.9047,0,53,0,0,0,0,0
Scholl_HAHN_c05,Scholl_HAHN,Scholl,53,2806.0,c05,5,mid,mid,high,low,5042,published_results/full_campaign_median_T_252_2026-06-04/solutions/Scholl_HAHN_c05/pareto_front.csv,1,0,240.0,0.0,6,6,0,True,240.0,240.0,0.0,0,2662,0.57,0.0,0.0,,53,0,0,0,0,0,0
Scholl_HAHN_c05,Scholl_HAHN,Scholl,53,2806.0,c05,5,mid,mid,high,low,5042,published_results/full_campaign_median_T_252_2026-06-04/solutions/Scholl_HAHN_c05/pareto_front.csv,2,1,205.0,360.9,5,5,1,False,0.0,360.9,100.0,2280,1764001,603.96,326.0,34.9,0.7512,43,0,0,0,10,0,0
Scholl_HAHN_c05,Scholl_HAHN,Scholl,53,2806.0,c05,5,mid,mid,high,low,5042,published_results/full_campaign_median_T_252_2026-06-04/solutions/Scholl_HAHN_c05/pareto_front.csv,3,2,174.0,941.9000000000001,5,4,2,False,0.0,941.9,100.0,1865,966625,304.58,898.0,43.9,0.8435,37,5,0,0,11,0,0
Scholl_HAHN_c05,Scholl_HAHN,Scholl,53,2806.0,c05,5,mid,mid,high,low,5042,published_results/full_campaign_median_T_252_2026-06-04/solutions/Scholl_HAHN_c05/pareto_front.csv,4,3,156.0,2272.6000000000004,7,3,4,False,142.20148303,2272.6,93.7428,1737,1058358,304.23,2120.0,152.6,0.7281,37,16,0,0,0,0,0
Scholl_HAHN_c05,Scholl_HAHN,Scholl,53,2806.0,c05,5,mid,mid,high,low,5042,published_results/full_campaign_median_T_252_2026-06-04/solutions/Scholl_HAHN_c05/pareto_front.csv,5,4,117.0,2943.2,5,2,5,False,156.29115152,2943.2,94.6898,2044,1383373,304.17,2891.0,52.2,0.9256,0,18,0,0,35,0,0
Scholl_HAHN_c05,Scholl_HAHN,Scholl,53,2806.0,c05,5,mid,mid,high,low,5042,published_results/full_campaign_median_T_252_2026-06-04/solutions/Scholl_HAHN_c05/pareto_front.csv,6,5,90.0,3885.6,6,1,6,False,1580.3257074,3885.6,59.3287,3780,2306263,304.15,3837.0,48.6,0.9423,0,29,0,0,24,0,0
Scholl_HAHN_c05,Scholl_HAHN,Scholl,53,2806.0,c05,5,mid,mid,high,low,5042,published_results/full_campaign_median_T_252_2026-06-04/solutions/Scholl_HAHN_c05/pareto_front.csv,7,6,72.0,5204.049999999999,8,0,8,True,5204.05,5204.05,0.0,234,393297,78.44,5045.0,159.05,0.8583,0,53,0,0,0,0,0
Scholl_HAHN_c06,Scholl_HAHN,Scholl,53,2806.0,c06,6,mid,high,low,mid,6042,published_results/full_campaign_median_T_252_2026-06-04/solutions/Scholl_HAHN_c06/pareto_front.csv,1,0,240.0,0.0,6,6,0,True,240.0,240.0,0.0,0,2662,0.49,0.0,0.0,,53,0,0,0,0,0,0
Scholl_HAHN_c06,Scholl_HAHN,Scholl,53,2806.0,c06,6,mid,high,low,mid,6042,published_results/full_campaign_median_T_252_2026-06-04/solutions/Scholl_HAHN_c06/pareto_front.csv,2,1,205.0,149.35,5,5,1,False,0.0,149.35,100.0,3541,1182407,304.26,12.0,137.35,0.021,41,0,11,1,0,0,0
Scholl_HAHN_c06,Scholl_HAHN,Scholl,53,2806.0,c06,6,mid,high,low,mid,6042,published_results/full_campaign_median_T_252_2026-06-04/solutions/Scholl_HAHN_c06/pareto_front.csv,3,2,183.0,1446.15,6,4,3,False,0.0,1446.15,100.0,3313,1882793,603.92,1288.0,158.15,0.6243,32,11,9,1,0,0,0
Scholl_HAHN_c06,Scholl_HAHN,Scholl,53,2806.0,c06,6,mid,high,low,mid,6042,published_results/full_campaign_median_T_252_2026-06-04/solutions/Scholl_HAHN_c06/pareto_front.csv,4,3,156.0,2089.4,7,3,4,False,0.0,2089.4,100.0,713,679390,304.26,1939.0,150.4,0.732,39,14,0,0,0,0,0
Scholl_HAHN_c06,Scholl_HAHN,Scholl,53,2806.0,c06,6,mid,high,low,mid,6042,published_results/full_campaign_median_T_252_2026-06-04/solutions/Scholl_HAHN_c06/pareto_front.csv,5,4,125.0,3113.8,7,2,5,False,12.454545455,3113.8,99.6,999,973316,304.22,3017.0,96.8,0.862,17,36,0,0,0,0,0
Scholl_HAHN_c06,Scholl_HAHN,Scholl,53,2806.0,c06,6,mid,high,low,mid,6042,published_results/full_campaign_median_T_252_2026-06-04/solutions/Scholl_HAHN_c06/pareto_front.csv,6,5,94.0,3974.1,7,1,6,True,3974.1,3974.1,0.0,2399,1038097,166.67,3928.0,46.1,0.9452,9,44,0,0,0,0,0
Scholl_HAHN_c06,Scholl_HAHN,Scholl,53,2806.0,c06,6,mid,high,low,mid,6042,published_results/full_campaign_median_T_252_2026-06-04/solutions/Scholl_HAHN_c06/pareto_front.csv,7,6,72.0,5074.0,8,0,8,True,5074.0,5074.0,0.0,265,445907,83.49,4949.0,125.0,0.8886,0,53,0,0,0,0,0
Scholl_HAHN_c07,Scholl_HAHN,Scholl,53,2806.0,c07,7,high,low,high,mid,7042,published_results/full_campaign_median_T_252_2026-06-04/solutions/Scholl_HAHN_c07/pareto_front.csv,1,0,240.0,0.0,6,6,0,True,240.0,240.0,0.0,0,2662,0.51,0.0,0.0,,53,0,0,0,0,0,0
Scholl_HAHN_c07,Scholl_HAHN,Scholl,53,2806.0,c07,7,high,low,high,mid,7042,published_results/full_campaign_median_T_252_2026-06-04/solutions/Scholl_HAHN_c07/pareto_front.csv,2,1,205.0,303.75,5,5,1,False,0.0,303.75,100.0,944,766637,304.55,244.0,59.75,0.5741,42,0,0,0,11,0,0
Scholl_HAHN_c07,Scholl_HAHN,Scholl,53,2806.0,c07,7,high,low,high,mid,7042,published_results/full_campaign_median_T_252_2026-06-04/solutions/Scholl_HAHN_c07/pareto_front.csv,3,2,165.0,348.15,4,4,1,False,0.0,348.15,100.0,3054,1448341,304.21,310.0,38.15,0.7281,37,0,0,0,16,0,0
Scholl_HAHN_c07,Scholl_HAHN,Scholl,53,2806.0,c07,7,high,low,high,mid,7042,published_results/full_campaign_median_T_252_2026-06-04/solutions/Scholl_HAHN_c07/pareto_front.csv,4,3,130.0,711.3000000000001,3,3,2,False,0.24848424353,711.3,99.9651,930,1013441,304.15,638.0,73.3,0.7388,9,0,0,0,44,0,0
Scholl_HAHN_c07,Scholl_HAHN,Scholl,53,2806.0,c07,7,high,low,high,mid,7042,published_results/full_campaign_median_T_252_2026-06-04/solutions/Scholl_HAHN_c07/pareto_front.csv,5,4,90.0,818.9499999999999,2,2,2,True,818.95,818.95,0.0,481,711917,146.44,797.0,21.95,0.9218,0,0,0,0,53,0,0
Scholl_HAHN_c08,Scholl_HAHN,Scholl,53,2806.0,c08,8,high,mid,low,high,8042,published_results/full_campaign_median_T_252_2026-06-04/solutions/Scholl_HAHN_c08/pareto_front.csv,1,0,240.0,0.0,6,6,0,True,240.0,240.0,0.0,0,2662,0.46,0.0,0.0,,53,0,0,0,0,0,0
Scholl_HAHN_c08,Scholl_HAHN,Scholl,53,2806.0,c08,8,high,mid,low,high,8042,published_results/full_campaign_median_T_252_2026-06-04/solutions/Scholl_HAHN_c08/pareto_front.csv,2,1,209.0,628.1,6,5,1,False,0.0,628.1,100.0,875,1085595,304.16,603.0,25.1,0.8211,52,1,0,0,0,0,0
Scholl_HAHN_c08,Scholl_HAHN,Scholl,53,2806.0,c08,8,high,mid,low,high,8042,published_results/full_campaign_median_T_252_2026-06-04/solutions/Scholl_HAHN_c08/pareto_front.csv,3,2,170.0,833.8,4,4,2,False,0.0,833.8,100.0,1132,1078160,304.22,820.0,13.8,0.9508,18,0,0,0,35,0,0
Scholl_HAHN_c08,Scholl_HAHN,Scholl,53,2806.0,c08,8,high,mid,low,high,8042,published_results/full_campaign_median_T_252_2026-06-04/solutions/Scholl_HAHN_c08/pareto_front.csv,4,3,153.0,2219.0999999999995,5,3,5,False,486.93812844,2219.1,78.057,2717,2875998,603.82,2011.0,208.1,0.7033,0,3,10,1,39,0,0
Scholl_HAHN_c08,Scholl_HAHN,Scholl,53,2806.0,c08,8,high,mid,low,high,8042,published_results/full_campaign_median_T_252_2026-06-04/solutions/Scholl_HAHN_c08/pareto_front.csv,5,4,144.0,3866.95,8,2,8,False,365.03430459,3866.95,90.5601,1874,1779068,304.17,3544.0,322.95,0.7123,0,22,0,0,31,0,0
Scholl_HAHN_c08,Scholl_HAHN,Scholl,53,2806.0,c08,8,high,mid,low,high,8042,published_results/full_campaign_median_T_252_2026-06-04/solutions/Scholl_HAHN_c08/pareto_front.csv,6,5,135.0,3914.4,7,2,7,False,0.83582130471,3914.4,99.9786,943,1498119,304.13,3777.0,137.4,0.8601,0,21,0,0,32,0,0
Scholl_HAHN_c09,Scholl_HAHN,Scholl,53,2806.0,c09,9,high,high,mid,low,9042,published_results/full_campaign_median_T_252_2026-06-04/solutions/Scholl_HAHN_c09/pareto_front.csv,1,0,240.0,0.0,6,6,0,True,240.0,240.0,0.0,0,2662,0.46,0.0,0.0,,53,0,0,0,0,0,0
Scholl_HAHN_c09,Scholl_HAHN,Scholl,53,2806.0,c09,9,high,high,mid,low,9042,published_results/full_campaign_median_T_252_2026-06-04/solutions/Scholl_HAHN_c09/pareto_front.csv,2,1,205.0,165.45,5,5,1,False,0.0,165.45,100.0,3440,1921389,603.9,39.0,126.45,0.0987,44,0,0,0,0,8,1
Scholl_HAHN_c09,Scholl_HAHN,Scholl,53,2806.0,c09,9,high,high,mid,low,9042,published_results/full_campaign_median_T_252_2026-06-04/solutions/Scholl_HAHN_c09/pareto_front.csv,3,2,201.0,2134.05,8,4,5,False,0.0,2134.05,100.0,3490,2602999,603.89,1843.0,291.05,0.5851,24,7,0,0,22,0,0
Scholl_JAESCHKE_c01,Scholl_JAESCHKE,Scholl,9,8.0,c01,1,low,low,low,low,1042,published_results/full_campaign_median_T_252_2026-06-04/solutions/Scholl_JAESCHKE_c01/pareto_front.csv,1,0,240.0,0.0,6,6,0,True,240.0,240.0,0.0,0,0,0.01,0.0,0.0,,9,0,0,0,0,0,0
Scholl_JAESCHKE_c01,Scholl_JAESCHKE,Scholl,9,8.0,c01,1,low,low,low,low,1042,published_results/full_campaign_median_T_252_2026-06-04/solutions/Scholl_JAESCHKE_c01/pareto_front.csv,2,1,209.0,2.05,6,5,1,True,2.05,2.05,0.0,756,18808,0.32,2.0,0.05,0.875,8,1,0,0,0,0,0
Scholl_JAESCHKE_c01,Scholl_JAESCHKE,Scholl,9,8.0,c01,1,low,low,low,low,1042,published_results/full_campaign_median_T_252_2026-06-04/solutions/Scholl_JAESCHKE_c01/pareto_front.csv,3,2,205.0,2.15,5,5,1,True,2.15,2.15,0.0,409,11938,0.35,2.0,0.15,0.625,7,0,0,0,2,0,0
Scholl_JAESCHKE_c01,Scholl_JAESCHKE,Scholl,9,8.0,c01,1,low,low,low,low,1042,published_results/full_campaign_median_T_252_2026-06-04/solutions/Scholl_JAESCHKE_c01/pareto_front.csv,4,3,165.0,3.1,4,4,1,True,3.1,3.1,0.0,1542,48181,0.56,3.0,0.1,0.75,6,0,0,0,3,0,0
Scholl_JAESCHKE_c01,Scholl_JAESCHKE,Scholl,9,8.0,c01,1,low,low,low,low,1042,published_results/full_campaign_median_T_252_2026-06-04/solutions/Scholl_JAESCHKE_c01/pareto_front.csv,5,4,134.0,6.05,4,3,2,True,6.05,6.05,0.0,2031,123830,1.31,6.0,0.05,0.9375,4,1,0,0,4,0,0
Scholl_JAESCHKE_c01,Scholl_JAESCHKE,Scholl,9,8.0,c01,1,low,low,low,low,1042,published_results/full_campaign_median_T_252_2026-06-04/solutions/Scholl_JAESCHKE_c01/pareto_front.csv,6,5,130.0,7.05,3,3,2,True,7.05,7.05,0.0,425,32730,0.93,7.0,0.05,0.9375,2,0,0,0,7,0,0
Scholl_JAESCHKE_c01,Scholl_JAESCHKE,Scholl,9,8.0,c01,1,low,low,low,low,1042,published_results/full_campaign_median_T_252_2026-06-04/solutions/Scholl_JAESCHKE_c01/pareto_front.csv,7,6,103.0,9.1,4,2,3,True,9.1,9.1,0.0,1228,75847,1.12,9.0,0.1,0.9167,2,3,0,0,4,0,0
Scholl_JAESCHKE_c01,Scholl_JAESCHKE,Scholl,9,8.0,c01,1,low,low,low,low,1042,published_results/full_campaign_median_T_252_2026-06-04/solutions/Scholl_JAESCHKE_c01/pareto_front.csv,8,7,99.0,10.100000000000001,3,2,3,True,10.1,10.1,0.0,0,1817,0.32,10.0,0.1,0.9167,0,1,0,0,8,0,0
Scholl_JAESCHKE_c01,Scholl_JAESCHKE,Scholl,9,8.0,c01,1,low,low,low,low,1042,published_results/full_campaign_median_T_252_2026-06-04/solutions/Scholl_JAESCHKE_c01/pareto_front.csv,9,8,81.0,12.45,5,1,5,True,12.45,12.45,0.0,0,2141,0.41,12.0,0.45,0.775,0,5,0,0,4,0,0
Scholl_JAESCHKE_c01,Scholl_JAESCHKE,Scholl,9,8.0,c01,1,low,low,low,low,1042,published_results/full_campaign_median_T_252_2026-06-04/solutions/Scholl_JAESCHKE_c01/pareto_front.csv,10,9,72.0,17.099999999999998,8,0,8,True,17.1,17.1,0.0,0,1101,0.24,16.0,1.1,0.6562,0,9,0,0,0,0,0
Scholl_JAESCHKE_c02,Scholl_JAESCHKE,Scholl,9,8.0,c02,2,low,mid,mid,mid,2042,published_results/full_campaign_median_T_252_2026-06-04/solutions/Scholl_JAESCHKE_c02/pareto_front.csv,1,0,240.0,0.0,6,6,0,True,240.0,240.0,0.0,0,0,0.01,0.0,0.0,,9,0,0,0,0,0,0
Scholl_JAESCHKE_c02,Scholl_JAESCHKE,Scholl,9,8.0,c02,2,low,mid,mid,mid,2042,published_results/full_campaign_median_T_252_2026-06-04/solutions/Scholl_JAESCHKE_c02/pareto_front.csv,2,1,205.0,2.0,5,5,1,True,2.0,2.0,0.0,381,10343,0.29,2.0,0.0,1.0,7,0,0,0,2,0,0
Scholl_JAESCHKE_c02,Scholl_JAESCHKE,Scholl,9,8.0,c02,2,low,mid,mid,mid,2042,published_results/full_campaign_median_T_252_2026-06-04/solutions/Scholl_JAESCHKE_c02/pareto_front.csv,3,2,174.0,4.1,5,4,2,True,4.1,4.1,0.0,1061,30675,0.41,4.0,0.1,0.875,6,1,0,0,2,0,0
Scholl_JAESCHKE_c02,Scholl_JAESCHKE,Scholl,9,8.0,c02,2,low,mid,mid,mid,2042,published_results/full_campaign_median_T_252_2026-06-04/solutions/Scholl_JAESCHKE_c02/pareto_front.csv,4,3,147.0,6.299999999999999,6,3,3,True,6.3,6.3,0.0,2038,73531,0.93,6.0,0.3,0.75,6,3,0,0,0,0,0
Scholl_JAESCHKE_c02,Scholl_JAESCHKE,Scholl,9,8.0,c02,2,low,mid,mid,mid,2042,published_results/full_campaign_median_T_252_2026-06-04/solutions/Scholl_JAESCHKE_c02/pareto_front.csv,5,4,143.0,7.1,5,3,3,True,7.1,7.1,0.0,696,27453,0.76,7.0,0.1,0.9167,4,3,0,0,2,0,0
Scholl_JAESCHKE_c02,Scholl_JAESCHKE,Scholl,9,8.0,c02,2,low,mid,mid,mid,2042,published_results/full_campaign_median_T_252_2026-06-04/solutions/Scholl_JAESCHKE_c02/pareto_front.csv,6,5,121.0,8.6,6,2,5,True,8.6,8.6,0.0,668,29154,0.64,8.0,0.6,0.7,2,4,0,0,0,2,1
Scholl_JAESCHKE_c02,Scholl_JAESCHKE,Scholl,9,8.0,c02,2,low,mid,mid,mid,2042,published_results/full_campaign_median_T_252_2026-06-04/solutions/Scholl_JAESCHKE_c02/pareto_front.csv,7,6,116.0,9.299999999999999,6,2,4,True,9.3,9.3,0.0,0,1318,0.4,9.0,0.3,0.8125,4,5,0,0,0,0,0
Scholl_JAESCHKE_c02,Scholl_JAESCHKE,Scholl,9,8.0,c02,2,low,mid,mid,mid,2042,published_results/full_campaign_median_T_252_2026-06-04/solutions/Scholl_JAESCHKE_c02/pareto_front.csv,8,7,112.0,10.15,5,2,4,True,10.15,10.15,0.0,0,1266,0.31,10.0,0.15,0.9062,2,5,0,0,2,0,0
Scholl_JAESCHKE_c02,Scholl_JAESCHKE,Scholl,9,8.0,c02,2,low,mid,mid,mid,2042,published_results/full_campaign_median_T_252_2026-06-04/solutions/Scholl_JAESCHKE_c02/pareto_front.csv,9,8,99.0,11.95,7,1,7,True,11.95,11.95,0.0,0,1048,0.35,11.0,0.95,0.6607,0,6,0,0,0,2,1
Scholl_JAESCHKE_c02,Scholl_JAESCHKE,Scholl,9,8.0,c02,2,low,mid,mid,mid,2042,published_results/full_campaign_median_T_252_2026-06-04/solutions/Scholl_JAESCHKE_c02/pareto_front.csv,10,9,85.0,12.4,6,1,5,True,12.4,12.4,0.0,0,992,0.25,12.0,0.4,0.8,2,7,0,0,0,0,0
Scholl_JAESCHKE_c02,Scholl_JAESCHKE,Scholl,9,8.0,c02,2,low,mid,mid,mid,2042,published_results/full_campaign_median_T_252_2026-06-04/solutions/Scholl_JAESCHKE_c02/pareto_front.csv,11,10,63.0,15.75,7,0,7,True,15.75,15.75,0.0,0,972,0.23,15.0,0.75,0.7321,0,9,0,0,0,0,0
Scholl_JAESCHKE_c03,Scholl_JAESCHKE,Scholl,9,8.0,c03,3,low,high,high,high,3042,published_results/full_campaign_median_T_252_2026-06-04/solutions/Scholl_JAESCHKE_c03/pareto_front.csv,1,0,240.0,0.0,6,6,0,True,240.0,240.0,0.0,0,0,0.01,0.0,0.0,,9,0,0,0,0,0,0
Scholl_JAESCHKE_c03,Scholl_JAESCHKE,Scholl,9,8.0,c03,3,low,high,high,high,3042,published_results/full_campaign_median_T_252_2026-06-04/solutions/Scholl_JAESCHKE_c03/pareto_front.csv,2,1,209.0,2.05,6,5,1,True,2.05,2.05,0.0,0,576,0.21,2.0,0.05,0.875,8,1,0,0,0,0,0
Scholl_JAESCHKE_c03,Scholl_JAESCHKE,Scholl,9,8.0,c03,3,low,high,high,high,3042,published_results/full_campaign_median_T_252_2026-06-04/solutions/Scholl_JAESCHKE_c03/pareto_front.csv,3,2,178.0,4.2,6,4,2,True,4.2,4.2,0.0,514,12909,0.29,4.0,0.2,0.75,7,2,0,0,0,0,0
Scholl_JAESCHKE_c03,Scholl_JAESCHKE,Scholl,9,8.0,c03,3,low,high,high,high,3042,published_results/full_campaign_median_T_252_2026-06-04/solutions/Scholl_JAESCHKE_c03/pareto_front.csv,4,3,147.0,6.3500000000000005,6,3,3,True,6.35,6.35,0.0,0,1380,0.38,6.0,0.35,0.7083,6,3,0,0,0,0,0
Scholl_JAESCHKE_c03,Scholl_JAESCHKE,Scholl,9,8.0,c03,3,low,high,high,high,3042,published_results/full_campaign_median_T_252_2026-06-04/solutions/Scholl_JAESCHKE_c03/pareto_front.csv,5,4,116.0,9.350000000000001,6,2,4,True,9.35,9.35,0.0,0,1495,0.35,9.0,0.35,0.7812,4,5,0,0,0,0,0
Scholl_JAESCHKE_c03,Scholl_JAESCHKE,Scholl,9,8.0,c03,3,low,high,high,high,3042,published_results/full_campaign_median_T_252_2026-06-04/solutions/Scholl_JAESCHKE_c03/pareto_front.csv,6,5,85.0,12.450000000000001,6,1,5,True,12.45,12.45,0.0,0,1030,0.21,12.0,0.45,0.775,2,7,0,0,0,0,0
Scholl_JAESCHKE_c03,Scholl_JAESCHKE,Scholl,9,8.0,c03,3,low,high,high,high,3042,published_results/full_campaign_median_T_252_2026-06-04/solutions/Scholl_JAESCHKE_c03/pareto_front.csv,7,6,63.0,16.749999999999996,7,0,7,True,16.75,16.75,0.0,0,1000,0.23,16.0,0.75,0.7321,0,9,0,0,0,0,0
Scholl_JAESCHKE_c04,Scholl_JAESCHKE,Scholl,9,8.0,c04,4,mid,low,mid,high,4042,published_results/full_campaign_median_T_252_2026-06-04/solutions/Scholl_JAESCHKE_c04/pareto_front.csv,1,0,240.0,0.0,6,6,0,True,240.0,240.0,0.0,0,0,0.01,0.0,0.0,,9,0,0,0,0,0,0
Scholl_JAESCHKE_c04,Scholl_JAESCHKE,Scholl,9,8.0,c04,4,mid,low,mid,high,4042,published_results/full_campaign_median_T_252_2026-06-04/solutions/Scholl_JAESCHKE_c04/pareto_front.csv,2,1,209.0,2.0,6,5,1,True,2.0,2.0,0.0,464,8983,0.25,2.0,0.0,1.0,8,1,0,0,0,0,0
Scholl_JAESCHKE_c04,Scholl_JAESCHKE,Scholl,9,8.0,c04,4,mid,low,mid,high,4042,published_results/full_campaign_median_T_252_2026-06-04/solutions/Scholl_JAESCHKE_c04/pareto_front.csv,3,2,205.0,2.1,5,5,1,True,2.1,2.1,0.0,307,6374,0.23,2.0,0.1,0.75,7,0,0,0,2,0,0
Scholl_JAESCHKE_c04,Scholl_JAESCHKE,Scholl,9,8.0,c04,4,mid,low,mid,high,4042,published_results/full_campaign_median_T_252_2026-06-04/solutions/Scholl_JAESCHKE_c04/pareto_front.csv,4,3,165.0,3.0,4,4,1,True,3.0,3.0,0.0,358,11494,0.26,3.0,0.0,1.0,6,0,0,0,3,0,0
Scholl_JAESCHKE_c04,Scholl_JAESCHKE,Scholl,9,8.0,c04,4,mid,low,mid,high,4042,published_results/full_campaign_median_T_252_2026-06-04/solutions/Scholl_JAESCHKE_c04/pareto_front.csv,5,4,147.0,6.1,6,3,3,True,6.1,6.1,0.0,561,27391,0.51,6.0,0.1,0.9167,6,3,0,0,0,0,0
Scholl_JAESCHKE_c04,Scholl_JAESCHKE,Scholl,9,8.0,c04,4,mid,low,mid,high,4042,published_results/full_campaign_median_T_252_2026-06-04/solutions/Scholl_JAESCHKE_c04/pareto_front.csv,6,5,143.0,6.2,5,3,3,True,6.2,6.2,0.0,0,909,0.28,6.0,0.2,0.8333,4,2,0,0,3,0,0
Scholl_JAESCHKE_c04,Scholl_JAESCHKE,Scholl,9,8.0,c04,4,mid,low,mid,high,4042,published_results/full_campaign_median_T_252_2026-06-04/solutions/Scholl_JAESCHKE_c04/pareto_front.csv,7,6,130.0,7.0,3,3,2,True,7.0,7.0,0.0,0,1273,0.33,7.0,0.0,1.0,2,0,0,0,7,0,0
Scholl_JAESCHKE_c04,Scholl_JAESCHKE,Scholl,9,8.0,c04,4,mid,low,mid,high,4042,published_results/full_campaign_median_T_252_2026-06-04/solutions/Scholl_JAESCHKE_c04/pareto_front.csv,8,7,112.0,10.05,5,2,4,True,10.05,10.05,0.0,0,1244,0.33,10.0,0.05,0.9688,2,4,0,0,3,0,0
Scholl_JAESCHKE_c04,Scholl_JAESCHKE,Scholl,9,8.0,c04,4,mid,low,mid,high,4042,published_results/full_campaign_median_T_252_2026-06-04/solutions/Scholl_JAESCHKE_c04/pareto_front.csv,9,8,108.0,10.2,4,2,4,True,10.2,10.2,0.0,0,1004,0.2,10.0,0.2,0.875,0,2,0,0,7,0,0
Scholl_JAESCHKE_c04,Scholl_JAESCHKE,Scholl,9,8.0,c04,4,mid,low,mid,high,4042,published_results/full_campaign_median_T_252_2026-06-04/solutions/Scholl_JAESCHKE_c04/pareto_front.csv,10,9,90.0,14.3,6,1,6,True,14.3,14.3,0.0,0,888,0.2,14.0,0.3,0.875,0,6,0,0,3,0,0
Scholl_JAESCHKE_c05,Scholl_JAESCHKE,Scholl,9,8.0,c05,5,mid,mid,high,low,5042,published_results/full_campaign_median_T_252_2026-06-04/solutions/Scholl_JAESCHKE_c05/pareto_front.csv,1,0,240.0,0.0,6,6,0,True,240.0,240.0,0.0,0,0,0.01,0.0,0.0,,9,0,0,0,0,0,0
Scholl_JAESCHKE_c05,Scholl_JAESCHKE,Scholl,9,8.0,c05,5,mid,mid,high,low,5042,published_results/full_campaign_median_T_252_2026-06-04/solutions/Scholl_JAESCHKE_c05/pareto_front.csv,2,1,209.0,2.0,6,5,1,True,2.0,2.0,0.0,462,11330,0.25,2.0,0.0,1.0,8,1,0,0,0,0,0
Scholl_JAESCHKE_c05,Scholl_JAESCHKE,Scholl,9,8.0,c05,5,mid,mid,high,low,5042,published_results/full_campaign_median_T_252_2026-06-04/solutions/Scholl_JAESCHKE_c05/pareto_front.csv,3,2,205.0,2.05,5,5,1,True,2.05,2.05,0.0,153,3173,0.22,2.0,0.05,0.875,7,0,0,0,2,0,0
Scholl_JAESCHKE_c05,Scholl_JAESCHKE,Scholl,9,8.0,c05,5,mid,mid,high,low,5042,published_results/full_campaign_median_T_252_2026-06-04/solutions/Scholl_JAESCHKE_c05/pareto_front.csv,4,3,178.0,4.0,6,4,2,True,4.0,4.0,0.0,712,19527,0.32,4.0,0.0,1.0,7,2,0,0,0,0,0
Scholl_JAESCHKE_c05,Scholl_JAESCHKE,Scholl,9,8.0,c05,5,mid,mid,high,low,5042,published_results/full_campaign_median_T_252_2026-06-04/solutions/Scholl_JAESCHKE_c05/pareto_front.csv,5,4,174.0,4.05,5,4,2,True,4.05,4.05,0.0,0,1247,0.32,4.0,0.05,0.9375,6,1,0,0,2,0,0
Scholl_JAESCHKE_c05,Scholl_JAESCHKE,Scholl,9,8.0,c05,5,mid,mid,high,low,5042,published_results/full_campaign_median_T_252_2026-06-04/solutions/Scholl_JAESCHKE_c05/pareto_front.csv,6,5,170.0,5.05,4,4,2,True,5.05,5.05,0.0,644,20309,0.44,5.0,0.05,0.9375,4,0,0,0,5,0,0
Scholl_JAESCHKE_c05,Scholl_JAESCHKE,Scholl,9,8.0,c05,5,mid,mid,high,low,5042,published_results/full_campaign_median_T_252_2026-06-04/solutions/Scholl_JAESCHKE_c05/pareto_front.csv,7,6,147.0,6.05,6,3,3,True,6.05,6.05,0.0,1345,29786,0.38,6.0,0.05,0.9583,6,3,0,0,0,0,0
Scholl_JAESCHKE_c05,Scholl_JAESCHKE,Scholl,9,8.0,c05,5,mid,mid,high,low,5042,published_results/full_campaign_median_T_252_2026-06-04/solutions/Scholl_JAESCHKE_c05/pareto_front.csv,8,7,143.0,7.05,5,3,3,True,7.05,7.05,0.0,0,1655,0.31,7.0,0.05,0.9583,4,2,0,0,3,0,0
Scholl_JAESCHKE_c05,Scholl_JAESCHKE,Scholl,9,8.0,c05,5,mid,mid,high,low,5042,published_results/full_campaign_median_T_252_2026-06-04/solutions/Scholl_JAESCHKE_c05/pareto_front.csv,9,8,121.0,10.150000000000002,6,2,5,True,10.15,10.15,0.0,853,17495,0.42,10.0,0.15,0.925,2,4,0,0,0,2,1
Scholl_JAESCHKE_c05,Scholl_JAESCHKE,Scholl,9,8.0,c05,5,mid,mid,high,low,5042,published_results/full_campaign_median_T_252_2026-06-04/solutions/Scholl_JAESCHKE_c05/pareto_front.csv,10,9,94.0,14.100000000000001,7,1,6,True,14.1,14.1,0.0,0,1504,0.31,14.0,0.1,0.9583,2,7,0,0,0,0,0
Scholl_JAESCHKE_c05,Scholl_JAESCHKE,Scholl,9,8.0,c05,5,mid,mid,high,low,5042,published_results/full_campaign_median_T_252_2026-06-04/solutions/Scholl_JAESCHKE_c05/pareto_front.csv,11,10,72.0,18.4,8,0,8,True,18.4,18.4,0.0,0,1111,0.21,18.0,0.4,0.875,0,9,0,0,0,0,0
Scholl_JAESCHKE_c06,Scholl_JAESCHKE,Scholl,9,8.0,c06,6,mid,high,low,mid,6042,published_results/full_campaign_median_T_252_2026-06-04/solutions/Scholl_JAESCHKE_c06/pareto_front.csv,1,0,240.0,0.0,6,6,0,True,240.0,240.0,0.0,0,0,0.01,0.0,0.0,,9,0,0,0,0,0,0
Scholl_JAESCHKE_c06,Scholl_JAESCHKE,Scholl,9,8.0,c06,6,mid,high,low,mid,6042,published_results/full_campaign_median_T_252_2026-06-04/solutions/Scholl_JAESCHKE_c06/pareto_front.csv,2,1,209.0,2.0,6,5,1,True,2.0,2.0,0.0,0,691,0.2,2.0,0.0,1.0,8,1,0,0,0,0,0
Scholl_JAESCHKE_c06,Scholl_JAESCHKE,Scholl,9,8.0,c06,6,mid,high,low,mid,6042,published_results/full_campaign_median_T_252_2026-06-04/solutions/Scholl_JAESCHKE_c06/pareto_front.csv,3,2,178.0,4.05,6,4,2,True,4.05,4.05,0.0,354,5757,0.2,4.0,0.05,0.9375,7,2,0,0,0,0,0
Scholl_JAESCHKE_c06,Scholl_JAESCHKE,Scholl,9,8.0,c06,6,mid,high,low,mid,6042,published_results/full_campaign_median_T_252_2026-06-04/solutions/Scholl_JAESCHKE_c06/pareto_front.csv,4,3,147.0,6.1499999999999995,6,3,3,True,6.15,6.15,0.0,0,1519,0.33,6.0,0.15,0.875,6,3,0,0,0,0,0
Scholl_JAESCHKE_c06,Scholl_JAESCHKE,Scholl,9,8.0,c06,6,mid,high,low,mid,6042,published_results/full_campaign_median_T_252_2026-06-04/solutions/Scholl_JAESCHKE_c06/pareto_front.csv,5,4,121.0,10.299999999999999,6,2,5,True,10.3,10.3,0.0,0,1637,0.33,10.0,0.3,0.85,2,4,0,0,0,2,1
Scholl_JAESCHKE_c06,Scholl_JAESCHKE,Scholl,9,8.0,c06,6,mid,high,low,mid,6042,published_results/full_campaign_median_T_252_2026-06-04/solutions/Scholl_JAESCHKE_c06/pareto_front.csv,6,5,94.0,14.3,7,1,6,True,14.3,14.3,0.0,0,1550,0.31,14.0,0.3,0.875,2,7,0,0,0,0,0
Scholl_JAESCHKE_c06,Scholl_JAESCHKE,Scholl,9,8.0,c06,6,mid,high,low,mid,6042,published_results/full_campaign_median_T_252_2026-06-04/solutions/Scholl_JAESCHKE_c06/pareto_front.csv,7,6,72.0,19.45,8,0,8,True,19.45,19.45,0.0,0,1025,0.22,19.0,0.45,0.8594,0,9,0,0,0,0,0
Scholl_JAESCHKE_c07,Scholl_JAESCHKE,Scholl,9,8.0,c07,7,high,low,high,mid,7042,published_results/full_campaign_median_T_252_2026-06-04/solutions/Scholl_JAESCHKE_c07/pareto_front.csv,1,0,240.0,0.0,6,6,0,True,240.0,240.0,0.0,0,0,0.01,0.0,0.0,,9,0,0,0,0,0,0
Scholl_JAESCHKE_c07,Scholl_JAESCHKE,Scholl,9,8.0,c07,7,high,low,high,mid,7042,published_results/full_campaign_median_T_252_2026-06-04/solutions/Scholl_JAESCHKE_c07/pareto_front.csv,2,1,209.0,2.0,6,5,1,True,2.0,2.0,0.0,650,10682,0.17,2.0,0.0,1.0,8,1,0,0,0,0,0
Scholl_JAESCHKE_c07,Scholl_JAESCHKE,Scholl,9,8.0,c07,7,high,low,high,mid,7042,published_results/full_campaign_median_T_252_2026-06-04/solutions/Scholl_JAESCHKE_c07/pareto_front.csv,3,2,205.0,2.15,5,5,1,True,2.15,2.15,0.0,0,659,0.15,2.0,0.15,0.625,7,0,0,0,2,0,0
Scholl_JAESCHKE_c07,Scholl_JAESCHKE,Scholl,9,8.0,c07,7,high,low,high,mid,7042,published_results/full_campaign_median_T_252_2026-06-04/solutions/Scholl_JAESCHKE_c07/pareto_front.csv,4,3,165.0,3.1,4,4,1,True,3.1,3.1,0.0,494,8974,0.19,3.0,0.1,0.75,6,0,0,0,3,0,0
Scholl_JAESCHKE_c07,Scholl_JAESCHKE,Scholl,9,8.0,c07,7,high,low,high,mid,7042,published_results/full_campaign_median_T_252_2026-06-04/solutions/Scholl_JAESCHKE_c07/pareto_front.csv,5,4,134.0,6.0,4,3,2,True,6.0,6.0,0.0,0,1290,0.21,6.0,0.0,1.0,4,1,0,0,4,0,0
Scholl_JAESCHKE_c07,Scholl_JAESCHKE,Scholl,9,8.0,c07,7,high,low,high,mid,7042,published_results/full_campaign_median_T_252_2026-06-04/solutions/Scholl_JAESCHKE_c07/pareto_front.csv,6,5,130.0,7.05,3,3,2,True,7.05,7.05,0.0,0,682,0.14,7.0,0.05,0.9375,2,0,0,0,7,0,0
Scholl_JAESCHKE_c08,Scholl_JAESCHKE,Scholl,9,8.0,c08,8,high,mid,low,high,8042,published_results/full_campaign_median_T_252_2026-06-04/solutions/Scholl_JAESCHKE_c08/pareto_front.csv,1,0,240.0,0.0,6,6,0,True,240.0,240.0,0.0,0,0,0.01,0.0,0.0,,9,0,0,0,0,0,0
Scholl_JAESCHKE_c08,Scholl_JAESCHKE,Scholl,9,8.0,c08,8,high,mid,low,high,8042,published_results/full_campaign_median_T_252_2026-06-04/solutions/Scholl_JAESCHKE_c08/pareto_front.csv,2,1,205.0,2.05,5,5,1,True,2.05,2.05,0.0,649,11162,0.2,2.0,0.05,0.875,7,0,0,0,2,0,0
Scholl_JAESCHKE_c08,Scholl_JAESCHKE,Scholl,9,8.0,c08,8,high,mid,low,high,8042,published_results/full_campaign_median_T_252_2026-06-04/solutions/Scholl_JAESCHKE_c08/pareto_front.csv,3,2,170.0,5.05,4,4,2,True,5.05,5.05,0.0,603,12909,0.23,5.0,0.05,0.9375,4,0,0,0,5,0,0
Scholl_JAESCHKE_c08,Scholl_JAESCHKE,Scholl,9,8.0,c08,8,high,mid,low,high,8042,published_results/full_campaign_median_T_252_2026-06-04/solutions/Scholl_JAESCHKE_c08/pareto_front.csv,4,3,144.0,10.0,4,3,4,True,10.0,10.0,0.0,0,1237,0.2,10.0,0.0,1.0,0,1,0,0,8,0,0
Scholl_JAESCHKE_c09,Scholl_JAESCHKE,Scholl,9,8.0,c09,9,high,high,mid,low,9042,published_results/full_campaign_median_T_252_2026-06-04/solutions/Scholl_JAESCHKE_c09/pareto_front.csv,1,0,240.0,0.0,6,6,0,True,240.0,240.0,0.0,0,0,0.01,0.0,0.0,,9,0,0,0,0,0,0
Scholl_KILBRID_c01,Scholl_KILBRID,Scholl,45,85.0,c01,1,low,low,low,low,1042,published_results/full_campaign_median_T_252_2026-06-04/solutions/Scholl_KILBRID_c01/pareto_front.csv,1,0,280.0,0.0,7,7,0,True,280.0,280.0,0.0,0,1935,0.25,0.0,0.0,,45,0,0,0,0,0,0
Scholl_KILBRID_c01,Scholl_KILBRID,Scholl,45,85.0,c01,1,low,low,low,low,1042,published_results/full_campaign_median_T_252_2026-06-04/solutions/Scholl_KILBRID_c01/pareto_front.csv,2,1,245.0,14.35,6,6,1,False,0.0,14.35,100.0,2974,597603,305.02,13.0,1.35,0.6824,34,0,0,0,11,0,0
Scholl_KILBRID_c01,Scholl_KILBRID,Scholl,45,85.0,c01,1,low,low,low,low,1042,published_results/full_campaign_median_T_252_2026-06-04/solutions/Scholl_KILBRID_c01/pareto_front.csv,3,2,214.0,28.299999999999997,6,5,2,False,0.0,28.3,100.0,1378,1118346,302.63,25.0,3.3,0.6118,29,3,0,0,13,0,0
Scholl_KILBRID_c01,Scholl_KILBRID,Scholl,45,85.0,c01,1,low,low,low,low,1042,published_results/full_campaign_median_T_252_2026-06-04/solutions/Scholl_KILBRID_c01/pareto_front.csv,4,3,210.0,36.25,5,5,2,False,0.0,36.25,100.0,3424,1337696,302.54,35.0,1.25,0.8529,19,0,0,0,26,0,0
Scholl_KILBRID_c01,Scholl_KILBRID,Scholl,45,85.0,c01,1,low,low,low,low,1042,published_results/full_campaign_median_T_252_2026-06-04/solutions/Scholl_KILBRID_c01/pareto_front.csv,5,4,174.0,42.25,5,4,2,False,0.0,42.25,100.0,2493,849375,302.62,42.0,0.25,0.9706,26,8,0,0,11,0,0
Scholl_KILBRID_c01,Scholl_KILBRID,Scholl,45,85.0,c01,1,low,low,low,low,1042,published_results/full_campaign_median_T_252_2026-06-04/solutions/Scholl_KILBRID_c01/pareto_front.csv,6,5,152.0,73.95,6,3,4,False,0.076902173913,73.95,99.896,3520,885737,302.61,70.0,3.95,0.7676,17,15,0,0,13,0,0
Scholl_KILBRID_c01,Scholl_KILBRID,Scholl,45,85.0,c01,1,low,low,low,low,1042,published_results/full_campaign_median_T_252_2026-06-04/solutions/Scholl_KILBRID_c01/pareto_front.csv,7,6,121.0,97.60000000000001,6,2,5,False,4.3168831332,97.6,95.577,3364,1211532,302.56,93.0,4.6,0.7835,12,22,0,0,11,0,0
Scholl_KILBRID_c01,Scholl_KILBRID,Scholl,45,85.0,c01,1,low,low,low,low,1042,published_results/full_campaign_median_T_252_2026-06-04/solutions/Scholl_KILBRID_c01/pareto_front.csv,8,7,81.0,121.1,5,1,5,False,62.897553443,121.1,48.0615,55358,4825684,302.59,121.0,0.1,0.9953,0,31,0,0,14,0,0
Scholl_KILBRID_c01,Scholl_KILBRID,Scholl,45,85.0,c01,1,low,low,low,low,1042,published_results/full_campaign_median_T_252_2026-06-04/solutions/Scholl_KILBRID_c01/pareto_front.csv,9,8,63.0,167.85000000000002,7,0,7,True,167.85,167.85,0.0,90196,7008950,218.35,166.0,1.85,0.9378,0,45,0,0,0,0,0
Scholl_KILBRID_c02,Scholl_KILBRID,Scholl,45,85.0,c02,2,low,mid,mid,mid,2042,published_results/full_campaign_median_T_252_2026-06-04/solutions/Scholl_KILBRID_c02/pareto_front.csv,1,0,280.0,0.0,7,7,0,True,280.0,280.0,0.0,0,1935,0.24,0.0,0.0,,45,0,0,0,0,0,0
Scholl_KILBRID_c02,Scholl_KILBRID,Scholl,45,85.0,c02,2,low,mid,mid,mid,2042,published_results/full_campaign_median_T_252_2026-06-04/solutions/Scholl_KILBRID_c02/pareto_front.csv,2,1,249.0,15.65,7,6,1,False,0.0,15.65,100.0,1710,672925,302.66,14.0,1.65,0.6118,42,3,0,0,0,0,0
Scholl_KILBRID_c02,Scholl_KILBRID,Scholl,45,85.0,c02,2,low,mid,mid,mid,2042,published_results/full_campaign_median_T_252_2026-06-04/solutions/Scholl_KILBRID_c02/pareto_front.csv,3,2,218.0,38.150000000000006,7,5,2,False,4.2633333333,38.15,88.8248,1900,891800,602.51,36.0,2.15,0.7471,40,5,0,0,0,0,0
Scholl_KILBRID_c02,Scholl_KILBRID,Scholl,45,85.0,c02,2,low,mid,mid,mid,2042,published_results/full_campaign_median_T_252_2026-06-04/solutions/Scholl_KILBRID_c02/pareto_front.csv,4,3,187.0,63.199999999999996,7,4,3,False,0.26126383764,63.2,99.5866,3537,837950,302.62,61.0,2.2,0.8275,26,19,0,0,0,0,0
Scholl_KILBRID_c02,Scholl_KILBRID,Scholl,45,85.0,c02,2,low,mid,mid,mid,2042,published_results/full_campaign_median_T_252_2026-06-04/solutions/Scholl_KILBRID_c02/pareto_front.csv,5,4,156.0,90.0,7,3,4,False,0.0,90.0,100.0,1638,1111428,302.64,88.0,2.0,0.8824,24,21,0,0,0,0,0
Scholl_KILBRID_c02,Scholl_KILBRID,Scholl,45,85.0,c02,2,low,mid,mid,mid,2042,published_results/full_campaign_median_T_252_2026-06-04/solutions/Scholl_KILBRID_c02/pareto_front.csv,6,5,125.0,114.04999999999998,7,2,5,False,4.4372352504,114.05,96.1094,3267,1003908,302.6,112.0,2.05,0.9035,18,27,0,0,0,0,0
Scholl_KILBRID_c02,Scholl_KILBRID,Scholl,45,85.0,c02,2,low,mid,mid,mid,2042,published_results/full_campaign_median_T_252_2026-06-04/solutions/Scholl_KILBRID_c02/pareto_front.csv,7,6,90.0,139.40000000000003,6,1,6,False,4.9436647861,139.4,96.4536,5271,1974258,302.58,139.0,0.4,0.9843,0,35,0,0,0,4,6
Scholl_KILBRID_c02,Scholl_KILBRID,Scholl,45,85.0,c02,2,low,mid,mid,mid,2042,published_results/full_campaign_median_T_252_2026-06-04/solutions/Scholl_KILBRID_c02/pareto_front.csv,8,7,63.0,171.60000000000002,7,0,7,False,38.607648763,171.6,77.5014,6387,2581540,302.57,170.0,1.6,0.9462,0,45,0,0,0,0,0
Scholl_KILBRID_c03,Scholl_KILBRID,Scholl,45,85.0,c03,3,low,high,high,high,3042,published_results/full_campaign_median_T_252_2026-06-04/solutions/Scholl_KILBRID_c03/pareto_front.csv,1,0,280.0,0.0,7,7,0,True,280.0,280.0,0.0,0,1935,0.25,0.0,0.0,,45,0,0,0,0,0,0
Scholl_KILBRID_c03,Scholl_KILBRID,Scholl,45,85.0,c03,3,low,high,high,high,3042,published_results/full_campaign_median_T_252_2026-06-04/solutions/Scholl_KILBRID_c03/pareto_front.csv,2,1,249.0,13.1,7,6,1,False,0.0,13.1,100.0,2832,1353488,302.65,11.0,2.1,0.5059,43,2,0,0,0,0,0
Scholl_KILBRID_c03,Scholl_KILBRID,Scholl,45,85.0,c03,3,low,high,high,high,3042,published_results/full_campaign_median_T_252_2026-06-04/solutions/Scholl_KILBRID_c03/pareto_front.csv,3,2,218.0,36.050000000000004,7,5,2,False,0.0,36.05,100.0,3405,1296093,604.72,34.0,2.05,0.7588,34,11,0,0,0,0,0
Scholl_KILBRID_c03,Scholl_KILBRID,Scholl,45,85.0,c03,3,low,high,high,high,3042,published_results/full_campaign_median_T_252_2026-06-04/solutions/Scholl_KILBRID_c03/pareto_front.csv,4,3,187.0,59.9,7,4,3,False,0.0,59.9,100.0,3542,1388793,302.6,58.0,1.9,0.851,30,15,0,0,0,0,0
Scholl_KILBRID_c03,Scholl_KILBRID,Scholl,45,85.0,c03,3,low,high,high,high,3042,published_results/full_campaign_median_T_252_2026-06-04/solutions/Scholl_KILBRID_c03/pareto_front.csv,5,4,156.0,86.00000000000001,7,3,4,False,0.0,86.0,100.0,1817,1010608,302.64,84.0,2.0,0.8824,25,20,0,0,0,0,0
Scholl_KILBRID_c03,Scholl_KILBRID,Scholl,45,85.0,c03,3,low,high,high,high,3042,published_results/full_campaign_median_T_252_2026-06-04/solutions/Scholl_KILBRID_c03/pareto_front.csv,6,5,125.0,110.04999999999998,7,2,5,False,4.2644444444,110.05,96.125,3332,1223954,302.51,108.0,2.05,0.9035,18,27,0,0,0,0,0
Scholl_KILBRID_c03,Scholl_KILBRID,Scholl,45,85.0,c03,3,low,high,high,high,3042,published_results/full_campaign_median_T_252_2026-06-04/solutions/Scholl_KILBRID_c03/pareto_front.csv,7,6,94.0,136.00000000000003,7,1,6,False,10.0127779,136.0,92.6377,3389,1152680,302.54,134.0,2.0,0.9216,12,33,0,0,0,0,0
Scholl_KILBRID_c03,Scholl_KILBRID,Scholl,45,85.0,c03,3,low,high,high,high,3042,published_results/full_campaign_median_T_252_2026-06-04/solutions/Scholl_KILBRID_c03/pareto_front.csv,8,7,63.0,165.64999999999998,7,0,7,False,51.561678458,165.65,68.8731,28359,6450210,602.3,164.0,1.65,0.9445,0,45,0,0,0,0,0
Scholl_KILBRID_c04,Scholl_KILBRID,Scholl,45,85.0,c04,4,mid,low,mid,high,4042,published_results/full_campaign_median_T_252_2026-06-04/solutions/Scholl_KILBRID_c04/pareto_front.csv,1,0,280.0,0.0,7,7,0,True,280.0,280.0,0.0,0,1935,0.27,0.0,0.0,,45,0,0,0,0,0,0
Scholl_KILBRID_c04,Scholl_KILBRID,Scholl,45,85.0,c04,4,mid,low,mid,high,4042,published_results/full_campaign_median_T_252_2026-06-04/solutions/Scholl_KILBRID_c04/pareto_front.csv,2,1,249.0,19.0,7,6,1,False,0.0,19.0,100.0,1708,1097835,302.64,18.0,1.0,0.7647,40,5,0,0,0,0,0
Scholl_KILBRID_c04,Scholl_KILBRID,Scholl,45,85.0,c04,4,mid,low,mid,high,4042,published_results/full_campaign_median_T_252_2026-06-04/solutions/Scholl_KILBRID_c04/pareto_front.csv,3,2,223.0,31.750000000000004,7,5,3,False,0.0033699787317,31.75,99.9894,937,711893,302.71,24.0,7.75,0.3922,28,2,0,0,15,0,0
Scholl_KILBRID_c04,Scholl_KILBRID,Scholl,45,85.0,c04,4,mid,low,mid,high,4042,published_results/full_campaign_median_T_252_2026-06-04/solutions/Scholl_KILBRID_c04/pareto_front.csv,4,3,170.0,37.4,4,4,2,False,0.13953488372,37.4,99.6269,3421,972226,302.57,37.0,0.4,0.9529,19,0,0,0,26,0,0
Scholl_KILBRID_c04,Scholl_KILBRID,Scholl,45,85.0,c04,4,mid,low,mid,high,4042,published_results/full_campaign_median_T_252_2026-06-04/solutions/Scholl_KILBRID_c04/pareto_front.csv,5,4,152.0,87.64999999999999,6,3,4,False,0.37794064301,87.65,99.5688,2928,1604446,302.7,87.0,0.65,0.9618,16,14,0,0,15,0,0
Scholl_KILBRID_c04,Scholl_KILBRID,Scholl,45,85.0,c04,4,mid,low,mid,high,4042,published_results/full_campaign_median_T_252_2026-06-04/solutions/Scholl_KILBRID_c04/pareto_front.csv,6,5,117.0,99.3,5,2,5,False,12.771200541,99.3,87.1388,4889,1512017,302.57,96.0,3.3,0.8447,0,13,0,0,32,0,0
Scholl_KILBRID_c04,Scholl_KILBRID,Scholl,45,85.0,c04,4,mid,low,mid,high,4042,published_results/full_campaign_median_T_252_2026-06-04/solutions/Scholl_KILBRID_c04/pareto_front.csv,7,6,99.0,158.95000000000002,7,1,7,False,42.925105517,158.95,72.9946,23334,4531929,302.57,158.0,0.95,0.9681,0,31,0,0,14,0,0
Scholl_KILBRID_c05,Scholl_KILBRID,Scholl,45,85.0,c05,5,mid,mid,high,low,5042,published_results/full_campaign_median_T_252_2026-06-04/solutions/Scholl_KILBRID_c05/pareto_front.csv,1,0,280.0,0.0,7,7,0,True,280.0,280.0,0.0,0,1935,0.3,0.0,0.0,,45,0,0,0,0,0,0
Scholl_KILBRID_c05,Scholl_KILBRID,Scholl,45,85.0,c05,5,mid,mid,high,low,5042,published_results/full_campaign_median_T_252_2026-06-04/solutions/Scholl_KILBRID_c05/pareto_front.csv,2,1,245.0,16.0,6,6,1,False,0.0,16.0,100.0,3303,670580,302.67,16.0,0.0,1.0,39,0,0,0,6,0,0
Scholl_KILBRID_c05,Scholl_KILBRID,Scholl,45,85.0,c05,5,mid,mid,high,low,5042,published_results/full_campaign_median_T_252_2026-06-04/solutions/Scholl_KILBRID_c05/pareto_front.csv,3,2,223.0,49.45,7,5,3,False,0.0,49.45,100.0,2349,1218663,302.62,47.0,2.45,0.8078,31,7,0,0,0,3,4
Scholl_KILBRID_c05,Scholl_KILBRID,Scholl,45,85.0,c05,5,mid,mid,high,low,5042,published_results/full_campaign_median_T_252_2026-06-04/solutions/Scholl_KILBRID_c05/pareto_front.csv,4,3,196.0,80.04999999999998,8,4,4,False,0.00035136142289,80.05,99.9996,3704,1303091,302.62,78.0,2.05,0.8794,34,11,0,0,0,0,0
Scholl_KILBRID_c05,Scholl_KILBRID,Scholl,45,85.0,c05,5,mid,mid,high,low,5042,published_results/full_campaign_median_T_252_2026-06-04/solutions/Scholl_KILBRID_c05/pareto_front.csv,5,4,192.0,84.60000000000001,7,4,4,False,0.0,84.6,100.0,2726,856979,302.69,84.0,0.6,0.9647,21,15,0,0,0,3,6
Scholl_KILBRID_c05,Scholl_KILBRID,Scholl,45,85.0,c05,5,mid,mid,high,low,5042,published_results/full_campaign_median_T_252_2026-06-04/solutions/Scholl_KILBRID_c05/pareto_front.csv,6,5,174.0,115.69999999999999,9,3,6,False,3.2067741263,115.7,97.2284,3290,776288,302.59,111.0,4.7,0.8157,26,19,0,0,0,0,0
Scholl_KILBRID_c05,Scholl_KILBRID,Scholl,45,85.0,c05,5,mid,mid,high,low,5042,published_results/full_campaign_median_T_252_2026-06-04/solutions/Scholl_KILBRID_c05/pareto_front.csv,7,6,170.0,123.25,8,3,6,False,0.50075494911,123.25,99.5937,2825,1083146,302.62,120.0,3.25,0.8725,13,23,0,0,9,0,0
Scholl_KILBRID_c06,Scholl_KILBRID,Scholl,45,85.0,c06,6,mid,high,low,mid,6042,published_results/full_campaign_median_T_252_2026-06-04/solutions/Scholl_KILBRID_c06/pareto_front.csv,1,0,280.0,0.0,7,7,0,True,280.0,280.0,0.0,0,1935,0.24,0.0,0.0,,45,0,0,0,0,0,0
Scholl_KILBRID_c06,Scholl_KILBRID,Scholl,45,85.0,c06,6,mid,high,low,mid,6042,published_results/full_campaign_median_T_252_2026-06-04/solutions/Scholl_KILBRID_c06/pareto_front.csv,2,1,249.0,22.35,7,6,1,False,0.0,22.35,100.0,3256,1398745,302.65,22.0,0.35,0.9176,39,6,0,0,0,0,0
Scholl_KILBRID_c06,Scholl_KILBRID,Scholl,45,85.0,c06,6,mid,high,low,mid,6042,published_results/full_campaign_median_T_252_2026-06-04/solutions/Scholl_KILBRID_c06/pareto_front.csv,3,2,227.0,54.5,8,5,3,False,0.0,54.5,100.0,3491,963078,303.34,51.0,3.5,0.7255,36,9,0,0,0,0,0
Scholl_KILBRID_c07,Scholl_KILBRID,Scholl,45,85.0,c07,7,high,low,high,mid,7042,published_results/full_campaign_median_T_252_2026-06-04/solutions/Scholl_KILBRID_c07/pareto_front.csv,1,0,280.0,0.0,7,7,0,True,280.0,280.0,0.0,0,1935,0.24,0.0,0.0,,45,0,0,0,0,0,0
Scholl_KILBRID_c07,Scholl_KILBRID,Scholl,45,85.0,c07,7,high,low,high,mid,7042,published_results/full_campaign_median_T_252_2026-06-04/solutions/Scholl_KILBRID_c07/pareto_front.csv,2,1,245.0,10.55,6,6,1,False,0.0,10.55,100.0,3475,598362,302.62,9.0,1.55,0.6353,40,0,0,0,5,0,0
Scholl_KILBRID_c07,Scholl_KILBRID,Scholl,45,85.0,c07,7,high,low,high,mid,7042,published_results/full_campaign_median_T_252_2026-06-04/solutions/Scholl_KILBRID_c07/pareto_front.csv,3,2,205.0,20.0,5,5,1,False,0.19400158397,20.0,99.03,3303,1129886,302.6,20.0,0.0,1.0,30,0,0,0,15,0,0
Scholl_KILBRID_c07,Scholl_KILBRID,Scholl,45,85.0,c07,7,high,low,high,mid,7042,published_results/full_campaign_median_T_252_2026-06-04/solutions/Scholl_KILBRID_c07/pareto_front.csv,4,3,170.0,34.65,4,4,2,False,0.1581920904,34.65,99.5435,3280,1182020,302.59,34.0,0.65,0.9235,19,0,0,0,26,0,0
Scholl_KILBRID_c07,Scholl_KILBRID,Scholl,45,85.0,c07,7,high,low,high,mid,7042,published_results/full_campaign_median_T_252_2026-06-04/solutions/Scholl_KILBRID_c07/pareto_front.csv,5,4,135.0,58.1,3,3,3,False,0.15217391304,58.1,99.7381,1900,1260375,302.59,57.0,1.1,0.9137,0,0,0,0,45,0,0
Scholl_KILBRID_c07,Scholl_KILBRID,Scholl,45,85.0,c07,7,high,low,high,mid,7042,published_results/full_campaign_median_T_252_2026-06-04/solutions/Scholl_KILBRID_c07/pareto_front.csv,6,5,126.0,128.99999999999997,6,2,6,False,6.9523517137,129.0,94.6106,2875,1850054,302.58,128.0,1.0,0.9608,0,16,0,0,29,0,0
Scholl_KILBRID_c08,Scholl_KILBRID,Scholl,45,85.0,c08,8,high,mid,low,high,8042,published_results/full_campaign_median_T_252_2026-06-04/solutions/Scholl_KILBRID_c08/pareto_front.csv,1,0,280.0,0.0,7,7,0,True,280.0,280.0,0.0,0,1935,0.24,0.0,0.0,,45,0,0,0,0,0,0
Scholl_KILBRID_c08,Scholl_KILBRID,Scholl,45,85.0,c08,8,high,mid,low,high,8042,published_results/full_campaign_median_T_252_2026-06-04/solutions/Scholl_KILBRID_c08/pareto_front.csv,2,1,254.0,27.0,7,6,2,False,0.0,27.0,100.0,1337,1073002,302.63,23.0,4.0,0.5294,37,3,4,1,0,0,0
Scholl_KILBRID_c08,Scholl_KILBRID,Scholl,45,85.0,c08,8,high,mid,low,high,8042,published_results/full_campaign_median_T_252_2026-06-04/solutions/Scholl_KILBRID_c08/pareto_front.csv,3,2,237.0,75.25,8,5,5,False,0.0,75.25,100.0,3312,705283,303.56,68.0,7.25,0.6588,17,5,0,0,23,0,0
Scholl_KILBRID_c08,Scholl_KILBRID,Scholl,45,85.0,c08,8,high,mid,low,high,8042,published_results/full_campaign_median_T_252_2026-06-04/solutions/Scholl_KILBRID_c08/pareto_front.csv,4,3,214.0,128.74999999999997,10,4,6,False,0.0,128.75,100.0,1689,651037,302.7,126.0,2.75,0.8922,29,16,0,0,0,0,0
Scholl_KILBRID_c09,Scholl_KILBRID,Scholl,45,85.0,c09,9,high,high,mid,low,9042,published_results/full_campaign_median_T_252_2026-06-04/solutions/Scholl_KILBRID_c09/pareto_front.csv,1,0,280.0,0.0,7,7,0,True,280.0,280.0,0.0,0,1935,0.25,0.0,0.0,,45,0,0,0,0,0,0
Scholl_KILBRID_c09,Scholl_KILBRID,Scholl,45,85.0,c09,9,high,high,mid,low,9042,published_results/full_campaign_median_T_252_2026-06-04/solutions/Scholl_KILBRID_c09/pareto_front.csv,2,1,258.0,27.1,8,6,2,False,0.0,27.1,100.0,997,983083,302.64,23.0,4.1,0.5176,39,6,0,0,0,0,0
Scholl_KILBRID_c09,Scholl_KILBRID,Scholl,45,85.0,c09,9,high,high,mid,low,9042,published_results/full_campaign_median_T_252_2026-06-04/solutions/Scholl_KILBRID_c09/pareto_front.csv,3,2,232.0,65.3,8,5,4,False,0.0,65.3,100.0,3402,652428,302.65,62.0,3.3,0.8059,30,9,0,0,0,2,4
Scholl_LUTZ2_c01,Scholl_LUTZ2,Scholl,89,16.0,c01,1,low,low,low,low,1042,published_results/full_campaign_median_T_252_2026-06-04/solutions/Scholl_LUTZ2_c01/pareto_front.csv,1,0,1240.0,0.0,31,31,0,True,1240.0,1240.0,0.0,10519,2748294,79.48,0.0,0.0,,89,0,0,0,0,0,0
Scholl_LUTZ2_c02,Scholl_LUTZ2,Scholl,89,16.0,c02,2,low,mid,mid,mid,2042,published_results/full_campaign_median_T_252_2026-06-04/solutions/Scholl_LUTZ2_c02/pareto_front.csv,1,0,1240.0,0.0,31,31,0,True,1240.0,1240.0,0.0,10519,2748294,78.81,0.0,0.0,,89,0,0,0,0,0,0
Scholl_LUTZ2_c03,Scholl_LUTZ2,Scholl,89,16.0,c03,3,low,high,high,high,3042,published_results/full_campaign_median_T_252_2026-06-04/solutions/Scholl_LUTZ2_c03/pareto_front.csv,1,0,1240.0,0.0,31,31,0,True,1240.0,1240.0,0.0,10519,2748294,79.28,0.0,0.0,,89,0,0,0,0,0,0
Scholl_LUTZ2_c04,Scholl_LUTZ2,Scholl,89,16.0,c04,4,mid,low,mid,high,4042,published_results/full_campaign_median_T_252_2026-06-04/solutions/Scholl_LUTZ2_c04/pareto_front.csv,1,0,1240.0,0.0,31,31,0,True,1240.0,1240.0,0.0,10519,2748294,78.97,0.0,0.0,,89,0,0,0,0,0,0
Scholl_LUTZ2_c05,Scholl_LUTZ2,Scholl,89,16.0,c05,5,mid,mid,high,low,5042,published_results/full_campaign_median_T_252_2026-06-04/solutions/Scholl_LUTZ2_c05/pareto_front.csv,1,0,1240.0,0.0,31,31,0,True,1240.0,1240.0,0.0,10519,2748294,78.98,0.0,0.0,,89,0,0,0,0,0,0
Scholl_LUTZ2_c06,Scholl_LUTZ2,Scholl,89,16.0,c06,6,mid,high,low,mid,6042,published_results/full_campaign_median_T_252_2026-06-04/solutions/Scholl_LUTZ2_c06/pareto_front.csv,1,0,1240.0,0.0,31,31,0,True,1240.0,1240.0,0.0,10519,2748294,79.07,0.0,0.0,,89,0,0,0,0,0,0
Scholl_LUTZ2_c07,Scholl_LUTZ2,Scholl,89,16.0,c07,7,high,low,high,mid,7042,published_results/full_campaign_median_T_252_2026-06-04/solutions/Scholl_LUTZ2_c07/pareto_front.csv,1,0,1240.0,0.0,31,31,0,True,1240.0,1240.0,0.0,10519,2748294,79.03,0.0,0.0,,89,0,0,0,0,0,0
Scholl_LUTZ2_c08,Scholl_LUTZ2,Scholl,89,16.0,c08,8,high,mid,low,high,8042,published_results/full_campaign_median_T_252_2026-06-04/solutions/Scholl_LUTZ2_c08/pareto_front.csv,1,0,1240.0,0.0,31,31,0,True,1240.0,1240.0,0.0,10519,2748294,79.13,0.0,0.0,,89,0,0,0,0,0,0
Scholl_LUTZ2_c09,Scholl_LUTZ2,Scholl,89,16.0,c09,9,high,high,mid,low,9042,published_results/full_campaign_median_T_252_2026-06-04/solutions/Scholl_LUTZ2_c09/pareto_front.csv,1,0,1240.0,0.0,31,31,0,True,1240.0,1240.0,0.0,10519,2748294,78.89,0.0,0.0,,89,0,0,0,0,0,0
Scholl_MANSOOR_c01,Scholl_MANSOOR,Scholl,11,62.0,c01,1,low,low,low,low,1042,published_results/full_campaign_median_T_252_2026-06-04/solutions/Scholl_MANSOOR_c01/pareto_front.csv,1,0,120.0,0.0,3,3,0,True,120.0,120.0,0.0,0,123,0.02,0.0,0.0,,11,0,0,0,0,0,0
Scholl_MANSOOR_c01,Scholl_MANSOOR,Scholl,11,62.0,c01,1,low,low,low,low,1042,published_results/full_campaign_median_T_252_2026-06-04/solutions/Scholl_MANSOOR_c01/pareto_front.csv,2,1,85.0,11.5,2,2,1,True,11.5,11.5,0.0,396,18737,0.67,11.0,0.5,0.8387,4,0,0,0,7,0,0
Scholl_MANSOOR_c01,Scholl_MANSOOR,Scholl,11,62.0,c01,1,low,low,low,low,1042,published_results/full_campaign_median_T_252_2026-06-04/solutions/Scholl_MANSOOR_c01/pareto_front.csv,3,2,54.0,23.5,2,1,2,True,23.5,23.5,0.0,0,2445,0.58,22.0,1.5,0.7581,0,1,0,0,10,0,0
Scholl_MANSOOR_c01,Scholl_MANSOOR,Scholl,11,62.0,c01,1,low,low,low,low,1042,published_results/full_campaign_median_T_252_2026-06-04/solutions/Scholl_MANSOOR_c01/pareto_front.csv,4,3,36.0,55.9,4,0,4,True,55.9,55.9,0.0,0,173,0.11,53.0,2.9,0.7661,0,11,0,0,0,0,0
Scholl_MANSOOR_c02,Scholl_MANSOOR,Scholl,11,62.0,c02,2,low,mid,mid,mid,2042,published_results/full_campaign_median_T_252_2026-06-04/solutions/Scholl_MANSOOR_c02/pareto_front.csv,1,0,120.0,0.0,3,3,0,True,120.0,120.0,0.0,0,123,0.02,0.0,0.0,,11,0,0,0,0,0,0
Scholl_MANSOOR_c02,Scholl_MANSOOR,Scholl,11,62.0,c02,2,low,mid,mid,mid,2042,published_results/full_campaign_median_T_252_2026-06-04/solutions/Scholl_MANSOOR_c02/pareto_front.csv,2,1,94.0,17.0,3,2,2,True,17.0,17.0,0.0,1794,69758,1.06,15.0,2.0,0.6774,4,3,0,0,0,2,2
Scholl_MANSOOR_c02,Scholl_MANSOOR,Scholl,11,62.0,c02,2,low,mid,mid,mid,2042,published_results/full_campaign_median_T_252_2026-06-04/solutions/Scholl_MANSOOR_c02/pareto_front.csv,3,2,89.0,17.05,3,2,1,True,17.05,17.05,0.0,255,43898,1.37,17.0,0.05,0.9839,7,4,0,0,0,0,0
Scholl_MANSOOR_c02,Scholl_MANSOOR,Scholl,11,62.0,c02,2,low,mid,mid,mid,2042,published_results/full_campaign_median_T_252_2026-06-04/solutions/Scholl_MANSOOR_c02/pareto_front.csv,4,3,63.0,33.25,3,1,3,True,33.25,33.25,0.0,1018,57264,1.5,31.0,2.25,0.7581,0,3,0,0,0,3,5
Scholl_MANSOOR_c02,Scholl_MANSOOR,Scholl,11,62.0,c02,2,low,mid,mid,mid,2042,published_results/full_campaign_median_T_252_2026-06-04/solutions/Scholl_MANSOOR_c02/pareto_front.csv,5,4,58.0,33.3,3,1,2,True,33.3,33.3,0.0,0,1290,0.34,33.0,0.3,0.9516,4,7,0,0,0,0,0
Scholl_MANSOOR_c02,Scholl_MANSOOR,Scholl,11,62.0,c02,2,low,mid,mid,mid,2042,published_results/full_campaign_median_T_252_2026-06-04/solutions/Scholl_MANSOOR_c02/pareto_front.csv,6,5,27.0,52.199999999999996,3,0,3,True,52.2,52.2,0.0,0,655,0.24,52.0,0.2,0.9785,0,11,0,0,0,0,0
Scholl_MANSOOR_c03,Scholl_MANSOOR,Scholl,11,62.0,c03,3,low,high,high,high,3042,published_results/full_campaign_median_T_252_2026-06-04/solutions/Scholl_MANSOOR_c03/pareto_front.csv,1,0,120.0,0.0,3,3,0,True,120.0,120.0,0.0,0,123,0.02,0.0,0.0,,11,0,0,0,0,0,0
Scholl_MANSOOR_c03,Scholl_MANSOOR,Scholl,11,62.0,c03,3,low,high,high,high,3042,published_results/full_campaign_median_T_252_2026-06-04/solutions/Scholl_MANSOOR_c03/pareto_front.csv,2,1,89.0,18.0,3,2,1,True,18.0,18.0,0.0,1948,78900,1.05,18.0,0.0,1.0,7,4,0,0,0,0,0
Scholl_MANSOOR_c03,Scholl_MANSOOR,Scholl,11,62.0,c03,3,low,high,high,high,3042,published_results/full_campaign_median_T_252_2026-06-04/solutions/Scholl_MANSOOR_c03/pareto_front.csv,3,2,67.0,36.8,4,1,3,True,36.8,36.8,0.0,1646,66517,1.75,34.0,2.8,0.6989,7,4,0,0,0,0,0
Scholl_MANSOOR_c03,Scholl_MANSOOR,Scholl,11,62.0,c03,3,low,high,high,high,3042,published_results/full_campaign_median_T_252_2026-06-04/solutions/Scholl_MANSOOR_c03/pareto_front.csv,4,3,63.0,39.4,3,1,3,True,39.4,39.4,0.0,0,996,0.26,38.0,1.4,0.8495,0,8,0,0,0,1,2
Scholl_MANSOOR_c03,Scholl_MANSOOR,Scholl,11,62.0,c03,3,low,high,high,high,3042,published_results/full_campaign_median_T_252_2026-06-04/solutions/Scholl_MANSOOR_c03/pareto_front.csv,5,4,36.0,54.900000000000006,4,0,4,True,54.9,54.9,0.0,0,707,0.24,52.0,2.9,0.7661,0,11,0,0,0,0,0
Scholl_MANSOOR_c04,Scholl_MANSOOR,Scholl,11,62.0,c04,4,mid,low,mid,high,4042,published_results/full_campaign_median_T_252_2026-06-04/solutions/Scholl_MANSOOR_c04/pareto_front.csv,1,0,120.0,0.0,3,3,0,True,120.0,120.0,0.0,0,123,0.02,0.0,0.0,,11,0,0,0,0,0,0
Scholl_MANSOOR_c04,Scholl_MANSOOR,Scholl,11,62.0,c04,4,mid,low,mid,high,4042,published_results/full_campaign_median_T_252_2026-06-04/solutions/Scholl_MANSOOR_c04/pareto_front.csv,2,1,85.0,11.35,2,2,1,True,11.35,11.35,0.0,269,11038,0.43,11.0,0.35,0.8871,4,0,0,0,7,0,0
Scholl_MANSOOR_c04,Scholl_MANSOOR,Scholl,11,62.0,c04,4,mid,low,mid,high,4042,published_results/full_campaign_median_T_252_2026-06-04/solutions/Scholl_MANSOOR_c04/pareto_front.csv,3,2,63.0,32.65,3,1,3,True,32.65,32.65,0.0,0,723,0.31,30.0,2.65,0.7151,0,3,0,0,8,0,0
Scholl_MANSOOR_c05,Scholl_MANSOOR,Scholl,11,62.0,c05,5,mid,mid,high,low,5042,published_results/full_campaign_median_T_252_2026-06-04/solutions/Scholl_MANSOOR_c05/pareto_front.csv,1,0,120.0,0.0,3,3,0,True,120.0,120.0,0.0,0,123,0.02,0.0,0.0,,11,0,0,0,0,0,0
Scholl_MANSOOR_c05,Scholl_MANSOOR,Scholl,11,62.0,c05,5,mid,mid,high,low,5042,published_results/full_campaign_median_T_252_2026-06-04/solutions/Scholl_MANSOOR_c05/pareto_front.csv,2,1,94.0,20.35,3,2,2,True,20.35,20.35,0.0,1598,68359,1.43,19.0,1.35,0.7823,4,3,0,0,0,3,1
Scholl_MANSOOR_c05,Scholl_MANSOOR,Scholl,11,62.0,c05,5,mid,mid,high,low,5042,published_results/full_campaign_median_T_252_2026-06-04/solutions/Scholl_MANSOOR_c05/pareto_front.csv,3,2,90.0,22.3,2,2,2,True,22.3,22.3,0.0,233,24948,0.92,22.0,0.3,0.9516,0,0,0,0,7,3,1
Scholl_MANSOOR_c05,Scholl_MANSOOR,Scholl,11,62.0,c05,5,mid,mid,high,low,5042,published_results/full_campaign_median_T_252_2026-06-04/solutions/Scholl_MANSOOR_c05/pareto_front.csv,4,3,72.0,44.800000000000004,4,1,4,True,44.8,44.8,0.0,1096,29042,0.9,42.0,2.8,0.7742,0,4,0,0,0,6,1
Scholl_MANSOOR_c05,Scholl_MANSOOR,Scholl,11,62.0,c05,5,mid,mid,high,low,5042,published_results/full_campaign_median_T_252_2026-06-04/solutions/Scholl_MANSOOR_c05/pareto_front.csv,5,4,67.0,48.45,4,1,3,True,48.45,48.45,0.0,154,14765,0.71,48.0,0.45,0.9516,4,7,0,0,0,0,0
Scholl_MANSOOR_c05,Scholl_MANSOOR,Scholl,11,62.0,c05,5,mid,mid,high,low,5042,published_results/full_campaign_median_T_252_2026-06-04/solutions/Scholl_MANSOOR_c05/pareto_front.csv,6,5,45.0,74.95,5,0,5,True,74.95,74.95,0.0,0,861,0.27,73.0,1.95,0.8742,0,11,0,0,0,0,0
Scholl_MANSOOR_c06,Scholl_MANSOOR,Scholl,11,62.0,c06,6,mid,high,low,mid,6042,published_results/full_campaign_median_T_252_2026-06-04/solutions/Scholl_MANSOOR_c06/pareto_front.csv,1,0,120.0,0.0,3,3,0,True,120.0,120.0,0.0,0,123,0.02,0.0,0.0,,11,0,0,0,0,0,0
Scholl_MANSOOR_c06,Scholl_MANSOOR,Scholl,11,62.0,c06,6,mid,high,low,mid,6042,published_results/full_campaign_median_T_252_2026-06-04/solutions/Scholl_MANSOOR_c06/pareto_front.csv,2,1,94.0,23.75,3,2,2,True,23.75,23.75,0.0,1220,46667,0.92,23.0,0.75,0.879,4,1,0,0,0,3,3
Scholl_MANSOOR_c06,Scholl_MANSOOR,Scholl,11,62.0,c06,6,mid,high,low,mid,6042,published_results/full_campaign_median_T_252_2026-06-04/solutions/Scholl_MANSOOR_c06/pareto_front.csv,3,2,67.0,47.9,4,1,3,True,47.9,47.9,0.0,1087,49805,0.95,47.0,0.9,0.9032,4,7,0,0,0,0,0
Scholl_MANSOOR_c06,Scholl_MANSOOR,Scholl,11,62.0,c06,6,mid,high,low,mid,6042,published_results/full_campaign_median_T_252_2026-06-04/solutions/Scholl_MANSOOR_c06/pareto_front.csv,4,3,45.0,75.75000000000001,5,0,5,True,75.75,75.75,0.0,0,1395,0.33,73.0,2.75,0.8226,0,11,0,0,0,0,0
Scholl_MANSOOR_c07,Scholl_MANSOOR,Scholl,11,62.0,c07,7,high,low,high,mid,7042,published_results/full_campaign_median_T_252_2026-06-04/solutions/Scholl_MANSOOR_c07/pareto_front.csv,1,0,120.0,0.0,3,3,0,True,120.0,120.0,0.0,0,123,0.02,0.0,0.0,,11,0,0,0,0,0,0
Scholl_MANSOOR_c07,Scholl_MANSOOR,Scholl,11,62.0,c07,7,high,low,high,mid,7042,published_results/full_campaign_median_T_252_2026-06-04/solutions/Scholl_MANSOOR_c07/pareto_front.csv,2,1,85.0,11.6,2,2,1,True,11.6,11.6,0.0,175,14791,0.57,11.0,0.6,0.8065,4,0,0,0,7,0,0
Scholl_MANSOOR_c08,Scholl_MANSOOR,Scholl,11,62.0,c08,8,high,mid,low,high,8042,published_results/full_campaign_median_T_252_2026-06-04/solutions/Scholl_MANSOOR_c08/pareto_front.csv,1,0,120.0,0.0,3,3,0,True,120.0,120.0,0.0,0,123,0.02,0.0,0.0,,11,0,0,0,0,0,0
Scholl_MANSOOR_c08,Scholl_MANSOOR,Scholl,11,62.0,c08,8,high,mid,low,high,8042,published_results/full_campaign_median_T_252_2026-06-04/solutions/Scholl_MANSOOR_c08/pareto_front.csv,2,1,90.0,23.150000000000002,2,2,2,True,23.15,23.15,0.0,240,17925,0.53,23.0,0.15,0.9758,0,0,0,0,11,0,0
Scholl_MANSOOR_c09,Scholl_MANSOOR,Scholl,11,62.0,c09,9,high,high,mid,low,9042,published_results/full_campaign_median_T_252_2026-06-04/solutions/Scholl_MANSOOR_c09/pareto_front.csv,1,0,120.0,0.0,3,3,0,True,120.0,120.0,0.0,0,123,0.02,0.0,0.0,,11,0,0,0,0,0,0
Scholl_MERTENS_c01,Scholl_MERTENS,Scholl,7,9.0,c01,1,low,low,low,low,1042,published_results/full_campaign_median_T_252_2026-06-04/solutions/Scholl_MERTENS_c01/pareto_front.csv,1,0,160.0,0.0,4,4,0,True,160.0,160.0,0.0,0,0,0.11,0.0,0.0,,7,0,0,0,0,0,0
Scholl_MERTENS_c01,Scholl_MERTENS,Scholl,7,9.0,c01,1,low,low,low,low,1042,published_results/full_campaign_median_T_252_2026-06-04/solutions/Scholl_MERTENS_c01/pareto_front.csv,2,1,125.0,1.1,3,3,1,True,1.1,1.1,0.0,0,205,0.09,1.0,0.1,0.7778,5,0,0,0,0,1,1
Scholl_MERTENS_c01,Scholl_MERTENS,Scholl,7,9.0,c01,1,low,low,low,low,1042,published_results/full_campaign_median_T_252_2026-06-04/solutions/Scholl_MERTENS_c01/pareto_front.csv,3,2,98.0,4.300000000000001,4,2,2,True,4.3,4.3,0.0,583,18105,0.28,4.0,0.3,0.6667,5,2,0,0,0,0,0
Scholl_MERTENS_c01,Scholl_MERTENS,Scholl,7,9.0,c01,1,low,low,low,low,1042,published_results/full_campaign_median_T_252_2026-06-04/solutions/Scholl_MERTENS_c01/pareto_front.csv,4,3,94.0,5.2,3,2,2,True,5.2,5.2,0.0,0,544,0.17,5.0,0.2,0.7778,3,1,0,0,3,0,0
Scholl_MERTENS_c01,Scholl_MERTENS,Scholl,7,9.0,c01,1,low,low,low,low,1042,published_results/full_campaign_median_T_252_2026-06-04/solutions/Scholl_MERTENS_c01/pareto_front.csv,5,4,90.0,7.1499999999999995,2,2,2,True,7.15,7.15,0.0,0,953,0.17,7.0,0.15,0.8333,0,0,0,0,7,0,0
Scholl_MERTENS_c01,Scholl_MERTENS,Scholl,7,9.0,c01,1,low,low,low,low,1042,published_results/full_campaign_median_T_252_2026-06-04/solutions/Scholl_MERTENS_c01/pareto_front.csv,6,5,67.0,8.200000000000001,4,1,3,True,8.2,8.2,0.0,0,807,0.16,8.0,0.2,0.8519,2,5,0,0,0,0,0
Scholl_MERTENS_c01,Scholl_MERTENS,Scholl,7,9.0,c01,1,low,low,low,low,1042,published_results/full_campaign_median_T_252_2026-06-04/solutions/Scholl_MERTENS_c01/pareto_front.csv,7,6,63.0,8.35,3,1,3,True,8.35,8.35,0.0,0,1106,0.18,8.0,0.35,0.7407,0,3,0,0,4,0,0
Scholl_MERTENS_c01,Scholl_MERTENS,Scholl,7,9.0,c01,1,low,low,low,low,1042,published_results/full_campaign_median_T_252_2026-06-04/solutions/Scholl_MERTENS_c01/pareto_front.csv,8,7,45.0,12.600000000000001,5,0,5,True,12.6,12.6,0.0,0,463,0.11,12.0,0.6,0.7333,0,7,0,0,0,0,0
Scholl_MERTENS_c02,Scholl_MERTENS,Scholl,7,9.0,c02,2,low,mid,mid,mid,2042,published_results/full_campaign_median_T_252_2026-06-04/solutions/Scholl_MERTENS_c02/pareto_front.csv,1,0,160.0,0.0,4,4,0,True,160.0,160.0,0.0,0,0,0.01,0.0,0.0,,7,0,0,0,0,0,0
Scholl_MERTENS_c02,Scholl_MERTENS,Scholl,7,9.0,c02,2,low,mid,mid,mid,2042,published_results/full_campaign_median_T_252_2026-06-04/solutions/Scholl_MERTENS_c02/pareto_front.csv,2,1,125.0,1.15,3,3,1,True,1.15,1.15,0.0,252,3628,0.15,1.0,0.15,0.6667,5,0,0,0,0,1,1
Scholl_MERTENS_c02,Scholl_MERTENS,Scholl,7,9.0,c02,2,low,mid,mid,mid,2042,published_results/full_campaign_median_T_252_2026-06-04/solutions/Scholl_MERTENS_c02/pareto_front.csv,3,2,98.0,4.25,4,2,2,True,4.25,4.25,0.0,543,14417,0.21,4.0,0.25,0.7222,5,2,0,0,0,0,0
Scholl_MERTENS_c02,Scholl_MERTENS,Scholl,7,9.0,c02,2,low,mid,mid,mid,2042,published_results/full_campaign_median_T_252_2026-06-04/solutions/Scholl_MERTENS_c02/pareto_front.csv,4,3,67.0,8.200000000000001,4,1,3,True,8.2,8.2,0.0,0,936,0.22,8.0,0.2,0.8519,2,5,0,0,0,0,0
Scholl_MERTENS_c02,Scholl_MERTENS,Scholl,7,9.0,c02,2,low,mid,mid,mid,2042,published_results/full_campaign_median_T_252_2026-06-04/solutions/Scholl_MERTENS_c02/pareto_front.csv,5,4,45.0,12.6,5,0,5,True,12.6,12.6,0.0,0,843,0.18,12.0,0.6,0.7333,0,7,0,0,0,0,0
Scholl_MERTENS_c03,Scholl_MERTENS,Scholl,7,9.0,c03,3,low,high,high,high,3042,published_results/full_campaign_median_T_252_2026-06-04/solutions/Scholl_MERTENS_c03/pareto_front.csv,1,0,160.0,0.0,4,4,0,True,160.0,160.0,0.0,0,0,0.02,0.0,0.0,,7,0,0,0,0,0,0
Scholl_MERTENS_c03,Scholl_MERTENS,Scholl,7,9.0,c03,3,low,high,high,high,3042,published_results/full_campaign_median_T_252_2026-06-04/solutions/Scholl_MERTENS_c03/pareto_front.csv,2,1,125.0,2.05,3,3,1,True,2.05,2.05,0.0,243,4249,0.16,2.0,0.05,0.8889,5,0,0,0,0,1,1
Scholl_MERTENS_c03,Scholl_MERTENS,Scholl,7,9.0,c03,3,low,high,high,high,3042,published_results/full_campaign_median_T_252_2026-06-04/solutions/Scholl_MERTENS_c03/pareto_front.csv,3,2,98.0,4.300000000000001,4,2,2,True,4.3,4.3,0.0,527,7029,0.17,4.0,0.3,0.6667,5,2,0,0,0,0,0
Scholl_MERTENS_c03,Scholl_MERTENS,Scholl,7,9.0,c03,3,low,high,high,high,3042,published_results/full_campaign_median_T_252_2026-06-04/solutions/Scholl_MERTENS_c03/pareto_front.csv,4,3,94.0,6.05,3,2,2,True,6.05,6.05,0.0,0,883,0.19,6.0,0.05,0.9444,2,3,0,0,0,1,1
Scholl_MERTENS_c03,Scholl_MERTENS,Scholl,7,9.0,c03,3,low,high,high,high,3042,published_results/full_campaign_median_T_252_2026-06-04/solutions/Scholl_MERTENS_c03/pareto_front.csv,5,4,67.0,8.3,4,1,3,True,8.3,8.3,0.0,0,973,0.18,8.0,0.3,0.7778,2,5,0,0,0,0,0
Scholl_MERTENS_c03,Scholl_MERTENS,Scholl,7,9.0,c03,3,low,high,high,high,3042,published_results/full_campaign_median_T_252_2026-06-04/solutions/Scholl_MERTENS_c03/pareto_front.csv,6,5,45.0,12.700000000000001,5,0,5,True,12.7,12.7,0.0,0,1003,0.17,12.0,0.7,0.6889,0,7,0,0,0,0,0
Scholl_MERTENS_c04,Scholl_MERTENS,Scholl,7,9.0,c04,4,mid,low,mid,high,4042,published_results/full_campaign_median_T_252_2026-06-04/solutions/Scholl_MERTENS_c04/pareto_front.csv,1,0,160.0,0.0,4,4,0,True,160.0,160.0,0.0,0,0,0.01,0.0,0.0,,7,0,0,0,0,0,0
Scholl_MERTENS_c04,Scholl_MERTENS,Scholl,7,9.0,c04,4,mid,low,mid,high,4042,published_results/full_campaign_median_T_252_2026-06-04/solutions/Scholl_MERTENS_c04/pareto_front.csv,2,1,129.0,2.1,4,3,1,True,2.1,2.1,0.0,99,1648,0.12,2.0,0.1,0.7778,6,1,0,0,0,0,0
Scholl_MERTENS_c04,Scholl_MERTENS,Scholl,7,9.0,c04,4,mid,low,mid,high,4042,published_results/full_campaign_median_T_252_2026-06-04/solutions/Scholl_MERTENS_c04/pareto_front.csv,3,2,125.0,2.15,3,3,1,True,2.15,2.15,0.0,55,968,0.13,2.0,0.15,0.6667,5,0,0,0,2,0,0
Scholl_MERTENS_c04,Scholl_MERTENS,Scholl,7,9.0,c04,4,mid,low,mid,high,4042,published_results/full_campaign_median_T_252_2026-06-04/solutions/Scholl_MERTENS_c04/pareto_front.csv,4,3,98.0,5.1,4,2,2,True,5.1,5.1,0.0,440,11107,0.23,5.0,0.1,0.8889,4,3,0,0,0,0,0
Scholl_MERTENS_c04,Scholl_MERTENS,Scholl,7,9.0,c04,4,mid,low,mid,high,4042,published_results/full_campaign_median_T_252_2026-06-04/solutions/Scholl_MERTENS_c04/pareto_front.csv,5,4,94.0,5.199999999999999,3,2,2,True,5.2,5.2,0.0,0,936,0.2,5.0,0.2,0.7778,3,1,0,0,3,0,0
Scholl_MERTENS_c04,Scholl_MERTENS,Scholl,7,9.0,c04,4,mid,low,mid,high,4042,published_results/full_campaign_median_T_252_2026-06-04/solutions/Scholl_MERTENS_c04/pareto_front.csv,6,5,90.0,7.1,2,2,2,True,7.1,7.1,0.0,0,519,0.17,7.0,0.1,0.8889,0,0,0,0,7,0,0
Scholl_MERTENS_c04,Scholl_MERTENS,Scholl,7,9.0,c04,4,mid,low,mid,high,4042,published_results/full_campaign_median_T_252_2026-06-04/solutions/Scholl_MERTENS_c04/pareto_front.csv,7,6,63.0,9.1,3,1,3,True,9.1,9.1,0.0,0,500,0.13,9.0,0.1,0.9259,0,3,0,0,4,0,0
Scholl_MERTENS_c04,Scholl_MERTENS,Scholl,7,9.0,c04,4,mid,low,mid,high,4042,published_results/full_campaign_median_T_252_2026-06-04/solutions/Scholl_MERTENS_c04/pareto_front.csv,8,7,54.0,16.500000000000007,6,0,6,True,16.5,16.5,0.0,0,730,0.13,16.0,0.5,0.8148,0,7,0,0,0,0,0
Scholl_MERTENS_c05,Scholl_MERTENS,Scholl,7,9.0,c05,5,mid,mid,high,low,5042,published_results/full_campaign_median_T_252_2026-06-04/solutions/Scholl_MERTENS_c05/pareto_front.csv,1,0,160.0,0.0,4,4,0,True,160.0,160.0,0.0,0,0,0.02,0.0,0.0,,7,0,0,0,0,0,0
Scholl_MERTENS_c05,Scholl_MERTENS,Scholl,7,9.0,c05,5,mid,mid,high,low,5042,published_results/full_campaign_median_T_252_2026-06-04/solutions/Scholl_MERTENS_c05/pareto_front.csv,2,1,125.0,2.0,3,3,1,True,2.0,2.0,0.0,246,3724,0.21,2.0,0.0,1.0,5,0,0,0,0,1,1
Scholl_MERTENS_c05,Scholl_MERTENS,Scholl,7,9.0,c05,5,mid,mid,high,low,5042,published_results/full_campaign_median_T_252_2026-06-04/solutions/Scholl_MERTENS_c05/pareto_front.csv,3,2,103.0,5.3,4,2,3,True,5.3,5.3,0.0,607,7371,0.17,5.0,0.3,0.7778,3,2,0,0,0,1,1
Scholl_MERTENS_c05,Scholl_MERTENS,Scholl,7,9.0,c05,5,mid,mid,high,low,5042,published_results/full_campaign_median_T_252_2026-06-04/solutions/Scholl_MERTENS_c05/pareto_front.csv,4,3,99.0,8.15,3,2,3,True,8.15,8.15,0.0,0,1082,0.19,8.0,0.15,0.8889,0,2,0,0,5,0,0
Scholl_MERTENS_c05,Scholl_MERTENS,Scholl,7,9.0,c05,5,mid,mid,high,low,5042,published_results/full_campaign_median_T_252_2026-06-04/solutions/Scholl_MERTENS_c05/pareto_front.csv,5,4,85.0,10.75,6,1,5,True,10.75,10.75,0.0,0,1071,0.19,10.0,0.75,0.6667,2,5,0,0,0,0,0
Scholl_MERTENS_c05,Scholl_MERTENS,Scholl,7,9.0,c05,5,mid,mid,high,low,5042,published_results/full_campaign_median_T_252_2026-06-04/solutions/Scholl_MERTENS_c05/pareto_front.csv,6,5,81.0,11.450000000000001,5,1,5,True,11.45,11.45,0.0,0,139,0.06,11.0,0.45,0.8,0,5,0,0,0,1,1
Scholl_MERTENS_c06,Scholl_MERTENS,Scholl,7,9.0,c06,6,mid,high,low,mid,6042,published_results/full_campaign_median_T_252_2026-06-04/solutions/Scholl_MERTENS_c06/pareto_front.csv,1,0,160.0,0.0,4,4,0,True,160.0,160.0,0.0,0,0,0.01,0.0,0.0,,7,0,0,0,0,0,0
Scholl_MERTENS_c06,Scholl_MERTENS,Scholl,7,9.0,c06,6,mid,high,low,mid,6042,published_results/full_campaign_median_T_252_2026-06-04/solutions/Scholl_MERTENS_c06/pareto_front.csv,2,1,125.0,2.05,3,3,1,True,2.05,2.05,0.0,435,7608,0.17,2.0,0.05,0.8889,5,0,0,0,0,1,1
Scholl_MERTENS_c06,Scholl_MERTENS,Scholl,7,9.0,c06,6,mid,high,low,mid,6042,published_results/full_campaign_median_T_252_2026-06-04/solutions/Scholl_MERTENS_c06/pareto_front.csv,3,2,98.0,4.1499999999999995,4,2,2,True,4.15,4.15,0.0,0,1033,0.18,4.0,0.15,0.8333,5,2,0,0,0,0,0
Scholl_MERTENS_c06,Scholl_MERTENS,Scholl,7,9.0,c06,6,mid,high,low,mid,6042,published_results/full_campaign_median_T_252_2026-06-04/solutions/Scholl_MERTENS_c06/pareto_front.csv,4,3,76.0,8.4,5,1,4,True,8.4,8.4,0.0,0,962,0.27,8.0,0.4,0.7778,3,4,0,0,0,0,0
Scholl_MERTENS_c06,Scholl_MERTENS,Scholl,7,9.0,c06,6,mid,high,low,mid,6042,published_results/full_campaign_median_T_252_2026-06-04/solutions/Scholl_MERTENS_c06/pareto_front.csv,5,4,72.0,9.200000000000001,4,1,4,True,9.2,9.2,0.0,0,714,0.18,9.0,0.2,0.8889,0,4,0,0,0,2,1
Scholl_MERTENS_c06,Scholl_MERTENS,Scholl,7,9.0,c06,6,mid,high,low,mid,6042,published_results/full_campaign_median_T_252_2026-06-04/solutions/Scholl_MERTENS_c06/pareto_front.csv,6,5,54.0,13.6,6,0,6,True,13.6,13.6,0.0,0,824,0.18,13.0,0.6,0.7778,0,7,0,0,0,0,0
Scholl_MERTENS_c07,Scholl_MERTENS,Scholl,7,9.0,c07,7,high,low,high,mid,7042,published_results/full_campaign_median_T_252_2026-06-04/solutions/Scholl_MERTENS_c07/pareto_front.csv,1,0,160.0,0.0,4,4,0,True,160.0,160.0,0.0,0,0,0.01,0.0,0.0,,7,0,0,0,0,0,0
Scholl_MERTENS_c07,Scholl_MERTENS,Scholl,7,9.0,c07,7,high,low,high,mid,7042,published_results/full_campaign_median_T_252_2026-06-04/solutions/Scholl_MERTENS_c07/pareto_front.csv,2,1,125.0,2.2,3,3,1,True,2.2,2.2,0.0,215,2971,0.1,2.0,0.2,0.5556,5,0,0,0,2,0,0
Scholl_MERTENS_c07,Scholl_MERTENS,Scholl,7,9.0,c07,7,high,low,high,mid,7042,published_results/full_campaign_median_T_252_2026-06-04/solutions/Scholl_MERTENS_c07/pareto_front.csv,3,2,85.0,4.0,2,2,1,True,4.0,4.0,0.0,0,175,0.08,4.0,0.0,1.0,3,0,0,0,4,0,0
Scholl_MERTENS_c08,Scholl_MERTENS,Scholl,7,9.0,c08,8,high,mid,low,high,8042,published_results/full_campaign_median_T_252_2026-06-04/solutions/Scholl_MERTENS_c08/pareto_front.csv,1,0,160.0,0.0,4,4,0,True,160.0,160.0,0.0,0,0,0.01,0.0,0.0,,7,0,0,0,0,0,0
Scholl_MERTENS_c08,Scholl_MERTENS,Scholl,7,9.0,c08,8,high,mid,low,high,8042,published_results/full_campaign_median_T_252_2026-06-04/solutions/Scholl_MERTENS_c08/pareto_front.csv,2,1,125.0,2.05,3,3,1,True,2.05,2.05,0.0,0,182,0.08,2.0,0.05,0.8889,5,0,0,0,2,0,0
Scholl_MERTENS_c08,Scholl_MERTENS,Scholl,7,9.0,c08,8,high,mid,low,high,8042,published_results/full_campaign_median_T_252_2026-06-04/solutions/Scholl_MERTENS_c08/pareto_front.csv,3,2,108.0,8.450000000000001,4,2,4,True,8.45,8.45,0.0,0,156,0.08,8.0,0.45,0.75,0,2,0,0,5,0,0
Scholl_MERTENS_c09,Scholl_MERTENS,Scholl,7,9.0,c09,9,high,high,mid,low,9042,published_results/full_campaign_median_T_252_2026-06-04/solutions/Scholl_MERTENS_c09/pareto_front.csv,1,0,160.0,0.0,4,4,0,True,160.0,160.0,0.0,0,0,0.01,0.0,0.0,,7,0,0,0,0,0,0
Scholl_MITCHELL_c01,Scholl_MITCHELL,Scholl,21,23.0,c01,1,low,low,low,low,1042,published_results/full_campaign_median_T_252_2026-06-04/solutions/Scholl_MITCHELL_c01/pareto_front.csv,1,0,200.0,0.0,5,5,0,True,200.0,200.0,0.0,0,642,0.05,0.0,0.0,,21,0,0,0,0,0,0
Scholl_MITCHELL_c01,Scholl_MITCHELL,Scholl,21,23.0,c01,1,low,low,low,low,1042,published_results/full_campaign_median_T_252_2026-06-04/solutions/Scholl_MITCHELL_c01/pareto_front.csv,2,1,169.0,5.25,5,4,1,True,5.25,5.25,0.0,12085,1829735,100.44,5.0,0.25,0.7826,19,2,0,0,0,0,0
Scholl_MITCHELL_c01,Scholl_MITCHELL,Scholl,21,23.0,c01,1,low,low,low,low,1042,published_results/full_campaign_median_T_252_2026-06-04/solutions/Scholl_MITCHELL_c01/pareto_front.csv,3,2,165.0,6.25,4,4,1,True,6.25,6.25,0.0,9692,2212875,156.47,6.0,0.25,0.7826,15,0,0,0,6,0,0
Scholl_MITCHELL_c01,Scholl_MITCHELL,Scholl,21,23.0,c01,1,low,low,low,low,1042,published_results/full_campaign_median_T_252_2026-06-04/solutions/Scholl_MITCHELL_c01/pareto_front.csv,4,3,130.0,10.2,3,3,2,False,4.95,10.2,51.4706,16851,3319732,300.36,10.0,0.2,0.913,7,0,0,0,7,5,2
Scholl_MITCHELL_c01,Scholl_MITCHELL,Scholl,21,23.0,c01,1,low,low,low,low,1042,published_results/full_campaign_median_T_252_2026-06-04/solutions/Scholl_MITCHELL_c01/pareto_front.csv,5,4,99.0,19.2,3,2,3,True,19.2,19.2,0.0,56988,3359368,243.8,19.0,0.2,0.942,0,3,0,0,8,6,4
Scholl_MITCHELL_c01,Scholl_MITCHELL,Scholl,21,23.0,c01,1,low,low,low,low,1042,published_results/full_campaign_median_T_252_2026-06-04/solutions/Scholl_MITCHELL_c01/pareto_front.csv,6,5,76.0,29.2,5,1,4,True,29.2,29.2,0.0,16362,930805,32.65,29.0,0.2,0.9565,6,15,0,0,0,0,0
Scholl_MITCHELL_c01,Scholl_MITCHELL,Scholl,21,23.0,c01,1,low,low,low,low,1042,published_results/full_campaign_median_T_252_2026-06-04/solutions/Scholl_MITCHELL_c01/pareto_front.csv,7,6,72.0,29.55,4,1,4,True,29.55,29.55,0.0,125,32495,2.89,29.0,0.55,0.8804,0,13,0,0,8,0,0
Scholl_MITCHELL_c01,Scholl_MITCHELL,Scholl,21,23.0,c01,1,low,low,low,low,1042,published_results/full_campaign_median_T_252_2026-06-04/solutions/Scholl_MITCHELL_c01/pareto_front.csv,8,7,54.0,41.25,6,0,6,True,41.25,41.25,0.0,0,2875,2.28,40.0,1.25,0.8188,0,21,0,0,0,0,0
Scholl_MITCHELL_c02,Scholl_MITCHELL,Scholl,21,23.0,c02,2,low,mid,mid,mid,2042,published_results/full_campaign_median_T_252_2026-06-04/solutions/Scholl_MITCHELL_c02/pareto_front.csv,1,0,200.0,0.0,5,5,0,True,200.0,200.0,0.0,0,642,0.04,0.0,0.0,,21,0,0,0,0,0,0
Scholl_MITCHELL_c02,Scholl_MITCHELL,Scholl,21,23.0,c02,2,low,mid,mid,mid,2042,published_results/full_campaign_median_T_252_2026-06-04/solutions/Scholl_MITCHELL_c02/pareto_front.csv,2,1,169.0,4.35,5,4,1,True,4.35,4.35,0.0,9321,1493272,108.48,4.0,0.35,0.6957,19,2,0,0,0,0,0
Scholl_MITCHELL_c02,Scholl_MITCHELL,Scholl,21,23.0,c02,2,low,mid,mid,mid,2042,published_results/full_campaign_median_T_252_2026-06-04/solutions/Scholl_MITCHELL_c02/pareto_front.csv,3,2,138.0,12.299999999999999,5,3,2,True,12.3,12.3,0.0,60269,6862181,286.96,12.0,0.3,0.8696,15,6,0,0,0,0,0
Scholl_MITCHELL_c02,Scholl_MITCHELL,Scholl,21,23.0,c02,2,low,mid,mid,mid,2042,published_results/full_campaign_median_T_252_2026-06-04/solutions/Scholl_MITCHELL_c02/pareto_front.csv,4,3,107.0,21.25,5,2,3,False,20.063207547,21.25,5.5849,110673,7748771,300.36,21.0,0.25,0.9275,12,9,0,0,0,0,0
Scholl_MITCHELL_c02,Scholl_MITCHELL,Scholl,21,23.0,c02,2,low,mid,mid,mid,2042,published_results/full_campaign_median_T_252_2026-06-04/solutions/Scholl_MITCHELL_c02/pareto_front.csv,5,4,76.0,31.25,5,1,4,True,31.25,31.25,0.0,54084,2115570,115.64,31.0,0.25,0.9457,6,15,0,0,0,0,0
Scholl_MITCHELL_c02,Scholl_MITCHELL,Scholl,21,23.0,c02,2,low,mid,mid,mid,2042,published_results/full_campaign_median_T_252_2026-06-04/solutions/Scholl_MITCHELL_c02/pareto_front.csv,6,5,54.0,43.14999999999999,6,0,6,True,43.15,43.15,0.0,0,3135,2.33,42.0,1.15,0.8333,0,21,0,0,0,0,0
Scholl_MITCHELL_c03,Scholl_MITCHELL,Scholl,21,23.0,c03,3,low,high,high,high,3042,published_results/full_campaign_median_T_252_2026-06-04/solutions/Scholl_MITCHELL_c03/pareto_front.csv,1,0,200.0,0.0,5,5,0,True,200.0,200.0,0.0,0,642,0.04,0.0,0.0,,21,0,0,0,0,0,0
Scholl_MITCHELL_c03,Scholl_MITCHELL,Scholl,21,23.0,c03,3,low,high,high,high,3042,published_results/full_campaign_median_T_252_2026-06-04/solutions/Scholl_MITCHELL_c03/pareto_front.csv,2,1,169.0,5.25,5,4,1,True,5.25,5.25,0.0,15627,5231278,295.11,5.0,0.25,0.7826,18,3,0,0,0,0,0
Scholl_MITCHELL_c03,Scholl_MITCHELL,Scholl,21,23.0,c03,3,low,high,high,high,3042,published_results/full_campaign_median_T_252_2026-06-04/solutions/Scholl_MITCHELL_c03/pareto_front.csv,3,2,138.0,11.350000000000001,5,3,2,True,11.35,11.35,0.0,28916,5415785,256.51,11.0,0.35,0.8478,15,6,0,0,0,0,0
Scholl_MITCHELL_c03,Scholl_MITCHELL,Scholl,21,23.0,c03,3,low,high,high,high,3042,published_results/full_campaign_median_T_252_2026-06-04/solutions/Scholl_MITCHELL_c03/pareto_front.csv,4,3,107.0,18.400000000000002,5,2,3,False,11.591046712,18.4,37.0052,22698,3994974,300.36,18.0,0.4,0.8841,11,10,0,0,0,0,0
Scholl_MITCHELL_c03,Scholl_MITCHELL,Scholl,21,23.0,c03,3,low,high,high,high,3042,published_results/full_campaign_median_T_252_2026-06-04/solutions/Scholl_MITCHELL_c03/pareto_front.csv,5,4,76.0,27.300000000000004,5,1,4,True,27.3,27.3,0.0,10567,777942,34.87,27.0,0.3,0.9348,7,14,0,0,0,0,0
Scholl_MITCHELL_c03,Scholl_MITCHELL,Scholl,21,23.0,c03,3,low,high,high,high,3042,published_results/full_campaign_median_T_252_2026-06-04/solutions/Scholl_MITCHELL_c03/pareto_front.csv,6,5,45.0,39.199999999999996,5,0,5,True,39.2,39.2,0.0,0,3096,1.65,39.0,0.2,0.9652,0,21,0,0,0,0,0
Scholl_MITCHELL_c04,Scholl_MITCHELL,Scholl,21,23.0,c04,4,mid,low,mid,high,4042,published_results/full_campaign_median_T_252_2026-06-04/solutions/Scholl_MITCHELL_c04/pareto_front.csv,1,0,200.0,0.0,5,5,0,True,200.0,200.0,0.0,0,642,0.04,0.0,0.0,,21,0,0,0,0,0,0
Scholl_MITCHELL_c04,Scholl_MITCHELL,Scholl,21,23.0,c04,4,mid,low,mid,high,4042,published_results/full_campaign_median_T_252_2026-06-04/solutions/Scholl_MITCHELL_c04/pareto_front.csv,2,1,165.0,6.25,4,4,1,True,6.25,6.25,0.0,11222,1516226,80.25,6.0,0.25,0.7826,15,0,0,0,6,0,0
Scholl_MITCHELL_c04,Scholl_MITCHELL,Scholl,21,23.0,c04,4,mid,low,mid,high,4042,published_results/full_campaign_median_T_252_2026-06-04/solutions/Scholl_MITCHELL_c04/pareto_front.csv,3,2,134.0,11.6,4,3,2,True,11.6,11.6,0.0,16271,2234585,92.37,11.0,0.6,0.7391,11,2,0,0,8,0,0
Scholl_MITCHELL_c04,Scholl_MITCHELL,Scholl,21,23.0,c04,4,mid,low,mid,high,4042,published_results/full_campaign_median_T_252_2026-06-04/solutions/Scholl_MITCHELL_c04/pareto_front.csv,4,3,130.0,14.3,3,3,2,True,14.3,14.3,0.0,3904,367433,12.98,14.0,0.3,0.8696,7,0,0,0,14,0,0
Scholl_MITCHELL_c04,Scholl_MITCHELL,Scholl,21,23.0,c04,4,mid,low,mid,high,4042,published_results/full_campaign_median_T_252_2026-06-04/solutions/Scholl_MITCHELL_c04/pareto_front.csv,5,4,99.0,21.75,3,2,3,True,21.75,21.75,0.0,3086,393230,14.14,21.0,0.75,0.7826,0,3,0,0,18,0,0
Scholl_MITCHELL_c04,Scholl_MITCHELL,Scholl,21,23.0,c04,4,mid,low,mid,high,4042,published_results/full_campaign_median_T_252_2026-06-04/solutions/Scholl_MITCHELL_c04/pareto_front.csv,6,5,81.0,36.45,5,1,5,True,36.45,36.45,0.0,660,217493,9.7,36.0,0.45,0.9217,0,11,0,0,10,0,0
Scholl_MITCHELL_c04,Scholl_MITCHELL,Scholl,21,23.0,c04,4,mid,low,mid,high,4042,published_results/full_campaign_median_T_252_2026-06-04/solutions/Scholl_MITCHELL_c04/pareto_front.csv,7,6,72.0,55.099999999999994,8,0,8,True,55.1,55.1,0.0,0,2297,2.46,54.0,1.1,0.8804,0,21,0,0,0,0,0
Scholl_MITCHELL_c05,Scholl_MITCHELL,Scholl,21,23.0,c05,5,mid,mid,high,low,5042,published_results/full_campaign_median_T_252_2026-06-04/solutions/Scholl_MITCHELL_c05/pareto_front.csv,1,0,200.0,0.0,5,5,0,True,200.0,200.0,0.0,0,642,0.04,0.0,0.0,,21,0,0,0,0,0,0
Scholl_MITCHELL_c05,Scholl_MITCHELL,Scholl,21,23.0,c05,5,mid,mid,high,low,5042,published_results/full_campaign_median_T_252_2026-06-04/solutions/Scholl_MITCHELL_c05/pareto_front.csv,2,1,174.0,6.8999999999999995,5,4,2,True,6.9,6.9,0.0,16818,1567595,81.04,6.0,0.9,0.6087,14,1,0,0,0,3,3
Scholl_MITCHELL_c05,Scholl_MITCHELL,Scholl,21,23.0,c05,5,mid,mid,high,low,5042,published_results/full_campaign_median_T_252_2026-06-04/solutions/Scholl_MITCHELL_c05/pareto_front.csv,3,2,169.0,7.0,5,4,1,True,7.0,7.0,0.0,9059,915287,48.69,7.0,0.0,1.0,19,2,0,0,0,0,0
Scholl_MITCHELL_c05,Scholl_MITCHELL,Scholl,21,23.0,c05,5,mid,mid,high,low,5042,published_results/full_campaign_median_T_252_2026-06-04/solutions/Scholl_MITCHELL_c05/pareto_front.csv,4,3,143.0,16.400000000000002,5,3,3,True,16.4,16.4,0.0,67761,2833358,178.7,16.0,0.4,0.8841,11,4,0,0,0,3,3
Scholl_MITCHELL_c05,Scholl_MITCHELL,Scholl,21,23.0,c05,5,mid,mid,high,low,5042,published_results/full_campaign_median_T_252_2026-06-04/solutions/Scholl_MITCHELL_c05/pareto_front.csv,5,4,139.0,17.1,4,3,3,True,17.1,17.1,0.0,9778,1057991,79.93,17.0,0.1,0.971,7,3,0,0,5,3,3
Scholl_MITCHELL_c05,Scholl_MITCHELL,Scholl,21,23.0,c05,5,mid,mid,high,low,5042,published_results/full_campaign_median_T_252_2026-06-04/solutions/Scholl_MITCHELL_c05/pareto_front.csv,6,5,121.0,26.8,6,2,5,True,26.8,26.8,0.0,30007,1170860,60.87,26.0,0.8,0.8609,7,8,0,0,0,3,3
Scholl_MITCHELL_c05,Scholl_MITCHELL,Scholl,21,23.0,c05,5,mid,mid,high,low,5042,published_results/full_campaign_median_T_252_2026-06-04/solutions/Scholl_MITCHELL_c05/pareto_front.csv,7,6,116.0,27.150000000000002,6,2,4,True,27.15,27.15,0.0,17345,1210685,57.83,27.0,0.15,0.9674,11,10,0,0,0,0,0
Scholl_MITCHELL_c05,Scholl_MITCHELL,Scholl,21,23.0,c05,5,mid,mid,high,low,5042,published_results/full_campaign_median_T_252_2026-06-04/solutions/Scholl_MITCHELL_c05/pareto_front.csv,8,7,94.0,37.7,7,1,6,True,37.7,37.7,0.0,73962,1470085,94.69,37.0,0.7,0.8986,7,14,0,0,0,0,0
Scholl_MITCHELL_c05,Scholl_MITCHELL,Scholl,21,23.0,c05,5,mid,mid,high,low,5042,published_results/full_campaign_median_T_252_2026-06-04/solutions/Scholl_MITCHELL_c05/pareto_front.csv,9,8,90.0,38.35,6,1,6,True,38.35,38.35,0.0,4060,136458,7.1,38.0,0.35,0.9493,0,15,0,0,0,3,3
Scholl_MITCHELL_c05,Scholl_MITCHELL,Scholl,21,23.0,c05,5,mid,mid,high,low,5042,published_results/full_campaign_median_T_252_2026-06-04/solutions/Scholl_MITCHELL_c05/pareto_front.csv,10,9,63.0,50.15,7,0,7,True,50.15,50.15,0.0,0,3394,3.29,50.0,0.15,0.9814,0,21,0,0,0,0,0
Scholl_MITCHELL_c06,Scholl_MITCHELL,Scholl,21,23.0,c06,6,mid,high,low,mid,6042,published_results/full_campaign_median_T_252_2026-06-04/solutions/Scholl_MITCHELL_c06/pareto_front.csv,1,0,200.0,0.0,5,5,0,True,200.0,200.0,0.0,0,642,0.04,0.0,0.0,,21,0,0,0,0,0,0
Scholl_MITCHELL_c06,Scholl_MITCHELL,Scholl,21,23.0,c06,6,mid,high,low,mid,6042,published_results/full_campaign_median_T_252_2026-06-04/solutions/Scholl_MITCHELL_c06/pareto_front.csv,2,1,174.0,6.8,5,4,2,True,6.8,6.8,0.0,14713,2248256,141.01,6.0,0.8,0.6522,14,1,0,0,0,4,2
Scholl_MITCHELL_c06,Scholl_MITCHELL,Scholl,21,23.0,c06,6,mid,high,low,mid,6042,published_results/full_campaign_median_T_252_2026-06-04/solutions/Scholl_MITCHELL_c06/pareto_front.csv,3,2,169.0,7.05,5,4,1,True,7.05,7.05,0.0,6766,1181291,63.31,7.0,0.05,0.9565,19,2,0,0,0,0,0
Scholl_MITCHELL_c06,Scholl_MITCHELL,Scholl,21,23.0,c06,6,mid,high,low,mid,6042,published_results/full_campaign_median_T_252_2026-06-04/solutions/Scholl_MITCHELL_c06/pareto_front.csv,4,3,143.0,16.3,5,3,3,True,16.3,16.3,0.0,66415,6461006,272.9,16.0,0.3,0.913,11,4,0,0,0,4,2
Scholl_MITCHELL_c06,Scholl_MITCHELL,Scholl,21,23.0,c06,6,mid,high,low,mid,6042,published_results/full_campaign_median_T_252_2026-06-04/solutions/Scholl_MITCHELL_c06/pareto_front.csv,5,4,121.0,27.15,6,2,5,False,23.331564191,27.15,14.0642,67970,4895702,300.51,26.0,1.15,0.8,7,8,0,0,0,5,1
Scholl_MITCHELL_c06,Scholl_MITCHELL,Scholl,21,23.0,c06,6,mid,high,low,mid,6042,published_results/full_campaign_median_T_252_2026-06-04/solutions/Scholl_MITCHELL_c06/pareto_front.csv,6,5,116.0,28.35,6,2,4,True,28.35,28.35,0.0,3850,486244,21.21,28.0,0.35,0.9239,11,10,0,0,0,0,0
Scholl_MITCHELL_c06,Scholl_MITCHELL,Scholl,21,23.0,c06,6,mid,high,low,mid,6042,published_results/full_campaign_median_T_252_2026-06-04/solutions/Scholl_MITCHELL_c06/pareto_front.csv,7,6,94.0,39.1,7,1,6,True,39.1,39.1,0.0,77566,1576033,104.84,38.0,1.1,0.8406,8,13,0,0,0,0,0
Scholl_MITCHELL_c06,Scholl_MITCHELL,Scholl,21,23.0,c06,6,mid,high,low,mid,6042,published_results/full_campaign_median_T_252_2026-06-04/solutions/Scholl_MITCHELL_c06/pareto_front.csv,8,7,72.0,53.54999999999999,8,0,8,True,53.55,53.55,0.0,4436,127217,5.57,52.0,1.55,0.8315,0,21,0,0,0,0,0
Scholl_MITCHELL_c07,Scholl_MITCHELL,Scholl,21,23.0,c07,7,high,low,high,mid,7042,published_results/full_campaign_median_T_252_2026-06-04/solutions/Scholl_MITCHELL_c07/pareto_front.csv,1,0,200.0,0.0,5,5,0,True,200.0,200.0,0.0,0,642,0.04,0.0,0.0,,21,0,0,0,0,0,0
Scholl_MITCHELL_c07,Scholl_MITCHELL,Scholl,21,23.0,c07,7,high,low,high,mid,7042,published_results/full_campaign_median_T_252_2026-06-04/solutions/Scholl_MITCHELL_c07/pareto_front.csv,2,1,165.0,6.25,4,4,1,True,6.25,6.25,0.0,4601,653803,16.71,6.0,0.25,0.7826,15,0,0,0,6,0,0
Scholl_MITCHELL_c07,Scholl_MITCHELL,Scholl,21,23.0,c07,7,high,low,high,mid,7042,published_results/full_campaign_median_T_252_2026-06-04/solutions/Scholl_MITCHELL_c07/pareto_front.csv,3,2,134.0,13.3,4,3,2,True,13.3,13.3,0.0,11024,1486996,66.54,13.0,0.3,0.8696,11,2,0,0,8,0,0
Scholl_MITCHELL_c07,Scholl_MITCHELL,Scholl,21,23.0,c07,7,high,low,high,mid,7042,published_results/full_campaign_median_T_252_2026-06-04/solutions/Scholl_MITCHELL_c07/pareto_front.csv,4,3,130.0,14.35,3,3,2,True,14.35,14.35,0.0,3043,337700,12.91,14.0,0.35,0.8478,7,0,0,0,14,0,0
Scholl_MITCHELL_c07,Scholl_MITCHELL,Scholl,21,23.0,c07,7,high,low,high,mid,7042,published_results/full_campaign_median_T_252_2026-06-04/solutions/Scholl_MITCHELL_c07/pareto_front.csv,5,4,99.0,23.25,3,2,3,True,23.25,23.25,0.0,1825,338833,12.72,23.0,0.25,0.9275,0,4,0,0,17,0,0
Scholl_MITCHELL_c08,Scholl_MITCHELL,Scholl,21,23.0,c08,8,high,mid,low,high,8042,published_results/full_campaign_median_T_252_2026-06-04/solutions/Scholl_MITCHELL_c08/pareto_front.csv,1,0,200.0,0.0,5,5,0,True,200.0,200.0,0.0,0,642,0.04,0.0,0.0,,21,0,0,0,0,0,0
Scholl_MITCHELL_c08,Scholl_MITCHELL,Scholl,21,23.0,c08,8,high,mid,low,high,8042,published_results/full_campaign_median_T_252_2026-06-04/solutions/Scholl_MITCHELL_c08/pareto_front.csv,2,1,174.0,8.700000000000001,5,4,2,True,8.7,8.7,0.0,12921,1766255,93.96,8.0,0.7,0.6957,15,1,0,0,5,0,0
Scholl_MITCHELL_c08,Scholl_MITCHELL,Scholl,21,23.0,c08,8,high,mid,low,high,8042,published_results/full_campaign_median_T_252_2026-06-04/solutions/Scholl_MITCHELL_c08/pareto_front.csv,3,2,170.0,10.15,4,4,2,True,10.15,10.15,0.0,6238,467867,11.8,10.0,0.15,0.9348,11,0,0,0,10,0,0
Scholl_MITCHELL_c08,Scholl_MITCHELL,Scholl,21,23.0,c08,8,high,mid,low,high,8042,published_results/full_campaign_median_T_252_2026-06-04/solutions/Scholl_MITCHELL_c08/pareto_front.csv,4,3,152.0,22.5,6,3,4,True,22.5,22.5,0.0,22882,3923837,203.03,22.0,0.5,0.8913,9,7,0,0,5,0,0
Scholl_MITCHELL_c08,Scholl_MITCHELL,Scholl,21,23.0,c08,8,high,mid,low,high,8042,published_results/full_campaign_median_T_252_2026-06-04/solutions/Scholl_MITCHELL_c08/pareto_front.csv,5,4,148.0,23.25,5,3,4,True,23.25,23.25,0.0,5482,644082,17.93,23.0,0.25,0.9457,4,6,0,0,11,0,0
Scholl_MITCHELL_c08,Scholl_MITCHELL,Scholl,21,23.0,c08,8,high,mid,low,high,8042,published_results/full_campaign_median_T_252_2026-06-04/solutions/Scholl_MITCHELL_c08/pareto_front.csv,6,5,143.0,39.4,9,2,7,True,39.4,39.4,0.0,5137,914916,20.9,38.0,1.4,0.8261,9,12,0,0,0,0,0
Scholl_MITCHELL_c08,Scholl_MITCHELL,Scholl,21,23.0,c08,8,high,mid,low,high,8042,published_results/full_campaign_median_T_252_2026-06-04/solutions/Scholl_MITCHELL_c08/pareto_front.csv,7,6,139.0,39.449999999999996,8,2,7,True,39.45,39.45,0.0,2545,380563,10.86,38.0,1.45,0.8199,4,12,0,0,5,0,0
Scholl_MITCHELL_c08,Scholl_MITCHELL,Scholl,21,23.0,c08,8,high,mid,low,high,8042,published_results/full_campaign_median_T_252_2026-06-04/solutions/Scholl_MITCHELL_c08/pareto_front.csv,8,7,135.0,40.89999999999999,7,2,7,True,40.9,40.9,0.0,3059,388479,10.57,40.0,0.9,0.8882,0,13,0,0,8,0,0
Scholl_MITCHELL_c08,Scholl_MITCHELL,Scholl,21,23.0,c08,8,high,mid,low,high,8042,published_results/full_campaign_median_T_252_2026-06-04/solutions/Scholl_MITCHELL_c08/pareto_front.csv,9,8,130.0,56.3,11,1,10,True,56.3,56.3,0.0,1565,249988,8.29,54.0,2.3,0.8,4,17,0,0,0,0,0
Scholl_MITCHELL_c08,Scholl_MITCHELL,Scholl,21,23.0,c08,8,high,mid,low,high,8042,published_results/full_campaign_median_T_252_2026-06-04/solutions/Scholl_MITCHELL_c08/pareto_front.csv,10,9,126.0,56.99999999999999,10,1,10,True,57.0,57.0,0.0,651,162150,7.56,55.0,2.0,0.8261,0,17,0,0,4,0,0
Scholl_MITCHELL_c09,Scholl_MITCHELL,Scholl,21,23.0,c09,9,high,high,mid,low,9042,published_results/full_campaign_median_T_252_2026-06-04/solutions/Scholl_MITCHELL_c09/pareto_front.csv,1,0,200.0,0.0,5,5,0,True,200.0,200.0,0.0,0,642,0.04,0.0,0.0,,21,0,0,0,0,0,0
Scholl_MITCHELL_c09,Scholl_MITCHELL,Scholl,21,23.0,c09,9,high,high,mid,low,9042,published_results/full_campaign_median_T_252_2026-06-04/solutions/Scholl_MITCHELL_c09/pareto_front.csv,2,1,178.0,10.600000000000001,6,4,2,True,10.6,10.6,0.0,17919,1668208,74.82,10.0,0.6,0.7391,19,2,0,0,0,0,0
Scholl_MITCHELL_c09,Scholl_MITCHELL,Scholl,21,23.0,c09,9,high,high,mid,low,9042,published_results/full_campaign_median_T_252_2026-06-04/solutions/Scholl_MITCHELL_c09/pareto_front.csv,3,2,165.0,25.8,8,3,5,True,25.8,25.8,0.0,64753,5008627,272.79,24.0,1.8,0.687,15,6,0,0,0,0,0
Scholl_MITCHELL_c09,Scholl_MITCHELL,Scholl,21,23.0,c09,9,high,high,mid,low,9042,published_results/full_campaign_median_T_252_2026-06-04/solutions/Scholl_MITCHELL_c09/pareto_front.csv,4,3,161.0,26.95,7,3,5,True,26.95,26.95,0.0,12097,2059668,86.66,26.0,0.95,0.8348,10,6,0,0,0,3,2
Scholl_MITCHELL_c09,Scholl_MITCHELL,Scholl,21,23.0,c09,9,high,high,mid,low,9042,published_results/full_campaign_median_T_252_2026-06-04/solutions/Scholl_MITCHELL_c09/pareto_front.csv,5,4,156.0,27.35,7,3,4,True,27.35,27.35,0.0,12228,2214789,109.7,27.0,0.35,0.9239,12,9,0,0,0,0,0
Scholl_MITCHELL_c09,Scholl_MITCHELL,Scholl,21,23.0,c09,9,high,high,mid,low,9042,published_results/full_campaign_median_T_252_2026-06-04/solutions/Scholl_MITCHELL_c09/pareto_front.csv,6,5,152.0,41.8,10,2,8,True,41.8,41.8,0.0,15775,2593419,108.96,39.0,2.8,0.6957,10,11,0,0,0,0,0
Scholl_MITCHELL_c09,Scholl_MITCHELL,Scholl,21,23.0,c09,9,high,high,mid,low,9042,published_results/full_campaign_median_T_252_2026-06-04/solutions/Scholl_MITCHELL_c09/pareto_front.csv,7,6,148.0,42.15,9,2,8,True,42.15,42.15,0.0,3314,415794,20.99,40.0,2.15,0.7663,6,10,0,0,0,3,2
Scholl_MITCHELL_c09,Scholl_MITCHELL,Scholl,21,23.0,c09,9,high,high,mid,low,9042,published_results/full_campaign_median_T_252_2026-06-04/solutions/Scholl_MITCHELL_c09/pareto_front.csv,8,7,143.0,42.55,9,2,7,True,42.55,42.55,0.0,1751,440795,19.58,41.0,1.55,0.8075,8,13,0,0,0,0,0
Scholl_MITCHELL_c09,Scholl_MITCHELL,Scholl,21,23.0,c09,9,high,high,mid,low,9042,published_results/full_campaign_median_T_252_2026-06-04/solutions/Scholl_MITCHELL_c09/pareto_front.csv,9,8,139.0,60.6,12,1,11,True,60.6,60.6,0.0,2007,351251,12.23,57.0,3.6,0.7154,5,16,0,0,0,0,0
Scholl_MITCHELL_c09,Scholl_MITCHELL,Scholl,21,23.0,c09,9,high,high,mid,low,9042,published_results/full_campaign_median_T_252_2026-06-04/solutions/Scholl_MITCHELL_c09/pareto_front.csv,10,9,135.0,60.95,11,1,11,True,60.95,60.95,0.0,1171,309137,14.82,58.0,2.95,0.7668,0,16,0,0,0,3,2
Scholl_MUKHERJE_c01,Scholl_MUKHERJE,Scholl,94,234.0,c01,1,low,low,low,low,1042,published_results/full_campaign_median_T_252_2026-06-04/solutions/Scholl_MUKHERJE_c01/pareto_front.csv,1,0,760.0,0.0,19,19,0,True,760.0,760.0,0.0,6269,483890,9.68,0.0,0.0,,94,0,0,0,0,0,0
Scholl_MUKHERJE_c02,Scholl_MUKHERJE,Scholl,94,234.0,c02,2,low,mid,mid,mid,2042,published_results/full_campaign_median_T_252_2026-06-04/solutions/Scholl_MUKHERJE_c02/pareto_front.csv,1,0,760.0,0.0,19,19,0,True,760.0,760.0,0.0,6269,483890,9.97,0.0,0.0,,94,0,0,0,0,0,0
Scholl_MUKHERJE_c03,Scholl_MUKHERJE,Scholl,94,234.0,c03,3,low,high,high,high,3042,published_results/full_campaign_median_T_252_2026-06-04/solutions/Scholl_MUKHERJE_c03/pareto_front.csv,1,0,760.0,0.0,19,19,0,True,760.0,760.0,0.0,6269,483890,9.66,0.0,0.0,,94,0,0,0,0,0,0
Scholl_MUKHERJE_c04,Scholl_MUKHERJE,Scholl,94,234.0,c04,4,mid,low,mid,high,4042,published_results/full_campaign_median_T_252_2026-06-04/solutions/Scholl_MUKHERJE_c04/pareto_front.csv,1,0,760.0,0.0,19,19,0,True,760.0,760.0,0.0,6269,483890,9.94,0.0,0.0,,94,0,0,0,0,0,0
Scholl_MUKHERJE_c05,Scholl_MUKHERJE,Scholl,94,234.0,c05,5,mid,mid,high,low,5042,published_results/full_campaign_median_T_252_2026-06-04/solutions/Scholl_MUKHERJE_c05/pareto_front.csv,1,0,760.0,0.0,19,19,0,True,760.0,760.0,0.0,6269,483890,9.74,0.0,0.0,,94,0,0,0,0,0,0
Scholl_MUKHERJE_c06,Scholl_MUKHERJE,Scholl,94,234.0,c06,6,mid,high,low,mid,6042,published_results/full_campaign_median_T_252_2026-06-04/solutions/Scholl_MUKHERJE_c06/pareto_front.csv,1,0,760.0,0.0,19,19,0,True,760.0,760.0,0.0,6269,483890,10.32,0.0,0.0,,94,0,0,0,0,0,0
Scholl_MUKHERJE_c07,Scholl_MUKHERJE,Scholl,94,234.0,c07,7,high,low,high,mid,7042,published_results/full_campaign_median_T_252_2026-06-04/solutions/Scholl_MUKHERJE_c07/pareto_front.csv,1,0,760.0,0.0,19,19,0,True,760.0,760.0,0.0,6269,483890,10.06,0.0,0.0,,94,0,0,0,0,0,0
Scholl_MUKHERJE_c08,Scholl_MUKHERJE,Scholl,94,234.0,c08,8,high,mid,low,high,8042,published_results/full_campaign_median_T_252_2026-06-04/solutions/Scholl_MUKHERJE_c08/pareto_front.csv,1,0,760.0,0.0,19,19,0,True,760.0,760.0,0.0,6269,483890,10.02,0.0,0.0,,94,0,0,0,0,0,0
Scholl_MUKHERJE_c09,Scholl_MUKHERJE,Scholl,94,234.0,c09,9,high,high,mid,low,9042,published_results/full_campaign_median_T_252_2026-06-04/solutions/Scholl_MUKHERJE_c09/pareto_front.csv,1,0,760.0,0.0,19,19,0,True,760.0,760.0,0.0,6269,483890,9.57,0.0,0.0,,94,0,0,0,0,0,0
Scholl_SAWYER30_c01,Scholl_SAWYER30,Scholl,30,36.0,c01,1,low,low,low,low,1042,published_results/full_campaign_median_T_252_2026-06-04/solutions/Scholl_SAWYER30_c01/pareto_front.csv,1,0,400.0,0.0,10,10,0,True,400.0,400.0,0.0,0,1342,0.19,0.0,0.0,,30,0,0,0,0,0,0
Scholl_SAWYER30_c01,Scholl_SAWYER30,Scholl,30,36.0,c01,1,low,low,low,low,1042,published_results/full_campaign_median_T_252_2026-06-04/solutions/Scholl_SAWYER30_c01/pareto_front.csv,2,1,365.0,3.95,9,9,1,False,0.0,3.95,100.0,4391,1371983,300.86,3.0,0.95,0.4722,27,0,0,0,0,2,1
Scholl_SAWYER30_c01,Scholl_SAWYER30,Scholl,30,36.0,c01,1,low,low,low,low,1042,published_results/full_campaign_median_T_252_2026-06-04/solutions/Scholl_SAWYER30_c01/pareto_front.csv,3,2,325.0,7.1,8,8,1,False,2.4270358618e-16,7.1,100.0,8537,2781135,300.85,7.0,0.1,0.9444,24,0,0,0,6,0,0
Scholl_SAWYER30_c01,Scholl_SAWYER30,Scholl,30,36.0,c01,1,low,low,low,low,1042,published_results/full_campaign_median_T_252_2026-06-04/solutions/Scholl_SAWYER30_c01/pareto_front.csv,4,3,290.0,12.8,7,7,2,False,0.0,12.8,100.0,4577,1495793,300.97,12.0,0.8,0.7778,19,0,0,0,7,2,2
Scholl_SAWYER30_c01,Scholl_SAWYER30,Scholl,30,36.0,c01,1,low,low,low,low,1042,published_results/full_campaign_median_T_252_2026-06-04/solutions/Scholl_SAWYER30_c01/pareto_front.csv,5,4,259.0,19.7,7,6,3,False,0.0,19.7,100.0,5739,1276960,301.01,18.0,1.7,0.6852,16,1,0,0,13,0,0
Scholl_SAWYER30_c01,Scholl_SAWYER30,Scholl,30,36.0,c01,1,low,low,low,low,1042,published_results/full_campaign_median_T_252_2026-06-04/solutions/Scholl_SAWYER30_c01/pareto_front.csv,6,5,228.0,28.599999999999998,7,5,4,False,0.22222222222,28.6,99.223,3384,1337967,300.85,27.0,1.6,0.7778,13,3,0,0,14,0,0
Scholl_SAWYER30_c01,Scholl_SAWYER30,Scholl,30,36.0,c01,1,low,low,low,low,1042,published_results/full_campaign_median_T_252_2026-06-04/solutions/Scholl_SAWYER30_c01/pareto_front.csv,7,6,201.0,43.05,8,4,5,False,2.2313623029,43.05,94.8168,3429,1156315,300.85,42.0,1.05,0.8833,13,10,0,0,7,0,0
Scholl_SAWYER30_c01,Scholl_SAWYER30,Scholl,30,36.0,c01,1,low,low,low,low,1042,published_results/full_campaign_median_T_252_2026-06-04/solutions/Scholl_SAWYER30_c01/pareto_front.csv,8,7,197.0,43.14999999999999,7,4,5,False,0.43942992874,43.15,98.9816,3580,1392446,300.84,42.0,1.15,0.8722,9,7,0,0,14,0,0
Scholl_SAWYER30_c01,Scholl_SAWYER30,Scholl,30,36.0,c01,1,low,low,low,low,1042,published_results/full_campaign_median_T_252_2026-06-04/solutions/Scholl_SAWYER30_c01/pareto_front.csv,9,8,166.0,56.199999999999996,7,3,6,False,3.1102373897,56.2,94.4658,3466,1699411,300.86,55.0,1.2,0.8889,6,10,0,0,14,0,0
Scholl_SAWYER30_c01,Scholl_SAWYER30,Scholl,30,36.0,c01,1,low,low,low,low,1042,published_results/full_campaign_median_T_252_2026-06-04/solutions/Scholl_SAWYER30_c01/pareto_front.csv,10,9,135.0,68.95,7,2,7,False,8.8931432393,68.95,87.102,4064,1966168,300.85,68.0,0.95,0.9246,0,14,0,0,16,0,0
Scholl_SAWYER30_c01,Scholl_SAWYER30,Scholl,30,36.0,c01,1,low,low,low,low,1042,published_results/full_campaign_median_T_252_2026-06-04/solutions/Scholl_SAWYER30_c01/pareto_front.csv,11,10,108.0,78.75,8,1,8,False,50.363764885,78.75,36.046,12196,3586345,300.81,78.0,0.75,0.9479,0,23,0,0,7,0,0
Scholl_SAWYER30_c01,Scholl_SAWYER30,Scholl,30,36.0,c01,1,low,low,low,low,1042,published_results/full_campaign_median_T_252_2026-06-04/solutions/Scholl_SAWYER30_c01/pareto_front.csv,12,11,90.0,100.44999999999999,10,0,10,False,99.1,100.45,1.344,14775,4461509,300.84,99.0,1.45,0.9194,0,30,0,0,0,0,0
Scholl_SAWYER30_c02,Scholl_SAWYER30,Scholl,30,36.0,c02,2,low,mid,mid,mid,2042,published_results/full_campaign_median_T_252_2026-06-04/solutions/Scholl_SAWYER30_c02/pareto_front.csv,1,0,400.0,0.0,10,10,0,True,400.0,400.0,0.0,0,1342,0.23,0.0,0.0,,30,0,0,0,0,0,0
Scholl_SAWYER30_c02,Scholl_SAWYER30,Scholl,30,36.0,c02,2,low,mid,mid,mid,2042,published_results/full_campaign_median_T_252_2026-06-04/solutions/Scholl_SAWYER30_c02/pareto_front.csv,2,1,365.0,3.8,9,9,1,False,0.0,3.8,100.0,11666,1879427,300.91,3.0,0.8,0.5556,27,0,0,0,0,2,1
Scholl_SAWYER30_c02,Scholl_SAWYER30,Scholl,30,36.0,c02,2,low,mid,mid,mid,2042,published_results/full_campaign_median_T_252_2026-06-04/solutions/Scholl_SAWYER30_c02/pareto_front.csv,3,2,338.0,11.65,10,8,2,False,0.0,11.65,100.0,12114,2418273,300.91,10.0,1.65,0.5417,26,4,0,0,0,0,0
Scholl_SAWYER30_c02,Scholl_SAWYER30,Scholl,30,36.0,c02,2,low,mid,mid,mid,2042,published_results/full_campaign_median_T_252_2026-06-04/solutions/Scholl_SAWYER30_c02/pareto_front.csv,4,3,334.0,12.7,9,8,2,False,1.926157662,12.7,84.8334,10394,2566905,300.86,12.0,0.7,0.8056,24,2,0,0,0,2,2
Scholl_SAWYER30_c02,Scholl_SAWYER30,Scholl,30,36.0,c02,2,low,mid,mid,mid,2042,published_results/full_campaign_median_T_252_2026-06-04/solutions/Scholl_SAWYER30_c02/pareto_front.csv,5,4,303.0,21.85,9,7,3,False,1.9876753692,21.85,90.9031,10258,1890508,301.59,21.0,0.85,0.8426,20,6,0,0,0,2,2
Scholl_SAWYER30_c02,Scholl_SAWYER30,Scholl,30,36.0,c02,2,low,mid,mid,mid,2042,published_results/full_campaign_median_T_252_2026-06-04/solutions/Scholl_SAWYER30_c02/pareto_front.csv,6,5,272.0,33.6,9,6,4,False,0.0,33.6,100.0,4161,2108468,300.85,33.0,0.6,0.9167,17,9,0,0,0,2,2
Scholl_SAWYER30_c02,Scholl_SAWYER30,Scholl,30,36.0,c02,2,low,mid,mid,mid,2042,published_results/full_campaign_median_T_252_2026-06-04/solutions/Scholl_SAWYER30_c02/pareto_front.csv,7,6,237.0,42.5,8,5,5,False,0.53687258687,42.5,98.7368,3671,1533584,300.86,42.0,0.5,0.9444,12,9,0,0,4,3,2
Scholl_SAWYER30_c02,Scholl_SAWYER30,Scholl,30,36.0,c02,2,low,mid,mid,mid,2042,published_results/full_campaign_median_T_252_2026-06-04/solutions/Scholl_SAWYER30_c02/pareto_front.csv,8,7,210.0,53.199999999999996,9,4,6,False,2.1049833887,53.2,96.0433,3780,1389357,300.85,52.0,1.2,0.8889,11,13,0,0,0,3,3
Scholl_SAWYER30_c02,Scholl_SAWYER30,Scholl,30,36.0,c02,2,low,mid,mid,mid,2042,published_results/full_campaign_median_T_252_2026-06-04/solutions/Scholl_SAWYER30_c02/pareto_front.csv,9,8,179.0,68.6,9,3,7,False,2.55,68.6,96.2828,3499,1577981,300.87,68.0,0.6,0.9524,6,19,0,0,0,2,3
Scholl_SAWYER30_c02,Scholl_SAWYER30,Scholl,30,36.0,c02,2,low,mid,mid,mid,2042,published_results/full_campaign_median_T_252_2026-06-04/solutions/Scholl_SAWYER30_c02/pareto_front.csv,10,9,153.0,76.05,9,2,9,False,4.9666083625,76.05,93.4693,3529,1441526,300.87,74.0,2.05,0.8735,0,17,0,0,0,8,5
Scholl_SAWYER30_c02,Scholl_SAWYER30,Scholl,30,36.0,c02,2,low,mid,mid,mid,2042,published_results/full_campaign_median_T_252_2026-06-04/solutions/Scholl_SAWYER30_c02/pareto_front.csv,11,10,148.0,77.7,9,2,8,False,8.8686808433,77.7,88.586,3262,1954070,300.82,77.0,0.7,0.9514,4,20,0,0,0,2,4
Scholl_SAWYER30_c02,Scholl_SAWYER30,Scholl,30,36.0,c02,2,low,mid,mid,mid,2042,published_results/full_campaign_median_T_252_2026-06-04/solutions/Scholl_SAWYER30_c02/pareto_front.csv,12,11,117.0,88.79999999999998,9,1,9,False,20.405887931,88.8,77.0204,3847,1798271,300.84,88.0,0.8,0.9506,0,24,0,0,0,4,2
Scholl_SAWYER30_c02,Scholl_SAWYER30,Scholl,30,36.0,c02,2,low,mid,mid,mid,2042,published_results/full_campaign_median_T_252_2026-06-04/solutions/Scholl_SAWYER30_c02/pareto_front.csv,13,12,90.0,102.34999999999998,10,0,10,False,69.899944009,102.35,31.705,25204,4324756,300.86,101.0,1.35,0.925,0,30,0,0,0,0,0
Scholl_SAWYER30_c03,Scholl_SAWYER30,Scholl,30,36.0,c03,3,low,high,high,high,3042,published_results/full_campaign_median_T_252_2026-06-04/solutions/Scholl_SAWYER30_c03/pareto_front.csv,1,0,400.0,0.0,10,10,0,True,400.0,400.0,0.0,0,1342,0.19,0.0,0.0,,30,0,0,0,0,0,0
Scholl_SAWYER30_c03,Scholl_SAWYER30,Scholl,30,36.0,c03,3,low,high,high,high,3042,published_results/full_campaign_median_T_252_2026-06-04/solutions/Scholl_SAWYER30_c03/pareto_front.csv,2,1,369.0,3.5,10,9,1,False,0.15746374248,3.5,95.501,35493,2701925,300.88,2.0,1.5,0.1667,29,1,0,0,0,0,0
Scholl_SAWYER30_c03,Scholl_SAWYER30,Scholl,30,36.0,c03,3,low,high,high,high,3042,published_results/full_campaign_median_T_252_2026-06-04/solutions/Scholl_SAWYER30_c03/pareto_front.csv,3,2,365.0,3.65,9,9,1,False,0.0,3.65,100.0,11211,1783979,300.95,3.0,0.65,0.6389,27,0,0,0,0,2,1
Scholl_SAWYER30_c03,Scholl_SAWYER30,Scholl,30,36.0,c03,3,low,high,high,high,3042,published_results/full_campaign_median_T_252_2026-06-04/solutions/Scholl_SAWYER30_c03/pareto_front.csv,4,3,338.0,12.4,10,8,2,False,0.0,12.4,100.0,8338,2274824,300.86,11.0,1.4,0.6111,26,4,0,0,0,0,0
Scholl_SAWYER30_c03,Scholl_SAWYER30,Scholl,30,36.0,c03,3,low,high,high,high,3042,published_results/full_campaign_median_T_252_2026-06-04/solutions/Scholl_SAWYER30_c03/pareto_front.csv,5,4,334.0,13.299999999999999,9,8,2,False,1.8777777778,13.3,85.8814,12054,2426713,300.86,13.0,0.3,0.9167,23,3,0,0,0,2,2
Scholl_SAWYER30_c03,Scholl_SAWYER30,Scholl,30,36.0,c03,3,low,high,high,high,3042,published_results/full_campaign_median_T_252_2026-06-04/solutions/Scholl_SAWYER30_c03/pareto_front.csv,6,5,303.0,21.65,9,7,3,False,2.5,21.65,88.4527,14805,2034237,301.4,21.0,0.65,0.8796,21,4,0,0,0,3,2
Scholl_SAWYER30_c03,Scholl_SAWYER30,Scholl,30,36.0,c03,3,low,high,high,high,3042,published_results/full_campaign_median_T_252_2026-06-04/solutions/Scholl_SAWYER30_c03/pareto_front.csv,7,6,285.0,32.699999999999996,11,6,5,False,0.0,32.7,100.0,5158,2102495,300.85,29.0,3.7,0.5889,21,9,0,0,0,0,0
Scholl_SAWYER30_c03,Scholl_SAWYER30,Scholl,30,36.0,c03,3,low,high,high,high,3042,published_results/full_campaign_median_T_252_2026-06-04/solutions/Scholl_SAWYER30_c03/pareto_front.csv,8,7,254.0,43.599999999999994,11,5,6,False,0.26,43.6,99.4037,4612,1332029,300.9,40.0,3.6,0.6667,19,11,0,0,0,0,0
Scholl_SAWYER30_c03,Scholl_SAWYER30,Scholl,30,36.0,c03,3,low,high,high,high,3042,published_results/full_campaign_median_T_252_2026-06-04/solutions/Scholl_SAWYER30_c03/pareto_front.csv,9,8,241.0,43.9,9,5,5,False,0.010700111782,43.9,99.9756,3724,1264117,300.85,43.0,0.9,0.9,16,10,0,0,0,3,1
Scholl_SAWYER30_c03,Scholl_SAWYER30,Scholl,30,36.0,c03,3,low,high,high,high,3042,published_results/full_campaign_median_T_252_2026-06-04/solutions/Scholl_SAWYER30_c03/pareto_front.csv,10,9,214.0,51.75,10,4,6,False,0.18150532496,51.75,99.6493,4682,1614200,300.86,50.0,1.75,0.838,15,15,0,0,0,0,0
Scholl_SAWYER30_c03,Scholl_SAWYER30,Scholl,30,36.0,c03,3,low,high,high,high,3042,published_results/full_campaign_median_T_252_2026-06-04/solutions/Scholl_SAWYER30_c03/pareto_front.csv,11,10,210.0,55.75,9,4,6,False,2.5,55.75,95.5157,4284,1383250,300.86,55.0,0.75,0.9306,9,16,0,0,0,2,3
Scholl_SAWYER30_c03,Scholl_SAWYER30,Scholl,30,36.0,c03,3,low,high,high,high,3042,published_results/full_campaign_median_T_252_2026-06-04/solutions/Scholl_SAWYER30_c03/pareto_front.csv,12,11,192.0,63.59999999999999,11,3,8,False,0.55162356379,63.6,99.1327,3310,1368987,300.86,60.0,3.6,0.75,14,16,0,0,0,0,0
Scholl_SAWYER30_c03,Scholl_SAWYER30,Scholl,30,36.0,c03,3,low,high,high,high,3042,published_results/full_campaign_median_T_252_2026-06-04/solutions/Scholl_SAWYER30_c03/pareto_front.csv,13,12,183.0,63.84999999999999,10,3,7,False,2.6,63.85,95.928,3863,1316687,300.85,62.0,1.85,0.8532,11,19,0,0,0,0,0
Scholl_SAWYER30_c03,Scholl_SAWYER30,Scholl,30,36.0,c03,3,low,high,high,high,3042,published_results/full_campaign_median_T_252_2026-06-04/solutions/Scholl_SAWYER30_c03/pareto_front.csv,14,13,179.0,64.8,9,3,7,False,2.5,64.8,96.142,3428,1468199,300.93,64.0,0.8,0.9365,7,18,0,0,0,2,3
Scholl_SAWYER30_c03,Scholl_SAWYER30,Scholl,30,36.0,c03,3,low,high,high,high,3042,published_results/full_campaign_median_T_252_2026-06-04/solutions/Scholl_SAWYER30_c03/pareto_front.csv,15,14,148.0,73.9,9,2,8,False,4.1432402235,73.9,94.3935,3540,1370629,300.85,73.0,0.9,0.9375,4,21,0,0,0,3,2
Scholl_SAWYER30_c03,Scholl_SAWYER30,Scholl,30,36.0,c03,3,low,high,high,high,3042,published_results/full_campaign_median_T_252_2026-06-04/solutions/Scholl_SAWYER30_c03/pareto_front.csv,16,15,117.0,84.79999999999997,9,1,9,False,39.721892147,84.8,53.1581,13485,4035103,300.87,84.0,0.8,0.9506,0,24,0,0,0,3,3
Scholl_SAWYER30_c03,Scholl_SAWYER30,Scholl,30,36.0,c03,3,low,high,high,high,3042,published_results/full_campaign_median_T_252_2026-06-04/solutions/Scholl_SAWYER30_c03/pareto_front.csv,17,16,90.0,97.75000000000003,10,0,10,False,53.188830242,97.75,45.5869,17552,3249658,300.84,96.0,1.75,0.9028,0,30,0,0,0,0,0
Scholl_SAWYER30_c04,Scholl_SAWYER30,Scholl,30,36.0,c04,4,mid,low,mid,high,4042,published_results/full_campaign_median_T_252_2026-06-04/solutions/Scholl_SAWYER30_c04/pareto_front.csv,1,0,400.0,0.0,10,10,0,True,400.0,400.0,0.0,0,1342,0.18,0.0,0.0,,30,0,0,0,0,0,0
Scholl_SAWYER30_c04,Scholl_SAWYER30,Scholl,30,36.0,c04,4,mid,low,mid,high,4042,published_results/full_campaign_median_T_252_2026-06-04/solutions/Scholl_SAWYER30_c04/pareto_front.csv,2,1,365.0,3.8,9,9,1,False,0.0,3.8,100.0,9598,3217134,300.87,3.0,0.8,0.5556,27,0,0,0,3,0,0
Scholl_SAWYER30_c04,Scholl_SAWYER30,Scholl,30,36.0,c04,4,mid,low,mid,high,4042,published_results/full_campaign_median_T_252_2026-06-04/solutions/Scholl_SAWYER30_c04/pareto_front.csv,3,2,325.0,7.0,8,8,1,False,0.0,7.0,100.0,4552,2465885,300.85,7.0,0.0,1.0,24,0,0,0,6,0,0
Scholl_SAWYER30_c04,Scholl_SAWYER30,Scholl,30,36.0,c04,4,mid,low,mid,high,4042,published_results/full_campaign_median_T_252_2026-06-04/solutions/Scholl_SAWYER30_c04/pareto_front.csv,4,3,290.0,13.35,7,7,2,False,0.0,13.35,100.0,6699,2437594,300.86,13.0,0.35,0.9028,18,0,0,0,12,0,0
Scholl_SAWYER30_c04,Scholl_SAWYER30,Scholl,30,36.0,c04,4,mid,low,mid,high,4042,published_results/full_campaign_median_T_252_2026-06-04/solutions/Scholl_SAWYER30_c04/pareto_front.csv,5,4,259.0,20.5,7,6,3,False,2.5056732401,20.5,87.7772,18303,3439149,300.87,19.0,1.5,0.7222,16,1,0,0,13,0,0
Scholl_SAWYER30_c04,Scholl_SAWYER30,Scholl,30,36.0,c04,4,mid,low,mid,high,4042,published_results/full_campaign_median_T_252_2026-06-04/solutions/Scholl_SAWYER30_c04/pareto_front.csv,6,5,255.0,22.349999999999998,6,6,3,False,0.26886145405,22.35,98.797,4330,1548458,300.85,22.0,0.35,0.9352,12,0,0,0,18,0,0
Scholl_SAWYER30_c04,Scholl_SAWYER30,Scholl,30,36.0,c04,4,mid,low,mid,high,4042,published_results/full_campaign_median_T_252_2026-06-04/solutions/Scholl_SAWYER30_c04/pareto_front.csv,7,6,220.0,33.64999999999999,5,5,4,False,1.4576271186,33.65,95.6683,3832,1917765,300.85,33.0,0.65,0.9097,3,0,0,0,27,0,0
Scholl_SAWYER30_c04,Scholl_SAWYER30,Scholl,30,36.0,c04,4,mid,low,mid,high,4042,published_results/full_campaign_median_T_252_2026-06-04/solutions/Scholl_SAWYER30_c04/pareto_front.csv,8,7,193.0,46.25,6,4,5,False,2.984995123,46.25,93.546,3616,1576431,300.84,46.0,0.25,0.9722,5,4,0,0,21,0,0
Scholl_SAWYER30_c04,Scholl_SAWYER30,Scholl,30,36.0,c04,4,mid,low,mid,high,4042,published_results/full_campaign_median_T_252_2026-06-04/solutions/Scholl_SAWYER30_c04/pareto_front.csv,9,8,162.0,55.3,6,3,6,False,11.014887682,55.3,80.0816,5213,2578574,300.85,55.0,0.3,0.9722,0,7,0,0,23,0,0
Scholl_SAWYER30_c04,Scholl_SAWYER30,Scholl,30,36.0,c04,4,mid,low,mid,high,4042,published_results/full_campaign_median_T_252_2026-06-04/solutions/Scholl_SAWYER30_c04/pareto_front.csv,10,9,153.0,83.24999999999999,9,2,9,False,5.157516799,83.25,93.8048,4075,2010698,300.84,82.0,1.25,0.9228,0,18,0,0,12,0,0
Scholl_SAWYER30_c04,Scholl_SAWYER30,Scholl,30,36.0,c04,4,mid,low,mid,high,4042,published_results/full_campaign_median_T_252_2026-06-04/solutions/Scholl_SAWYER30_c04/pareto_front.csv,11,10,144.0,108.8,12,1,12,False,32.591086828,108.8,70.045,6805,2789480,300.83,106.0,2.8,0.8704,0,23,0,0,7,0,0
Scholl_SAWYER30_c04,Scholl_SAWYER30,Scholl,30,36.0,c04,4,mid,low,mid,high,4042,published_results/full_campaign_median_T_252_2026-06-04/solutions/Scholl_SAWYER30_c04/pareto_front.csv,12,11,135.0,109.85,11,1,11,False,81.01582861,109.85,26.2487,10545,3371135,300.84,109.0,0.85,0.9571,0,23,0,0,7,0,0
Scholl_SAWYER30_c04,Scholl_SAWYER30,Scholl,30,36.0,c04,4,mid,low,mid,high,4042,published_results/full_campaign_median_T_252_2026-06-04/solutions/Scholl_SAWYER30_c04/pareto_front.csv,13,12,126.0,139.40000000000006,14,0,14,True,139.4,139.4,0.0,6674,1622162,155.44,138.0,1.4,0.9444,0,30,0,0,0,0,0
Scholl_SAWYER30_c05,Scholl_SAWYER30,Scholl,30,36.0,c05,5,mid,mid,high,low,5042,published_results/full_campaign_median_T_252_2026-06-04/solutions/Scholl_SAWYER30_c05/pareto_front.csv,1,0,400.0,0.0,10,10,0,True,400.0,400.0,0.0,0,1342,0.18,0.0,0.0,,30,0,0,0,0,0,0
Scholl_SAWYER30_c05,Scholl_SAWYER30,Scholl,30,36.0,c05,5,mid,mid,high,low,5042,published_results/full_campaign_median_T_252_2026-06-04/solutions/Scholl_SAWYER30_c05/pareto_front.csv,2,1,365.0,3.65,9,9,1,False,0.0,3.65,100.0,16958,2471454,300.96,3.0,0.65,0.6389,24,0,0,0,0,4,2
Scholl_SAWYER30_c05,Scholl_SAWYER30,Scholl,30,36.0,c05,5,mid,mid,high,low,5042,published_results/full_campaign_median_T_252_2026-06-04/solutions/Scholl_SAWYER30_c05/pareto_front.csv,3,2,339.0,13.600000000000001,9,8,3,False,0.27930323147,13.6,97.9463,8619,1834757,300.97,12.0,1.6,0.7037,20,1,0,0,0,5,4
Scholl_SAWYER30_c05,Scholl_SAWYER30,Scholl,30,36.0,c05,5,mid,mid,high,low,5042,published_results/full_campaign_median_T_252_2026-06-04/solutions/Scholl_SAWYER30_c05/pareto_front.csv,4,3,338.0,16.5,10,8,2,False,0.0,16.5,100.0,5627,1407320,300.87,16.0,0.5,0.8611,26,4,0,0,0,0,0
Scholl_SAWYER30_c05,Scholl_SAWYER30,Scholl,30,36.0,c05,5,mid,mid,high,low,5042,published_results/full_campaign_median_T_252_2026-06-04/solutions/Scholl_SAWYER30_c05/pareto_front.csv,5,4,304.0,22.9,8,7,4,False,2.45,22.9,89.3013,11527,2229828,300.88,22.0,0.9,0.875,15,2,0,0,4,5,4
Scholl_SAWYER30_c05,Scholl_SAWYER30,Scholl,30,36.0,c05,5,mid,mid,high,low,5042,published_results/full_campaign_median_T_252_2026-06-04/solutions/Scholl_SAWYER30_c05/pareto_front.csv,6,5,278.0,36.65,8,6,6,False,2.3837062568,36.65,93.496,10902,2499269,300.87,35.0,1.65,0.8472,7,2,0,0,0,14,7
Scholl_SAWYER30_c05,Scholl_SAWYER30,Scholl,30,36.0,c05,5,mid,mid,high,low,5042,published_results/full_campaign_median_T_252_2026-06-04/solutions/Scholl_SAWYER30_c05/pareto_front.csv,7,6,269.0,52.949999999999996,11,5,9,False,1.14,52.95,97.847,10642,2252102,301.69,48.0,4.95,0.6944,9,8,0,0,4,5,4
Scholl_SAWYER30_c05,Scholl_SAWYER30,Scholl,30,36.0,c05,5,mid,mid,high,low,5042,published_results/full_campaign_median_T_252_2026-06-04/solutions/Scholl_SAWYER30_c05/pareto_front.csv,8,7,259.0,54.0,11,5,7,False,2.65,54.0,95.0926,7839,1703426,300.92,52.0,2.0,0.8413,16,9,0,0,0,3,2
Scholl_SAWYER30_c05,Scholl_SAWYER30,Scholl,30,36.0,c05,5,mid,mid,high,low,5042,published_results/full_campaign_median_T_252_2026-06-04/solutions/Scholl_SAWYER30_c05/pareto_front.csv,9,8,228.0,67.55000000000001,11,4,8,False,0.0,67.55,100.0,7210,2653984,300.86,66.0,1.55,0.8924,12,13,0,0,0,3,2
Scholl_SAWYER30_c06,Scholl_SAWYER30,Scholl,30,36.0,c06,6,mid,high,low,mid,6042,published_results/full_campaign_median_T_252_2026-06-04/solutions/Scholl_SAWYER30_c06/pareto_front.csv,1,0,400.0,0.0,10,10,0,True,400.0,400.0,0.0,0,1342,0.19,0.0,0.0,,30,0,0,0,0,0,0
Scholl_SAWYER30_c06,Scholl_SAWYER30,Scholl,30,36.0,c06,6,mid,high,low,mid,6042,published_results/full_campaign_median_T_252_2026-06-04/solutions/Scholl_SAWYER30_c06/pareto_front.csv,2,1,365.0,3.8,9,9,1,False,0.1001754386,3.8,97.3638,21740,2622702,301.97,3.0,0.8,0.5556,26,0,0,0,0,3,1
Scholl_SAWYER30_c06,Scholl_SAWYER30,Scholl,30,36.0,c06,6,mid,high,low,mid,6042,published_results/full_campaign_median_T_252_2026-06-04/solutions/Scholl_SAWYER30_c06/pareto_front.csv,3,2,338.0,15.7,10,8,2,False,0.0,15.7,100.0,15413,2157380,302.17,15.0,0.7,0.8056,27,3,0,0,0,0,0
Scholl_SAWYER30_c06,Scholl_SAWYER30,Scholl,30,36.0,c06,6,mid,high,low,mid,6042,published_results/full_campaign_median_T_252_2026-06-04/solutions/Scholl_SAWYER30_c06/pareto_front.csv,4,3,312.0,28.3,10,7,4,False,0.0,28.3,100.0,8789,2179131,300.87,27.0,1.3,0.8194,21,5,0,0,0,2,2
Scholl_SAWYER30_c06,Scholl_SAWYER30,Scholl,30,36.0,c06,6,mid,high,low,mid,6042,published_results/full_campaign_median_T_252_2026-06-04/solutions/Scholl_SAWYER30_c06/pareto_front.csv,5,4,285.0,42.4,11,6,5,False,2.1565442021,42.4,94.9138,9818,2509482,300.96,41.0,1.4,0.8444,21,9,0,0,0,0,0
Scholl_SAWYER30_c06,Scholl_SAWYER30,Scholl,30,36.0,c06,6,mid,high,low,mid,6042,published_results/full_campaign_median_T_252_2026-06-04/solutions/Scholl_SAWYER30_c06/pareto_front.csv,6,5,259.0,58.6,11,5,7,False,0.043534482759,58.6,99.9257,8727,4453237,600.86,57.0,1.6,0.873,14,12,0,0,0,3,1
Scholl_SAWYER30_c06,Scholl_SAWYER30,Scholl,30,36.0,c06,6,mid,high,low,mid,6042,published_results/full_campaign_median_T_252_2026-06-04/solutions/Scholl_SAWYER30_c06/pareto_front.csv,7,6,228.0,71.95,11,4,8,False,1.8283333333,71.95,97.4589,3458,1958187,300.85,71.0,0.95,0.934,9,16,0,0,0,3,2
Scholl_SAWYER30_c06,Scholl_SAWYER30,Scholl,30,36.0,c06,6,mid,high,low,mid,6042,published_results/full_campaign_median_T_252_2026-06-04/solutions/Scholl_SAWYER30_c06/pareto_front.csv,8,7,206.0,91.04999999999998,12,3,10,False,2.2347169811,91.05,97.5456,3379,1364983,300.88,89.0,2.05,0.8861,9,19,0,0,0,1,1
Scholl_SAWYER30_c06,Scholl_SAWYER30,Scholl,30,36.0,c06,6,mid,high,low,mid,6042,published_results/full_campaign_median_T_252_2026-06-04/solutions/Scholl_SAWYER30_c06/pareto_front.csv,9,8,198.0,117.55,14,2,14,False,2.8042031202,117.55,97.6145,8314,3539273,600.85,113.0,4.55,0.8194,0,23,0,0,2,3,2
Scholl_SAWYER30_c07,Scholl_SAWYER30,Scholl,30,36.0,c07,7,high,low,high,mid,7042,published_results/full_campaign_median_T_252_2026-06-04/solutions/Scholl_SAWYER30_c07/pareto_front.csv,1,0,400.0,0.0,10,10,0,True,400.0,400.0,0.0,0,1342,0.18,0.0,0.0,,30,0,0,0,0,0,0
Scholl_SAWYER30_c07,Scholl_SAWYER30,Scholl,30,36.0,c07,7,high,low,high,mid,7042,published_results/full_campaign_median_T_252_2026-06-04/solutions/Scholl_SAWYER30_c07/pareto_front.csv,2,1,365.0,4.7,9,9,1,False,0.0,4.7,100.0,10018,2416297,300.98,4.0,0.7,0.6111,27,0,0,0,3,0,0
Scholl_SAWYER30_c07,Scholl_SAWYER30,Scholl,30,36.0,c07,7,high,low,high,mid,7042,published_results/full_campaign_median_T_252_2026-06-04/solutions/Scholl_SAWYER30_c07/pareto_front.csv,3,2,325.0,6.2,8,8,1,False,0.0,6.2,100.0,13002,3058705,300.93,6.0,0.2,0.8889,25,0,0,0,5,0,0
Scholl_SAWYER30_c07,Scholl_SAWYER30,Scholl,30,36.0,c07,7,high,low,high,mid,7042,published_results/full_campaign_median_T_252_2026-06-04/solutions/Scholl_SAWYER30_c07/pareto_front.csv,4,3,290.0,14.65,7,7,2,False,0.0,14.65,100.0,4709,2188277,300.84,14.0,0.65,0.8194,18,0,0,0,12,0,0
Scholl_SAWYER30_c07,Scholl_SAWYER30,Scholl,30,36.0,c07,7,high,low,high,mid,7042,published_results/full_campaign_median_T_252_2026-06-04/solutions/Scholl_SAWYER30_c07/pareto_front.csv,5,4,255.0,21.9,6,6,3,False,0.017505147487,21.9,99.9201,6018,2157714,300.86,21.0,0.9,0.8333,13,0,0,0,17,0,0
Scholl_SAWYER30_c07,Scholl_SAWYER30,Scholl,30,36.0,c07,7,high,low,high,mid,7042,published_results/full_campaign_median_T_252_2026-06-04/solutions/Scholl_SAWYER30_c07/pareto_front.csv,6,5,215.0,26.1,5,5,3,False,1.35,26.1,94.8276,6267,1792174,300.85,26.0,0.1,0.9815,9,0,0,0,21,0,0
Scholl_SAWYER30_c07,Scholl_SAWYER30,Scholl,30,36.0,c07,7,high,low,high,mid,7042,published_results/full_campaign_median_T_252_2026-06-04/solutions/Scholl_SAWYER30_c07/pareto_front.csv,7,6,180.0,35.449999999999996,4,4,4,False,3.6453465023,35.45,89.7169,4058,2041702,300.87,35.0,0.45,0.9375,0,0,0,0,30,0,0
Scholl_SAWYER30_c07,Scholl_SAWYER30,Scholl,30,36.0,c07,7,high,low,high,mid,7042,published_results/full_campaign_median_T_252_2026-06-04/solutions/Scholl_SAWYER30_c07/pareto_front.csv,8,7,171.0,65.35,7,3,7,False,15.961242971,65.35,75.5758,15020,7574725,600.98,65.0,0.35,0.9722,0,6,0,0,24,0,0
Scholl_SAWYER30_c08,Scholl_SAWYER30,Scholl,30,36.0,c08,8,high,mid,low,high,8042,published_results/full_campaign_median_T_252_2026-06-04/solutions/Scholl_SAWYER30_c08/pareto_front.csv,1,0,400.0,0.0,10,10,0,True,400.0,400.0,0.0,0,1342,0.17,0.0,0.0,,30,0,0,0,0,0,0
Scholl_SAWYER30_c08,Scholl_SAWYER30,Scholl,30,36.0,c08,8,high,mid,low,high,8042,published_results/full_campaign_median_T_252_2026-06-04/solutions/Scholl_SAWYER30_c08/pareto_front.csv,2,1,365.0,7.05,9,9,1,False,0.0,7.05,100.0,6574,2735750,300.85,7.0,0.05,0.9722,27,0,0,0,3,0,0
Scholl_SAWYER30_c08,Scholl_SAWYER30,Scholl,30,36.0,c08,8,high,mid,low,high,8042,published_results/full_campaign_median_T_252_2026-06-04/solutions/Scholl_SAWYER30_c08/pareto_front.csv,3,2,339.0,18.650000000000002,9,8,3,False,0.362807151,18.65,98.0547,24132,3310230,302.48,17.0,1.65,0.6944,21,1,0,0,8,0,0
Scholl_SAWYER30_c08,Scholl_SAWYER30,Scholl,30,36.0,c08,8,high,mid,low,high,8042,published_results/full_campaign_median_T_252_2026-06-04/solutions/Scholl_SAWYER30_c08/pareto_front.csv,4,3,335.0,21.15,8,8,3,False,0.18488984998,21.15,99.1258,8581,3159205,300.85,21.0,0.15,0.9722,18,0,0,0,12,0,0
Scholl_SAWYER30_c08,Scholl_SAWYER30,Scholl,30,36.0,c08,8,high,mid,low,high,8042,published_results/full_campaign_median_T_252_2026-06-04/solutions/Scholl_SAWYER30_c08/pareto_front.csv,5,4,313.0,37.199999999999996,9,7,5,False,0.3,37.2,99.1935,5667,1937891,300.85,36.0,1.2,0.8667,16,2,0,0,12,0,0
Scholl_SAWYER30_c08,Scholl_SAWYER30,Scholl,30,36.0,c08,8,high,mid,low,high,8042,published_results/full_campaign_median_T_252_2026-06-04/solutions/Scholl_SAWYER30_c08/pareto_front.csv,6,5,304.0,58.34999999999999,12,6,8,False,0.15,58.35,99.7429,10198,2244482,300.93,55.0,3.35,0.7674,16,7,0,0,7,0,0
Scholl_SAWYER30_c08,Scholl_SAWYER30,Scholl,30,36.0,c08,8,high,mid,low,high,8042,published_results/full_campaign_median_T_252_2026-06-04/solutions/Scholl_SAWYER30_c08/pareto_front.csv,7,6,295.0,60.34999999999999,11,6,7,False,0.0078555965773,60.35,99.987,6072,3114740,300.85,59.0,1.35,0.8929,14,6,0,0,10,0,0
Scholl_SAWYER30_c09,Scholl_SAWYER30,Scholl,30,36.0,c09,9,high,high,mid,low,9042,published_results/full_campaign_median_T_252_2026-06-04/solutions/Scholl_SAWYER30_c09/pareto_front.csv,1,0,400.0,0.0,10,10,0,True,400.0,400.0,0.0,0,1342,0.17,0.0,0.0,,30,0,0,0,0,0,0
Scholl_SAWYER30_c09,Scholl_SAWYER30,Scholl,30,36.0,c09,9,high,high,mid,low,9042,published_results/full_campaign_median_T_252_2026-06-04/solutions/Scholl_SAWYER30_c09/pareto_front.csv,2,1,365.0,3.6,9,9,1,False,0.0,3.6,100.0,12038,3371399,300.85,3.0,0.6,0.6667,27,0,0,0,0,2,1
Scholl_SAWYER30_c09,Scholl_SAWYER30,Scholl,30,36.0,c09,9,high,high,mid,low,9042,published_results/full_campaign_median_T_252_2026-06-04/solutions/Scholl_SAWYER30_c09/pareto_front.csv,3,2,347.0,24.2,11,8,3,False,0.0,24.2,100.0,5924,2682507,300.85,23.0,1.2,0.7778,26,4,0,0,0,0,0
Scholl_SAWYER30_c09,Scholl_SAWYER30,Scholl,30,36.0,c09,9,high,high,mid,low,9042,published_results/full_campaign_median_T_252_2026-06-04/solutions/Scholl_SAWYER30_c09/pareto_front.csv,4,3,325.0,42.949999999999996,12,7,5,False,0.0,42.95,100.0,5603,2363758,300.9,42.0,0.95,0.8944,23,7,0,0,0,0,0
Scholl_SAWYER30_c09,Scholl_SAWYER30,Scholl,30,36.0,c09,9,high,high,mid,low,9042,published_results/full_campaign_median_T_252_2026-06-04/solutions/Scholl_SAWYER30_c09/pareto_front.csv,5,4,312.0,69.1,14,6,8,False,0.0,69.1,100.0,5747,2177048,300.9,67.0,2.1,0.8542,20,10,0,0,0,0,0
Scholl_WEE-MAG_c01,Scholl_WEE-MAG,Scholl,75,39.0,c01,1,low,low,low,low,1042,published_results/full_campaign_median_T_252_2026-06-04/solutions/Scholl_WEE-MAG_c01/pareto_front.csv,1,0,2400.0,0.0,60,60,0,True,2400.0,2400.0,0.0,0,12362,1.64,0.0,0.0,,75,0,0,0,0,0,0
Scholl_WEE-MAG_c02,Scholl_WEE-MAG,Scholl,75,39.0,c02,2,low,mid,mid,mid,2042,published_results/full_campaign_median_T_252_2026-06-04/solutions/Scholl_WEE-MAG_c02/pareto_front.csv,1,0,2400.0,0.0,60,60,0,True,2400.0,2400.0,0.0,0,12362,1.49,0.0,0.0,,75,0,0,0,0,0,0
Scholl_WEE-MAG_c03,Scholl_WEE-MAG,Scholl,75,39.0,c03,3,low,high,high,high,3042,published_results/full_campaign_median_T_252_2026-06-04/solutions/Scholl_WEE-MAG_c03/pareto_front.csv,1,0,2400.0,0.0,60,60,0,True,2400.0,2400.0,0.0,0,12362,1.53,0.0,0.0,,75,0,0,0,0,0,0
Scholl_WEE-MAG_c04,Scholl_WEE-MAG,Scholl,75,39.0,c04,4,mid,low,mid,high,4042,published_results/full_campaign_median_T_252_2026-06-04/solutions/Scholl_WEE-MAG_c04/pareto_front.csv,1,0,2400.0,0.0,60,60,0,True,2400.0,2400.0,0.0,0,12362,1.88,0.0,0.0,,75,0,0,0,0,0,0
Scholl_WEE-MAG_c05,Scholl_WEE-MAG,Scholl,75,39.0,c05,5,mid,mid,high,low,5042,published_results/full_campaign_median_T_252_2026-06-04/solutions/Scholl_WEE-MAG_c05/pareto_front.csv,1,0,2400.0,0.0,60,60,0,True,2400.0,2400.0,0.0,0,12362,1.48,0.0,0.0,,75,0,0,0,0,0,0
Scholl_WEE-MAG_c06,Scholl_WEE-MAG,Scholl,75,39.0,c06,6,mid,high,low,mid,6042,published_results/full_campaign_median_T_252_2026-06-04/solutions/Scholl_WEE-MAG_c06/pareto_front.csv,1,0,2400.0,0.0,60,60,0,True,2400.0,2400.0,0.0,0,12362,1.87,0.0,0.0,,75,0,0,0,0,0,0
Scholl_WEE-MAG_c07,Scholl_WEE-MAG,Scholl,75,39.0,c07,7,high,low,high,mid,7042,published_results/full_campaign_median_T_252_2026-06-04/solutions/Scholl_WEE-MAG_c07/pareto_front.csv,1,0,2400.0,0.0,60,60,0,True,2400.0,2400.0,0.0,0,12362,1.45,0.0,0.0,,75,0,0,0,0,0,0
Scholl_WEE-MAG_c07,Scholl_WEE-MAG,Scholl,75,39.0,c07,7,high,low,high,mid,7042,published_results/full_campaign_median_T_252_2026-06-04/solutions/Scholl_WEE-MAG_c07/pareto_front.csv,2,1,2383.0,12.899999999999999,61,59,3,False,0.0,12.9,100.0,1882,693941,610.79,9.0,3.9,0.3333,71,2,0,0,2,0,0
Scholl_WEE-MAG_c08,Scholl_WEE-MAG,Scholl,75,39.0,c08,8,high,mid,low,high,8042,published_results/full_campaign_median_T_252_2026-06-04/solutions/Scholl_WEE-MAG_c08/pareto_front.csv,1,0,2400.0,0.0,60,60,0,True,2400.0,2400.0,0.0,0,12362,1.41,0.0,0.0,,75,0,0,0,0,0,0
Scholl_WEE-MAG_c09,Scholl_WEE-MAG,Scholl,75,39.0,c09,9,high,high,mid,low,9042,published_results/full_campaign_median_T_252_2026-06-04/solutions/Scholl_WEE-MAG_c09/pareto_front.csv,1,0,2400.0,0.0,60,60,0,True,2400.0,2400.0,0.0,0,12362,1.45,0.0,0.0,,75,0,0,0,0,0,0
instance_n=20_10_c01,instance_n=20_10,Otto,20,1000.0,c01,1,low,low,low,low,1042,published_results/full_campaign_median_T_252_2026-06-04/solutions/instance_n=20_10_c01/pareto_front.csv,1,0,120.0,0.0,3,3,0,True,120.0,120.0,0.0,0,690,0.03,0.0,0.0,,20,0,0,0,0,0,0
instance_n=20_10_c01,instance_n=20_10,Otto,20,1000.0,c01,1,low,low,low,low,1042,published_results/full_campaign_median_T_252_2026-06-04/solutions/instance_n=20_10_c01/pareto_front.csv,2,1,85.0,119.5,2,2,1,False,53.55,119.5,55.1883,104823,4759547,300.4,113.0,6.5,0.87,9,0,0,0,0,8,3
instance_n=20_10_c01,instance_n=20_10,Otto,20,1000.0,c01,1,low,low,low,low,1042,published_results/full_campaign_median_T_252_2026-06-04/solutions/instance_n=20_10_c01/pareto_front.csv,3,2,54.0,249.5,2,1,2,False,197.2,249.5,20.9619,313921,12325340,300.3,210.0,39.5,0.605,0,2,0,0,18,0,0
instance_n=20_10_c01,instance_n=20_10,Otto,20,1000.0,c01,1,low,low,low,low,1042,published_results/full_campaign_median_T_252_2026-06-04/solutions/instance_n=20_10_c01/pareto_front.csv,4,3,27.0,726.8,3,0,3,True,726.8,726.8,0.0,8335,365308,2.96,717.0,9.8,0.9347,0,20,0,0,0,0,0
instance_n=20_10_c02,instance_n=20_10,Otto,20,1000.0,c02,2,low,mid,mid,mid,2042,published_results/full_campaign_median_T_252_2026-06-04/solutions/instance_n=20_10_c02/pareto_front.csv,1,0,120.0,0.0,3,3,0,True,120.0,120.0,0.0,0,690,0.03,0.0,0.0,,20,0,0,0,0,0,0
instance_n=20_10_c02,instance_n=20_10,Otto,20,1000.0,c02,2,low,mid,mid,mid,2042,published_results/full_campaign_median_T_252_2026-06-04/solutions/instance_n=20_10_c02/pareto_front.csv,2,1,94.0,200.85000000000002,3,2,2,False,59.613076923,200.85,70.3196,241587,7086076,300.33,154.0,46.85,0.5315,5,2,0,0,0,7,6
instance_n=20_10_c02,instance_n=20_10,Otto,20,1000.0,c02,2,low,mid,mid,mid,2042,published_results/full_campaign_median_T_252_2026-06-04/solutions/instance_n=20_10_c02/pareto_front.csv,3,2,90.0,207.60000000000002,2,2,2,False,56.167174058,207.6,72.9445,353445,9226150,300.33,173.0,34.6,0.654,0,0,0,0,0,10,10
instance_n=20_10_c02,instance_n=20_10,Otto,20,1000.0,c02,2,low,mid,mid,mid,2042,published_results/full_campaign_median_T_252_2026-06-04/solutions/instance_n=20_10_c02/pareto_front.csv,4,3,89.0,220.6,3,2,1,False,60.9,220.6,72.3935,291575,9222184,300.31,210.0,10.6,0.788,13,7,0,0,0,0,0
instance_n=20_10_c02,instance_n=20_10,Otto,20,1000.0,c02,2,low,mid,mid,mid,2042,published_results/full_campaign_median_T_252_2026-06-04/solutions/instance_n=20_10_c02/pareto_front.csv,5,4,63.0,461.40000000000003,3,1,3,False,84.609859155,461.4,81.6624,685061,8940310,300.4,414.0,47.4,0.684,0,8,0,0,0,7,5
instance_n=20_10_c02,instance_n=20_10,Otto,20,1000.0,c02,2,low,mid,mid,mid,2042,published_results/full_campaign_median_T_252_2026-06-04/solutions/instance_n=20_10_c02/pareto_front.csv,6,5,58.0,486.15,3,1,2,False,263.05,486.15,45.8912,545013,17413214,300.35,475.0,11.15,0.8885,6,14,0,0,0,0,0
instance_n=20_10_c02,instance_n=20_10,Otto,20,1000.0,c02,2,low,mid,mid,mid,2042,published_results/full_campaign_median_T_252_2026-06-04/solutions/instance_n=20_10_c02/pareto_front.csv,7,6,27.0,776.0000000000001,3,0,3,False,282.35,776.0,63.6147,840542,30906533,300.41,767.0,9.0,0.94,0,20,0,0,0,0,0
instance_n=20_10_c03,instance_n=20_10,Otto,20,1000.0,c03,3,low,high,high,high,3042,published_results/full_campaign_median_T_252_2026-06-04/solutions/instance_n=20_10_c03/pareto_front.csv,1,0,120.0,0.0,3,3,0,True,120.0,120.0,0.0,0,690,0.03,0.0,0.0,,20,0,0,0,0,0,0
instance_n=20_10_c03,instance_n=20_10,Otto,20,1000.0,c03,3,low,high,high,high,3042,published_results/full_campaign_median_T_252_2026-06-04/solutions/instance_n=20_10_c03/pareto_front.csv,2,1,89.0,198.75,3,2,1,False,84.935357417,198.75,57.2652,148119,5501977,301.06,189.0,9.75,0.805,15,5,0,0,0,0,0
instance_n=20_10_c03,instance_n=20_10,Otto,20,1000.0,c03,3,low,high,high,high,3042,published_results/full_campaign_median_T_252_2026-06-04/solutions/instance_n=20_10_c03/pareto_front.csv,3,2,58.0,451.6,3,1,2,False,123.45,451.6,72.6639,414199,11935580,300.3,439.0,12.6,0.874,7,13,0,0,0,0,0
instance_n=20_10_c03,instance_n=20_10,Otto,20,1000.0,c03,3,low,high,high,high,3042,published_results/full_campaign_median_T_252_2026-06-04/solutions/instance_n=20_10_c03/pareto_front.csv,4,3,27.0,733.9499999999999,3,0,3,True,733.95,733.95,0.0,877694,20261785,211.73,722.0,11.95,0.9203,0,20,0,0,0,0,0
instance_n=20_10_c04,instance_n=20_10,Otto,20,1000.0,c04,4,mid,low,mid,high,4042,published_results/full_campaign_median_T_252_2026-06-04/solutions/instance_n=20_10_c04/pareto_front.csv,1,0,120.0,0.0,3,3,0,True,120.0,120.0,0.0,0,690,0.03,0.0,0.0,,20,0,0,0,0,0,0
instance_n=20_10_c04,instance_n=20_10,Otto,20,1000.0,c04,4,mid,low,mid,high,4042,published_results/full_campaign_median_T_252_2026-06-04/solutions/instance_n=20_10_c04/pareto_front.csv,2,1,85.0,121.55,2,2,1,True,121.55,121.55,0.0,9427,694777,26.89,104.0,17.55,0.649,9,0,0,0,11,0,0
instance_n=20_10_c04,instance_n=20_10,Otto,20,1000.0,c04,4,mid,low,mid,high,4042,published_results/full_campaign_median_T_252_2026-06-04/solutions/instance_n=20_10_c04/pareto_front.csv,3,2,54.0,253.25,2,1,2,True,253.25,253.25,0.0,7646,310426,9.99,214.0,39.25,0.6075,0,2,0,0,18,0,0
instance_n=20_10_c04,instance_n=20_10,Otto,20,1000.0,c04,4,mid,low,mid,high,4042,published_results/full_campaign_median_T_252_2026-06-04/solutions/instance_n=20_10_c04/pareto_front.csv,4,3,45.0,1102.6000000000001,5,0,5,True,1102.6,1102.6,0.0,0,2031,0.74,1059.0,43.6,0.8256,0,20,0,0,0,0,0
instance_n=20_10_c05,instance_n=20_10,Otto,20,1000.0,c05,5,mid,mid,high,low,5042,published_results/full_campaign_median_T_252_2026-06-04/solutions/instance_n=20_10_c05/pareto_front.csv,1,0,120.0,0.0,3,3,0,True,120.0,120.0,0.0,0,690,0.03,0.0,0.0,,20,0,0,0,0,0,0
instance_n=20_10_c05,instance_n=20_10,Otto,20,1000.0,c05,5,mid,mid,high,low,5042,published_results/full_campaign_median_T_252_2026-06-04/solutions/instance_n=20_10_c05/pareto_front.csv,2,1,90.0,202.64999999999998,2,2,2,False,84.143587662,202.65,58.4784,433473,11092965,300.32,168.0,34.65,0.6535,0,0,0,0,0,15,5
instance_n=20_10_c05,instance_n=20_10,Otto,20,1000.0,c05,5,mid,mid,high,low,5042,published_results/full_campaign_median_T_252_2026-06-04/solutions/instance_n=20_10_c05/pareto_front.csv,3,2,63.0,568.4,3,1,3,False,73.313574317,568.4,87.1018,341861,11152059,300.32,552.0,16.4,0.8907,0,6,0,0,0,9,5
instance_n=20_10_c05,instance_n=20_10,Otto,20,1000.0,c05,5,mid,mid,high,low,5042,published_results/full_campaign_median_T_252_2026-06-04/solutions/instance_n=20_10_c05/pareto_front.csv,4,3,36.0,1018.7,4,0,4,False,340.7,1018.7,66.5554,819483,28295503,300.28,1016.0,2.7,0.9865,0,20,0,0,0,0,0
instance_n=20_10_c06,instance_n=20_10,Otto,20,1000.0,c06,6,mid,high,low,mid,6042,published_results/full_campaign_median_T_252_2026-06-04/solutions/instance_n=20_10_c06/pareto_front.csv,1,0,120.0,0.0,3,3,0,True,120.0,120.0,0.0,0,690,0.03,0.0,0.0,,20,0,0,0,0,0,0
instance_n=20_10_c06,instance_n=20_10,Otto,20,1000.0,c06,6,mid,high,low,mid,6042,published_results/full_campaign_median_T_252_2026-06-04/solutions/instance_n=20_10_c06/pareto_front.csv,2,1,90.0,255.6,2,2,2,False,97.310481868,255.6,61.9286,245114,7668737,300.62,248.0,7.6,0.924,0,0,0,0,0,11,9
instance_n=20_10_c06,instance_n=20_10,Otto,20,1000.0,c06,6,mid,high,low,mid,6042,published_results/full_campaign_median_T_252_2026-06-04/solutions/instance_n=20_10_c06/pareto_front.csv,3,2,63.0,624.0500000000001,3,1,3,False,183.27000122,624.05,70.6322,306243,9347170,300.31,621.0,3.05,0.9797,0,10,0,0,0,6,4
instance_n=20_10_c06,instance_n=20_10,Otto,20,1000.0,c06,6,mid,high,low,mid,6042,published_results/full_campaign_median_T_252_2026-06-04/solutions/instance_n=20_10_c06/pareto_front.csv,4,3,45.0,1096.4499999999998,5,0,5,True,1096.45,1096.45,0.0,10297,439091,7.24,1051.0,45.45,0.8182,0,20,0,0,0,0,0
instance_n=20_10_c07,instance_n=20_10,Otto,20,1000.0,c07,7,high,low,high,mid,7042,published_results/full_campaign_median_T_252_2026-06-04/solutions/instance_n=20_10_c07/pareto_front.csv,1,0,120.0,0.0,3,3,0,True,120.0,120.0,0.0,0,690,0.03,0.0,0.0,,20,0,0,0,0,0,0
instance_n=20_10_c07,instance_n=20_10,Otto,20,1000.0,c07,7,high,low,high,mid,7042,published_results/full_campaign_median_T_252_2026-06-04/solutions/instance_n=20_10_c07/pareto_front.csv,2,1,85.0,121.9,2,2,1,True,121.9,121.9,0.0,10441,496880,21.9,106.0,15.9,0.682,8,0,0,0,12,0,0
instance_n=20_10_c07,instance_n=20_10,Otto,20,1000.0,c07,7,high,low,high,mid,7042,published_results/full_campaign_median_T_252_2026-06-04/solutions/instance_n=20_10_c07/pareto_front.csv,3,2,54.0,273.1,2,1,2,True,273.1,273.1,0.0,7887,322877,7.12,241.0,32.1,0.679,0,1,0,0,19,0,0
instance_n=20_10_c08,instance_n=20_10,Otto,20,1000.0,c08,8,high,mid,low,high,8042,published_results/full_campaign_median_T_252_2026-06-04/solutions/instance_n=20_10_c08/pareto_front.csv,1,0,120.0,0.0,3,3,0,True,120.0,120.0,0.0,0,690,0.03,0.0,0.0,,20,0,0,0,0,0,0
instance_n=20_10_c08,instance_n=20_10,Otto,20,1000.0,c08,8,high,mid,low,high,8042,published_results/full_campaign_median_T_252_2026-06-04/solutions/instance_n=20_10_c08/pareto_front.csv,2,1,90.0,288.55,2,2,2,False,220.6,288.55,23.5488,195310,8509041,300.3,279.0,9.55,0.9045,0,0,0,0,20,0,0
instance_n=20_10_c08,instance_n=20_10,Otto,20,1000.0,c08,8,high,mid,low,high,8042,published_results/full_campaign_median_T_252_2026-06-04/solutions/instance_n=20_10_c08/pareto_front.csv,3,2,72.0,812.8,4,1,4,False,641.05,812.8,21.1307,327812,15498911,300.31,793.0,19.8,0.901,0,10,0,0,10,0,0
instance_n=20_10_c08,instance_n=20_10,Otto,20,1000.0,c08,8,high,mid,low,high,8042,published_results/full_campaign_median_T_252_2026-06-04/solutions/instance_n=20_10_c08/pareto_front.csv,4,3,63.0,1613.0,7,0,7,True,1613.0,1613.0,0.0,8914,505945,9.73,1567.0,46.0,0.8686,0,20,0,0,0,0,0
instance_n=20_10_c09,instance_n=20_10,Otto,20,1000.0,c09,9,high,high,mid,low,9042,published_results/full_campaign_median_T_252_2026-06-04/solutions/instance_n=20_10_c09/pareto_front.csv,1,0,120.0,0.0,3,3,0,True,120.0,120.0,0.0,0,690,0.03,0.0,0.0,,20,0,0,0,0,0,0
instance_n=20_10_c09,instance_n=20_10,Otto,20,1000.0,c09,9,high,high,mid,low,9042,published_results/full_campaign_median_T_252_2026-06-04/solutions/instance_n=20_10_c09/pareto_front.csv,2,1,99.0,327.55,3,2,3,False,78.65,327.55,75.9884,170609,9269591,300.32,281.0,46.55,0.6897,0,1,0,0,0,13,6
instance_n=20_10_c09,instance_n=20_10,Otto,20,1000.0,c09,9,high,high,mid,low,9042,published_results/full_campaign_median_T_252_2026-06-04/solutions/instance_n=20_10_c09/pareto_front.csv,3,2,94.0,348.65000000000003,3,2,2,False,82.107864078,348.65,76.4498,252977,7645801,300.37,342.0,6.65,0.9335,7,3,0,0,0,5,5
instance_n=20_10_c09,instance_n=20_10,Otto,20,1000.0,c09,9,high,high,mid,low,9042,published_results/full_campaign_median_T_252_2026-06-04/solutions/instance_n=20_10_c09/pareto_front.csv,4,3,81.0,951.3999999999999,5,1,5,False,60.006477207,951.4,93.6928,183724,8537386,300.3,905.0,46.4,0.8144,0,12,0,0,0,4,4
instance_n=20_10_c09,instance_n=20_10,Otto,20,1000.0,c09,9,high,high,mid,low,9042,published_results/full_campaign_median_T_252_2026-06-04/solutions/instance_n=20_10_c09/pareto_front.csv,5,4,76.0,992.35,5,1,4,False,425.91,992.35,57.0807,462410,13231704,300.37,987.0,5.35,0.9732,5,15,0,0,0,0,0
instance_n=20_10_c09,instance_n=20_10,Otto,20,1000.0,c09,9,high,high,mid,low,9042,published_results/full_campaign_median_T_252_2026-06-04/solutions/instance_n=20_10_c09/pareto_front.csv,6,5,63.0,1676.45,7,0,7,False,457.01629424,1676.45,72.739,538935,12966100,300.38,1638.0,38.45,0.8901,0,20,0,0,0,0,0
instance_n=20_1_c01,instance_n=20_1,Otto,20,1000.0,c01,1,low,low,low,low,1042,published_results/full_campaign_median_T_252_2026-06-04/solutions/instance_n=20_1_c01/pareto_front.csv,1,0,120.0,0.0,3,3,0,True,120.0,120.0,0.0,0,691,0.03,0.0,0.0,,20,0,0,0,0,0,0
instance_n=20_1_c01,instance_n=20_1,Otto,20,1000.0,c01,1,low,low,low,low,1042,published_results/full_campaign_median_T_252_2026-06-04/solutions/instance_n=20_1_c01/pareto_front.csv,2,1,85.0,124.35,2,2,1,False,65.525020973,124.35,47.306,188723,6174815,300.31,109.0,15.35,0.693,7,0,0,0,13,0,0
instance_n=20_1_c01,instance_n=20_1,Otto,20,1000.0,c01,1,low,low,low,low,1042,published_results/full_campaign_median_T_252_2026-06-04/solutions/instance_n=20_1_c01/pareto_front.csv,3,2,54.0,251.10000000000002,2,1,2,True,251.1,251.1,0.0,51560,1734528,39.71,212.0,39.1,0.609,0,2,0,0,18,0,0
instance_n=20_1_c01,instance_n=20_1,Otto,20,1000.0,c01,1,low,low,low,low,1042,published_results/full_campaign_median_T_252_2026-06-04/solutions/instance_n=20_1_c01/pareto_front.csv,4,3,27.0,755.5,3,0,3,True,755.5,755.5,0.0,1431,41395,0.86,748.0,7.5,0.95,0,20,0,0,0,0,0
instance_n=20_1_c02,instance_n=20_1,Otto,20,1000.0,c02,2,low,mid,mid,mid,2042,published_results/full_campaign_median_T_252_2026-06-04/solutions/instance_n=20_1_c02/pareto_front.csv,1,0,120.0,0.0,3,3,0,True,120.0,120.0,0.0,0,691,0.03,0.0,0.0,,20,0,0,0,0,0,0
instance_n=20_1_c02,instance_n=20_1,Otto,20,1000.0,c02,2,low,mid,mid,mid,2042,published_results/full_campaign_median_T_252_2026-06-04/solutions/instance_n=20_1_c02/pareto_front.csv,2,1,90.0,212.45,2,2,2,False,96.480274583,212.45,54.5868,209715,5737705,300.36,182.0,30.45,0.6955,0,0,0,0,0,12,8
instance_n=20_1_c02,instance_n=20_1,Otto,20,1000.0,c02,2,low,mid,mid,mid,2042,published_results/full_campaign_median_T_252_2026-06-04/solutions/instance_n=20_1_c02/pareto_front.csv,3,2,89.0,228.05,3,2,1,False,99.217647059,228.05,56.493,476965,11889845,300.4,222.0,6.05,0.879,13,7,0,0,0,0,0
instance_n=20_1_c02,instance_n=20_1,Otto,20,1000.0,c02,2,low,mid,mid,mid,2042,published_results/full_campaign_median_T_252_2026-06-04/solutions/instance_n=20_1_c02/pareto_front.csv,4,3,63.0,470.00000000000006,3,1,3,False,96.387879748,470.0,79.4919,368076,11406571,300.32,426.0,44.0,0.7067,0,8,0,0,0,5,7
instance_n=20_1_c02,instance_n=20_1,Otto,20,1000.0,c02,2,low,mid,mid,mid,2042,published_results/full_campaign_median_T_252_2026-06-04/solutions/instance_n=20_1_c02/pareto_front.csv,5,4,58.0,493.15000000000003,3,1,2,False,358.75,493.15,27.2534,781235,14363740,300.35,485.0,8.15,0.9185,6,14,0,0,0,0,0
instance_n=20_1_c02,instance_n=20_1,Otto,20,1000.0,c02,2,low,mid,mid,mid,2042,published_results/full_campaign_median_T_252_2026-06-04/solutions/instance_n=20_1_c02/pareto_front.csv,6,5,27.0,777.6,3,0,3,False,397.15,777.6,48.9262,1661401,23629897,300.32,770.0,7.6,0.9493,0,20,0,0,0,0,0
instance_n=20_1_c03,instance_n=20_1,Otto,20,1000.0,c03,3,low,high,high,high,3042,published_results/full_campaign_median_T_252_2026-06-04/solutions/instance_n=20_1_c03/pareto_front.csv,1,0,120.0,0.0,3,3,0,True,120.0,120.0,0.0,0,691,0.03,0.0,0.0,,20,0,0,0,0,0,0
instance_n=20_1_c03,instance_n=20_1,Otto,20,1000.0,c03,3,low,high,high,high,3042,published_results/full_campaign_median_T_252_2026-06-04/solutions/instance_n=20_1_c03/pareto_front.csv,2,1,89.0,212.3,3,2,1,False,160.34991146,212.3,24.4701,359490,5534569,300.35,205.0,7.3,0.854,15,5,0,0,0,0,0
instance_n=20_1_c03,instance_n=20_1,Otto,20,1000.0,c03,3,low,high,high,high,3042,published_results/full_campaign_median_T_252_2026-06-04/solutions/instance_n=20_1_c03/pareto_front.csv,3,2,58.0,458.3,3,1,2,False,119.00225687,458.3,74.034,343697,12968379,300.32,448.0,10.3,0.897,6,14,0,0,0,0,0
instance_n=20_1_c03,instance_n=20_1,Otto,20,1000.0,c03,3,low,high,high,high,3042,published_results/full_campaign_median_T_252_2026-06-04/solutions/instance_n=20_1_c03/pareto_front.csv,4,3,27.0,736.4999999999999,3,0,3,True,736.5,736.5,0.0,453212,13973224,113.94,727.0,9.5,0.9367,0,20,0,0,0,0,0
instance_n=20_1_c04,instance_n=20_1,Otto,20,1000.0,c04,4,mid,low,mid,high,4042,published_results/full_campaign_median_T_252_2026-06-04/solutions/instance_n=20_1_c04/pareto_front.csv,1,0,120.0,0.0,3,3,0,True,120.0,120.0,0.0,0,691,0.03,0.0,0.0,,20,0,0,0,0,0,0
instance_n=20_1_c04,instance_n=20_1,Otto,20,1000.0,c04,4,mid,low,mid,high,4042,published_results/full_campaign_median_T_252_2026-06-04/solutions/instance_n=20_1_c04/pareto_front.csv,2,1,85.0,123.95,2,2,1,True,123.95,123.95,0.0,8678,441096,23.36,109.0,14.95,0.701,6,0,0,0,14,0,0
instance_n=20_1_c04,instance_n=20_1,Otto,20,1000.0,c04,4,mid,low,mid,high,4042,published_results/full_campaign_median_T_252_2026-06-04/solutions/instance_n=20_1_c04/pareto_front.csv,3,2,54.0,271.25,2,1,2,True,271.25,271.25,0.0,698,50382,2.91,238.0,33.25,0.6675,0,2,0,0,18,0,0
instance_n=20_1_c04,instance_n=20_1,Otto,20,1000.0,c04,4,mid,low,mid,high,4042,published_results/full_campaign_median_T_252_2026-06-04/solutions/instance_n=20_1_c04/pareto_front.csv,4,3,45.0,1118.35,5,0,5,True,1118.35,1118.35,0.0,0,1829,0.92,1074.0,44.35,0.8226,0,20,0,0,0,0,0
instance_n=20_1_c05,instance_n=20_1,Otto,20,1000.0,c05,5,mid,mid,high,low,5042,published_results/full_campaign_median_T_252_2026-06-04/solutions/instance_n=20_1_c05/pareto_front.csv,1,0,120.0,0.0,3,3,0,True,120.0,120.0,0.0,0,691,0.03,0.0,0.0,,20,0,0,0,0,0,0
instance_n=20_1_c05,instance_n=20_1,Otto,20,1000.0,c05,5,mid,mid,high,low,5042,published_results/full_campaign_median_T_252_2026-06-04/solutions/instance_n=20_1_c05/pareto_front.csv,2,1,90.0,222.1,2,2,2,False,76.081025958,222.1,65.7447,206964,6147280,300.34,192.0,30.1,0.699,0,0,0,0,0,12,8
instance_n=20_1_c05,instance_n=20_1,Otto,20,1000.0,c05,5,mid,mid,high,low,5042,published_results/full_campaign_median_T_252_2026-06-04/solutions/instance_n=20_1_c05/pareto_front.csv,3,2,63.0,582.95,3,1,3,False,88.986631486,582.95,84.7351,414987,11163404,300.33,571.0,11.95,0.9203,0,7,0,0,0,7,6
instance_n=20_1_c05,instance_n=20_1,Otto,20,1000.0,c05,5,mid,mid,high,low,5042,published_results/full_campaign_median_T_252_2026-06-04/solutions/instance_n=20_1_c05/pareto_front.csv,4,3,45.0,1093.85,5,0,5,True,1093.85,1093.85,0.0,9189,218769,5.32,1048.0,45.85,0.8166,0,20,0,0,0,0,0
instance_n=20_1_c06,instance_n=20_1,Otto,20,1000.0,c06,6,mid,high,low,mid,6042,published_results/full_campaign_median_T_252_2026-06-04/solutions/instance_n=20_1_c06/pareto_front.csv,1,0,120.0,0.0,3,3,0,True,120.0,120.0,0.0,0,691,0.03,0.0,0.0,,20,0,0,0,0,0,0
instance_n=20_1_c06,instance_n=20_1,Otto,20,1000.0,c06,6,mid,high,low,mid,6042,published_results/full_campaign_median_T_252_2026-06-04/solutions/instance_n=20_1_c06/pareto_front.csv,2,1,90.0,263.3,2,2,2,False,128.96843936,263.3,51.0184,295005,7021270,300.39,256.0,7.3,0.927,0,0,0,0,0,10,10
instance_n=20_1_c06,instance_n=20_1,Otto,20,1000.0,c06,6,mid,high,low,mid,6042,published_results/full_campaign_median_T_252_2026-06-04/solutions/instance_n=20_1_c06/pareto_front.csv,3,2,63.0,649.6,3,1,3,False,484.68251782,649.6,25.3875,762954,14099030,300.39,649.0,0.6,0.996,0,9,0,0,0,6,5
instance_n=20_1_c06,instance_n=20_1,Otto,20,1000.0,c06,6,mid,high,low,mid,6042,published_results/full_campaign_median_T_252_2026-06-04/solutions/instance_n=20_1_c06/pareto_front.csv,4,3,45.0,1097.75,5,0,5,True,1097.75,1097.75,0.0,5765,123895,1.9,1053.0,44.75,0.821,0,20,0,0,0,0,0
instance_n=20_1_c07,instance_n=20_1,Otto,20,1000.0,c07,7,high,low,high,mid,7042,published_results/full_campaign_median_T_252_2026-06-04/solutions/instance_n=20_1_c07/pareto_front.csv,1,0,120.0,0.0,3,3,0,True,120.0,120.0,0.0,0,691,0.03,0.0,0.0,,20,0,0,0,0,0,0
instance_n=20_1_c07,instance_n=20_1,Otto,20,1000.0,c07,7,high,low,high,mid,7042,published_results/full_campaign_median_T_252_2026-06-04/solutions/instance_n=20_1_c07/pareto_front.csv,2,1,85.0,121.9,2,2,1,True,121.9,121.9,0.0,5214,307876,10.65,106.0,15.9,0.682,7,0,0,0,13,0,0
instance_n=20_1_c07,instance_n=20_1,Otto,20,1000.0,c07,7,high,low,high,mid,7042,published_results/full_campaign_median_T_252_2026-06-04/solutions/instance_n=20_1_c07/pareto_front.csv,3,2,54.0,304.85,2,1,2,True,304.85,304.85,0.0,197,22146,1.75,280.0,24.85,0.7515,0,2,0,0,18,0,0
instance_n=20_1_c08,instance_n=20_1,Otto,20,1000.0,c08,8,high,mid,low,high,8042,published_results/full_campaign_median_T_252_2026-06-04/solutions/instance_n=20_1_c08/pareto_front.csv,1,0,120.0,0.0,3,3,0,True,120.0,120.0,0.0,0,691,0.03,0.0,0.0,,20,0,0,0,0,0,0
instance_n=20_1_c08,instance_n=20_1,Otto,20,1000.0,c08,8,high,mid,low,high,8042,published_results/full_campaign_median_T_252_2026-06-04/solutions/instance_n=20_1_c08/pareto_front.csv,2,1,90.0,292.34999999999997,2,2,2,True,292.35,292.35,0.0,285908,4531735,243.46,285.0,7.35,0.9265,0,0,0,0,20,0,0
instance_n=20_1_c08,instance_n=20_1,Otto,20,1000.0,c08,8,high,mid,low,high,8042,published_results/full_campaign_median_T_252_2026-06-04/solutions/instance_n=20_1_c08/pareto_front.csv,3,2,72.0,832.8000000000001,4,1,4,True,832.8000000000001,832.8000000000001,0.0,75278,2017121,75.01,816.0,16.8,0.916,0,10,0,0,10,0,0
instance_n=20_1_c08,instance_n=20_1,Otto,20,1000.0,c08,8,high,mid,low,high,8042,published_results/full_campaign_median_T_252_2026-06-04/solutions/instance_n=20_1_c08/pareto_front.csv,4,3,63.0,1603.0,7,0,7,True,1603.0,1603.0,0.0,0,1341,1.84,1558.0,45.0,0.8714,0,20,0,0,0,0,0
instance_n=20_1_c09,instance_n=20_1,Otto,20,1000.0,c09,9,high,high,mid,low,9042,published_results/full_campaign_median_T_252_2026-06-04/solutions/instance_n=20_1_c09/pareto_front.csv,1,0,120.0,0.0,3,3,0,True,120.0,120.0,0.0,0,691,0.03,0.0,0.0,,20,0,0,0,0,0,0
instance_n=20_1_c09,instance_n=20_1,Otto,20,1000.0,c09,9,high,high,mid,low,9042,published_results/full_campaign_median_T_252_2026-06-04/solutions/instance_n=20_1_c09/pareto_front.csv,2,1,99.0,357.34999999999997,3,2,3,False,123.63341506,357.35,65.4027,382359,4503060,300.37,311.0,46.35,0.691,0,1,0,0,0,13,6
instance_n=20_1_c09,instance_n=20_1,Otto,20,1000.0,c09,9,high,high,mid,low,9042,published_results/full_campaign_median_T_252_2026-06-04/solutions/instance_n=20_1_c09/pareto_front.csv,3,2,94.0,384.7,3,2,2,False,118.36574316,384.7,69.2317,308099,7227390,300.42,382.0,2.7,0.973,7,3,0,0,0,6,4
instance_n=20_1_c09,instance_n=20_1,Otto,20,1000.0,c09,9,high,high,mid,low,9042,published_results/full_campaign_median_T_252_2026-06-04/solutions/instance_n=20_1_c09/pareto_front.csv,4,3,81.0,976.4499999999999,5,1,5,False,126.6,976.45,87.0347,479752,10770522,300.35,929.0,47.45,0.8102,0,13,0,0,0,5,2
instance_n=20_1_c09,instance_n=20_1,Otto,20,1000.0,c09,9,high,high,mid,low,9042,published_results/full_campaign_median_T_252_2026-06-04/solutions/instance_n=20_1_c09/pareto_front.csv,5,4,63.0,1711.3,7,0,7,False,663.02884026,1711.3,61.2558,591857,11311518,301.03,1673.0,38.3,0.8906,0,20,0,0,0,0,0
instance_n=20_63_c01,instance_n=20_63,Otto,20,1000.0,c01,1,low,low,low,low,1042,published_results/full_campaign_median_T_252_2026-06-04/solutions/instance_n=20_63_c01/pareto_front.csv,1,0,200.0,0.0,5,5,0,True,200.0,200.0,0.0,0,456,0.04,0.0,0.0,,20,0,0,0,0,0,0
instance_n=20_63_c01,instance_n=20_63,Otto,20,1000.0,c01,1,low,low,low,low,1042,published_results/full_campaign_median_T_252_2026-06-04/solutions/instance_n=20_63_c01/pareto_front.csv,2,1,165.0,107.2,4,4,1,False,55.1,107.2,48.6007,86745,6436052,300.36,85.0,22.2,0.556,14,0,0,0,6,0,0
instance_n=20_63_c01,instance_n=20_63,Otto,20,1000.0,c01,1,low,low,low,low,1042,published_results/full_campaign_median_T_252_2026-06-04/solutions/instance_n=20_63_c01/pareto_front.csv,3,2,125.0,146.2,3,3,1,True,146.2,146.2,0.0,36145,2768674,101.93,143.0,3.2,0.936,12,0,0,0,8,0,0
instance_n=20_63_c01,instance_n=20_63,Otto,20,1000.0,c01,1,low,low,low,low,1042,published_results/full_campaign_median_T_252_2026-06-04/solutions/instance_n=20_63_c01/pareto_front.csv,4,3,90.0,269.29999999999995,2,2,2,False,205.93495944,269.3,23.5295,199883,4729965,300.78,261.0,8.3,0.917,0,0,0,0,9,7,4
instance_n=20_63_c01,instance_n=20_63,Otto,20,1000.0,c01,1,low,low,low,low,1042,published_results/full_campaign_median_T_252_2026-06-04/solutions/instance_n=20_63_c01/pareto_front.csv,5,4,63.0,614.05,3,1,3,True,614.05,614.05,0.0,55633,2744590,98.68,605.0,9.05,0.9397,0,11,0,0,9,0,0
instance_n=20_63_c01,instance_n=20_63,Otto,20,1000.0,c01,1,low,low,low,low,1042,published_results/full_campaign_median_T_252_2026-06-04/solutions/instance_n=20_63_c01/pareto_front.csv,6,5,45.0,1225.5,5,0,5,True,1225.5,1225.5,0.0,2361,83465,2.06,1206.0,19.5,0.922,0,20,0,0,0,0,0
instance_n=20_63_c02,instance_n=20_63,Otto,20,1000.0,c02,2,low,mid,mid,mid,2042,published_results/full_campaign_median_T_252_2026-06-04/solutions/instance_n=20_63_c02/pareto_front.csv,1,0,200.0,0.0,5,5,0,True,200.0,200.0,0.0,0,456,0.03,0.0,0.0,,20,0,0,0,0,0,0
instance_n=20_63_c02,instance_n=20_63,Otto,20,1000.0,c02,2,low,mid,mid,mid,2042,published_results/full_campaign_median_T_252_2026-06-04/solutions/instance_n=20_63_c02/pareto_front.csv,2,1,165.0,126.65,4,4,1,False,56.1,126.65,55.7047,151195,4493778,300.75,123.0,3.65,0.927,12,0,0,0,0,4,4
instance_n=20_63_c02,instance_n=20_63,Otto,20,1000.0,c02,2,low,mid,mid,mid,2042,published_results/full_campaign_median_T_252_2026-06-04/solutions/instance_n=20_63_c02/pareto_front.csv,3,2,134.0,343.0,4,3,2,False,139.5179781,343.0,59.3242,131136,5240358,301.05,332.0,11.0,0.89,10,4,0,0,0,4,2
instance_n=20_63_c02,instance_n=20_63,Otto,20,1000.0,c02,2,low,mid,mid,mid,2042,published_results/full_campaign_median_T_252_2026-06-04/solutions/instance_n=20_63_c02/pareto_front.csv,4,3,108.0,589.05,4,2,4,False,196.48574144,589.05,66.6436,245342,6551599,300.33,541.0,48.05,0.7598,0,4,0,0,0,10,6
instance_n=20_63_c02,instance_n=20_63,Otto,20,1000.0,c02,2,low,mid,mid,mid,2042,published_results/full_campaign_median_T_252_2026-06-04/solutions/instance_n=20_63_c02/pareto_front.csv,5,4,103.0,597.8499999999999,4,2,3,False,343.0,597.85,42.6277,198896,7126221,300.32,586.0,11.85,0.921,5,9,0,0,0,4,2
instance_n=20_63_c02,instance_n=20_63,Otto,20,1000.0,c02,2,low,mid,mid,mid,2042,published_results/full_campaign_median_T_252_2026-06-04/solutions/instance_n=20_63_c02/pareto_front.csv,6,5,72.0,881.35,4,1,4,False,357.05,881.35,59.4883,278864,5895558,300.99,870.0,11.35,0.9433,0,12,0,0,0,4,4
instance_n=20_63_c02,instance_n=20_63,Otto,20,1000.0,c02,2,low,mid,mid,mid,2042,published_results/full_campaign_median_T_252_2026-06-04/solutions/instance_n=20_63_c02/pareto_front.csv,7,6,45.0,1240.55,5,0,5,True,1240.55,1240.55,0.0,14358,516809,9.68,1216.0,24.55,0.9018,0,20,0,0,0,0,0
instance_n=20_63_c03,instance_n=20_63,Otto,20,1000.0,c03,3,low,high,high,high,3042,published_results/full_campaign_median_T_252_2026-06-04/solutions/instance_n=20_63_c03/pareto_front.csv,1,0,200.0,0.0,5,5,0,True,200.0,200.0,0.0,0,456,0.03,0.0,0.0,,20,0,0,0,0,0,0
instance_n=20_63_c03,instance_n=20_63,Otto,20,1000.0,c03,3,low,high,high,high,3042,published_results/full_campaign_median_T_252_2026-06-04/solutions/instance_n=20_63_c03/pareto_front.csv,2,1,169.0,164.65,5,4,1,False,59.832187374,164.65,63.661,83503,4790788,300.34,147.0,17.65,0.647,17,3,0,0,0,0,0
instance_n=20_63_c03,instance_n=20_63,Otto,20,1000.0,c03,3,low,high,high,high,3042,published_results/full_campaign_median_T_252_2026-06-04/solutions/instance_n=20_63_c03/pareto_front.csv,3,2,138.0,398.25,5,3,2,False,62.65,398.25,84.2687,204597,7469737,300.38,382.0,16.25,0.8375,13,7,0,0,0,0,0
instance_n=20_63_c03,instance_n=20_63,Otto,20,1000.0,c03,3,low,high,high,high,3042,published_results/full_campaign_median_T_252_2026-06-04/solutions/instance_n=20_63_c03/pareto_front.csv,4,3,107.0,654.0999999999999,5,2,3,False,237.44136064,654.1,63.6995,113070,3836788,301.53,637.0,17.1,0.886,7,13,0,0,0,0,0
instance_n=20_63_c03,instance_n=20_63,Otto,20,1000.0,c03,3,low,high,high,high,3042,published_results/full_campaign_median_T_252_2026-06-04/solutions/instance_n=20_63_c03/pareto_front.csv,5,4,76.0,919.75,5,1,4,False,441.97341756,919.75,51.9464,185027,7510193,300.34,900.0,19.75,0.9012,4,16,0,0,0,0,0
instance_n=20_63_c03,instance_n=20_63,Otto,20,1000.0,c03,3,low,high,high,high,3042,published_results/full_campaign_median_T_252_2026-06-04/solutions/instance_n=20_63_c03/pareto_front.csv,6,5,45.0,1204.4999999999998,5,0,5,False,743.31673961,1204.5,38.2884,372262,8527626,300.35,1184.0,20.5,0.918,0,20,0,0,0,0,0
instance_n=20_63_c04,instance_n=20_63,Otto,20,1000.0,c04,4,mid,low,mid,high,4042,published_results/full_campaign_median_T_252_2026-06-04/solutions/instance_n=20_63_c04/pareto_front.csv,1,0,200.0,0.0,5,5,0,True,200.0,200.0,0.0,0,456,0.03,0.0,0.0,,20,0,0,0,0,0,0
instance_n=20_63_c04,instance_n=20_63,Otto,20,1000.0,c04,4,mid,low,mid,high,4042,published_results/full_campaign_median_T_252_2026-06-04/solutions/instance_n=20_63_c04/pareto_front.csv,2,1,165.0,109.35,4,4,1,True,109.35,109.35,0.0,42225,2074540,71.34,87.0,22.35,0.553,12,0,0,0,8,0,0
instance_n=20_63_c04,instance_n=20_63,Otto,20,1000.0,c04,4,mid,low,mid,high,4042,published_results/full_campaign_median_T_252_2026-06-04/solutions/instance_n=20_63_c04/pareto_front.csv,3,2,125.0,150.65,3,3,1,True,150.65,150.65,0.0,6121,552124,30.33,149.0,1.65,0.967,10,0,0,0,10,0,0
instance_n=20_63_c04,instance_n=20_63,Otto,20,1000.0,c04,4,mid,low,mid,high,4042,published_results/full_campaign_median_T_252_2026-06-04/solutions/instance_n=20_63_c04/pareto_front.csv,4,3,90.0,285.45,2,2,2,True,285.45,285.45,0.0,9812,732431,36.21,273.0,12.45,0.8755,0,0,0,0,20,0,0
instance_n=20_63_c04,instance_n=20_63,Otto,20,1000.0,c04,4,mid,low,mid,high,4042,published_results/full_campaign_median_T_252_2026-06-04/solutions/instance_n=20_63_c04/pareto_front.csv,5,4,72.0,812.6499999999999,4,1,4,True,812.65,812.65,0.0,509,39068,2.29,791.0,21.65,0.8918,0,7,0,0,13,0,0
instance_n=20_63_c04,instance_n=20_63,Otto,20,1000.0,c04,4,mid,low,mid,high,4042,published_results/full_campaign_median_T_252_2026-06-04/solutions/instance_n=20_63_c04/pareto_front.csv,6,5,63.0,1768.05,7,0,7,True,1768.05,1768.05,0.0,0,2436,1.41,1753.0,15.05,0.957,0,20,0,0,0,0,0
instance_n=20_63_c05,instance_n=20_63,Otto,20,1000.0,c05,5,mid,mid,high,low,5042,published_results/full_campaign_median_T_252_2026-06-04/solutions/instance_n=20_63_c05/pareto_front.csv,1,0,200.0,0.0,5,5,0,True,200.0,200.0,0.0,0,456,0.03,0.0,0.0,,20,0,0,0,0,0,0
instance_n=20_63_c05,instance_n=20_63,Otto,20,1000.0,c05,5,mid,mid,high,low,5042,published_results/full_campaign_median_T_252_2026-06-04/solutions/instance_n=20_63_c05/pareto_front.csv,2,1,170.0,187.45000000000002,4,4,2,False,59.05,187.45,68.4983,110529,7189191,300.33,139.0,48.45,0.5155,10,0,0,0,0,7,3
instance_n=20_63_c05,instance_n=20_63,Otto,20,1000.0,c05,5,mid,mid,high,low,5042,published_results/full_campaign_median_T_252_2026-06-04/solutions/instance_n=20_63_c05/pareto_front.csv,3,2,169.0,231.25,5,4,1,False,59.1,231.25,74.4432,155323,4349148,301.2,228.0,3.25,0.935,17,3,0,0,0,0,0
instance_n=20_63_c05,instance_n=20_63,Otto,20,1000.0,c05,5,mid,mid,high,low,5042,published_results/full_campaign_median_T_252_2026-06-04/solutions/instance_n=20_63_c05/pareto_front.csv,4,3,135.0,367.0,3,3,3,False,134.61503484,367.0,63.3202,110224,5844855,300.97,346.0,21.0,0.86,0,0,0,0,0,14,6
instance_n=20_63_c05,instance_n=20_63,Otto,20,1000.0,c05,5,mid,mid,high,low,5042,published_results/full_campaign_median_T_252_2026-06-04/solutions/instance_n=20_63_c05/pareto_front.csv,5,4,108.0,779.0500000000001,4,2,4,False,216.1072135,779.05,72.2602,217993,7774153,300.33,774.0,5.05,0.9748,0,7,0,0,0,8,5
instance_n=20_63_c05,instance_n=20_63,Otto,20,1000.0,c05,5,mid,mid,high,low,5042,published_results/full_campaign_median_T_252_2026-06-04/solutions/instance_n=20_63_c05/pareto_front.csv,6,5,90.0,1210.7,6,1,6,False,569.63867521,1210.7,52.9496,178300,7541048,300.91,1170.0,40.7,0.8643,0,12,0,0,0,5,3
instance_n=20_63_c05,instance_n=20_63,Otto,20,1000.0,c05,5,mid,mid,high,low,5042,published_results/full_campaign_median_T_252_2026-06-04/solutions/instance_n=20_63_c05/pareto_front.csv,7,6,63.0,1677.85,7,0,7,False,964.21506849,1677.85,42.5327,513424,10159171,300.36,1654.0,23.85,0.9319,0,20,0,0,0,0,0
instance_n=20_63_c06,instance_n=20_63,Otto,20,1000.0,c06,6,mid,high,low,mid,6042,published_results/full_campaign_median_T_252_2026-06-04/solutions/instance_n=20_63_c06/pareto_front.csv,1,0,200.0,0.0,5,5,0,True,200.0,200.0,0.0,0,456,0.03,0.0,0.0,,20,0,0,0,0,0,0
instance_n=20_63_c06,instance_n=20_63,Otto,20,1000.0,c06,6,mid,high,low,mid,6042,published_results/full_campaign_median_T_252_2026-06-04/solutions/instance_n=20_63_c06/pareto_front.csv,2,1,169.0,217.8,5,4,1,False,62.65,217.8,71.2351,171259,6097673,300.34,212.0,5.8,0.884,17,3,0,0,0,0,0
instance_n=20_63_c06,instance_n=20_63,Otto,20,1000.0,c06,6,mid,high,low,mid,6042,published_results/full_campaign_median_T_252_2026-06-04/solutions/instance_n=20_63_c06/pareto_front.csv,3,2,143.0,551.2,5,3,3,False,64.166633352,551.2,88.3587,206912,6681044,300.33,534.0,17.2,0.8853,7,6,0,0,0,4,3
instance_n=20_63_c06,instance_n=20_63,Otto,20,1000.0,c06,6,mid,high,low,mid,6042,published_results/full_campaign_median_T_252_2026-06-04/solutions/instance_n=20_63_c06/pareto_front.csv,4,3,117.0,876.85,5,2,5,False,466.6,876.85,46.7868,132758,5531970,303.73,848.0,28.85,0.8846,0,6,0,0,0,9,5
instance_n=20_63_c06,instance_n=20_63,Otto,20,1000.0,c06,6,mid,high,low,mid,6042,published_results/full_campaign_median_T_252_2026-06-04/solutions/instance_n=20_63_c06/pareto_front.csv,5,4,116.0,920.0,6,2,4,False,522.57522936,920.0,43.1983,135921,7565195,300.3,908.0,12.0,0.94,9,11,0,0,0,0,0
instance_n=20_63_c06,instance_n=20_63,Otto,20,1000.0,c06,6,mid,high,low,mid,6042,published_results/full_campaign_median_T_252_2026-06-04/solutions/instance_n=20_63_c06/pareto_front.csv,6,5,90.0,1266.95,6,1,6,False,541.85,1266.95,57.2319,151847,5835773,300.33,1239.0,27.95,0.9068,0,14,0,0,0,4,2
instance_n=20_63_c06,instance_n=20_63,Otto,20,1000.0,c06,6,mid,high,low,mid,6042,published_results/full_campaign_median_T_252_2026-06-04/solutions/instance_n=20_63_c06/pareto_front.csv,7,6,63.0,1698.5999999999997,7,0,7,True,1698.6,1698.6,0.0,101900,4919956,132.32,1678.0,20.6,0.9411,0,20,0,0,0,0,0
instance_n=20_63_c07,instance_n=20_63,Otto,20,1000.0,c07,7,high,low,high,mid,7042,published_results/full_campaign_median_T_252_2026-06-04/solutions/instance_n=20_63_c07/pareto_front.csv,1,0,200.0,0.0,5,5,0,True,200.0,200.0,0.0,0,456,0.03,0.0,0.0,,20,0,0,0,0,0,0
instance_n=20_63_c07,instance_n=20_63,Otto,20,1000.0,c07,7,high,low,high,mid,7042,published_results/full_campaign_median_T_252_2026-06-04/solutions/instance_n=20_63_c07/pareto_front.csv,2,1,165.0,110.35,4,4,1,True,110.35,110.35,0.0,34670,922037,40.63,90.0,20.35,0.593,11,0,0,0,9,0,0
instance_n=20_63_c07,instance_n=20_63,Otto,20,1000.0,c07,7,high,low,high,mid,7042,published_results/full_campaign_median_T_252_2026-06-04/solutions/instance_n=20_63_c07/pareto_front.csv,3,2,125.0,152.55,3,3,1,True,152.55,152.55,0.0,6474,383930,21.03,152.0,0.55,0.989,7,0,0,0,13,0,0
instance_n=20_63_c07,instance_n=20_63,Otto,20,1000.0,c07,7,high,low,high,mid,7042,published_results/full_campaign_median_T_252_2026-06-04/solutions/instance_n=20_63_c07/pareto_front.csv,4,3,90.0,288.09999999999997,2,2,2,True,288.1,288.1,0.0,6131,273197,9.99,278.0,10.1,0.899,0,0,0,0,20,0,0
instance_n=20_63_c08,instance_n=20_63,Otto,20,1000.0,c08,8,high,mid,low,high,8042,published_results/full_campaign_median_T_252_2026-06-04/solutions/instance_n=20_63_c08/pareto_front.csv,1,0,200.0,0.0,5,5,0,True,200.0,200.0,0.0,0,456,0.03,0.0,0.0,,20,0,0,0,0,0,0
instance_n=20_63_c08,instance_n=20_63,Otto,20,1000.0,c08,8,high,mid,low,high,8042,published_results/full_campaign_median_T_252_2026-06-04/solutions/instance_n=20_63_c08/pareto_front.csv,2,1,174.0,243.55,5,4,2,False,136.65043573,243.55,43.8922,153690,11393526,300.33,204.0,39.55,0.6045,12,1,0,0,7,0,0
instance_n=20_63_c08,instance_n=20_63,Otto,20,1000.0,c08,8,high,mid,low,high,8042,published_results/full_campaign_median_T_252_2026-06-04/solutions/instance_n=20_63_c08/pareto_front.csv,3,2,170.0,267.59999999999997,4,4,2,False,188.53175848,267.6,29.5472,249901,6625342,300.54,253.0,14.6,0.854,10,0,0,0,10,0,0
instance_n=20_63_c08,instance_n=20_63,Otto,20,1000.0,c08,8,high,mid,low,high,8042,published_results/full_campaign_median_T_252_2026-06-04/solutions/instance_n=20_63_c08/pareto_front.csv,4,3,135.0,456.3,3,3,3,True,456.3,456.3,0.0,158419,5634605,182.01,456.0,0.3,0.998,0,0,0,0,20,0,0
instance_n=20_63_c08,instance_n=20_63,Otto,20,1000.0,c08,8,high,mid,low,high,8042,published_results/full_campaign_median_T_252_2026-06-04/solutions/instance_n=20_63_c08/pareto_front.csv,5,4,126.0,1128.2000000000003,6,2,6,True,1128.2000000000003,1128.2000000000003,0.0,43368,1510469,42.52,1080.0,48.2,0.8393,0,9,0,0,11,0,0
instance_n=20_63_c09,instance_n=20_63,Otto,20,1000.0,c09,9,high,high,mid,low,9042,published_results/full_campaign_median_T_252_2026-06-04/solutions/instance_n=20_63_c09/pareto_front.csv,1,0,200.0,0.0,5,5,0,True,200.0,200.0,0.0,0,456,0.03,0.0,0.0,,20,0,0,0,0,0,0
instance_n=20_63_c09,instance_n=20_63,Otto,20,1000.0,c09,9,high,high,mid,low,9042,published_results/full_campaign_median_T_252_2026-06-04/solutions/instance_n=20_63_c09/pareto_front.csv,2,1,170.0,236.7,4,4,2,False,61.697238514,236.7,73.9344,204850,9417976,300.34,214.0,22.7,0.773,9,0,0,0,0,7,4
instance_n=20_63_c09,instance_n=20_63,Otto,20,1000.0,c09,9,high,high,mid,low,9042,published_results/full_campaign_median_T_252_2026-06-04/solutions/instance_n=20_63_c09/pareto_front.csv,3,2,148.0,718.05,5,3,4,False,243.01625441,718.05,66.1561,226784,9880033,300.54,702.0,16.05,0.9197,4,3,0,0,0,7,6
instance_n=20_63_c09,instance_n=20_63,Otto,20,1000.0,c09,9,high,high,mid,low,9042,published_results/full_campaign_median_T_252_2026-06-04/solutions/instance_n=20_63_c09/pareto_front.csv,4,3,130.0,1377.4999999999995,7,2,6,False,245.40144178,1377.5,82.185,196306,7172379,300.31,1367.0,10.5,0.965,2,12,0,0,0,2,4
instance_n=20_68_c01,instance_n=20_68,Otto,20,1000.0,c01,1,low,low,low,low,1042,published_results/full_campaign_median_T_252_2026-06-04/solutions/instance_n=20_68_c01/pareto_front.csv,1,0,120.0,0.0,3,3,0,True,120.0,120.0,0.0,0,0,0.02,0.0,0.0,,20,0,0,0,0,0,0
instance_n=20_68_c01,instance_n=20_68,Otto,20,1000.0,c01,1,low,low,low,low,1042,published_results/full_campaign_median_T_252_2026-06-04/solutions/instance_n=20_68_c01/pareto_front.csv,2,1,85.0,127.1,2,2,1,False,89.9,127.1,29.2683,283791,5537261,300.33,123.0,4.1,0.918,6,0,0,0,0,8,6
instance_n=20_68_c01,instance_n=20_68,Otto,20,1000.0,c01,1,low,low,low,low,1042,published_results/full_campaign_median_T_252_2026-06-04/solutions/instance_n=20_68_c01/pareto_front.csv,3,2,54.0,269.0,2,1,2,True,269.0,269.0,0.0,69166,2142877,82.9,233.0,36.0,0.64,0,2,0,0,18,0,0
instance_n=20_68_c01,instance_n=20_68,Otto,20,1000.0,c01,1,low,low,low,low,1042,published_results/full_campaign_median_T_252_2026-06-04/solutions/instance_n=20_68_c01/pareto_front.csv,4,3,27.0,748.1,3,0,3,True,748.1,748.1,0.0,0,896,0.57,741.0,7.1,0.9527,0,20,0,0,0,0,0
instance_n=20_68_c02,instance_n=20_68,Otto,20,1000.0,c02,2,low,mid,mid,mid,2042,published_results/full_campaign_median_T_252_2026-06-04/solutions/instance_n=20_68_c02/pareto_front.csv,1,0,120.0,0.0,3,3,0,True,120.0,120.0,0.0,0,0,0.02,0.0,0.0,,20,0,0,0,0,0,0
instance_n=20_68_c02,instance_n=20_68,Otto,20,1000.0,c02,2,low,mid,mid,mid,2042,published_results/full_campaign_median_T_252_2026-06-04/solutions/instance_n=20_68_c02/pareto_front.csv,2,1,90.0,213.10000000000002,2,2,2,False,115.81134747,213.1,45.654,166259,7690794,300.37,181.0,32.1,0.679,0,0,0,0,0,12,8
instance_n=20_68_c02,instance_n=20_68,Otto,20,1000.0,c02,2,low,mid,mid,mid,2042,published_results/full_campaign_median_T_252_2026-06-04/solutions/instance_n=20_68_c02/pareto_front.csv,3,2,89.0,234.0,3,2,1,True,234.0,234.0,0.0,53037,1223740,42.76,229.0,5.0,0.9,13,7,0,0,0,0,0
instance_n=20_68_c02,instance_n=20_68,Otto,20,1000.0,c02,2,low,mid,mid,mid,2042,published_results/full_campaign_median_T_252_2026-06-04/solutions/instance_n=20_68_c02/pareto_front.csv,4,3,63.0,466.25,3,1,3,False,334.46008359,466.25,28.2659,289994,9176862,301.18,422.0,44.25,0.705,0,8,0,0,0,7,5
instance_n=20_68_c02,instance_n=20_68,Otto,20,1000.0,c02,2,low,mid,mid,mid,2042,published_results/full_campaign_median_T_252_2026-06-04/solutions/instance_n=20_68_c02/pareto_front.csv,5,4,58.0,491.85,3,1,2,True,491.85,491.85,0.0,113237,1702787,25.62,484.0,7.85,0.9215,6,14,0,0,0,0,0
instance_n=20_68_c02,instance_n=20_68,Otto,20,1000.0,c02,2,low,mid,mid,mid,2042,published_results/full_campaign_median_T_252_2026-06-04/solutions/instance_n=20_68_c02/pareto_front.csv,6,5,27.0,766.8,3,0,3,True,766.8,766.8,0.0,185710,3872548,39.79,759.0,7.8,0.948,0,20,0,0,0,0,0
instance_n=20_68_c03,instance_n=20_68,Otto,20,1000.0,c03,3,low,high,high,high,3042,published_results/full_campaign_median_T_252_2026-06-04/solutions/instance_n=20_68_c03/pareto_front.csv,1,0,120.0,0.0,3,3,0,True,120.0,120.0,0.0,0,0,0.02,0.0,0.0,,20,0,0,0,0,0,0
instance_n=20_68_c03,instance_n=20_68,Otto,20,1000.0,c03,3,low,high,high,high,3042,published_results/full_campaign_median_T_252_2026-06-04/solutions/instance_n=20_68_c03/pareto_front.csv,2,1,89.0,234.25,3,2,1,False,166.9047619,234.25,28.7493,123516,5094727,300.31,230.0,4.25,0.915,14,6,0,0,0,0,0
instance_n=20_68_c03,instance_n=20_68,Otto,20,1000.0,c03,3,low,high,high,high,3042,published_results/full_campaign_median_T_252_2026-06-04/solutions/instance_n=20_68_c03/pareto_front.csv,3,2,58.0,466.35,3,1,2,True,466.35,466.35,0.0,255352,6245421,237.23,458.0,8.35,0.9165,8,12,0,0,0,0,0
instance_n=20_68_c03,instance_n=20_68,Otto,20,1000.0,c03,3,low,high,high,high,3042,published_results/full_campaign_median_T_252_2026-06-04/solutions/instance_n=20_68_c03/pareto_front.csv,4,3,27.0,741.5,3,0,3,True,741.5,741.5,0.0,2788,69417,1.33,734.0,7.5,0.95,0,20,0,0,0,0,0
instance_n=20_68_c04,instance_n=20_68,Otto,20,1000.0,c04,4,mid,low,mid,high,4042,published_results/full_campaign_median_T_252_2026-06-04/solutions/instance_n=20_68_c04/pareto_front.csv,1,0,120.0,0.0,3,3,0,True,120.0,120.0,0.0,0,0,0.02,0.0,0.0,,20,0,0,0,0,0,0
instance_n=20_68_c04,instance_n=20_68,Otto,20,1000.0,c04,4,mid,low,mid,high,4042,published_results/full_campaign_median_T_252_2026-06-04/solutions/instance_n=20_68_c04/pareto_front.csv,2,1,85.0,123.8,2,2,1,True,123.8,123.8,0.0,1919,129294,5.12,108.0,15.8,0.684,7,0,0,0,13,0,0
instance_n=20_68_c04,instance_n=20_68,Otto,20,1000.0,c04,4,mid,low,mid,high,4042,published_results/full_campaign_median_T_252_2026-06-04/solutions/instance_n=20_68_c04/pareto_front.csv,3,2,54.0,259.5,2,1,2,True,259.5,259.5,0.0,229,44473,2.48,222.0,37.5,0.625,0,2,0,0,18,0,0
instance_n=20_68_c04,instance_n=20_68,Otto,20,1000.0,c04,4,mid,low,mid,high,4042,published_results/full_campaign_median_T_252_2026-06-04/solutions/instance_n=20_68_c04/pareto_front.csv,4,3,45.0,1143.95,5,0,5,True,1143.95,1143.95,0.0,0,880,0.57,1104.0,39.95,0.8402,0,20,0,0,0,0,0
instance_n=20_68_c05,instance_n=20_68,Otto,20,1000.0,c05,5,mid,mid,high,low,5042,published_results/full_campaign_median_T_252_2026-06-04/solutions/instance_n=20_68_c05/pareto_front.csv,1,0,120.0,0.0,3,3,0,True,120.0,120.0,0.0,0,0,0.02,0.0,0.0,,20,0,0,0,0,0,0
instance_n=20_68_c05,instance_n=20_68,Otto,20,1000.0,c05,5,mid,mid,high,low,5042,published_results/full_campaign_median_T_252_2026-06-04/solutions/instance_n=20_68_c05/pareto_front.csv,2,1,90.0,222.39999999999998,2,2,2,False,138.6278977,222.4,37.6673,323671,5463237,300.36,196.0,26.4,0.736,0,0,0,0,0,13,7
instance_n=20_68_c05,instance_n=20_68,Otto,20,1000.0,c05,5,mid,mid,high,low,5042,published_results/full_campaign_median_T_252_2026-06-04/solutions/instance_n=20_68_c05/pareto_front.csv,3,2,63.0,599.55,3,1,3,False,421.84012913,599.55,29.6405,359381,11470309,300.37,588.0,11.55,0.923,0,9,0,0,0,7,4
instance_n=20_68_c05,instance_n=20_68,Otto,20,1000.0,c05,5,mid,mid,high,low,5042,published_results/full_campaign_median_T_252_2026-06-04/solutions/instance_n=20_68_c05/pareto_front.csv,4,3,45.0,1104.7500000000002,5,0,5,True,1104.75,1104.75,0.0,6932,438189,7.84,1059.0,45.75,0.817,0,20,0,0,0,0,0
instance_n=20_68_c06,instance_n=20_68,Otto,20,1000.0,c06,6,mid,high,low,mid,6042,published_results/full_campaign_median_T_252_2026-06-04/solutions/instance_n=20_68_c06/pareto_front.csv,1,0,120.0,0.0,3,3,0,True,120.0,120.0,0.0,0,0,0.02,0.0,0.0,,20,0,0,0,0,0,0
instance_n=20_68_c06,instance_n=20_68,Otto,20,1000.0,c06,6,mid,high,low,mid,6042,published_results/full_campaign_median_T_252_2026-06-04/solutions/instance_n=20_68_c06/pareto_front.csv,2,1,94.0,305.3,3,2,2,False,146.4,305.3,52.0472,196881,5528809,300.61,285.0,20.3,0.797,8,3,0,0,0,5,4
instance_n=20_68_c06,instance_n=20_68,Otto,20,1000.0,c06,6,mid,high,low,mid,6042,published_results/full_campaign_median_T_252_2026-06-04/solutions/instance_n=20_68_c06/pareto_front.csv,3,2,67.0,674.4,4,1,3,False,199.35,674.4,70.4404,594844,7374494,300.36,656.0,18.4,0.8773,7,13,0,0,0,0,0
instance_n=20_68_c06,instance_n=20_68,Otto,20,1000.0,c06,6,mid,high,low,mid,6042,published_results/full_campaign_median_T_252_2026-06-04/solutions/instance_n=20_68_c06/pareto_front.csv,4,3,45.0,1085.2499999999998,5,0,5,False,563.25,1085.25,48.0995,724976,12102676,300.35,1040.0,45.25,0.819,0,20,0,0,0,0,0
instance_n=20_68_c07,instance_n=20_68,Otto,20,1000.0,c07,7,high,low,high,mid,7042,published_results/full_campaign_median_T_252_2026-06-04/solutions/instance_n=20_68_c07/pareto_front.csv,1,0,120.0,0.0,3,3,0,True,120.0,120.0,0.0,0,0,0.03,0.0,0.0,,20,0,0,0,0,0,0
instance_n=20_68_c07,instance_n=20_68,Otto,20,1000.0,c07,7,high,low,high,mid,7042,published_results/full_campaign_median_T_252_2026-06-04/solutions/instance_n=20_68_c07/pareto_front.csv,2,1,85.0,124.45,2,2,1,True,124.45,124.45,0.0,1198,64200,3.87,109.0,15.45,0.691,8,0,0,0,12,0,0
instance_n=20_68_c07,instance_n=20_68,Otto,20,1000.0,c07,7,high,low,high,mid,7042,published_results/full_campaign_median_T_252_2026-06-04/solutions/instance_n=20_68_c07/pareto_front.csv,3,2,54.0,301.79999999999995,2,1,2,True,301.8,301.8,0.0,171,30247,1.78,276.0,25.8,0.742,0,2,0,0,18,0,0
instance_n=20_68_c08,instance_n=20_68,Otto,20,1000.0,c08,8,high,mid,low,high,8042,published_results/full_campaign_median_T_252_2026-06-04/solutions/instance_n=20_68_c08/pareto_front.csv,1,0,120.0,0.0,3,3,0,True,120.0,120.0,0.0,0,0,0.02,0.0,0.0,,20,0,0,0,0,0,0
instance_n=20_68_c08,instance_n=20_68,Otto,20,1000.0,c08,8,high,mid,low,high,8042,published_results/full_campaign_median_T_252_2026-06-04/solutions/instance_n=20_68_c08/pareto_front.csv,2,1,90.0,295.0,2,2,2,True,295.0,295.0,0.0,32827,1387279,56.34,288.0,7.0,0.93,0,0,0,0,20,0,0
instance_n=20_68_c08,instance_n=20_68,Otto,20,1000.0,c08,8,high,mid,low,high,8042,published_results/full_campaign_median_T_252_2026-06-04/solutions/instance_n=20_68_c08/pareto_front.csv,3,2,72.0,866.8000000000001,4,1,4,True,866.8,866.8,0.0,23554,780460,25.49,856.0,10.8,0.946,0,10,0,0,10,0,0
instance_n=20_68_c08,instance_n=20_68,Otto,20,1000.0,c08,8,high,mid,low,high,8042,published_results/full_campaign_median_T_252_2026-06-04/solutions/instance_n=20_68_c08/pareto_front.csv,4,3,63.0,1608.1,7,0,7,True,1608.1,1608.1,0.0,666,39521,1.65,1566.0,42.1,0.8797,0,20,0,0,0,0,0
instance_n=20_68_c09,instance_n=20_68,Otto,20,1000.0,c09,9,high,high,mid,low,9042,published_results/full_campaign_median_T_252_2026-06-04/solutions/instance_n=20_68_c09/pareto_front.csv,1,0,120.0,0.0,3,3,0,True,120.0,120.0,0.0,0,0,0.02,0.0,0.0,,20,0,0,0,0,0,0
instance_n=20_68_c09,instance_n=20_68,Otto,20,1000.0,c09,9,high,high,mid,low,9042,published_results/full_campaign_median_T_252_2026-06-04/solutions/instance_n=20_68_c09/pareto_front.csv,2,1,99.0,340.59999999999997,3,2,3,False,157.3,340.6,53.8168,247552,5631044,300.5,294.0,46.6,0.6893,0,1,0,0,0,13,6
instance_n=20_68_c09,instance_n=20_68,Otto,20,1000.0,c09,9,high,high,mid,low,9042,published_results/full_campaign_median_T_252_2026-06-04/solutions/instance_n=20_68_c09/pareto_front.csv,3,2,98.0,484.5,4,2,2,False,173.35,484.5,64.2208,448658,7432611,300.33,480.0,4.5,0.955,13,7,0,0,0,0,0
instance_n=20_68_c09,instance_n=20_68,Otto,20,1000.0,c09,9,high,high,mid,low,9042,published_results/full_campaign_median_T_252_2026-06-04/solutions/instance_n=20_68_c09/pareto_front.csv,4,3,81.0,1010.75,5,1,5,False,171.35722326,1010.75,83.0465,396770,9260660,300.33,972.0,38.75,0.845,0,9,0,0,0,7,4
instance_n=20_68_c09,instance_n=20_68,Otto,20,1000.0,c09,9,high,high,mid,low,9042,published_results/full_campaign_median_T_252_2026-06-04/solutions/instance_n=20_68_c09/pareto_front.csv,5,4,63.0,1669.7499999999998,7,0,7,True,1669.75,1669.75,0.0,401751,6345131,169.23,1630.0,39.75,0.8864,0,20,0,0,0,0,0
instance_n=20_69_c01,instance_n=20_69,Otto,20,1000.0,c01,1,low,low,low,low,1042,published_results/full_campaign_median_T_252_2026-06-04/solutions/instance_n=20_69_c01/pareto_front.csv,1,0,80.0,0.0,2,2,0,True,80.0,80.0,0.0,0,41,0.03,0.0,0.0,,20,0,0,0,0,0,0
instance_n=20_69_c01,instance_n=20_69,Otto,20,1000.0,c01,1,low,low,low,low,1042,published_results/full_campaign_median_T_252_2026-06-04/solutions/instance_n=20_69_c01/pareto_front.csv,2,1,45.0,132.25,1,1,1,True,132.25,132.25,0.0,130963,3859478,132.4,119.0,13.25,0.735,0,0,0,0,20,0,0
instance_n=20_69_c01,instance_n=20_69,Otto,20,1000.0,c01,1,low,low,low,low,1042,published_results/full_campaign_median_T_252_2026-06-04/solutions/instance_n=20_69_c01/pareto_front.csv,3,2,18.0,510.75,2,0,2,True,510.75,510.75,0.0,0,0,0.4,508.0,2.75,0.9725,0,20,0,0,0,0,0
instance_n=20_69_c02,instance_n=20_69,Otto,20,1000.0,c02,2,low,mid,mid,mid,2042,published_results/full_campaign_median_T_252_2026-06-04/solutions/instance_n=20_69_c02/pareto_front.csv,1,0,80.0,0.0,2,2,0,True,80.0,80.0,0.0,0,41,0.02,0.0,0.0,,20,0,0,0,0,0,0
instance_n=20_69_c02,instance_n=20_69,Otto,20,1000.0,c02,2,low,mid,mid,mid,2042,published_results/full_campaign_median_T_252_2026-06-04/solutions/instance_n=20_69_c02/pareto_front.csv,2,1,54.0,230.5,2,1,2,False,203.7,230.5,11.6269,462910,10036857,300.36,191.0,39.5,0.605,0,4,0,0,0,9,7
instance_n=20_69_c02,instance_n=20_69,Otto,20,1000.0,c02,2,low,mid,mid,mid,2042,published_results/full_campaign_median_T_252_2026-06-04/solutions/instance_n=20_69_c02/pareto_front.csv,3,2,49.0,238.4,2,1,1,True,238.4,238.4,0.0,6722,174808,1.8,235.0,3.4,0.932,12,8,0,0,0,0,0
instance_n=20_69_c02,instance_n=20_69,Otto,20,1000.0,c02,2,low,mid,mid,mid,2042,published_results/full_campaign_median_T_252_2026-06-04/solutions/instance_n=20_69_c02/pareto_front.csv,4,3,18.0,515.5,2,0,2,True,515.5,515.5,0.0,829,7563,0.57,512.0,3.5,0.965,0,20,0,0,0,0,0
instance_n=20_69_c03,instance_n=20_69,Otto,20,1000.0,c03,3,low,high,high,high,3042,published_results/full_campaign_median_T_252_2026-06-04/solutions/instance_n=20_69_c03/pareto_front.csv,1,0,80.0,0.0,2,2,0,True,80.0,80.0,0.0,0,41,0.03,0.0,0.0,,20,0,0,0,0,0,0
instance_n=20_69_c03,instance_n=20_69,Otto,20,1000.0,c03,3,low,high,high,high,3042,published_results/full_campaign_median_T_252_2026-06-04/solutions/instance_n=20_69_c03/pareto_front.csv,2,1,49.0,250.2,2,1,1,True,250.2,250.2,0.0,96876,2709883,59.26,248.0,2.2,0.956,8,12,0,0,0,0,0
instance_n=20_69_c03,instance_n=20_69,Otto,20,1000.0,c03,3,low,high,high,high,3042,published_results/full_campaign_median_T_252_2026-06-04/solutions/instance_n=20_69_c03/pareto_front.csv,3,2,18.0,508.75,2,0,2,True,508.75,508.75,0.0,0,266,0.45,505.0,3.75,0.9625,0,20,0,0,0,0,0
instance_n=20_69_c04,instance_n=20_69,Otto,20,1000.0,c04,4,mid,low,mid,high,4042,published_results/full_campaign_median_T_252_2026-06-04/solutions/instance_n=20_69_c04/pareto_front.csv,1,0,80.0,0.0,2,2,0,True,80.0,80.0,0.0,0,41,0.02,0.0,0.0,,20,0,0,0,0,0,0
instance_n=20_69_c04,instance_n=20_69,Otto,20,1000.0,c04,4,mid,low,mid,high,4042,published_results/full_campaign_median_T_252_2026-06-04/solutions/instance_n=20_69_c04/pareto_front.csv,2,1,45.0,129.65,1,1,1,True,129.65,129.65,0.0,0,1243,1.19,116.0,13.65,0.727,0,0,0,0,20,0,0
instance_n=20_69_c04,instance_n=20_69,Otto,20,1000.0,c04,4,mid,low,mid,high,4042,published_results/full_campaign_median_T_252_2026-06-04/solutions/instance_n=20_69_c04/pareto_front.csv,3,2,27.0,745.7,3,0,3,True,745.7,745.7,0.0,0,0,0.42,735.0,10.7,0.9287,0,20,0,0,0,0,0
instance_n=20_69_c05,instance_n=20_69,Otto,20,1000.0,c05,5,mid,mid,high,low,5042,published_results/full_campaign_median_T_252_2026-06-04/solutions/instance_n=20_69_c05/pareto_front.csv,1,0,80.0,0.0,2,2,0,True,80.0,80.0,0.0,0,41,0.03,0.0,0.0,,20,0,0,0,0,0,0
instance_n=20_69_c05,instance_n=20_69,Otto,20,1000.0,c05,5,mid,mid,high,low,5042,published_results/full_campaign_median_T_252_2026-06-04/solutions/instance_n=20_69_c05/pareto_front.csv,2,1,54.0,295.7,2,1,2,False,194.31369866,295.7,34.2869,342487,12856840,300.35,271.0,24.7,0.753,0,4,0,0,0,8,8
instance_n=20_69_c05,instance_n=20_69,Otto,20,1000.0,c05,5,mid,mid,high,low,5042,published_results/full_campaign_median_T_252_2026-06-04/solutions/instance_n=20_69_c05/pareto_front.csv,3,2,27.0,722.8,3,0,3,True,722.8,722.8,0.0,4116,189709,2.09,714.0,8.8,0.9413,0,20,0,0,0,0,0
instance_n=20_69_c06,instance_n=20_69,Otto,20,1000.0,c06,6,mid,high,low,mid,6042,published_results/full_campaign_median_T_252_2026-06-04/solutions/instance_n=20_69_c06/pareto_front.csv,1,0,80.0,0.0,2,2,0,True,80.0,80.0,0.0,0,41,0.02,0.0,0.0,,20,0,0,0,0,0,0
instance_n=20_69_c06,instance_n=20_69,Otto,20,1000.0,c06,6,mid,high,low,mid,6042,published_results/full_campaign_median_T_252_2026-06-04/solutions/instance_n=20_69_c06/pareto_front.csv,2,1,54.0,344.95,2,1,2,False,310.0,344.95,10.1319,482346,10116223,300.32,330.0,14.95,0.8505,0,6,0,0,0,7,7
instance_n=20_69_c06,instance_n=20_69,Otto,20,1000.0,c06,6,mid,high,low,mid,6042,published_results/full_campaign_median_T_252_2026-06-04/solutions/instance_n=20_69_c06/pareto_front.csv,3,2,27.0,728.7499999999999,3,0,3,True,728.75,728.75,0.0,1175,38461,0.96,717.0,11.75,0.9217,0,20,0,0,0,0,0
instance_n=20_69_c07,instance_n=20_69,Otto,20,1000.0,c07,7,high,low,high,mid,7042,published_results/full_campaign_median_T_252_2026-06-04/solutions/instance_n=20_69_c07/pareto_front.csv,1,0,80.0,0.0,2,2,0,True,80.0,80.0,0.0,0,41,0.02,0.0,0.0,,20,0,0,0,0,0,0
instance_n=20_69_c07,instance_n=20_69,Otto,20,1000.0,c07,7,high,low,high,mid,7042,published_results/full_campaign_median_T_252_2026-06-04/solutions/instance_n=20_69_c07/pareto_front.csv,2,1,45.0,133.2,1,1,1,True,133.2,133.2,0.0,0,2745,1.48,121.0,12.2,0.756,0,0,0,0,20,0,0
instance_n=20_69_c08,instance_n=20_69,Otto,20,1000.0,c08,8,high,mid,low,high,8042,published_results/full_campaign_median_T_252_2026-06-04/solutions/instance_n=20_69_c08/pareto_front.csv,1,0,80.0,0.0,2,2,0,True,80.0,80.0,0.0,0,41,0.03,0.0,0.0,,20,0,0,0,0,0,0
instance_n=20_69_c08,instance_n=20_69,Otto,20,1000.0,c08,8,high,mid,low,high,8042,published_results/full_campaign_median_T_252_2026-06-04/solutions/instance_n=20_69_c08/pareto_front.csv,2,1,54.0,381.65,2,1,2,True,381.65,381.65,0.0,4723,165903,4.09,374.0,7.65,0.9235,0,6,0,0,14,0,0
instance_n=20_69_c08,instance_n=20_69,Otto,20,1000.0,c08,8,high,mid,low,high,8042,published_results/full_campaign_median_T_252_2026-06-04/solutions/instance_n=20_69_c08/pareto_front.csv,3,2,45.0,1112.85,5,0,5,True,1112.85,1112.85,0.0,0,313,0.55,1074.0,38.85,0.8446,0,20,0,0,0,0,0
instance_n=20_69_c09,instance_n=20_69,Otto,20,1000.0,c09,9,high,high,mid,low,9042,published_results/full_campaign_median_T_252_2026-06-04/solutions/instance_n=20_69_c09/pareto_front.csv,1,0,80.0,0.0,2,2,0,True,80.0,80.0,0.0,0,41,0.02,0.0,0.0,,20,0,0,0,0,0,0
instance_n=20_69_c09,instance_n=20_69,Otto,20,1000.0,c09,9,high,high,mid,low,9042,published_results/full_campaign_median_T_252_2026-06-04/solutions/instance_n=20_69_c09/pareto_front.csv,2,1,63.0,476.75,3,1,3,False,334.67005052,476.75,29.8018,520320,10947376,300.36,434.0,42.75,0.715,0,7,0,0,0,7,6
instance_n=20_69_c09,instance_n=20_69,Otto,20,1000.0,c09,9,high,high,mid,low,9042,published_results/full_campaign_median_T_252_2026-06-04/solutions/instance_n=20_69_c09/pareto_front.csv,3,2,45.0,1153.0499999999997,5,0,5,True,1153.05,1153.05,0.0,167377,3759707,45.03,1115.0,38.05,0.8478,0,20,0,0,0,0,0
instance_n=20_73_c01,instance_n=20_73,Otto,20,1000.0,c01,1,low,low,low,low,1042,published_results/full_campaign_median_T_252_2026-06-04/solutions/instance_n=20_73_c01/pareto_front.csv,1,0,80.0,0.0,2,2,0,True,80.0,80.0,0.0,0,141,0.03,0.0,0.0,,20,0,0,0,0,0,0
instance_n=20_73_c01,instance_n=20_73,Otto,20,1000.0,c01,1,low,low,low,low,1042,published_results/full_campaign_median_T_252_2026-06-04/solutions/instance_n=20_73_c01/pareto_front.csv,2,1,45.0,136.65,1,1,1,False,82.05,136.65,39.9561,469551,10522459,300.39,124.0,12.65,0.747,0,0,0,0,20,0,0
instance_n=20_73_c01,instance_n=20_73,Otto,20,1000.0,c01,1,low,low,low,low,1042,published_results/full_campaign_median_T_252_2026-06-04/solutions/instance_n=20_73_c01/pareto_front.csv,3,2,18.0,507.20000000000005,2,0,2,True,507.2,507.2,0.0,0,0,0.4,504.0,3.2,0.968,0,20,0,0,0,0,0
instance_n=20_73_c02,instance_n=20_73,Otto,20,1000.0,c02,2,low,mid,mid,mid,2042,published_results/full_campaign_median_T_252_2026-06-04/solutions/instance_n=20_73_c02/pareto_front.csv,1,0,80.0,0.0,2,2,0,True,80.0,80.0,0.0,0,141,0.03,0.0,0.0,,20,0,0,0,0,0,0
instance_n=20_73_c02,instance_n=20_73,Otto,20,1000.0,c02,2,low,mid,mid,mid,2042,published_results/full_campaign_median_T_252_2026-06-04/solutions/instance_n=20_73_c02/pareto_front.csv,2,1,54.0,231.05,2,1,2,False,110.29825668,231.05,52.2622,380203,11693664,300.36,191.0,40.05,0.5995,0,2,0,0,0,10,8
instance_n=20_73_c02,instance_n=20_73,Otto,20,1000.0,c02,2,low,mid,mid,mid,2042,published_results/full_campaign_median_T_252_2026-06-04/solutions/instance_n=20_73_c02/pareto_front.csv,3,2,49.0,241.4,2,1,1,True,241.4,241.4,0.0,326685,5740805,48.06,237.0,4.4,0.912,10,10,0,0,0,0,0
instance_n=20_73_c02,instance_n=20_73,Otto,20,1000.0,c02,2,low,mid,mid,mid,2042,published_results/full_campaign_median_T_252_2026-06-04/solutions/instance_n=20_73_c02/pareto_front.csv,4,3,18.0,524.0,2,0,2,True,524.0,524.0,0.0,302628,3798332,30.71,520.0,4.0,0.96,0,20,0,0,0,0,0
instance_n=20_73_c03,instance_n=20_73,Otto,20,1000.0,c03,3,low,high,high,high,3042,published_results/full_campaign_median_T_252_2026-06-04/solutions/instance_n=20_73_c03/pareto_front.csv,1,0,80.0,0.0,2,2,0,True,80.0,80.0,0.0,0,141,0.03,0.0,0.0,,20,0,0,0,0,0,0
instance_n=20_73_c03,instance_n=20_73,Otto,20,1000.0,c03,3,low,high,high,high,3042,published_results/full_campaign_median_T_252_2026-06-04/solutions/instance_n=20_73_c03/pareto_front.csv,2,1,49.0,236.8,2,1,1,False,198.90046544,236.8,16.0049,583897,11770464,300.36,232.0,4.8,0.904,10,10,0,0,0,0,0
instance_n=20_73_c03,instance_n=20_73,Otto,20,1000.0,c03,3,low,high,high,high,3042,published_results/full_campaign_median_T_252_2026-06-04/solutions/instance_n=20_73_c03/pareto_front.csv,3,2,18.0,501.85,2,0,2,True,501.85,501.85,0.0,6091,102838,1.39,495.0,6.85,0.9315,0,20,0,0,0,0,0
instance_n=20_73_c04,instance_n=20_73,Otto,20,1000.0,c04,4,mid,low,mid,high,4042,published_results/full_campaign_median_T_252_2026-06-04/solutions/instance_n=20_73_c04/pareto_front.csv,1,0,80.0,0.0,2,2,0,True,80.0,80.0,0.0,0,141,0.03,0.0,0.0,,20,0,0,0,0,0,0
instance_n=20_73_c04,instance_n=20_73,Otto,20,1000.0,c04,4,mid,low,mid,high,4042,published_results/full_campaign_median_T_252_2026-06-04/solutions/instance_n=20_73_c04/pareto_front.csv,2,1,45.0,130.75,1,1,1,True,130.75,130.75,0.0,2108,38065,1.99,117.0,13.75,0.725,0,0,0,0,20,0,0
instance_n=20_73_c04,instance_n=20_73,Otto,20,1000.0,c04,4,mid,low,mid,high,4042,published_results/full_campaign_median_T_252_2026-06-04/solutions/instance_n=20_73_c04/pareto_front.csv,3,2,27.0,721.95,3,0,3,True,721.95,721.95,0.0,0,0,0.42,709.0,12.95,0.9137,0,20,0,0,0,0,0
instance_n=20_73_c05,instance_n=20_73,Otto,20,1000.0,c05,5,mid,mid,high,low,5042,published_results/full_campaign_median_T_252_2026-06-04/solutions/instance_n=20_73_c05/pareto_front.csv,1,0,80.0,0.0,2,2,0,True,80.0,80.0,0.0,0,141,0.03,0.0,0.0,,20,0,0,0,0,0,0
instance_n=20_73_c05,instance_n=20_73,Otto,20,1000.0,c05,5,mid,mid,high,low,5042,published_results/full_campaign_median_T_252_2026-06-04/solutions/instance_n=20_73_c05/pareto_front.csv,2,1,54.0,274.45,2,1,2,False,140.05767442,274.45,48.9679,477393,12840815,300.31,247.0,27.45,0.7255,0,3,0,0,0,11,6
instance_n=20_73_c05,instance_n=20_73,Otto,20,1000.0,c05,5,mid,mid,high,low,5042,published_results/full_campaign_median_T_252_2026-06-04/solutions/instance_n=20_73_c05/pareto_front.csv,3,2,27.0,710.6999999999999,3,0,3,True,710.7,710.7,0.0,87957,2237284,17.1,699.0,11.7,0.922,0,20,0,0,0,0,0
instance_n=20_73_c06,instance_n=20_73,Otto,20,1000.0,c06,6,mid,high,low,mid,6042,published_results/full_campaign_median_T_252_2026-06-04/solutions/instance_n=20_73_c06/pareto_front.csv,1,0,80.0,0.0,2,2,0,True,80.0,80.0,0.0,0,141,0.03,0.0,0.0,,20,0,0,0,0,0,0
instance_n=20_73_c06,instance_n=20_73,Otto,20,1000.0,c06,6,mid,high,low,mid,6042,published_results/full_campaign_median_T_252_2026-06-04/solutions/instance_n=20_73_c06/pareto_front.csv,2,1,54.0,323.45,2,1,2,False,148.46622967,323.45,54.0992,229156,8359045,300.94,307.0,16.45,0.8355,0,5,0,0,0,9,6
instance_n=20_73_c06,instance_n=20_73,Otto,20,1000.0,c06,6,mid,high,low,mid,6042,published_results/full_campaign_median_T_252_2026-06-04/solutions/instance_n=20_73_c06/pareto_front.csv,3,2,27.0,718.1999999999999,3,0,3,True,718.2,718.2,0.0,7279,208112,2.74,706.0,12.2,0.9187,0,20,0,0,0,0,0
instance_n=20_73_c07,instance_n=20_73,Otto,20,1000.0,c07,7,high,low,high,mid,7042,published_results/full_campaign_median_T_252_2026-06-04/solutions/instance_n=20_73_c07/pareto_front.csv,1,0,80.0,0.0,2,2,0,True,80.0,80.0,0.0,0,141,0.03,0.0,0.0,,20,0,0,0,0,0,0
instance_n=20_73_c07,instance_n=20_73,Otto,20,1000.0,c07,7,high,low,high,mid,7042,published_results/full_campaign_median_T_252_2026-06-04/solutions/instance_n=20_73_c07/pareto_front.csv,2,1,45.0,136.4,1,1,1,True,136.4,136.4,0.0,3486,71635,2.73,124.0,12.4,0.752,0,0,0,0,20,0,0
instance_n=20_73_c08,instance_n=20_73,Otto,20,1000.0,c08,8,high,mid,low,high,8042,published_results/full_campaign_median_T_252_2026-06-04/solutions/instance_n=20_73_c08/pareto_front.csv,1,0,80.0,0.0,2,2,0,True,80.0,80.0,0.0,0,141,0.03,0.0,0.0,,20,0,0,0,0,0,0
instance_n=20_73_c08,instance_n=20_73,Otto,20,1000.0,c08,8,high,mid,low,high,8042,published_results/full_campaign_median_T_252_2026-06-04/solutions/instance_n=20_73_c08/pareto_front.csv,2,1,54.0,364.6,2,1,2,True,364.6,364.6,0.0,9799,503992,13.24,354.0,10.6,0.894,0,5,0,0,15,0,0
instance_n=20_73_c08,instance_n=20_73,Otto,20,1000.0,c08,8,high,mid,low,high,8042,published_results/full_campaign_median_T_252_2026-06-04/solutions/instance_n=20_73_c08/pareto_front.csv,3,2,45.0,1108.6499999999999,5,0,5,True,1108.65,1108.65,0.0,215,8869,0.7,1071.0,37.65,0.8494,0,20,0,0,0,0,0
instance_n=20_73_c09,instance_n=20_73,Otto,20,1000.0,c09,9,high,high,mid,low,9042,published_results/full_campaign_median_T_252_2026-06-04/solutions/instance_n=20_73_c09/pareto_front.csv,1,0,80.0,0.0,2,2,0,True,80.0,80.0,0.0,0,141,0.03,0.0,0.0,,20,0,0,0,0,0,0
instance_n=20_73_c09,instance_n=20_73,Otto,20,1000.0,c09,9,high,high,mid,low,9042,published_results/full_campaign_median_T_252_2026-06-04/solutions/instance_n=20_73_c09/pareto_front.csv,2,1,63.0,453.00000000000006,3,1,3,False,200.06999089,453.0,55.8344,438273,14254204,300.36,406.0,47.0,0.6867,0,6,0,0,0,8,6
instance_n=20_73_c09,instance_n=20_73,Otto,20,1000.0,c09,9,high,high,mid,low,9042,published_results/full_campaign_median_T_252_2026-06-04/solutions/instance_n=20_73_c09/pareto_front.csv,3,2,58.0,500.95,3,1,2,False,256.68941793,500.95,48.7595,524255,13621429,300.38,498.0,2.95,0.9705,10,10,0,0,0,0,0
instance_n=20_73_c09,instance_n=20_73,Otto,20,1000.0,c09,9,high,high,mid,low,9042,published_results/full_campaign_median_T_252_2026-06-04/solutions/instance_n=20_73_c09/pareto_front.csv,4,3,45.0,1153.8499999999997,5,0,5,False,258.06319789,1153.85,77.6346,898494,18042561,300.39,1115.0,38.85,0.8446,0,20,0,0,0,0,0
instance_n=20_74_c01,instance_n=20_74,Otto,20,1000.0,c01,1,low,low,low,low,1042,published_results/full_campaign_median_T_252_2026-06-04/solutions/instance_n=20_74_c01/pareto_front.csv,1,0,120.0,0.0,3,3,0,True,120.0,120.0,0.0,0,0,0.02,0.0,0.0,,20,0,0,0,0,0,0
instance_n=20_74_c01,instance_n=20_74,Otto,20,1000.0,c01,1,low,low,low,low,1042,published_results/full_campaign_median_T_252_2026-06-04/solutions/instance_n=20_74_c01/pareto_front.csv,2,1,85.0,117.3,2,2,1,True,117.3,117.3,0.0,186300,4220998,217.2,100.0,17.3,0.654,8,0,0,0,12,0,0
instance_n=20_74_c01,instance_n=20_74,Otto,20,1000.0,c01,1,low,low,low,low,1042,published_results/full_campaign_median_T_252_2026-06-04/solutions/instance_n=20_74_c01/pareto_front.csv,3,2,54.0,228.45,2,1,2,True,228.45,228.45,0.0,7210,265912,6.43,184.0,44.45,0.5555,0,1,0,0,19,0,0
instance_n=20_74_c01,instance_n=20_74,Otto,20,1000.0,c01,1,low,low,low,low,1042,published_results/full_campaign_median_T_252_2026-06-04/solutions/instance_n=20_74_c01/pareto_front.csv,4,3,27.0,703.5500000000001,3,0,3,True,703.55,703.55,0.0,0,826,0.58,691.0,12.55,0.9163,0,20,0,0,0,0,0
instance_n=20_74_c02,instance_n=20_74,Otto,20,1000.0,c02,2,low,mid,mid,mid,2042,published_results/full_campaign_median_T_252_2026-06-04/solutions/instance_n=20_74_c02/pareto_front.csv,1,0,120.0,0.0,3,3,0,True,120.0,120.0,0.0,0,0,0.02,0.0,0.0,,20,0,0,0,0,0,0
instance_n=20_74_c02,instance_n=20_74,Otto,20,1000.0,c02,2,low,mid,mid,mid,2042,published_results/full_campaign_median_T_252_2026-06-04/solutions/instance_n=20_74_c02/pareto_front.csv,2,1,94.0,198.75,3,2,2,False,149.1265266,198.75,24.9678,317269,6327150,300.36,150.0,48.75,0.5125,5,1,0,0,0,7,7
instance_n=20_74_c02,instance_n=20_74,Otto,20,1000.0,c02,2,low,mid,mid,mid,2042,published_results/full_campaign_median_T_252_2026-06-04/solutions/instance_n=20_74_c02/pareto_front.csv,3,2,90.0,201.55,2,2,2,False,171.85,201.55,14.7358,371302,5963201,300.35,162.0,39.55,0.6045,0,0,0,0,0,12,8
instance_n=20_74_c02,instance_n=20_74,Otto,20,1000.0,c02,2,low,mid,mid,mid,2042,published_results/full_campaign_median_T_252_2026-06-04/solutions/instance_n=20_74_c02/pareto_front.csv,4,3,89.0,202.0,3,2,1,True,202.0,202.0,0.0,29786,1081999,28.5,189.0,13.0,0.74,13,7,0,0,0,0,0
instance_n=20_74_c02,instance_n=20_74,Otto,20,1000.0,c02,2,low,mid,mid,mid,2042,published_results/full_campaign_median_T_252_2026-06-04/solutions/instance_n=20_74_c02/pareto_front.csv,5,4,63.0,438.34999999999997,3,1,3,False,363.74140862,438.35,17.0203,398570,11602847,300.35,389.0,49.35,0.671,0,8,0,0,0,6,6
instance_n=20_74_c02,instance_n=20_74,Otto,20,1000.0,c02,2,low,mid,mid,mid,2042,published_results/full_campaign_median_T_252_2026-06-04/solutions/instance_n=20_74_c02/pareto_front.csv,6,5,58.0,454.3,3,1,2,True,454.3,454.3,0.0,37314,509693,10.28,441.0,13.3,0.867,7,13,0,0,0,0,0
instance_n=20_74_c02,instance_n=20_74,Otto,20,1000.0,c02,2,low,mid,mid,mid,2042,published_results/full_campaign_median_T_252_2026-06-04/solutions/instance_n=20_74_c02/pareto_front.csv,7,6,27.0,734.8000000000001,3,0,3,True,734.8,734.8,0.0,29792,394982,5.15,721.0,13.8,0.908,0,20,0,0,0,0,0
instance_n=20_74_c03,instance_n=20_74,Otto,20,1000.0,c03,3,low,high,high,high,3042,published_results/full_campaign_median_T_252_2026-06-04/solutions/instance_n=20_74_c03/pareto_front.csv,1,0,120.0,0.0,3,3,0,True,120.0,120.0,0.0,0,0,0.02,0.0,0.0,,20,0,0,0,0,0,0
instance_n=20_74_c03,instance_n=20_74,Otto,20,1000.0,c03,3,low,high,high,high,3042,published_results/full_campaign_median_T_252_2026-06-04/solutions/instance_n=20_74_c03/pareto_front.csv,2,1,89.0,207.7,3,2,1,True,207.7,207.7,0.0,70361,1802351,85.64,197.0,10.7,0.786,13,7,0,0,0,0,0
instance_n=20_74_c03,instance_n=20_74,Otto,20,1000.0,c03,3,low,high,high,high,3042,published_results/full_campaign_median_T_252_2026-06-04/solutions/instance_n=20_74_c03/pareto_front.csv,3,2,58.0,452.4,3,1,2,True,452.4,452.4,0.0,42745,1361464,35.68,440.0,12.4,0.876,7,13,0,0,0,0,0
instance_n=20_74_c03,instance_n=20_74,Otto,20,1000.0,c03,3,low,high,high,high,3042,published_results/full_campaign_median_T_252_2026-06-04/solutions/instance_n=20_74_c03/pareto_front.csv,4,3,27.0,737.9499999999999,3,0,3,True,737.95,737.95,0.0,0,698,0.64,727.0,10.95,0.927,0,20,0,0,0,0,0
instance_n=20_74_c04,instance_n=20_74,Otto,20,1000.0,c04,4,mid,low,mid,high,4042,published_results/full_campaign_median_T_252_2026-06-04/solutions/instance_n=20_74_c04/pareto_front.csv,1,0,120.0,0.0,3,3,0,True,120.0,120.0,0.0,0,0,0.02,0.0,0.0,,20,0,0,0,0,0,0
instance_n=20_74_c04,instance_n=20_74,Otto,20,1000.0,c04,4,mid,low,mid,high,4042,published_results/full_campaign_median_T_252_2026-06-04/solutions/instance_n=20_74_c04/pareto_front.csv,2,1,85.0,122.15,2,2,1,True,122.15,122.15,0.0,927,67594,3.12,105.0,17.15,0.657,7,0,0,0,13,0,0
instance_n=20_74_c04,instance_n=20_74,Otto,20,1000.0,c04,4,mid,low,mid,high,4042,published_results/full_campaign_median_T_252_2026-06-04/solutions/instance_n=20_74_c04/pareto_front.csv,3,2,54.0,245.9,2,1,2,True,245.9,245.9,0.0,148,30612,2.28,206.0,39.9,0.601,0,1,0,0,19,0,0
instance_n=20_74_c04,instance_n=20_74,Otto,20,1000.0,c04,4,mid,low,mid,high,4042,published_results/full_campaign_median_T_252_2026-06-04/solutions/instance_n=20_74_c04/pareto_front.csv,4,3,45.0,1088.05,5,0,5,True,1088.05,1088.05,0.0,0,1258,0.57,1040.0,48.05,0.8078,0,20,0,0,0,0,0
instance_n=20_74_c05,instance_n=20_74,Otto,20,1000.0,c05,5,mid,mid,high,low,5042,published_results/full_campaign_median_T_252_2026-06-04/solutions/instance_n=20_74_c05/pareto_front.csv,1,0,120.0,0.0,3,3,0,True,120.0,120.0,0.0,0,0,0.02,0.0,0.0,,20,0,0,0,0,0,0
instance_n=20_74_c05,instance_n=20_74,Otto,20,1000.0,c05,5,mid,mid,high,low,5042,published_results/full_campaign_median_T_252_2026-06-04/solutions/instance_n=20_74_c05/pareto_front.csv,2,1,90.0,205.75,2,2,2,False,150.5,205.75,26.853,182815,3426812,300.43,169.0,36.75,0.6325,0,0,0,0,0,15,5
instance_n=20_74_c05,instance_n=20_74,Otto,20,1000.0,c05,5,mid,mid,high,low,5042,published_results/full_campaign_median_T_252_2026-06-04/solutions/instance_n=20_74_c05/pareto_front.csv,3,2,63.0,548.1,3,1,3,False,478.58114534,548.1,12.6836,362823,8616331,300.36,528.0,20.1,0.866,0,7,0,0,0,7,6
instance_n=20_74_c05,instance_n=20_74,Otto,20,1000.0,c05,5,mid,mid,high,low,5042,published_results/full_campaign_median_T_252_2026-06-04/solutions/instance_n=20_74_c05/pareto_front.csv,4,3,36.0,1020.5,4,0,4,True,1020.5,1020.5,0.0,6627,97265,2.08,1015.0,5.5,0.9725,0,20,0,0,0,0,0
instance_n=20_74_c06,instance_n=20_74,Otto,20,1000.0,c06,6,mid,high,low,mid,6042,published_results/full_campaign_median_T_252_2026-06-04/solutions/instance_n=20_74_c06/pareto_front.csv,1,0,120.0,0.0,3,3,0,True,120.0,120.0,0.0,0,0,0.02,0.0,0.0,,20,0,0,0,0,0,0
instance_n=20_74_c06,instance_n=20_74,Otto,20,1000.0,c06,6,mid,high,low,mid,6042,published_results/full_campaign_median_T_252_2026-06-04/solutions/instance_n=20_74_c06/pareto_front.csv,2,1,90.0,244.35,2,2,2,False,183.8625,244.35,24.7545,197728,4366570,300.94,230.0,14.35,0.8565,0,0,0,0,0,13,7
instance_n=20_74_c06,instance_n=20_74,Otto,20,1000.0,c06,6,mid,high,low,mid,6042,published_results/full_campaign_median_T_252_2026-06-04/solutions/instance_n=20_74_c06/pareto_front.csv,3,2,63.0,599.4,3,1,3,False,553.4,599.4,7.6743,382478,7915506,300.35,590.0,9.4,0.9373,0,9,0,0,0,7,4
instance_n=20_74_c06,instance_n=20_74,Otto,20,1000.0,c06,6,mid,high,low,mid,6042,published_results/full_campaign_median_T_252_2026-06-04/solutions/instance_n=20_74_c06/pareto_front.csv,4,3,36.0,994.5999999999999,4,0,4,True,994.6,994.6,0.0,0,601,0.94,991.0,3.6,0.982,0,20,0,0,0,0,0
instance_n=20_74_c07,instance_n=20_74,Otto,20,1000.0,c07,7,high,low,high,mid,7042,published_results/full_campaign_median_T_252_2026-06-04/solutions/instance_n=20_74_c07/pareto_front.csv,1,0,120.0,0.0,3,3,0,True,120.0,120.0,0.0,0,0,0.02,0.0,0.0,,20,0,0,0,0,0,0
instance_n=20_74_c07,instance_n=20_74,Otto,20,1000.0,c07,7,high,low,high,mid,7042,published_results/full_campaign_median_T_252_2026-06-04/solutions/instance_n=20_74_c07/pareto_front.csv,2,1,85.0,118.5,2,2,1,True,118.5,118.5,0.0,1004,62092,4.73,101.0,17.5,0.65,8,0,0,0,12,0,0
instance_n=20_74_c07,instance_n=20_74,Otto,20,1000.0,c07,7,high,low,high,mid,7042,published_results/full_campaign_median_T_252_2026-06-04/solutions/instance_n=20_74_c07/pareto_front.csv,3,2,54.0,261.35,2,1,2,True,261.35,261.35,0.0,66,18756,2.14,226.0,35.35,0.6465,0,2,0,0,18,0,0
instance_n=20_74_c08,instance_n=20_74,Otto,20,1000.0,c08,8,high,mid,low,high,8042,published_results/full_campaign_median_T_252_2026-06-04/solutions/instance_n=20_74_c08/pareto_front.csv,1,0,120.0,0.0,3,3,0,True,120.0,120.0,0.0,0,0,0.02,0.0,0.0,,20,0,0,0,0,0,0
instance_n=20_74_c08,instance_n=20_74,Otto,20,1000.0,c08,8,high,mid,low,high,8042,published_results/full_campaign_median_T_252_2026-06-04/solutions/instance_n=20_74_c08/pareto_front.csv,2,1,90.0,291.59999999999997,2,2,2,True,291.6,291.6,0.0,36366,2004498,105.73,282.0,9.6,0.904,0,0,0,0,20,0,0
instance_n=20_74_c08,instance_n=20_74,Otto,20,1000.0,c08,8,high,mid,low,high,8042,published_results/full_campaign_median_T_252_2026-06-04/solutions/instance_n=20_74_c08/pareto_front.csv,3,2,72.0,823.2,4,1,4,True,823.2,823.2,0.0,12317,620507,16.88,803.0,20.2,0.899,0,9,0,0,11,0,0
instance_n=20_74_c08,instance_n=20_74,Otto,20,1000.0,c08,8,high,mid,low,high,8042,published_results/full_campaign_median_T_252_2026-06-04/solutions/instance_n=20_74_c08/pareto_front.csv,4,3,63.0,1578.9499999999998,7,0,7,True,1578.95,1578.95,0.0,668,41900,1.93,1529.0,49.95,0.8573,0,20,0,0,0,0,0
instance_n=20_74_c09,instance_n=20_74,Otto,20,1000.0,c09,9,high,high,mid,low,9042,published_results/full_campaign_median_T_252_2026-06-04/solutions/instance_n=20_74_c09/pareto_front.csv,1,0,120.0,0.0,3,3,0,True,120.0,120.0,0.0,0,0,0.02,0.0,0.0,,20,0,0,0,0,0,0
instance_n=20_74_c09,instance_n=20_74,Otto,20,1000.0,c09,9,high,high,mid,low,9042,published_results/full_campaign_median_T_252_2026-06-04/solutions/instance_n=20_74_c09/pareto_front.csv,2,1,99.0,327.0,3,2,3,False,156.8,327.0,52.0489,299052,6313771,300.31,272.0,55.0,0.6333,0,1,0,0,0,13,6
instance_n=20_74_c09,instance_n=20_74,Otto,20,1000.0,c09,9,high,high,mid,low,9042,published_results/full_campaign_median_T_252_2026-06-04/solutions/instance_n=20_74_c09/pareto_front.csv,3,2,94.0,331.6,3,2,2,False,221.95,331.6,33.0669,365713,6282896,300.44,316.0,15.6,0.844,8,2,0,0,0,8,2
instance_n=20_74_c09,instance_n=20_74,Otto,20,1000.0,c09,9,high,high,mid,low,9042,published_results/full_campaign_median_T_252_2026-06-04/solutions/instance_n=20_74_c09/pareto_front.csv,4,3,72.0,874.3000000000001,4,1,4,False,844.55,874.3,3.4027,1033838,7894361,300.33,862.0,12.3,0.9385,0,10,0,0,0,8,2
instance_n=20_74_c09,instance_n=20_74,Otto,20,1000.0,c09,9,high,high,mid,low,9042,published_results/full_campaign_median_T_252_2026-06-04/solutions/instance_n=20_74_c09/pareto_front.csv,5,4,63.0,1620.6000000000001,7,0,7,True,1620.6,1620.6,0.0,2561,91387,2.86,1568.0,52.6,0.8497,0,20,0,0,0,0,0
instance_n=20_77_c01,instance_n=20_77,Otto,20,1000.0,c01,1,low,low,low,low,1042,published_results/full_campaign_median_T_252_2026-06-04/solutions/instance_n=20_77_c01/pareto_front.csv,1,0,120.0,0.0,3,3,0,True,120.0,120.0,0.0,0,0,0.03,0.0,0.0,,20,0,0,0,0,0,0
instance_n=20_77_c01,instance_n=20_77,Otto,20,1000.0,c01,1,low,low,low,low,1042,published_results/full_campaign_median_T_252_2026-06-04/solutions/instance_n=20_77_c01/pareto_front.csv,2,1,85.0,125.75,2,2,1,False,82.479927022,125.75,34.4096,273886,6105633,300.37,112.0,13.75,0.725,7,0,0,0,13,0,0
instance_n=20_77_c01,instance_n=20_77,Otto,20,1000.0,c01,1,low,low,low,low,1042,published_results/full_campaign_median_T_252_2026-06-04/solutions/instance_n=20_77_c01/pareto_front.csv,3,2,54.0,268.5,2,1,2,True,268.5,268.5,0.0,109548,2445709,65.47,234.0,34.5,0.655,0,2,0,0,18,0,0
instance_n=20_77_c01,instance_n=20_77,Otto,20,1000.0,c01,1,low,low,low,low,1042,published_results/full_campaign_median_T_252_2026-06-04/solutions/instance_n=20_77_c01/pareto_front.csv,4,3,27.0,762.1999999999999,3,0,3,True,762.2,762.2,0.0,994,17600,0.85,757.0,5.2,0.9653,0,20,0,0,0,0,0
instance_n=20_77_c02,instance_n=20_77,Otto,20,1000.0,c02,2,low,mid,mid,mid,2042,published_results/full_campaign_median_T_252_2026-06-04/solutions/instance_n=20_77_c02/pareto_front.csv,1,0,120.0,0.0,3,3,0,True,120.0,120.0,0.0,0,0,0.02,0.0,0.0,,20,0,0,0,0,0,0
instance_n=20_77_c02,instance_n=20_77,Otto,20,1000.0,c02,2,low,mid,mid,mid,2042,published_results/full_campaign_median_T_252_2026-06-04/solutions/instance_n=20_77_c02/pareto_front.csv,2,1,90.0,215.35,2,2,2,False,110.4,215.35,48.7346,193349,4673291,300.45,184.0,31.35,0.6865,0,0,0,0,0,11,9
instance_n=20_77_c02,instance_n=20_77,Otto,20,1000.0,c02,2,low,mid,mid,mid,2042,published_results/full_campaign_median_T_252_2026-06-04/solutions/instance_n=20_77_c02/pareto_front.csv,3,2,89.0,226.95,3,2,1,False,128.83333333,226.95,43.2327,334720,7179200,300.29,222.0,4.95,0.901,14,6,0,0,0,0,0
instance_n=20_77_c02,instance_n=20_77,Otto,20,1000.0,c02,2,low,mid,mid,mid,2042,published_results/full_campaign_median_T_252_2026-06-04/solutions/instance_n=20_77_c02/pareto_front.csv,4,3,63.0,469.25,3,1,3,False,260.7658595,469.25,44.4292,372037,8511796,300.36,426.0,43.25,0.7117,0,7,0,0,0,6,7
instance_n=20_77_c02,instance_n=20_77,Otto,20,1000.0,c02,2,low,mid,mid,mid,2042,published_results/full_campaign_median_T_252_2026-06-04/solutions/instance_n=20_77_c02/pareto_front.csv,5,4,58.0,497.15000000000003,3,1,2,True,497.15,497.15,0.0,144478,2720698,42.82,491.0,6.15,0.9385,7,13,0,0,0,0,0
instance_n=20_77_c02,instance_n=20_77,Otto,20,1000.0,c02,2,low,mid,mid,mid,2042,published_results/full_campaign_median_T_252_2026-06-04/solutions/instance_n=20_77_c02/pareto_front.csv,6,5,27.0,776.0,3,0,3,True,776.0,776.0,0.0,166232,3018609,33.69,770.0,6.0,0.96,0,20,0,0,0,0,0
instance_n=20_77_c03,instance_n=20_77,Otto,20,1000.0,c03,3,low,high,high,high,3042,published_results/full_campaign_median_T_252_2026-06-04/solutions/instance_n=20_77_c03/pareto_front.csv,1,0,120.0,0.0,3,3,0,True,120.0,120.0,0.0,0,0,0.03,0.0,0.0,,20,0,0,0,0,0,0
instance_n=20_77_c03,instance_n=20_77,Otto,20,1000.0,c03,3,low,high,high,high,3042,published_results/full_campaign_median_T_252_2026-06-04/solutions/instance_n=20_77_c03/pareto_front.csv,2,1,89.0,229.9,3,2,1,False,150.59793965,229.9,34.4942,238475,6701376,300.34,224.0,5.9,0.882,13,7,0,0,0,0,0
instance_n=20_77_c03,instance_n=20_77,Otto,20,1000.0,c03,3,low,high,high,high,3042,published_results/full_campaign_median_T_252_2026-06-04/solutions/instance_n=20_77_c03/pareto_front.csv,3,2,58.0,477.75,3,1,2,False,413.95439377,477.75,13.3533,390033,9338268,300.33,472.0,5.75,0.9425,6,14,0,0,0,0,0
instance_n=20_77_c03,instance_n=20_77,Otto,20,1000.0,c03,3,low,high,high,high,3042,published_results/full_campaign_median_T_252_2026-06-04/solutions/instance_n=20_77_c03/pareto_front.csv,4,3,27.0,758.5,3,0,3,True,758.5,758.5,0.0,15648,292109,4.55,752.0,6.5,0.9567,0,20,0,0,0,0,0
instance_n=20_77_c04,instance_n=20_77,Otto,20,1000.0,c04,4,mid,low,mid,high,4042,published_results/full_campaign_median_T_252_2026-06-04/solutions/instance_n=20_77_c04/pareto_front.csv,1,0,120.0,0.0,3,3,0,True,120.0,120.0,0.0,0,0,0.03,0.0,0.0,,20,0,0,0,0,0,0
instance_n=20_77_c04,instance_n=20_77,Otto,20,1000.0,c04,4,mid,low,mid,high,4042,published_results/full_campaign_median_T_252_2026-06-04/solutions/instance_n=20_77_c04/pareto_front.csv,2,1,85.0,125.5,2,2,1,True,125.5,125.5,0.0,5290,281641,9.91,110.0,15.5,0.69,7,0,0,0,13,0,0
instance_n=20_77_c04,instance_n=20_77,Otto,20,1000.0,c04,4,mid,low,mid,high,4042,published_results/full_campaign_median_T_252_2026-06-04/solutions/instance_n=20_77_c04/pareto_front.csv,3,2,54.0,274.0,2,1,2,True,274.0,274.0,0.0,938,56370,2.89,241.0,33.0,0.67,0,2,0,0,18,0,0
instance_n=20_77_c04,instance_n=20_77,Otto,20,1000.0,c04,4,mid,low,mid,high,4042,published_results/full_campaign_median_T_252_2026-06-04/solutions/instance_n=20_77_c04/pareto_front.csv,4,3,45.0,1143.3,5,0,5,True,1143.3,1143.3,0.0,852,12663,0.65,1103.0,40.3,0.8388,0,20,0,0,0,0,0
instance_n=20_77_c05,instance_n=20_77,Otto,20,1000.0,c05,5,mid,mid,high,low,5042,published_results/full_campaign_median_T_252_2026-06-04/solutions/instance_n=20_77_c05/pareto_front.csv,1,0,120.0,0.0,3,3,0,True,120.0,120.0,0.0,0,0,0.03,0.0,0.0,,20,0,0,0,0,0,0
instance_n=20_77_c05,instance_n=20_77,Otto,20,1000.0,c05,5,mid,mid,high,low,5042,published_results/full_campaign_median_T_252_2026-06-04/solutions/instance_n=20_77_c05/pareto_front.csv,2,1,90.0,221.04999999999998,2,2,2,False,119.27258065,221.05,46.0427,347484,9242988,300.33,194.0,27.05,0.7295,0,0,0,0,0,14,6
instance_n=20_77_c05,instance_n=20_77,Otto,20,1000.0,c05,5,mid,mid,high,low,5042,published_results/full_campaign_median_T_252_2026-06-04/solutions/instance_n=20_77_c05/pareto_front.csv,3,2,63.0,594.0,3,1,3,False,302.8,594.0,49.0236,482945,12520314,300.32,586.0,8.0,0.9467,0,7,0,0,0,7,6
instance_n=20_77_c05,instance_n=20_77,Otto,20,1000.0,c05,5,mid,mid,high,low,5042,published_results/full_campaign_median_T_252_2026-06-04/solutions/instance_n=20_77_c05/pareto_front.csv,4,3,45.0,1103.3999999999999,5,0,5,True,1103.4,1103.4,0.0,12767,284052,7.35,1061.0,42.4,0.8304,0,20,0,0,0,0,0
instance_n=20_77_c06,instance_n=20_77,Otto,20,1000.0,c06,6,mid,high,low,mid,6042,published_results/full_campaign_median_T_252_2026-06-04/solutions/instance_n=20_77_c06/pareto_front.csv,1,0,120.0,0.0,3,3,0,True,120.0,120.0,0.0,0,0,0.03,0.0,0.0,,20,0,0,0,0,0,0
instance_n=20_77_c06,instance_n=20_77,Otto,20,1000.0,c06,6,mid,high,low,mid,6042,published_results/full_campaign_median_T_252_2026-06-04/solutions/instance_n=20_77_c06/pareto_front.csv,2,1,90.0,278.40000000000003,2,2,2,False,124.54101733,278.4,55.2654,176600,8446442,300.32,277.0,1.4,0.986,0,0,0,0,0,11,9
instance_n=20_77_c06,instance_n=20_77,Otto,20,1000.0,c06,6,mid,high,low,mid,6042,published_results/full_campaign_median_T_252_2026-06-04/solutions/instance_n=20_77_c06/pareto_front.csv,3,2,63.0,658.5500000000001,3,1,3,False,541.38487013,658.55,17.7914,687126,13215944,300.56,658.0,0.55,0.9963,0,10,0,0,0,6,4
instance_n=20_77_c06,instance_n=20_77,Otto,20,1000.0,c06,6,mid,high,low,mid,6042,published_results/full_campaign_median_T_252_2026-06-04/solutions/instance_n=20_77_c06/pareto_front.csv,4,3,45.0,1095.75,5,0,5,True,1095.75,1095.75,0.0,6253,197566,5.82,1051.0,44.75,0.821,0,20,0,0,0,0,0
instance_n=20_77_c07,instance_n=20_77,Otto,20,1000.0,c07,7,high,low,high,mid,7042,published_results/full_campaign_median_T_252_2026-06-04/solutions/instance_n=20_77_c07/pareto_front.csv,1,0,120.0,0.0,3,3,0,True,120.0,120.0,0.0,0,0,0.03,0.0,0.0,,20,0,0,0,0,0,0
instance_n=20_77_c07,instance_n=20_77,Otto,20,1000.0,c07,7,high,low,high,mid,7042,published_results/full_campaign_median_T_252_2026-06-04/solutions/instance_n=20_77_c07/pareto_front.csv,2,1,85.0,127.1,2,2,1,True,127.1,127.1,0.0,1794,101512,5.97,113.0,14.1,0.718,7,0,0,0,13,0,0
instance_n=20_77_c07,instance_n=20_77,Otto,20,1000.0,c07,7,high,low,high,mid,7042,published_results/full_campaign_median_T_252_2026-06-04/solutions/instance_n=20_77_c07/pareto_front.csv,3,2,54.0,321.95,2,1,2,True,321.95,321.95,0.0,2280,146590,4.07,302.0,19.95,0.8005,0,2,0,0,18,0,0
instance_n=20_77_c08,instance_n=20_77,Otto,20,1000.0,c08,8,high,mid,low,high,8042,published_results/full_campaign_median_T_252_2026-06-04/solutions/instance_n=20_77_c08/pareto_front.csv,1,0,120.0,0.0,3,3,0,True,120.0,120.0,0.0,0,0,0.03,0.0,0.0,,20,0,0,0,0,0,0
instance_n=20_77_c08,instance_n=20_77,Otto,20,1000.0,c08,8,high,mid,low,high,8042,published_results/full_campaign_median_T_252_2026-06-04/solutions/instance_n=20_77_c08/pareto_front.csv,2,1,90.0,295.1,2,2,2,True,295.1,295.1,0.0,90961,3421678,129.51,289.0,6.1,0.939,0,0,0,0,20,0,0
instance_n=20_77_c08,instance_n=20_77,Otto,20,1000.0,c08,8,high,mid,low,high,8042,published_results/full_campaign_median_T_252_2026-06-04/solutions/instance_n=20_77_c08/pareto_front.csv,3,2,72.0,884.65,4,1,4,True,884.65,884.65,0.0,112676,3107667,84.26,879.0,5.65,0.9718,0,10,0,0,10,0,0
instance_n=20_77_c08,instance_n=20_77,Otto,20,1000.0,c08,8,high,mid,low,high,8042,published_results/full_campaign_median_T_252_2026-06-04/solutions/instance_n=20_77_c08/pareto_front.csv,4,3,63.0,1624.7,7,0,7,True,1624.7,1624.7,0.0,0,1455,1.74,1588.0,36.7,0.8951,0,20,0,0,0,0,0
instance_n=20_77_c09,instance_n=20_77,Otto,20,1000.0,c09,9,high,high,mid,low,9042,published_results/full_campaign_median_T_252_2026-06-04/solutions/instance_n=20_77_c09/pareto_front.csv,1,0,120.0,0.0,3,3,0,True,120.0,120.0,0.0,0,0,0.03,0.0,0.0,,20,0,0,0,0,0,0
instance_n=20_77_c09,instance_n=20_77,Otto,20,1000.0,c09,9,high,high,mid,low,9042,published_results/full_campaign_median_T_252_2026-06-04/solutions/instance_n=20_77_c09/pareto_front.csv,2,1,99.0,362.45,3,2,3,False,131.05,362.45,63.8433,297691,6299683,300.34,318.0,44.45,0.7037,0,1,0,0,0,12,7
instance_n=20_77_c09,instance_n=20_77,Otto,20,1000.0,c09,9,high,high,mid,low,9042,published_results/full_campaign_median_T_252_2026-06-04/solutions/instance_n=20_77_c09/pareto_front.csv,3,2,98.0,507.65000000000003,4,2,2,False,137.14357877,507.65,72.9846,398738,8795241,300.37,506.0,1.65,0.9835,14,6,0,0,0,0,0
instance_n=20_77_c09,instance_n=20_77,Otto,20,1000.0,c09,9,high,high,mid,low,9042,published_results/full_campaign_median_T_252_2026-06-04/solutions/instance_n=20_77_c09/pareto_front.csv,4,3,81.0,1026.75,5,1,5,False,139.04224837,1026.75,86.458,345901,9692849,300.33,992.0,34.75,0.861,0,10,0,0,0,7,3
instance_n=20_77_c09,instance_n=20_77,Otto,20,1000.0,c09,9,high,high,mid,low,9042,published_results/full_campaign_median_T_252_2026-06-04/solutions/instance_n=20_77_c09/pareto_front.csv,5,4,63.0,1700.6500000000003,7,0,7,False,750.12444788,1700.65,55.8919,485220,10556895,300.39,1666.0,34.65,0.901,0,20,0,0,0,0,0
instance_n=20_82_c01,instance_n=20_82,Otto,20,1000.0,c01,1,low,low,low,low,1042,published_results/full_campaign_median_T_252_2026-06-04/solutions/instance_n=20_82_c01/pareto_front.csv,1,0,160.0,0.0,4,4,0,True,160.0,160.0,0.0,0,677,0.03,0.0,0.0,,20,0,0,0,0,0,0
instance_n=20_82_c01,instance_n=20_82,Otto,20,1000.0,c01,1,low,low,low,low,1042,published_results/full_campaign_median_T_252_2026-06-04/solutions/instance_n=20_82_c01/pareto_front.csv,2,1,125.0,93.65,3,3,1,False,57.35,93.65,38.7613,250179,4356491,300.38,71.0,22.65,0.547,10,0,0,0,0,7,3
instance_n=20_82_c01,instance_n=20_82,Otto,20,1000.0,c01,1,low,low,low,low,1042,published_results/full_campaign_median_T_252_2026-06-04/solutions/instance_n=20_82_c01/pareto_front.csv,3,2,85.0,148.1,2,2,1,False,115.31318807,148.1,22.1383,159400,6099689,300.32,145.0,3.1,0.938,8,0,0,0,12,0,0
instance_n=20_82_c01,instance_n=20_82,Otto,20,1000.0,c01,1,low,low,low,low,1042,published_results/full_campaign_median_T_252_2026-06-04/solutions/instance_n=20_82_c01/pareto_front.csv,4,3,54.0,359.84999999999997,2,1,2,True,359.85,359.85,0.0,160543,6015660,237.79,350.0,9.85,0.9015,0,6,0,0,14,0,0
instance_n=20_82_c01,instance_n=20_82,Otto,20,1000.0,c01,1,low,low,low,low,1042,published_results/full_campaign_median_T_252_2026-06-04/solutions/instance_n=20_82_c01/pareto_front.csv,5,4,36.0,921.4999999999999,4,0,4,True,921.5,921.5,0.0,0,1363,0.75,894.0,27.5,0.8625,0,20,0,0,0,0,0
instance_n=20_82_c02,instance_n=20_82,Otto,20,1000.0,c02,2,low,mid,mid,mid,2042,published_results/full_campaign_median_T_252_2026-06-04/solutions/instance_n=20_82_c02/pareto_front.csv,1,0,160.0,0.0,4,4,0,True,160.0,160.0,0.0,0,677,0.03,0.0,0.0,,20,0,0,0,0,0,0
instance_n=20_82_c02,instance_n=20_82,Otto,20,1000.0,c02,2,low,mid,mid,mid,2042,published_results/full_campaign_median_T_252_2026-06-04/solutions/instance_n=20_82_c02/pareto_front.csv,2,1,125.0,113.1,3,3,1,False,57.293382353,113.1,49.3427,111082,4843399,300.34,102.0,11.1,0.778,11,0,0,0,0,4,5
instance_n=20_82_c02,instance_n=20_82,Otto,20,1000.0,c02,2,low,mid,mid,mid,2042,published_results/full_campaign_median_T_252_2026-06-04/solutions/instance_n=20_82_c02/pareto_front.csv,3,2,99.0,349.8,3,2,3,False,136.75992509,349.8,60.9034,97496,3165999,301.11,307.0,42.8,0.7147,0,2,0,0,0,9,9
instance_n=20_82_c02,instance_n=20_82,Otto,20,1000.0,c02,2,low,mid,mid,mid,2042,published_results/full_campaign_median_T_252_2026-06-04/solutions/instance_n=20_82_c02/pareto_front.csv,4,3,94.0,353.7,3,2,2,False,148.6,353.7,57.987,195186,5753785,300.37,342.0,11.7,0.883,6,5,0,0,0,4,5
instance_n=20_82_c02,instance_n=20_82,Otto,20,1000.0,c02,2,low,mid,mid,mid,2042,published_results/full_campaign_median_T_252_2026-06-04/solutions/instance_n=20_82_c02/pareto_front.csv,5,4,63.0,621.1500000000001,3,1,3,False,172.20269315,621.15,72.2768,245400,7065353,300.51,611.0,10.15,0.9323,0,11,0,0,0,4,5
instance_n=20_82_c02,instance_n=20_82,Otto,20,1000.0,c02,2,low,mid,mid,mid,2042,published_results/full_campaign_median_T_252_2026-06-04/solutions/instance_n=20_82_c02/pareto_front.csv,6,5,36.0,950.8499999999999,4,0,4,True,950.85,950.85,0.0,7266,317128,8.29,925.0,25.85,0.8708,0,20,0,0,0,0,0
instance_n=20_82_c03,instance_n=20_82,Otto,20,1000.0,c03,3,low,high,high,high,3042,published_results/full_campaign_median_T_252_2026-06-04/solutions/instance_n=20_82_c03/pareto_front.csv,1,0,160.0,0.0,4,4,0,True,160.0,160.0,0.0,0,677,0.04,0.0,0.0,,20,0,0,0,0,0,0
instance_n=20_82_c03,instance_n=20_82,Otto,20,1000.0,c03,3,low,high,high,high,3042,published_results/full_campaign_median_T_252_2026-06-04/solutions/instance_n=20_82_c03/pareto_front.csv,2,1,125.0,132.6,3,3,1,False,68.738565541,132.6,48.161,103983,6529200,300.34,131.0,1.6,0.968,10,0,0,0,0,6,4
instance_n=20_82_c03,instance_n=20_82,Otto,20,1000.0,c03,3,low,high,high,high,3042,published_results/full_campaign_median_T_252_2026-06-04/solutions/instance_n=20_82_c03/pareto_front.csv,3,2,94.0,362.90000000000003,3,2,2,False,199.0,362.9,45.164,99123,3191346,301.23,360.0,2.9,0.971,5,4,0,0,0,5,6
instance_n=20_82_c03,instance_n=20_82,Otto,20,1000.0,c03,3,low,high,high,high,3042,published_results/full_campaign_median_T_252_2026-06-04/solutions/instance_n=20_82_c03/pareto_front.csv,4,3,63.0,612.25,3,1,3,False,432.31127842,612.25,29.3897,294214,8486147,300.38,608.0,4.25,0.9717,0,11,0,0,0,4,5
instance_n=20_82_c03,instance_n=20_82,Otto,20,1000.0,c03,3,low,high,high,high,3042,published_results/full_campaign_median_T_252_2026-06-04/solutions/instance_n=20_82_c03/pareto_front.csv,5,4,36.0,910.3499999999999,4,0,4,True,910.35,910.35,0.0,3800,84364,2.74,881.0,29.35,0.8533,0,20,0,0,0,0,0
instance_n=20_82_c04,instance_n=20_82,Otto,20,1000.0,c04,4,mid,low,mid,high,4042,published_results/full_campaign_median_T_252_2026-06-04/solutions/instance_n=20_82_c04/pareto_front.csv,1,0,160.0,0.0,4,4,0,True,160.0,160.0,0.0,0,677,0.04,0.0,0.0,,20,0,0,0,0,0,0
instance_n=20_82_c04,instance_n=20_82,Otto,20,1000.0,c04,4,mid,low,mid,high,4042,published_results/full_campaign_median_T_252_2026-06-04/solutions/instance_n=20_82_c04/pareto_front.csv,2,1,125.0,107.55,3,3,1,True,107.55,107.55,0.0,17407,878493,56.8,84.0,23.55,0.529,12,0,0,0,8,0,0
instance_n=20_82_c04,instance_n=20_82,Otto,20,1000.0,c04,4,mid,low,mid,high,4042,published_results/full_campaign_median_T_252_2026-06-04/solutions/instance_n=20_82_c04/pareto_front.csv,3,2,85.0,149.95,2,2,1,True,149.95,149.95,0.0,3589,343801,14.85,146.0,3.95,0.921,5,0,0,0,15,0,0
instance_n=20_82_c04,instance_n=20_82,Otto,20,1000.0,c04,4,mid,low,mid,high,4042,published_results/full_campaign_median_T_252_2026-06-04/solutions/instance_n=20_82_c04/pareto_front.csv,4,3,63.0,463.35,3,1,3,True,463.35,463.35,0.0,6699,319043,9.35,419.0,44.35,0.7043,0,4,0,0,16,0,0
instance_n=20_82_c04,instance_n=20_82,Otto,20,1000.0,c04,4,mid,low,mid,high,4042,published_results/full_campaign_median_T_252_2026-06-04/solutions/instance_n=20_82_c04/pareto_front.csv,5,4,54.0,1329.3500000000001,6,0,6,True,1329.35,1329.35,0.0,1446,36581,2.04,1279.0,50.35,0.8322,0,20,0,0,0,0,0
instance_n=20_82_c05,instance_n=20_82,Otto,20,1000.0,c05,5,mid,mid,high,low,5042,published_results/full_campaign_median_T_252_2026-06-04/solutions/instance_n=20_82_c05/pareto_front.csv,1,0,160.0,0.0,4,4,0,True,160.0,160.0,0.0,0,677,0.04,0.0,0.0,,20,0,0,0,0,0,0
instance_n=20_82_c05,instance_n=20_82,Otto,20,1000.0,c05,5,mid,mid,high,low,5042,published_results/full_campaign_median_T_252_2026-06-04/solutions/instance_n=20_82_c05/pareto_front.csv,2,1,125.0,112.1,3,3,1,False,57.168994493,112.1,49.0018,151369,5063293,300.46,102.0,10.1,0.798,10,0,0,0,0,7,3
instance_n=20_82_c05,instance_n=20_82,Otto,20,1000.0,c05,5,mid,mid,high,low,5042,published_results/full_campaign_median_T_252_2026-06-04/solutions/instance_n=20_82_c05/pareto_front.csv,3,2,99.0,400.15,3,2,3,False,145.35,400.15,63.6761,141262,4101634,300.88,368.0,32.15,0.7857,0,3,0,0,0,9,8
instance_n=20_82_c05,instance_n=20_82,Otto,20,1000.0,c05,5,mid,mid,high,low,5042,published_results/full_campaign_median_T_252_2026-06-04/solutions/instance_n=20_82_c05/pareto_front.csv,4,3,72.0,799.15,4,1,4,False,168.13401354,799.15,78.9609,253865,8643075,300.34,780.0,19.15,0.9042,0,9,0,0,0,8,3
instance_n=20_82_c05,instance_n=20_82,Otto,20,1000.0,c05,5,mid,mid,high,low,5042,published_results/full_campaign_median_T_252_2026-06-04/solutions/instance_n=20_82_c05/pareto_front.csv,5,4,45.0,1265.8500000000004,5,0,5,True,1265.85,1265.85,0.0,395799,10505263,199.71,1264.0,1.85,0.9926,0,20,0,0,0,0,0
instance_n=20_82_c06,instance_n=20_82,Otto,20,1000.0,c06,6,mid,high,low,mid,6042,published_results/full_campaign_median_T_252_2026-06-04/solutions/instance_n=20_82_c06/pareto_front.csv,1,0,160.0,0.0,4,4,0,True,160.0,160.0,0.0,0,677,0.04,0.0,0.0,,20,0,0,0,0,0,0
instance_n=20_82_c06,instance_n=20_82,Otto,20,1000.0,c06,6,mid,high,low,mid,6042,published_results/full_campaign_median_T_252_2026-06-04/solutions/instance_n=20_82_c06/pareto_front.csv,2,1,125.0,142.0,3,3,1,False,103.32585983,142.0,27.2353,183189,3969402,300.45,140.0,2.0,0.96,12,0,0,0,0,4,4
instance_n=20_82_c06,instance_n=20_82,Otto,20,1000.0,c06,6,mid,high,low,mid,6042,published_results/full_campaign_median_T_252_2026-06-04/solutions/instance_n=20_82_c06/pareto_front.csv,3,2,99.0,474.85,3,2,3,False,175.08333333,474.85,63.1287,131026,5790857,300.33,463.0,11.85,0.921,0,3,0,0,0,8,9
instance_n=20_82_c06,instance_n=20_82,Otto,20,1000.0,c06,6,mid,high,low,mid,6042,published_results/full_campaign_median_T_252_2026-06-04/solutions/instance_n=20_82_c06/pareto_front.csv,4,3,72.0,850.55,4,1,4,False,263.1,850.55,69.0671,121412,5887097,300.38,843.0,7.55,0.9623,0,12,0,0,0,5,3
instance_n=20_82_c06,instance_n=20_82,Otto,20,1000.0,c06,6,mid,high,low,mid,6042,published_results/full_campaign_median_T_252_2026-06-04/solutions/instance_n=20_82_c06/pareto_front.csv,5,4,54.0,1298.75,6,0,6,True,1298.75,1298.75,0.0,19884,677422,20.12,1247.0,51.75,0.8275,0,20,0,0,0,0,0
instance_n=20_82_c07,instance_n=20_82,Otto,20,1000.0,c07,7,high,low,high,mid,7042,published_results/full_campaign_median_T_252_2026-06-04/solutions/instance_n=20_82_c07/pareto_front.csv,1,0,160.0,0.0,4,4,0,True,160.0,160.0,0.0,0,677,0.03,0.0,0.0,,20,0,0,0,0,0,0
instance_n=20_82_c07,instance_n=20_82,Otto,20,1000.0,c07,7,high,low,high,mid,7042,published_results/full_campaign_median_T_252_2026-06-04/solutions/instance_n=20_82_c07/pareto_front.csv,2,1,125.0,104.2,3,3,1,True,104.2,104.2,0.0,18711,466794,39.16,81.0,23.2,0.536,13,0,0,0,7,0,0
instance_n=20_82_c07,instance_n=20_82,Otto,20,1000.0,c07,7,high,low,high,mid,7042,published_results/full_campaign_median_T_252_2026-06-04/solutions/instance_n=20_82_c07/pareto_front.csv,3,2,85.0,145.05,2,2,1,True,145.05,145.05,0.0,658,68600,5.32,140.0,5.05,0.899,5,0,0,0,15,0,0
instance_n=20_82_c07,instance_n=20_82,Otto,20,1000.0,c07,7,high,low,high,mid,7042,published_results/full_campaign_median_T_252_2026-06-04/solutions/instance_n=20_82_c07/pareto_front.csv,4,3,63.0,559.5,3,1,3,True,559.5,559.5,0.0,2556,139166,5.82,538.0,21.5,0.8567,0,3,0,0,17,0,0
instance_n=20_82_c08,instance_n=20_82,Otto,20,1000.0,c08,8,high,mid,low,high,8042,published_results/full_campaign_median_T_252_2026-06-04/solutions/instance_n=20_82_c08/pareto_front.csv,1,0,160.0,0.0,4,4,0,True,160.0,160.0,0.0,0,677,0.03,0.0,0.0,,20,0,0,0,0,0,0
instance_n=20_82_c08,instance_n=20_82,Otto,20,1000.0,c08,8,high,mid,low,high,8042,published_results/full_campaign_median_T_252_2026-06-04/solutions/instance_n=20_82_c08/pareto_front.csv,2,1,125.0,145.8,3,3,1,True,145.8,145.8,0.0,12125,479154,36.57,144.0,1.8,0.964,13,0,0,0,7,0,0
instance_n=20_82_c08,instance_n=20_82,Otto,20,1000.0,c08,8,high,mid,low,high,8042,published_results/full_campaign_median_T_252_2026-06-04/solutions/instance_n=20_82_c08/pareto_front.csv,3,2,99.0,508.15000000000003,3,2,3,True,508.15000000000003,508.15000000000003,0.0,102992,3917821,166.03,497.0,11.15,0.9257,0,3,0,0,17,0,0
instance_n=20_82_c08,instance_n=20_82,Otto,20,1000.0,c08,8,high,mid,low,high,8042,published_results/full_campaign_median_T_252_2026-06-04/solutions/instance_n=20_82_c08/pareto_front.csv,4,3,90.0,1205.8500000000001,6,1,6,True,1205.85,1205.85,0.0,41413,1923269,116.45,1162.0,43.85,0.8538,0,10,0,0,10,0,0
instance_n=20_82_c08,instance_n=20_82,Otto,20,1000.0,c08,8,high,mid,low,high,8042,published_results/full_campaign_median_T_252_2026-06-04/solutions/instance_n=20_82_c08/pareto_front.csv,5,4,81.0,1998.3500000000001,9,0,9,True,1998.35,1998.35,0.0,19855,980851,34.54,1926.0,72.35,0.8392,0,20,0,0,0,0,0
instance_n=20_82_c09,instance_n=20_82,Otto,20,1000.0,c09,9,high,high,mid,low,9042,published_results/full_campaign_median_T_252_2026-06-04/solutions/instance_n=20_82_c09/pareto_front.csv,1,0,160.0,0.0,4,4,0,True,160.0,160.0,0.0,0,677,0.04,0.0,0.0,,20,0,0,0,0,0,0
instance_n=20_82_c09,instance_n=20_82,Otto,20,1000.0,c09,9,high,high,mid,low,9042,published_results/full_campaign_median_T_252_2026-06-04/solutions/instance_n=20_82_c09/pareto_front.csv,2,1,130.0,203.25,3,3,2,False,60.466249473,203.25,70.2503,119263,5826107,300.35,169.0,34.25,0.6575,5,0,0,0,0,11,4
instance_n=20_82_c09,instance_n=20_82,Otto,20,1000.0,c09,9,high,high,mid,low,9042,published_results/full_campaign_median_T_252_2026-06-04/solutions/instance_n=20_82_c09/pareto_front.csv,3,2,108.0,688.0500000000001,4,2,4,False,60.95,688.05,91.1416,101644,4500894,301.25,659.0,29.05,0.8547,0,4,0,0,0,10,6
instance_n=20_82_c09,instance_n=20_82,Otto,20,1000.0,c09,9,high,high,mid,low,9042,published_results/full_campaign_median_T_252_2026-06-04/solutions/instance_n=20_82_c09/pareto_front.csv,4,3,90.0,1312.55,6,1,6,False,189.72101887,1312.55,85.5456,94801,5599407,300.33,1280.0,32.55,0.8915,0,13,0,0,0,4,3
instance_n=20_82_c09,instance_n=20_82,Otto,20,1000.0,c09,9,high,high,mid,low,9042,published_results/full_campaign_median_T_252_2026-06-04/solutions/instance_n=20_82_c09/pareto_front.csv,5,4,72.0,1987.4000000000003,8,0,8,False,656.84145397,1987.4,66.9497,145694,8041096,300.32,1961.0,26.4,0.934,0,20,0,0,0,0,0
instance_n=20_87_c01,instance_n=20_87,Otto,20,1000.0,c01,1,low,low,low,low,1042,published_results/full_campaign_median_T_252_2026-06-04/solutions/instance_n=20_87_c01/pareto_front.csv,1,0,120.0,0.0,3,3,0,True,120.0,120.0,0.0,0,0,0.03,0.0,0.0,,20,0,0,0,0,0,0
instance_n=20_87_c01,instance_n=20_87,Otto,20,1000.0,c01,1,low,low,low,low,1042,published_results/full_campaign_median_T_252_2026-06-04/solutions/instance_n=20_87_c01/pareto_front.csv,2,1,85.0,121.15,2,2,1,False,67.1,121.15,44.6141,219021,7882580,300.37,105.0,16.15,0.677,7,0,0,0,13,0,0
instance_n=20_87_c01,instance_n=20_87,Otto,20,1000.0,c01,1,low,low,low,low,1042,published_results/full_campaign_median_T_252_2026-06-04/solutions/instance_n=20_87_c01/pareto_front.csv,3,2,54.0,235.7,2,1,2,True,235.7,235.7,0.0,184060,5013503,134.33,193.0,42.7,0.573,0,1,0,0,19,0,0
instance_n=20_87_c01,instance_n=20_87,Otto,20,1000.0,c01,1,low,low,low,low,1042,published_results/full_campaign_median_T_252_2026-06-04/solutions/instance_n=20_87_c01/pareto_front.csv,4,3,27.0,729.9,3,0,3,True,729.9,729.9,0.0,6591,152782,1.79,718.0,11.9,0.9207,0,20,0,0,0,0,0
instance_n=20_87_c02,instance_n=20_87,Otto,20,1000.0,c02,2,low,mid,mid,mid,2042,published_results/full_campaign_median_T_252_2026-06-04/solutions/instance_n=20_87_c02/pareto_front.csv,1,0,120.0,0.0,3,3,0,True,120.0,120.0,0.0,0,0,0.02,0.0,0.0,,20,0,0,0,0,0,0
instance_n=20_87_c02,instance_n=20_87,Otto,20,1000.0,c02,2,low,mid,mid,mid,2042,published_results/full_campaign_median_T_252_2026-06-04/solutions/instance_n=20_87_c02/pareto_front.csv,2,1,90.0,209.3,2,2,2,False,81.067567685,209.3,61.2673,172609,5517246,300.57,176.0,33.3,0.667,0,0,0,0,0,12,8
instance_n=20_87_c02,instance_n=20_87,Otto,20,1000.0,c02,2,low,mid,mid,mid,2042,published_results/full_campaign_median_T_252_2026-06-04/solutions/instance_n=20_87_c02/pareto_front.csv,3,2,89.0,219.75,3,2,1,False,104.05,219.75,52.6507,408491,10084736,300.37,210.0,9.75,0.805,13,7,0,0,0,0,0
instance_n=20_87_c02,instance_n=20_87,Otto,20,1000.0,c02,2,low,mid,mid,mid,2042,published_results/full_campaign_median_T_252_2026-06-04/solutions/instance_n=20_87_c02/pareto_front.csv,4,3,63.0,466.15,3,1,3,False,102.67937963,466.15,77.9729,392091,11425977,300.34,422.0,44.15,0.7057,0,5,0,0,0,8,7
instance_n=20_87_c02,instance_n=20_87,Otto,20,1000.0,c02,2,low,mid,mid,mid,2042,published_results/full_campaign_median_T_252_2026-06-04/solutions/instance_n=20_87_c02/pareto_front.csv,5,4,58.0,479.05,3,1,2,False,370.8,479.05,22.5968,772921,15973292,300.31,468.0,11.05,0.8895,6,14,0,0,0,0,0
instance_n=20_87_c02,instance_n=20_87,Otto,20,1000.0,c02,2,low,mid,mid,mid,2042,published_results/full_campaign_median_T_252_2026-06-04/solutions/instance_n=20_87_c02/pareto_front.csv,6,5,27.0,760.15,3,0,3,False,350.87487383,760.15,53.8414,1372743,23806854,300.33,750.0,10.15,0.9323,0,20,0,0,0,0,0
instance_n=20_87_c03,instance_n=20_87,Otto,20,1000.0,c03,3,low,high,high,high,3042,published_results/full_campaign_median_T_252_2026-06-04/solutions/instance_n=20_87_c03/pareto_front.csv,1,0,120.0,0.0,3,3,0,True,120.0,120.0,0.0,0,0,0.02,0.0,0.0,,20,0,0,0,0,0,0
instance_n=20_87_c03,instance_n=20_87,Otto,20,1000.0,c03,3,low,high,high,high,3042,published_results/full_campaign_median_T_252_2026-06-04/solutions/instance_n=20_87_c03/pareto_front.csv,2,1,89.0,206.0,3,2,1,False,154.7,206.0,24.9029,273876,7132001,300.33,196.0,10.0,0.8,15,5,0,0,0,0,0
instance_n=20_87_c03,instance_n=20_87,Otto,20,1000.0,c03,3,low,high,high,high,3042,published_results/full_campaign_median_T_252_2026-06-04/solutions/instance_n=20_87_c03/pareto_front.csv,3,2,58.0,446.8,3,1,2,False,390.13907475,446.8,12.6815,379994,9935780,300.33,434.0,12.8,0.872,8,12,0,0,0,0,0
instance_n=20_87_c03,instance_n=20_87,Otto,20,1000.0,c03,3,low,high,high,high,3042,published_results/full_campaign_median_T_252_2026-06-04/solutions/instance_n=20_87_c03/pareto_front.csv,4,3,27.0,725.0500000000001,3,0,3,True,725.05,725.05,0.0,182186,4780718,38.73,712.0,13.05,0.913,0,20,0,0,0,0,0
instance_n=20_87_c04,instance_n=20_87,Otto,20,1000.0,c04,4,mid,low,mid,high,4042,published_results/full_campaign_median_T_252_2026-06-04/solutions/instance_n=20_87_c04/pareto_front.csv,1,0,120.0,0.0,3,3,0,True,120.0,120.0,0.0,0,0,0.02,0.0,0.0,,20,0,0,0,0,0,0
instance_n=20_87_c04,instance_n=20_87,Otto,20,1000.0,c04,4,mid,low,mid,high,4042,published_results/full_campaign_median_T_252_2026-06-04/solutions/instance_n=20_87_c04/pareto_front.csv,2,1,85.0,123.25,2,2,1,True,123.25,123.25,0.0,8872,352516,24.05,107.0,16.25,0.675,10,0,0,0,10,0,0
instance_n=20_87_c04,instance_n=20_87,Otto,20,1000.0,c04,4,mid,low,mid,high,4042,published_results/full_campaign_median_T_252_2026-06-04/solutions/instance_n=20_87_c04/pareto_front.csv,3,2,54.0,253.7,2,1,2,True,253.7,253.7,0.0,438,48711,2.2,216.0,37.7,0.623,0,1,0,0,19,0,0
instance_n=20_87_c04,instance_n=20_87,Otto,20,1000.0,c04,4,mid,low,mid,high,4042,published_results/full_campaign_median_T_252_2026-06-04/solutions/instance_n=20_87_c04/pareto_front.csv,4,3,45.0,1101.9000000000003,5,0,5,True,1101.9,1101.9,0.0,0,445,0.58,1055.0,46.9,0.8124,0,20,0,0,0,0,0
instance_n=20_87_c05,instance_n=20_87,Otto,20,1000.0,c05,5,mid,mid,high,low,5042,published_results/full_campaign_median_T_252_2026-06-04/solutions/instance_n=20_87_c05/pareto_front.csv,1,0,120.0,0.0,3,3,0,True,120.0,120.0,0.0,0,0,0.02,0.0,0.0,,20,0,0,0,0,0,0
instance_n=20_87_c05,instance_n=20_87,Otto,20,1000.0,c05,5,mid,mid,high,low,5042,published_results/full_campaign_median_T_252_2026-06-04/solutions/instance_n=20_87_c05/pareto_front.csv,2,1,90.0,211.5,2,2,2,False,79.95,211.5,62.1986,174603,4113692,301.68,179.0,32.5,0.675,0,0,0,0,0,13,7
instance_n=20_87_c05,instance_n=20_87,Otto,20,1000.0,c05,5,mid,mid,high,low,5042,published_results/full_campaign_median_T_252_2026-06-04/solutions/instance_n=20_87_c05/pareto_front.csv,3,2,63.0,558.65,3,1,3,False,317.69958264,558.65,43.1308,360961,7867020,300.34,541.0,17.65,0.8823,0,7,0,0,0,6,7
instance_n=20_87_c05,instance_n=20_87,Otto,20,1000.0,c05,5,mid,mid,high,low,5042,published_results/full_campaign_median_T_252_2026-06-04/solutions/instance_n=20_87_c05/pareto_front.csv,4,3,45.0,1085.55,5,0,5,True,1085.55,1085.55,0.0,93698,2361791,26.96,1036.0,49.55,0.8018,0,20,0,0,0,0,0
instance_n=20_87_c06,instance_n=20_87,Otto,20,1000.0,c06,6,mid,high,low,mid,6042,published_results/full_campaign_median_T_252_2026-06-04/solutions/instance_n=20_87_c06/pareto_front.csv,1,0,120.0,0.0,3,3,0,True,120.0,120.0,0.0,0,0,0.02,0.0,0.0,,20,0,0,0,0,0,0
instance_n=20_87_c06,instance_n=20_87,Otto,20,1000.0,c06,6,mid,high,low,mid,6042,published_results/full_campaign_median_T_252_2026-06-04/solutions/instance_n=20_87_c06/pareto_front.csv,2,1,90.0,253.70000000000002,2,2,2,False,126.65,253.7,50.0788,219178,8300571,300.33,239.0,14.7,0.853,0,0,0,0,0,10,10
instance_n=20_87_c06,instance_n=20_87,Otto,20,1000.0,c06,6,mid,high,low,mid,6042,published_results/full_campaign_median_T_252_2026-06-04/solutions/instance_n=20_87_c06/pareto_front.csv,3,2,63.0,621.4,3,1,3,False,432.75,621.4,30.3589,339157,10742000,300.35,616.0,5.4,0.964,0,12,0,0,0,4,4
instance_n=20_87_c06,instance_n=20_87,Otto,20,1000.0,c06,6,mid,high,low,mid,6042,published_results/full_campaign_median_T_252_2026-06-04/solutions/instance_n=20_87_c06/pareto_front.csv,4,3,45.0,1087.4999999999998,5,0,5,True,1087.5,1087.5,0.0,11736,283160,5.65,1038.0,49.5,0.802,0,20,0,0,0,0,0
instance_n=20_87_c07,instance_n=20_87,Otto,20,1000.0,c07,7,high,low,high,mid,7042,published_results/full_campaign_median_T_252_2026-06-04/solutions/instance_n=20_87_c07/pareto_front.csv,1,0,120.0,0.0,3,3,0,True,120.0,120.0,0.0,0,0,0.02,0.0,0.0,,20,0,0,0,0,0,0
instance_n=20_87_c07,instance_n=20_87,Otto,20,1000.0,c07,7,high,low,high,mid,7042,published_results/full_campaign_median_T_252_2026-06-04/solutions/instance_n=20_87_c07/pareto_front.csv,2,1,85.0,121.2,2,2,1,True,121.2,121.2,0.0,6176,379063,20.45,104.0,17.2,0.656,8,0,0,0,12,0,0
instance_n=20_87_c07,instance_n=20_87,Otto,20,1000.0,c07,7,high,low,high,mid,7042,published_results/full_campaign_median_T_252_2026-06-04/solutions/instance_n=20_87_c07/pareto_front.csv,3,2,54.0,269.40000000000003,2,1,2,True,269.4,269.4,0.0,460,48792,2.26,235.0,34.4,0.656,0,2,0,0,18,0,0
instance_n=20_87_c08,instance_n=20_87,Otto,20,1000.0,c08,8,high,mid,low,high,8042,published_results/full_campaign_median_T_252_2026-06-04/solutions/instance_n=20_87_c08/pareto_front.csv,1,0,120.0,0.0,3,3,0,True,120.0,120.0,0.0,0,0,0.02,0.0,0.0,,20,0,0,0,0,0,0
instance_n=20_87_c08,instance_n=20_87,Otto,20,1000.0,c08,8,high,mid,low,high,8042,published_results/full_campaign_median_T_252_2026-06-04/solutions/instance_n=20_87_c08/pareto_front.csv,2,1,90.0,291.95000000000005,2,2,2,True,291.95,291.95,0.0,42844,1825001,72.16,283.0,8.95,0.9105,0,0,0,0,20,0,0
instance_n=20_87_c08,instance_n=20_87,Otto,20,1000.0,c08,8,high,mid,low,high,8042,published_results/full_campaign_median_T_252_2026-06-04/solutions/instance_n=20_87_c08/pareto_front.csv,3,2,72.0,836.1,4,1,4,True,836.1,836.1,0.0,121495,4174018,163.09,817.0,19.1,0.9045,0,8,0,0,12,0,0
instance_n=20_87_c08,instance_n=20_87,Otto,20,1000.0,c08,8,high,mid,low,high,8042,published_results/full_campaign_median_T_252_2026-06-04/solutions/instance_n=20_87_c08/pareto_front.csv,4,3,63.0,1587.4499999999998,7,0,7,True,1587.45,1587.45,0.0,1512,68256,2.31,1535.0,52.45,0.8501,0,20,0,0,0,0,0
instance_n=20_87_c09,instance_n=20_87,Otto,20,1000.0,c09,9,high,high,mid,low,9042,published_results/full_campaign_median_T_252_2026-06-04/solutions/instance_n=20_87_c09/pareto_front.csv,1,0,120.0,0.0,3,3,0,True,120.0,120.0,0.0,0,0,0.02,0.0,0.0,,20,0,0,0,0,0,0
instance_n=20_87_c09,instance_n=20_87,Otto,20,1000.0,c09,9,high,high,mid,low,9042,published_results/full_campaign_median_T_252_2026-06-04/solutions/instance_n=20_87_c09/pareto_front.csv,2,1,90.0,246.95,2,2,2,False,117.11489902,246.95,52.5755,216533,5991916,300.37,241.0,5.95,0.9405,0,0,0,0,0,12,8
instance_n=20_87_c09,instance_n=20_87,Otto,20,1000.0,c09,9,high,high,mid,low,9042,published_results/full_campaign_median_T_252_2026-06-04/solutions/instance_n=20_87_c09/pareto_front.csv,3,2,72.0,879.7,4,1,4,False,443.4929538,879.7,49.5859,254298,8428494,300.32,873.0,6.7,0.9665,0,12,0,0,0,6,2
instance_n=20_87_c09,instance_n=20_87,Otto,20,1000.0,c09,9,high,high,mid,low,9042,published_results/full_campaign_median_T_252_2026-06-04/solutions/instance_n=20_87_c09/pareto_front.csv,4,3,63.0,1665.0999999999997,7,0,7,True,1665.1,1665.1,0.0,31226,1064929,17.78,1617.0,48.1,0.8626,0,20,0,0,0,0,0
instance_n=20_88_c01,instance_n=20_88,Otto,20,1000.0,c01,1,low,low,low,low,1042,published_results/full_campaign_median_T_252_2026-06-04/solutions/instance_n=20_88_c01/pareto_front.csv,1,0,120.0,0.0,3,3,0,True,120.0,120.0,0.0,0,0,0.03,0.0,0.0,,20,0,0,0,0,0,0
instance_n=20_88_c01,instance_n=20_88,Otto,20,1000.0,c01,1,low,low,low,low,1042,published_results/full_campaign_median_T_252_2026-06-04/solutions/instance_n=20_88_c01/pareto_front.csv,2,1,85.0,113.55,2,2,1,False,58.363855422,113.55,48.6007,104503,4911624,300.32,101.0,12.55,0.749,6,0,0,0,0,9,5
instance_n=20_88_c01,instance_n=20_88,Otto,20,1000.0,c01,1,low,low,low,low,1042,published_results/full_campaign_median_T_252_2026-06-04/solutions/instance_n=20_88_c01/pareto_front.csv,3,2,54.0,226.10000000000002,2,1,2,True,226.1,226.1,0.0,21110,706675,22.71,181.0,45.1,0.549,0,2,0,0,18,0,0
instance_n=20_88_c01,instance_n=20_88,Otto,20,1000.0,c01,1,low,low,low,low,1042,published_results/full_campaign_median_T_252_2026-06-04/solutions/instance_n=20_88_c01/pareto_front.csv,4,3,27.0,704.15,3,0,3,True,704.15,704.15,0.0,0,911,0.6,688.0,16.15,0.8923,0,20,0,0,0,0,0
instance_n=20_88_c02,instance_n=20_88,Otto,20,1000.0,c02,2,low,mid,mid,mid,2042,published_results/full_campaign_median_T_252_2026-06-04/solutions/instance_n=20_88_c02/pareto_front.csv,1,0,120.0,0.0,3,3,0,True,120.0,120.0,0.0,0,0,0.03,0.0,0.0,,20,0,0,0,0,0,0
instance_n=20_88_c02,instance_n=20_88,Otto,20,1000.0,c02,2,low,mid,mid,mid,2042,published_results/full_campaign_median_T_252_2026-06-04/solutions/instance_n=20_88_c02/pareto_front.csv,2,1,85.0,128.05,2,2,1,False,93.0,128.05,27.3721,228349,3888381,300.56,127.0,1.05,0.979,7,0,0,0,0,8,5
instance_n=20_88_c02,instance_n=20_88,Otto,20,1000.0,c02,2,low,mid,mid,mid,2042,published_results/full_campaign_median_T_252_2026-06-04/solutions/instance_n=20_88_c02/pareto_front.csv,3,2,54.0,386.59999999999997,2,1,2,False,323.94933284,386.6,16.2056,284412,7588725,300.58,385.0,1.6,0.984,0,7,0,0,0,6,7
instance_n=20_88_c02,instance_n=20_88,Otto,20,1000.0,c02,2,low,mid,mid,mid,2042,published_results/full_campaign_median_T_252_2026-06-04/solutions/instance_n=20_88_c02/pareto_front.csv,4,3,27.0,733.2,3,0,3,True,733.2,733.2,0.0,0,772,0.64,717.0,16.2,0.892,0,20,0,0,0,0,0
instance_n=20_88_c03,instance_n=20_88,Otto,20,1000.0,c03,3,low,high,high,high,3042,published_results/full_campaign_median_T_252_2026-06-04/solutions/instance_n=20_88_c03/pareto_front.csv,1,0,120.0,0.0,3,3,0,True,120.0,120.0,0.0,0,0,0.03,0.0,0.0,,20,0,0,0,0,0,0
instance_n=20_88_c03,instance_n=20_88,Otto,20,1000.0,c03,3,low,high,high,high,3042,published_results/full_campaign_median_T_252_2026-06-04/solutions/instance_n=20_88_c03/pareto_front.csv,2,1,89.0,188.1,3,2,1,False,151.91177529,188.1,19.2388,238435,6503510,300.34,175.0,13.1,0.738,15,5,0,0,0,0,0
instance_n=20_88_c03,instance_n=20_88,Otto,20,1000.0,c03,3,low,high,high,high,3042,published_results/full_campaign_median_T_252_2026-06-04/solutions/instance_n=20_88_c03/pareto_front.csv,3,2,58.0,433.8,3,1,2,False,340.4240767,433.8,21.5251,327841,9732446,300.32,418.0,15.8,0.842,8,12,0,0,0,0,0
instance_n=20_88_c03,instance_n=20_88,Otto,20,1000.0,c03,3,low,high,high,high,3042,published_results/full_campaign_median_T_252_2026-06-04/solutions/instance_n=20_88_c03/pareto_front.csv,4,3,27.0,717.95,3,0,3,True,717.95,717.95,0.0,36898,661608,11.95,703.0,14.95,0.9003,0,20,0,0,0,0,0
instance_n=20_88_c04,instance_n=20_88,Otto,20,1000.0,c04,4,mid,low,mid,high,4042,published_results/full_campaign_median_T_252_2026-06-04/solutions/instance_n=20_88_c04/pareto_front.csv,1,0,120.0,0.0,3,3,0,True,120.0,120.0,0.0,0,0,0.03,0.0,0.0,,20,0,0,0,0,0,0
instance_n=20_88_c04,instance_n=20_88,Otto,20,1000.0,c04,4,mid,low,mid,high,4042,published_results/full_campaign_median_T_252_2026-06-04/solutions/instance_n=20_88_c04/pareto_front.csv,2,1,85.0,118.3,2,2,1,True,118.3,118.3,0.0,4012,164095,9.08,99.0,19.3,0.614,7,0,0,0,13,0,0
instance_n=20_88_c04,instance_n=20_88,Otto,20,1000.0,c04,4,mid,low,mid,high,4042,published_results/full_campaign_median_T_252_2026-06-04/solutions/instance_n=20_88_c04/pareto_front.csv,3,2,54.0,221.8,2,1,2,True,221.8,221.8,0.0,72,16677,1.82,175.0,46.8,0.532,0,1,0,0,19,0,0
instance_n=20_88_c04,instance_n=20_88,Otto,20,1000.0,c04,4,mid,low,mid,high,4042,published_results/full_campaign_median_T_252_2026-06-04/solutions/instance_n=20_88_c04/pareto_front.csv,4,3,36.0,1028.7,4,0,4,True,1028.7,1028.7,0.0,323,11356,0.68,1026.0,2.7,0.9865,0,20,0,0,0,0,0
instance_n=20_88_c05,instance_n=20_88,Otto,20,1000.0,c05,5,mid,mid,high,low,5042,published_results/full_campaign_median_T_252_2026-06-04/solutions/instance_n=20_88_c05/pareto_front.csv,1,0,120.0,0.0,3,3,0,True,120.0,120.0,0.0,0,0,0.03,0.0,0.0,,20,0,0,0,0,0,0
instance_n=20_88_c05,instance_n=20_88,Otto,20,1000.0,c05,5,mid,mid,high,low,5042,published_results/full_campaign_median_T_252_2026-06-04/solutions/instance_n=20_88_c05/pareto_front.csv,2,1,90.0,195.65,2,2,2,False,88.4,195.65,54.8173,184548,6242218,300.49,156.0,39.65,0.6035,0,0,0,0,0,15,5
instance_n=20_88_c05,instance_n=20_88,Otto,20,1000.0,c05,5,mid,mid,high,low,5042,published_results/full_campaign_median_T_252_2026-06-04/solutions/instance_n=20_88_c05/pareto_front.csv,3,2,89.0,252.65,3,2,1,False,103.62878259,252.65,58.9833,500661,10233841,300.41,252.0,0.65,0.987,15,5,0,0,0,0,0
instance_n=20_88_c05,instance_n=20_88,Otto,20,1000.0,c05,5,mid,mid,high,low,5042,published_results/full_campaign_median_T_252_2026-06-04/solutions/instance_n=20_88_c05/pareto_front.csv,4,3,63.0,526.05,3,1,3,False,104.2730624,526.05,80.1781,465619,10301106,300.36,500.0,26.05,0.8263,0,8,0,0,0,8,4
instance_n=20_88_c05,instance_n=20_88,Otto,20,1000.0,c05,5,mid,mid,high,low,5042,published_results/full_campaign_median_T_252_2026-06-04/solutions/instance_n=20_88_c05/pareto_front.csv,5,4,36.0,988.5999999999999,4,0,4,True,988.6,988.6,0.0,23095,768273,11.82,978.0,10.6,0.947,0,20,0,0,0,0,0
instance_n=20_88_c06,instance_n=20_88,Otto,20,1000.0,c06,6,mid,high,low,mid,6042,published_results/full_campaign_median_T_252_2026-06-04/solutions/instance_n=20_88_c06/pareto_front.csv,1,0,120.0,0.0,3,3,0,True,120.0,120.0,0.0,0,0,0.03,0.0,0.0,,20,0,0,0,0,0,0
instance_n=20_88_c06,instance_n=20_88,Otto,20,1000.0,c06,6,mid,high,low,mid,6042,published_results/full_campaign_median_T_252_2026-06-04/solutions/instance_n=20_88_c06/pareto_front.csv,2,1,90.0,246.7,2,2,2,False,115.63874287,246.7,53.1258,163554,4116455,301.54,231.0,15.7,0.843,0,0,0,0,0,13,7
instance_n=20_88_c06,instance_n=20_88,Otto,20,1000.0,c06,6,mid,high,low,mid,6042,published_results/full_campaign_median_T_252_2026-06-04/solutions/instance_n=20_88_c06/pareto_front.csv,3,2,89.0,250.45,3,2,1,True,250.45,250.45,0.0,33314,1473187,34.29,249.0,1.45,0.971,14,6,0,0,0,0,0
instance_n=20_88_c06,instance_n=20_88,Otto,20,1000.0,c06,6,mid,high,low,mid,6042,published_results/full_campaign_median_T_252_2026-06-04/solutions/instance_n=20_88_c06/pareto_front.csv,4,3,63.0,574.3,3,1,3,False,420.99481942,574.3,26.6943,439065,9546406,300.38,560.0,14.3,0.9047,0,6,0,0,0,7,7
instance_n=20_88_c06,instance_n=20_88,Otto,20,1000.0,c06,6,mid,high,low,mid,6042,published_results/full_campaign_median_T_252_2026-06-04/solutions/instance_n=20_88_c06/pareto_front.csv,5,4,36.0,995.45,4,0,4,True,995.45,995.45,0.0,7190,216210,5.12,988.0,7.45,0.9627,0,20,0,0,0,0,0
instance_n=20_88_c07,instance_n=20_88,Otto,20,1000.0,c07,7,high,low,high,mid,7042,published_results/full_campaign_median_T_252_2026-06-04/solutions/instance_n=20_88_c07/pareto_front.csv,1,0,120.0,0.0,3,3,0,True,120.0,120.0,0.0,0,0,0.03,0.0,0.0,,20,0,0,0,0,0,0
instance_n=20_88_c07,instance_n=20_88,Otto,20,1000.0,c07,7,high,low,high,mid,7042,published_results/full_campaign_median_T_252_2026-06-04/solutions/instance_n=20_88_c07/pareto_front.csv,2,1,85.0,117.0,2,2,1,True,117.0,117.0,0.0,5438,258341,8.9,99.0,18.0,0.64,8,0,0,0,12,0,0
instance_n=20_88_c07,instance_n=20_88,Otto,20,1000.0,c07,7,high,low,high,mid,7042,published_results/full_campaign_median_T_252_2026-06-04/solutions/instance_n=20_88_c07/pareto_front.csv,3,2,54.0,270.15,2,1,2,True,270.15,270.15,0.0,188,36577,2.2,237.0,33.15,0.6685,0,1,0,0,19,0,0
instance_n=20_88_c08,instance_n=20_88,Otto,20,1000.0,c08,8,high,mid,low,high,8042,published_results/full_campaign_median_T_252_2026-06-04/solutions/instance_n=20_88_c08/pareto_front.csv,1,0,120.0,0.0,3,3,0,True,120.0,120.0,0.0,0,0,0.03,0.0,0.0,,20,0,0,0,0,0,0
instance_n=20_88_c08,instance_n=20_88,Otto,20,1000.0,c08,8,high,mid,low,high,8042,published_results/full_campaign_median_T_252_2026-06-04/solutions/instance_n=20_88_c08/pareto_front.csv,2,1,94.0,266.5,3,2,2,True,266.5,266.5,0.0,49026,1236603,61.27,232.0,34.5,0.655,7,2,0,0,11,0,0
instance_n=20_88_c08,instance_n=20_88,Otto,20,1000.0,c08,8,high,mid,low,high,8042,published_results/full_campaign_median_T_252_2026-06-04/solutions/instance_n=20_88_c08/pareto_front.csv,3,2,90.0,282.1,2,2,2,True,282.1,282.1,0.0,222464,3966659,131.74,269.0,13.1,0.869,0,0,0,0,20,0,0
instance_n=20_88_c08,instance_n=20_88,Otto,20,1000.0,c08,8,high,mid,low,high,8042,published_results/full_campaign_median_T_252_2026-06-04/solutions/instance_n=20_88_c08/pareto_front.csv,4,3,72.0,777.55,4,1,4,True,777.55,777.55,0.0,41074,1287237,37.55,747.0,30.55,0.8473,0,8,0,0,12,0,0
instance_n=20_88_c08,instance_n=20_88,Otto,20,1000.0,c08,8,high,mid,low,high,8042,published_results/full_campaign_median_T_252_2026-06-04/solutions/instance_n=20_88_c08/pareto_front.csv,5,4,54.0,1498.6000000000001,6,0,6,True,1498.6,1498.6,0.0,941,55333,1.96,1491.0,7.6,0.9747,0,20,0,0,0,0,0
instance_n=20_88_c09,instance_n=20_88,Otto,20,1000.0,c09,9,high,high,mid,low,9042,published_results/full_campaign_median_T_252_2026-06-04/solutions/instance_n=20_88_c09/pareto_front.csv,1,0,120.0,0.0,3,3,0,True,120.0,120.0,0.0,0,0,0.03,0.0,0.0,,20,0,0,0,0,0,0
instance_n=20_88_c09,instance_n=20_88,Otto,20,1000.0,c09,9,high,high,mid,low,9042,published_results/full_campaign_median_T_252_2026-06-04/solutions/instance_n=20_88_c09/pareto_front.csv,2,1,90.0,252.7,2,2,2,False,123.85,252.7,50.9893,253986,7562991,300.36,244.0,8.7,0.913,0,0,0,0,0,13,7
instance_n=20_88_c09,instance_n=20_88,Otto,20,1000.0,c09,9,high,high,mid,low,9042,published_results/full_campaign_median_T_252_2026-06-04/solutions/instance_n=20_88_c09/pareto_front.csv,3,2,72.0,841.55,4,1,4,False,492.17311694,841.55,41.5159,377169,11252960,300.34,827.0,14.55,0.9272,0,10,0,0,0,6,4
instance_n=20_88_c09,instance_n=20_88,Otto,20,1000.0,c09,9,high,high,mid,low,9042,published_results/full_campaign_median_T_252_2026-06-04/solutions/instance_n=20_88_c09/pareto_front.csv,4,3,54.0,1563.35,6,0,6,True,1563.35,1563.35,0.0,30644,1016202,20.34,1559.0,4.35,0.9855,0,20,0,0,0,0,0
instance_n=20_91_c01,instance_n=20_91,Otto,20,1000.0,c01,1,low,low,low,low,1042,published_results/full_campaign_median_T_252_2026-06-04/solutions/instance_n=20_91_c01/pareto_front.csv,1,0,440.0,0.0,11,11,0,True,440.0,440.0,0.0,75,4584,0.11,0.0,0.0,,20,0,0,0,0,0,0
instance_n=20_91_c01,instance_n=20_91,Otto,20,1000.0,c01,1,low,low,low,low,1042,published_results/full_campaign_median_T_252_2026-06-04/solutions/instance_n=20_91_c01/pareto_front.csv,2,1,405.0,86.2,10,10,1,True,86.2,86.2,0.0,33508,1464502,51.28,60.0,26.2,0.476,18,0,0,0,0,1,1
instance_n=20_91_c01,instance_n=20_91,Otto,20,1000.0,c01,1,low,low,low,low,1042,published_results/full_campaign_median_T_252_2026-06-04/solutions/instance_n=20_91_c01/pareto_front.csv,3,2,365.0,126.85,9,9,1,False,93.77063492,126.85,26.0775,52890,5914507,300.35,114.0,12.85,0.743,16,0,0,0,4,0,0
instance_n=20_91_c01,instance_n=20_91,Otto,20,1000.0,c01,1,low,low,low,low,1042,published_results/full_campaign_median_T_252_2026-06-04/solutions/instance_n=20_91_c01/pareto_front.csv,4,3,330.0,233.25,8,8,2,False,42.0,233.25,81.9936,31498,5423250,300.37,205.0,28.25,0.7175,12,0,0,0,5,2,1
instance_n=20_91_c01,instance_n=20_91,Otto,20,1000.0,c01,1,low,low,low,low,1042,published_results/full_campaign_median_T_252_2026-06-04/solutions/instance_n=20_91_c01/pareto_front.csv,5,4,290.0,276.6,7,7,2,False,57.37880422,276.6,79.2557,37806,4676213,300.91,263.0,13.6,0.864,10,0,0,0,10,0,0
instance_n=20_91_c01,instance_n=20_91,Otto,20,1000.0,c01,1,low,low,low,low,1042,published_results/full_campaign_median_T_252_2026-06-04/solutions/instance_n=20_91_c01/pareto_front.csv,6,5,255.0,376.65,6,6,3,False,91.871384781,376.65,75.6083,51750,4873089,301.31,341.0,35.65,0.7623,6,0,0,0,11,2,1
instance_n=20_91_c01,instance_n=20_91,Otto,20,1000.0,c01,1,low,low,low,low,1042,published_results/full_campaign_median_T_252_2026-06-04/solutions/instance_n=20_91_c01/pareto_front.csv,7,6,215.0,435.6,5,5,3,False,124.82703299,435.6,71.3437,23069,4100513,300.4,426.0,9.6,0.936,4,0,0,0,16,0,0
instance_n=20_91_c01,instance_n=20_91,Otto,20,1000.0,c01,1,low,low,low,low,1042,published_results/full_campaign_median_T_252_2026-06-04/solutions/instance_n=20_91_c01/pareto_front.csv,8,7,180.0,539.15,4,4,4,False,336.01253338,539.15,37.6774,46593,6430525,300.31,512.0,27.15,0.8642,0,0,0,0,17,2,1
instance_n=20_91_c01,instance_n=20_91,Otto,20,1000.0,c01,1,low,low,low,low,1042,published_results/full_campaign_median_T_252_2026-06-04/solutions/instance_n=20_91_c01/pareto_front.csv,9,8,153.0,837.9999999999999,5,3,5,False,245.88727957,838.0,70.6578,32203,6073070,300.54,810.0,28.0,0.888,0,3,0,0,17,0,0
instance_n=20_91_c01,instance_n=20_91,Otto,20,1000.0,c01,1,low,low,low,low,1042,published_results/full_campaign_median_T_252_2026-06-04/solutions/instance_n=20_91_c01/pareto_front.csv,10,9,135.0,1350.7,7,2,7,False,520.04215433,1350.7,61.4983,31929,4801458,300.38,1307.0,43.7,0.8751,0,9,0,0,11,0,0
instance_n=20_91_c01,instance_n=20_91,Otto,20,1000.0,c01,1,low,low,low,low,1042,published_results/full_campaign_median_T_252_2026-06-04/solutions/instance_n=20_91_c01/pareto_front.csv,11,10,117.0,1880.85,9,1,9,False,1037.2340649,1880.85,44.8529,27497,4996567,300.33,1813.0,67.85,0.8492,0,15,0,0,5,0,0
instance_n=20_91_c01,instance_n=20_91,Otto,20,1000.0,c01,1,low,low,low,low,1042,published_results/full_campaign_median_T_252_2026-06-04/solutions/instance_n=20_91_c01/pareto_front.csv,12,11,99.0,2496.8500000000004,11,0,11,True,2496.85,2496.85,0.0,21654,2253028,90.13,2417.0,79.85,0.8548,0,20,0,0,0,0,0
instance_n=20_91_c02,instance_n=20_91,Otto,20,1000.0,c02,2,low,mid,mid,mid,2042,published_results/full_campaign_median_T_252_2026-06-04/solutions/instance_n=20_91_c02/pareto_front.csv,1,0,440.0,0.0,11,11,0,True,440.0,440.0,0.0,75,4584,0.21,0.0,0.0,,20,0,0,0,0,0,0
instance_n=20_91_c02,instance_n=20_91,Otto,20,1000.0,c02,2,low,mid,mid,mid,2042,published_results/full_campaign_median_T_252_2026-06-04/solutions/instance_n=20_91_c02/pareto_front.csv,2,1,405.0,93.7,10,10,1,True,93.7,93.7,0.0,32620,2255359,122.16,73.0,20.7,0.586,18,0,0,0,0,1,1
instance_n=20_91_c02,instance_n=20_91,Otto,20,1000.0,c02,2,low,mid,mid,mid,2042,published_results/full_campaign_median_T_252_2026-06-04/solutions/instance_n=20_91_c02/pareto_front.csv,3,2,370.0,208.79999999999998,9,9,2,False,69.959580224,208.8,66.4945,87740,8184550,300.35,181.0,27.8,0.722,14,0,0,0,0,4,2
instance_n=20_91_c02,instance_n=20_91,Otto,20,1000.0,c02,2,low,mid,mid,mid,2042,published_results/full_campaign_median_T_252_2026-06-04/solutions/instance_n=20_91_c02/pareto_front.csv,4,3,339.0,390.45,9,8,3,False,78.438720904,390.45,79.9107,30345,5496219,300.4,346.0,44.45,0.7037,12,2,0,0,0,4,2
instance_n=20_91_c02,instance_n=20_91,Otto,20,1000.0,c02,2,low,mid,mid,mid,2042,published_results/full_campaign_median_T_252_2026-06-04/solutions/instance_n=20_91_c02/pareto_front.csv,5,4,308.0,608.6,9,7,4,False,146.665192,608.6,75.9012,68045,4537283,301.84,555.0,53.6,0.732,10,4,0,0,0,4,2
instance_n=20_91_c02,instance_n=20_91,Otto,20,1000.0,c02,2,low,mid,mid,mid,2042,published_results/full_campaign_median_T_252_2026-06-04/solutions/instance_n=20_91_c02/pareto_front.csv,6,5,277.0,984.1,9,6,5,False,75.75,984.1,92.3026,23929,4801257,300.31,963.0,21.1,0.9156,8,6,0,0,3,2,1
instance_n=20_91_c02,instance_n=20_91,Otto,20,1000.0,c02,2,low,mid,mid,mid,2042,published_results/full_campaign_median_T_252_2026-06-04/solutions/instance_n=20_91_c02/pareto_front.csv,7,6,243.0,1051.1,7,5,7,False,92.362291285,1051.1,91.2128,22317,3515682,300.4,999.0,52.1,0.8511,0,4,0,0,6,6,4
instance_n=20_91_c02,instance_n=20_91,Otto,20,1000.0,c02,2,low,mid,mid,mid,2042,published_results/full_campaign_median_T_252_2026-06-04/solutions/instance_n=20_91_c02/pareto_front.csv,8,7,219.0,1367.0499999999997,10,4,7,False,121.32227863,1367.05,91.1252,43717,5443404,300.32,1288.0,79.05,0.7741,6,10,0,0,0,2,2
instance_n=20_91_c02,instance_n=20_91,Otto,20,1000.0,c02,2,low,mid,mid,mid,2042,published_results/full_campaign_median_T_252_2026-06-04/solutions/instance_n=20_91_c02/pareto_front.csv,9,8,214.0,1458.65,10,4,6,False,91.262247317,1458.65,93.7434,14026,3103058,300.35,1436.0,22.65,0.9245,8,12,0,0,0,0,0
instance_n=20_91_c02,instance_n=20_91,Otto,20,1000.0,c02,2,low,mid,mid,mid,2042,published_results/full_campaign_median_T_252_2026-06-04/solutions/instance_n=20_91_c02/pareto_front.csv,10,9,180.0,1611.4999999999998,8,3,8,False,346.9724746,1611.5,78.469,23369,5093572,300.34,1570.0,41.5,0.8962,0,10,0,0,3,4,3
instance_n=20_91_c02,instance_n=20_91,Otto,20,1000.0,c02,2,low,mid,mid,mid,2042,published_results/full_campaign_median_T_252_2026-06-04/solutions/instance_n=20_91_c02/pareto_front.csv,11,10,179.0,1636.9999999999998,9,3,7,False,145.1065219,1637.0,91.1358,13548,3081931,300.35,1619.0,18.0,0.9486,4,12,0,0,0,2,2
instance_n=20_91_c02,instance_n=20_91,Otto,20,1000.0,c02,2,low,mid,mid,mid,2042,published_results/full_campaign_median_T_252_2026-06-04/solutions/instance_n=20_91_c02/pareto_front.csv,12,11,153.0,1884.75,9,2,9,False,453.88341064,1884.75,75.9181,28011,5691520,300.33,1825.0,59.75,0.8672,0,13,0,0,3,2,2
instance_n=20_91_c02,instance_n=20_91,Otto,20,1000.0,c02,2,low,mid,mid,mid,2042,published_results/full_campaign_median_T_252_2026-06-04/solutions/instance_n=20_91_c02/pareto_front.csv,13,12,117.0,2175.1499999999996,9,1,9,True,2175.1499999999996,2175.1499999999996,0.0,40266,3125665,215.37,2152.0,23.15,0.9486,0,16,0,0,0,2,2
instance_n=20_91_c02,instance_n=20_91,Otto,20,1000.0,c02,2,low,mid,mid,mid,2042,published_results/full_campaign_median_T_252_2026-06-04/solutions/instance_n=20_91_c02/pareto_front.csv,14,13,90.0,2476.6499999999996,10,0,10,True,2476.65,2476.65,0.0,14224,2226855,126.72,2437.0,39.65,0.9207,0,20,0,0,0,0,0
instance_n=20_91_c03,instance_n=20_91,Otto,20,1000.0,c03,3,low,high,high,high,3042,published_results/full_campaign_median_T_252_2026-06-04/solutions/instance_n=20_91_c03/pareto_front.csv,1,0,440.0,0.0,11,11,0,True,440.0,440.0,0.0,75,4584,0.24,0.0,0.0,,20,0,0,0,0,0,0
instance_n=20_91_c03,instance_n=20_91,Otto,20,1000.0,c03,3,low,high,high,high,3042,published_results/full_campaign_median_T_252_2026-06-04/solutions/instance_n=20_91_c03/pareto_front.csv,2,1,409.0,98.80000000000001,11,10,1,True,98.8,98.8,0.0,17595,1034913,55.74,61.0,37.8,0.244,19,1,0,0,0,0,0
instance_n=20_91_c03,instance_n=20_91,Otto,20,1000.0,c03,3,low,high,high,high,3042,published_results/full_campaign_median_T_252_2026-06-04/solutions/instance_n=20_91_c03/pareto_front.csv,3,2,405.0,100.45,10,10,1,True,100.45,100.45,0.0,17079,1558673,62.52,82.0,18.45,0.631,18,0,0,0,0,1,1
instance_n=20_91_c03,instance_n=20_91,Otto,20,1000.0,c03,3,low,high,high,high,3042,published_results/full_campaign_median_T_252_2026-06-04/solutions/instance_n=20_91_c03/pareto_front.csv,4,3,374.0,283.4,10,9,2,False,49.728304804,283.4,82.453,60939,7059021,300.33,251.0,32.4,0.676,16,2,0,0,0,1,1
instance_n=20_91_c03,instance_n=20_91,Otto,20,1000.0,c03,3,low,high,high,high,3042,published_results/full_campaign_median_T_252_2026-06-04/solutions/instance_n=20_91_c03/pareto_front.csv,5,4,343.0,497.25,10,8,3,False,85.299518384,497.25,82.8457,60481,6929210,300.33,460.0,37.25,0.7517,14,4,0,0,0,1,1
instance_n=20_91_c03,instance_n=20_91,Otto,20,1000.0,c03,3,low,high,high,high,3042,published_results/full_campaign_median_T_252_2026-06-04/solutions/instance_n=20_91_c03/pareto_front.csv,6,5,312.0,737.45,10,7,4,False,76.283705975,737.45,89.6557,25247,5546812,300.32,703.0,34.45,0.8277,12,5,0,0,0,1,2
instance_n=20_91_c03,instance_n=20_91,Otto,20,1000.0,c03,3,low,high,high,high,3042,published_results/full_campaign_median_T_252_2026-06-04/solutions/instance_n=20_91_c03/pareto_front.csv,7,6,281.0,957.5,10,6,5,False,84.202889598,957.5,91.206,21762,4985994,300.32,911.0,46.5,0.814,10,7,0,0,0,1,2
instance_n=20_91_c03,instance_n=20_91,Otto,20,1000.0,c03,3,low,high,high,high,3042,published_results/full_campaign_median_T_252_2026-06-04/solutions/instance_n=20_91_c03/pareto_front.csv,8,7,254.0,1212.3999999999999,11,5,6,False,82.518249513,1212.4,93.1938,29395,5593473,300.5,1142.0,70.4,0.7653,10,10,0,0,0,0,0
instance_n=20_91_c03,instance_n=20_91,Otto,20,1000.0,c03,3,low,high,high,high,3042,published_results/full_campaign_median_T_252_2026-06-04/solutions/instance_n=20_91_c03/pareto_front.csv,9,8,250.0,1218.4999999999998,10,5,6,False,190.62149571,1218.5,84.3561,36784,5304378,300.34,1170.0,48.5,0.8383,8,9,0,0,0,2,1
instance_n=20_91_c03,instance_n=20_91,Otto,20,1000.0,c03,3,low,high,high,high,3042,published_results/full_campaign_median_T_252_2026-06-04/solutions/instance_n=20_91_c03/pareto_front.csv,10,9,215.0,1408.6999999999998,9,4,7,False,256.23220118,1408.7,81.8107,26878,5521595,300.32,1378.0,30.7,0.9123,4,10,0,0,0,3,3
instance_n=20_91_c03,instance_n=20_91,Otto,20,1000.0,c03,3,low,high,high,high,3042,published_results/full_campaign_median_T_252_2026-06-04/solutions/instance_n=20_91_c03/pareto_front.csv,11,10,214.0,1431.1499999999999,10,4,6,False,184.90505469,1431.15,87.08,44772,4351009,301.1,1406.0,25.15,0.9162,8,12,0,0,0,0,0
instance_n=20_91_c03,instance_n=20_91,Otto,20,1000.0,c03,3,low,high,high,high,3042,published_results/full_campaign_median_T_252_2026-06-04/solutions/instance_n=20_91_c03/pareto_front.csv,12,11,188.0,1695.4499999999998,10,3,8,False,292.44592449,1695.45,82.7511,22076,5058746,300.31,1640.0,55.45,0.8614,4,13,0,0,0,1,2
instance_n=20_91_c03,instance_n=20_91,Otto,20,1000.0,c03,3,low,high,high,high,3042,published_results/full_campaign_median_T_252_2026-06-04/solutions/instance_n=20_91_c03/pareto_front.csv,13,12,184.0,1707.4499999999998,9,3,8,False,280.5610094,1707.45,83.5684,18693,4492277,300.31,1689.0,18.45,0.9539,2,13,0,0,0,2,3
instance_n=20_91_c03,instance_n=20_91,Otto,20,1000.0,c03,3,low,high,high,high,3042,published_results/full_campaign_median_T_252_2026-06-04/solutions/instance_n=20_91_c03/pareto_front.csv,14,13,152.0,1911.6999999999998,10,2,8,False,525.23600462,1911.7,72.5252,26686,4728493,300.32,1875.0,36.7,0.9083,4,16,0,0,0,0,0
instance_n=20_91_c03,instance_n=20_91,Otto,20,1000.0,c03,3,low,high,high,high,3042,published_results/full_campaign_median_T_252_2026-06-04/solutions/instance_n=20_91_c03/pareto_front.csv,15,14,121.0,2186.2999999999997,10,1,9,False,814.27165638,2186.3,62.7557,23862,4283332,300.32,2150.0,36.3,0.9193,2,18,0,0,0,0,0
instance_n=20_91_c03,instance_n=20_91,Otto,20,1000.0,c03,3,low,high,high,high,3042,published_results/full_campaign_median_T_252_2026-06-04/solutions/instance_n=20_91_c03/pareto_front.csv,16,15,90.0,2435.3999999999996,10,0,10,True,2435.4,2435.4,0.0,29856,2361297,218.62,2400.0,35.4,0.9292,0,20,0,0,0,0,0
instance_n=20_91_c04,instance_n=20_91,Otto,20,1000.0,c04,4,mid,low,mid,high,4042,published_results/full_campaign_median_T_252_2026-06-04/solutions/instance_n=20_91_c04/pareto_front.csv,1,0,440.0,0.0,11,11,0,True,440.0,440.0,0.0,75,4584,0.31,0.0,0.0,,20,0,0,0,0,0,0
instance_n=20_91_c04,instance_n=20_91,Otto,20,1000.0,c04,4,mid,low,mid,high,4042,published_results/full_campaign_median_T_252_2026-06-04/solutions/instance_n=20_91_c04/pareto_front.csv,2,1,405.0,91.05,10,10,1,True,91.05,91.05,0.0,8546,555556,15.45,63.0,28.05,0.439,18,0,0,0,2,0,0
instance_n=20_91_c04,instance_n=20_91,Otto,20,1000.0,c04,4,mid,low,mid,high,4042,published_results/full_campaign_median_T_252_2026-06-04/solutions/instance_n=20_91_c04/pareto_front.csv,3,2,365.0,122.8,9,9,1,True,122.8,122.8,0.0,16269,1754049,74.92,110.0,12.8,0.744,16,0,0,0,4,0,0
instance_n=20_91_c04,instance_n=20_91,Otto,20,1000.0,c04,4,mid,low,mid,high,4042,published_results/full_campaign_median_T_252_2026-06-04/solutions/instance_n=20_91_c04/pareto_front.csv,4,3,330.0,233.95000000000002,8,8,2,False,103.0,233.95,55.9735,31999,5200070,300.35,201.0,32.95,0.6705,12,0,0,0,8,0,0
instance_n=20_91_c04,instance_n=20_91,Otto,20,1000.0,c04,4,mid,low,mid,high,4042,published_results/full_campaign_median_T_252_2026-06-04/solutions/instance_n=20_91_c04/pareto_front.csv,5,4,290.0,269.65000000000003,7,7,2,True,269.65,269.65,0.0,23725,4840166,185.75,255.0,14.65,0.8535,11,0,0,0,9,0,0
instance_n=20_91_c04,instance_n=20_91,Otto,20,1000.0,c04,4,mid,low,mid,high,4042,published_results/full_campaign_median_T_252_2026-06-04/solutions/instance_n=20_91_c04/pareto_front.csv,6,5,255.0,396.34999999999997,6,6,3,False,153.49631286,396.35,61.2725,16169,5193137,300.32,369.0,27.35,0.8177,6,0,0,0,14,0,0
instance_n=20_91_c04,instance_n=20_91,Otto,20,1000.0,c04,4,mid,low,mid,high,4042,published_results/full_campaign_median_T_252_2026-06-04/solutions/instance_n=20_91_c04/pareto_front.csv,7,6,215.0,432.69999999999993,5,5,3,False,212.59002628,432.7,50.869,20186,5762101,300.31,423.0,9.7,0.9353,4,0,0,0,16,0,0
instance_n=20_91_c04,instance_n=20_91,Otto,20,1000.0,c04,4,mid,low,mid,high,4042,published_results/full_campaign_median_T_252_2026-06-04/solutions/instance_n=20_91_c04/pareto_front.csv,8,7,180.0,560.75,4,4,4,True,560.75,560.75,0.0,22195,3616454,242.02,539.0,21.75,0.8912,0,0,0,0,20,0,0
instance_n=20_91_c04,instance_n=20_91,Otto,20,1000.0,c04,4,mid,low,mid,high,4042,published_results/full_campaign_median_T_252_2026-06-04/solutions/instance_n=20_91_c04/pareto_front.csv,9,8,162.0,960.6500000000001,6,3,6,False,675.38951045,960.65,29.6945,20456,4329227,300.31,909.0,51.65,0.8278,0,3,0,0,17,0,0
instance_n=20_91_c04,instance_n=20_91,Otto,20,1000.0,c04,4,mid,low,mid,high,4042,published_results/full_campaign_median_T_252_2026-06-04/solutions/instance_n=20_91_c04/pareto_front.csv,10,9,153.0,1842.9,9,2,9,True,1842.9,1842.9,0.0,29529,3715475,209.01,1781.0,61.9,0.8624,0,9,0,0,11,0,0
instance_n=20_91_c05,instance_n=20_91,Otto,20,1000.0,c05,5,mid,mid,high,low,5042,published_results/full_campaign_median_T_252_2026-06-04/solutions/instance_n=20_91_c05/pareto_front.csv,1,0,440.0,0.0,11,11,0,True,440.0,440.0,0.0,75,4584,0.29,0.0,0.0,,20,0,0,0,0,0,0
instance_n=20_91_c05,instance_n=20_91,Otto,20,1000.0,c05,5,mid,mid,high,low,5042,published_results/full_campaign_median_T_252_2026-06-04/solutions/instance_n=20_91_c05/pareto_front.csv,2,1,405.0,96.4,10,10,1,True,96.4,96.4,0.0,30145,1380481,75.26,78.0,18.4,0.632,18,0,0,0,0,1,1
instance_n=20_91_c05,instance_n=20_91,Otto,20,1000.0,c05,5,mid,mid,high,low,5042,published_results/full_campaign_median_T_252_2026-06-04/solutions/instance_n=20_91_c05/pareto_front.csv,3,2,370.0,235.0,9,9,2,False,78.798169494,235.0,66.4689,67453,6961607,300.32,211.0,24.0,0.76,14,0,0,0,0,4,2
instance_n=20_91_c05,instance_n=20_91,Otto,20,1000.0,c05,5,mid,mid,high,low,5042,published_results/full_campaign_median_T_252_2026-06-04/solutions/instance_n=20_91_c05/pareto_front.csv,4,3,335.0,404.6,8,8,3,False,76.05,404.6,81.2037,33023,6246038,300.32,391.0,13.6,0.9093,10,0,0,0,3,4,3
instance_n=20_91_c05,instance_n=20_91,Otto,20,1000.0,c05,5,mid,mid,high,low,5042,published_results/full_campaign_median_T_252_2026-06-04/solutions/instance_n=20_91_c05/pareto_front.csv,5,4,309.0,737.4499999999998,8,7,5,False,76.409079332,737.45,89.6387,49240,6556400,300.33,693.0,44.45,0.8222,6,2,0,0,3,6,3
instance_n=20_91_c05,instance_n=20_91,Otto,20,1000.0,c05,5,mid,mid,high,low,5042,published_results/full_campaign_median_T_252_2026-06-04/solutions/instance_n=20_91_c05/pareto_front.csv,6,5,274.0,923.9499999999999,7,6,6,False,56.418346877,923.95,93.8938,41151,5029446,300.34,899.0,24.95,0.9168,2,2,0,0,6,7,3
instance_n=20_91_c05,instance_n=20_91,Otto,20,1000.0,c05,5,mid,mid,high,low,5042,published_results/full_campaign_median_T_252_2026-06-04/solutions/instance_n=20_91_c05/pareto_front.csv,7,6,256.0,1364.1000000000001,9,5,8,False,144.54129642,1364.1,89.4039,32047,6149753,300.33,1302.0,62.1,0.8448,2,5,0,0,3,6,4
instance_n=20_91_c05,instance_n=20_91,Otto,20,1000.0,c05,5,mid,mid,high,low,5042,published_results/full_campaign_median_T_252_2026-06-04/solutions/instance_n=20_91_c05/pareto_front.csv,8,7,238.0,1857.5500000000002,11,4,10,False,125.18280277,1857.55,93.2609,26950,5277612,300.32,1786.0,71.55,0.8569,2,8,0,0,7,2,1
instance_n=20_91_c05,instance_n=20_91,Otto,20,1000.0,c05,5,mid,mid,high,low,5042,published_results/full_campaign_median_T_252_2026-06-04/solutions/instance_n=20_91_c05/pareto_front.csv,9,8,229.0,2391.95,14,3,13,False,170.52519985,2391.95,92.8709,27916,8148599,600.31,2221.0,170.95,0.737,2,12,0,0,0,4,2
instance_n=20_91_c05,instance_n=20_91,Otto,20,1000.0,c05,5,mid,mid,high,low,5042,published_results/full_campaign_median_T_252_2026-06-04/solutions/instance_n=20_91_c05/pareto_front.csv,10,9,189.0,2648.85,13,2,13,False,226.1522242,2648.85,91.4622,25392,5195040,300.32,2540.0,108.85,0.8325,0,14,0,0,3,2,1
instance_n=20_91_c06,instance_n=20_91,Otto,20,1000.0,c06,6,mid,high,low,mid,6042,published_results/full_campaign_median_T_252_2026-06-04/solutions/instance_n=20_91_c06/pareto_front.csv,1,0,440.0,0.0,11,11,0,True,440.0,440.0,0.0,75,4584,0.25,0.0,0.0,,20,0,0,0,0,0,0
instance_n=20_91_c06,instance_n=20_91,Otto,20,1000.0,c06,6,mid,high,low,mid,6042,published_results/full_campaign_median_T_252_2026-06-04/solutions/instance_n=20_91_c06/pareto_front.csv,2,1,405.0,119.25,10,10,1,True,119.25,119.25,0.0,23417,1981824,74.56,113.0,6.25,0.875,18,0,0,0,0,1,1
instance_n=20_91_c06,instance_n=20_91,Otto,20,1000.0,c06,6,mid,high,low,mid,6042,published_results/full_campaign_median_T_252_2026-06-04/solutions/instance_n=20_91_c06/pareto_front.csv,3,2,378.0,354.90000000000003,11,9,2,False,80.1,354.9,77.4303,84012,7349117,300.41,319.0,35.9,0.641,18,2,0,0,0,0,0
instance_n=20_91_c06,instance_n=20_91,Otto,20,1000.0,c06,6,mid,high,low,mid,6042,published_results/full_campaign_median_T_252_2026-06-04/solutions/instance_n=20_91_c06/pareto_front.csv,4,3,352.0,658.4499999999999,11,8,4,False,103.26520913,658.45,84.3169,41868,6939823,300.32,602.0,56.45,0.7177,14,3,0,0,0,2,1
instance_n=20_91_c06,instance_n=20_91,Otto,20,1000.0,c06,6,mid,high,low,mid,6042,published_results/full_campaign_median_T_252_2026-06-04/solutions/instance_n=20_91_c06/pareto_front.csv,5,4,330.0,987.9,12,7,6,False,94.05,987.9,90.4798,43408,6287643,300.36,892.0,95.9,0.6803,12,5,0,0,0,2,1
instance_n=20_91_c06,instance_n=20_91,Otto,20,1000.0,c06,6,mid,high,low,mid,6042,published_results/full_campaign_median_T_252_2026-06-04/solutions/instance_n=20_91_c06/pareto_front.csv,6,5,325.0,1030.7,12,7,5,False,80.1,1030.7,92.2286,33264,4444222,301.0,976.0,54.7,0.7812,15,5,0,0,0,0,0
instance_n=20_91_c06,instance_n=20_91,Otto,20,1000.0,c06,6,mid,high,low,mid,6042,published_results/full_campaign_median_T_252_2026-06-04/solutions/instance_n=20_91_c06/pareto_front.csv,7,6,299.0,1283.2,12,6,7,False,84.642081188,1283.2,93.4038,40977,4526873,300.84,1196.0,87.2,0.7509,10,7,0,0,0,2,1
instance_n=20_91_c06,instance_n=20_91,Otto,20,1000.0,c06,6,mid,high,low,mid,6042,published_results/full_campaign_median_T_252_2026-06-04/solutions/instance_n=20_91_c06/pareto_front.csv,8,7,281.0,1700.15,14,5,9,False,75.600829434,1700.15,95.5533,16012,3739239,300.31,1564.0,136.15,0.6974,10,10,0,0,0,0,0
instance_n=20_91_c06,instance_n=20_91,Otto,20,1000.0,c06,6,mid,high,low,mid,6042,published_results/full_campaign_median_T_252_2026-06-04/solutions/instance_n=20_91_c06/pareto_front.csv,9,8,251.0,2017.1999999999998,13,4,11,False,99.927687664,2017.2,95.0462,20924,4360388,300.4,1881.0,136.2,0.7524,4,10,0,0,0,4,2
instance_n=20_91_c06,instance_n=20_91,Otto,20,1000.0,c06,6,mid,high,low,mid,6042,published_results/full_campaign_median_T_252_2026-06-04/solutions/instance_n=20_91_c06/pareto_front.csv,10,9,233.0,2438.1,15,3,13,False,86.278725033,2438.1,96.4612,13112,4501839,300.33,2251.0,187.1,0.7122,4,13,0,0,0,2,1
instance_n=20_91_c06,instance_n=20_91,Otto,20,1000.0,c06,6,mid,high,low,mid,6042,published_results/full_campaign_median_T_252_2026-06-04/solutions/instance_n=20_91_c06/pareto_front.csv,11,10,215.0,2892.0999999999995,17,2,15,False,137.27304407,2892.1,95.2535,17615,4086388,300.32,2661.0,231.1,0.6919,4,16,0,0,0,0,0
instance_n=20_91_c07,instance_n=20_91,Otto,20,1000.0,c07,7,high,low,high,mid,7042,published_results/full_campaign_median_T_252_2026-06-04/solutions/instance_n=20_91_c07/pareto_front.csv,1,0,440.0,0.0,11,11,0,True,440.0,440.0,0.0,75,4584,0.25,0.0,0.0,,20,0,0,0,0,0,0
instance_n=20_91_c07,instance_n=20_91,Otto,20,1000.0,c07,7,high,low,high,mid,7042,published_results/full_campaign_median_T_252_2026-06-04/solutions/instance_n=20_91_c07/pareto_front.csv,2,1,405.0,90.1,10,10,1,True,90.1,90.1,0.0,16584,676184,12.22,61.0,29.1,0.418,18,0,0,0,2,0,0
instance_n=20_91_c07,instance_n=20_91,Otto,20,1000.0,c07,7,high,low,high,mid,7042,published_results/full_campaign_median_T_252_2026-06-04/solutions/instance_n=20_91_c07/pareto_front.csv,3,2,365.0,120.6,9,9,1,True,120.6,120.6,0.0,7590,449428,14.91,108.0,12.6,0.748,16,0,0,0,4,0,0
instance_n=20_91_c07,instance_n=20_91,Otto,20,1000.0,c07,7,high,low,high,mid,7042,published_results/full_campaign_median_T_252_2026-06-04/solutions/instance_n=20_91_c07/pareto_front.csv,4,3,330.0,230.10000000000002,8,8,2,True,230.1,230.1,0.0,34857,3221991,90.13,197.0,33.1,0.669,12,0,0,0,8,0,0
instance_n=20_91_c07,instance_n=20_91,Otto,20,1000.0,c07,7,high,low,high,mid,7042,published_results/full_campaign_median_T_252_2026-06-04/solutions/instance_n=20_91_c07/pareto_front.csv,5,4,290.0,262.3,7,7,2,True,262.3,262.3,0.0,25612,2908227,129.46,246.0,16.3,0.837,10,0,0,0,10,0,0
instance_n=20_91_c07,instance_n=20_91,Otto,20,1000.0,c07,7,high,low,high,mid,7042,published_results/full_campaign_median_T_252_2026-06-04/solutions/instance_n=20_91_c07/pareto_front.csv,6,5,255.0,386.09999999999997,6,6,3,True,386.1,386.1,0.0,50953,4887913,156.24,356.0,30.1,0.7993,6,0,0,0,14,0,0
instance_n=20_91_c07,instance_n=20_91,Otto,20,1000.0,c07,7,high,low,high,mid,7042,published_results/full_campaign_median_T_252_2026-06-04/solutions/instance_n=20_91_c07/pareto_front.csv,7,6,215.0,426.7,5,5,3,True,426.7,426.7,0.0,26641,5195990,200.03,416.0,10.7,0.9287,4,0,0,0,16,0,0
instance_n=20_91_c07,instance_n=20_91,Otto,20,1000.0,c07,7,high,low,high,mid,7042,published_results/full_campaign_median_T_252_2026-06-04/solutions/instance_n=20_91_c07/pareto_front.csv,8,7,180.0,562.6999999999999,4,4,4,True,562.7,562.7,0.0,15786,6452513,217.54,542.0,20.7,0.8965,0,0,0,0,20,0,0
instance_n=20_91_c07,instance_n=20_91,Otto,20,1000.0,c07,7,high,low,high,mid,7042,published_results/full_campaign_median_T_252_2026-06-04/solutions/instance_n=20_91_c07/pareto_front.csv,9,8,171.0,1351.55,7,3,7,True,1351.55,1351.55,0.0,4953,969097,30.02,1321.0,30.55,0.9127,0,4,0,0,16,0,0
instance_n=20_91_c08,instance_n=20_91,Otto,20,1000.0,c08,8,high,mid,low,high,8042,published_results/full_campaign_median_T_252_2026-06-04/solutions/instance_n=20_91_c08/pareto_front.csv,1,0,440.0,0.0,11,11,0,True,440.0,440.0,0.0,75,4584,0.26,0.0,0.0,,20,0,0,0,0,0,0
instance_n=20_91_c08,instance_n=20_91,Otto,20,1000.0,c08,8,high,mid,low,high,8042,published_results/full_campaign_median_T_252_2026-06-04/solutions/instance_n=20_91_c08/pareto_front.csv,2,1,405.0,120.6,10,10,1,True,120.6,120.6,0.0,17191,982453,28.06,108.0,12.6,0.748,18,0,0,0,2,0,0
instance_n=20_91_c08,instance_n=20_91,Otto,20,1000.0,c08,8,high,mid,low,high,8042,published_results/full_campaign_median_T_252_2026-06-04/solutions/instance_n=20_91_c08/pareto_front.csv,3,2,370.0,275.8,9,9,2,True,275.8,275.8,0.0,102891,10749377,299.3,265.0,10.8,0.892,14,0,0,0,6,0,0
instance_n=20_91_c08,instance_n=20_91,Otto,20,1000.0,c08,8,high,mid,low,high,8042,published_results/full_campaign_median_T_252_2026-06-04/solutions/instance_n=20_91_c08/pareto_front.csv,4,3,340.0,546.1500000000001,8,8,4,False,188.34343889,546.15,65.5143,48971,6075341,300.45,521.0,25.15,0.8742,8,0,0,0,12,0,0
instance_n=20_91_c08,instance_n=20_91,Otto,20,1000.0,c08,8,high,mid,low,high,8042,published_results/full_campaign_median_T_252_2026-06-04/solutions/instance_n=20_91_c08/pareto_front.csv,5,4,305.0,728.0999999999999,7,7,5,False,186.5221193,728.1,74.3823,35371,8043240,300.32,716.0,12.1,0.9516,4,0,0,0,16,0,0
instance_n=20_91_c08,instance_n=20_91,Otto,20,1000.0,c08,8,high,mid,low,high,8042,published_results/full_campaign_median_T_252_2026-06-04/solutions/instance_n=20_91_c08/pareto_front.csv,6,5,283.0,1145.6499999999999,8,6,7,False,242.30808853,1145.65,78.8497,39180,5791407,300.42,1115.0,30.65,0.9124,2,2,0,0,16,0,0
instance_n=20_91_c08,instance_n=20_91,Otto,20,1000.0,c08,8,high,mid,low,high,8042,published_results/full_campaign_median_T_252_2026-06-04/solutions/instance_n=20_91_c08/pareto_front.csv,7,6,270.0,1828.8,10,5,10,False,169.19818458,1828.8,90.7481,36032,6616748,300.34,1762.0,66.8,0.8664,0,5,0,0,15,0,0
instance_n=20_91_c09,instance_n=20_91,Otto,20,1000.0,c09,9,high,high,mid,low,9042,published_results/full_campaign_median_T_252_2026-06-04/solutions/instance_n=20_91_c09/pareto_front.csv,1,0,440.0,0.0,11,11,0,True,440.0,440.0,0.0,75,4584,0.25,0.0,0.0,,20,0,0,0,0,0,0
instance_n=20_91_c09,instance_n=20_91,Otto,20,1000.0,c09,9,high,high,mid,low,9042,published_results/full_campaign_median_T_252_2026-06-04/solutions/instance_n=20_91_c09/pareto_front.csv,2,1,405.0,148.05,10,10,1,True,148.05,148.05,0.0,25648,1335955,51.67,148.0,0.05,0.999,18,0,0,0,2,0,0
instance_n=20_91_c09,instance_n=20_91,Otto,20,1000.0,c09,9,high,high,mid,low,9042,published_results/full_campaign_median_T_252_2026-06-04/solutions/instance_n=20_91_c09/pareto_front.csv,3,2,379.0,440.65000000000003,10,9,3,False,136.16877682,440.65,69.0982,37249,8258607,300.32,420.0,20.65,0.8623,14,1,0,0,2,2,1
instance_n=20_91_c09,instance_n=20_91,Otto,20,1000.0,c09,9,high,high,mid,low,9042,published_results/full_campaign_median_T_252_2026-06-04/solutions/instance_n=20_91_c09/pareto_front.csv,4,3,353.0,910.05,10,8,5,False,183.49838104,910.05,79.8365,54771,5691351,300.48,886.0,24.05,0.9038,10,2,0,0,2,4,2
instance_n=20_91_c09,instance_n=20_91,Otto,20,1000.0,c09,9,high,high,mid,low,9042,published_results/full_campaign_median_T_252_2026-06-04/solutions/instance_n=20_91_c09/pareto_front.csv,5,4,335.0,1456.1999999999998,12,7,7,False,139.35,1456.2,90.4306,35264,8441027,300.31,1426.0,30.2,0.9137,10,5,0,0,2,2,1
instance_n=20_91_c09,instance_n=20_91,Otto,20,1000.0,c09,9,high,high,mid,low,9042,published_results/full_campaign_median_T_252_2026-06-04/solutions/instance_n=20_91_c09/pareto_front.csv,6,5,313.0,1997.3999999999999,13,6,9,False,120.88486951,1997.4,93.9479,31357,4997045,300.33,1965.0,32.4,0.928,8,7,0,0,2,2,1
instance_n=20_97_c01,instance_n=20_97,Otto,20,1000.0,c01,1,low,low,low,low,1042,published_results/full_campaign_median_T_252_2026-06-04/solutions/instance_n=20_97_c01/pareto_front.csv,1,0,600.0,0.0,15,15,0,True,600.0,600.0,0.0,134,3202,0.12,0.0,0.0,,20,0,0,0,0,0,0
instance_n=20_97_c01,instance_n=20_97,Otto,20,1000.0,c01,1,low,low,low,low,1042,published_results/full_campaign_median_T_252_2026-06-04/solutions/instance_n=20_97_c01/pareto_front.csv,2,1,565.0,83.15,14,14,1,True,83.15,83.15,0.0,272521,9447862,177.48,50.0,33.15,0.337,18,0,0,0,2,0,0
instance_n=20_97_c01,instance_n=20_97,Otto,20,1000.0,c01,1,low,low,low,low,1042,published_results/full_campaign_median_T_252_2026-06-04/solutions/instance_n=20_97_c01/pareto_front.csv,3,2,525.0,101.25,13,13,1,False,7.0425858752,101.25,93.0444,73430,5727349,301.16,77.0,24.25,0.515,17,0,0,0,3,0,0
instance_n=20_97_c01,instance_n=20_97,Otto,20,1000.0,c01,1,low,low,low,low,1042,published_results/full_campaign_median_T_252_2026-06-04/solutions/instance_n=20_97_c01/pareto_front.csv,4,3,485.0,122.3,12,12,1,False,10.146370965,122.3,91.7037,55371,4870990,301.09,109.0,13.3,0.734,16,0,0,0,4,0,0
instance_n=20_97_c01,instance_n=20_97,Otto,20,1000.0,c01,1,low,low,low,low,1042,published_results/full_campaign_median_T_252_2026-06-04/solutions/instance_n=20_97_c01/pareto_front.csv,5,4,445.0,142.15,11,11,1,False,57.501388889,142.15,59.5488,37133,7419254,300.31,138.0,4.15,0.917,15,0,0,0,5,0,0
instance_n=20_97_c01,instance_n=20_97,Otto,20,1000.0,c01,1,low,low,low,low,1042,published_results/full_campaign_median_T_252_2026-06-04/solutions/instance_n=20_97_c01/pareto_front.csv,6,5,410.0,234.45,10,10,2,False,74.55,234.45,68.2022,44317,4415275,301.15,205.0,29.45,0.7055,13,0,0,0,5,1,1
instance_n=20_97_c01,instance_n=20_97,Otto,20,1000.0,c01,1,low,low,low,low,1042,published_results/full_campaign_median_T_252_2026-06-04/solutions/instance_n=20_97_c01/pareto_front.csv,7,6,370.0,261.5,9,9,2,False,74.55,261.5,71.4914,22152,4105423,300.36,242.0,19.5,0.805,12,0,0,0,8,0,0
instance_n=20_97_c01,instance_n=20_97,Otto,20,1000.0,c01,1,low,low,low,low,1042,published_results/full_campaign_median_T_252_2026-06-04/solutions/instance_n=20_97_c01/pareto_front.csv,8,7,330.0,290.85,8,8,2,False,77.316425194,290.85,73.4171,32345,4623705,300.76,285.0,5.85,0.9415,11,0,0,0,9,0,0
instance_n=20_97_c01,instance_n=20_97,Otto,20,1000.0,c01,1,low,low,low,low,1042,published_results/full_campaign_median_T_252_2026-06-04/solutions/instance_n=20_97_c01/pareto_front.csv,9,8,295.0,392.34999999999997,7,7,3,False,143.19523411,392.35,63.5032,54237,4361375,301.13,365.0,27.35,0.8177,8,0,0,0,12,0,0
instance_n=20_97_c01,instance_n=20_97,Otto,20,1000.0,c01,1,low,low,low,low,1042,published_results/full_campaign_median_T_252_2026-06-04/solutions/instance_n=20_97_c01/pareto_front.csv,10,9,255.0,429.75,6,6,3,False,183.862933,429.75,57.2163,88100,7279384,300.4,421.0,8.75,0.9417,6,0,0,0,14,0,0
instance_n=20_97_c01,instance_n=20_97,Otto,20,1000.0,c01,1,low,low,low,low,1042,published_results/full_campaign_median_T_252_2026-06-04/solutions/instance_n=20_97_c01/pareto_front.csv,11,10,220.0,559.25,5,5,4,False,87.515113842,559.25,84.3513,13290,4305113,300.35,538.0,21.25,0.8938,2,0,0,0,18,0,0
instance_n=20_97_c01,instance_n=20_97,Otto,20,1000.0,c01,1,low,low,low,low,1042,published_results/full_campaign_median_T_252_2026-06-04/solutions/instance_n=20_97_c01/pareto_front.csv,12,11,189.0,697.6,5,4,5,False,134.37683069,697.6,80.7373,16160,3863130,300.32,656.0,41.6,0.8336,0,1,0,0,19,0,0
instance_n=20_97_c01,instance_n=20_97,Otto,20,1000.0,c01,1,low,low,low,low,1042,published_results/full_campaign_median_T_252_2026-06-04/solutions/instance_n=20_97_c01/pareto_front.csv,13,12,162.0,1080.9,6,3,6,False,322.36152028,1080.9,70.1766,30987,4980335,300.36,1043.0,37.9,0.8737,0,4,0,0,16,0,0
instance_n=20_97_c01,instance_n=20_97,Otto,20,1000.0,c01,1,low,low,low,low,1042,published_results/full_campaign_median_T_252_2026-06-04/solutions/instance_n=20_97_c01/pareto_front.csv,14,13,144.0,1573.8,8,2,8,False,979.67356839,1573.8,37.7511,34107,5383413,300.31,1514.0,59.8,0.8505,0,10,0,0,10,0,0
instance_n=20_97_c01,instance_n=20_97,Otto,20,1000.0,c01,1,low,low,low,low,1042,published_results/full_campaign_median_T_252_2026-06-04/solutions/instance_n=20_97_c01/pareto_front.csv,15,14,126.0,2115.5499999999997,10,1,10,False,1004.7151853,2115.55,52.5081,42221,7481956,300.31,2040.0,75.55,0.8489,0,15,0,0,5,0,0
instance_n=20_97_c01,instance_n=20_97,Otto,20,1000.0,c01,1,low,low,low,low,1042,published_results/full_campaign_median_T_252_2026-06-04/solutions/instance_n=20_97_c01/pareto_front.csv,16,15,117.0,2789.9,13,0,13,True,2789.9,2789.9,0.0,21593,3205495,206.97,2654.0,135.9,0.7909,0,20,0,0,0,0,0
instance_n=20_97_c02,instance_n=20_97,Otto,20,1000.0,c02,2,low,mid,mid,mid,2042,published_results/full_campaign_median_T_252_2026-06-04/solutions/instance_n=20_97_c02/pareto_front.csv,1,0,600.0,0.0,15,15,0,True,600.0,600.0,0.0,134,3202,0.12,0.0,0.0,,20,0,0,0,0,0,0
instance_n=20_97_c02,instance_n=20_97,Otto,20,1000.0,c02,2,low,mid,mid,mid,2042,published_results/full_campaign_median_T_252_2026-06-04/solutions/instance_n=20_97_c02/pareto_front.csv,2,1,565.0,92.05,14,14,1,True,92.05,92.05,0.0,169977,5994142,214.1,70.0,22.05,0.559,18,0,0,0,0,1,1
instance_n=20_97_c02,instance_n=20_97,Otto,20,1000.0,c02,2,low,mid,mid,mid,2042,published_results/full_campaign_median_T_252_2026-06-04/solutions/instance_n=20_97_c02/pareto_front.csv,3,2,525.0,149.5,13,13,1,False,2.9109211799,149.5,98.0529,92847,8133937,300.29,149.0,0.5,0.99,17,0,0,0,3,0,0
instance_n=20_97_c02,instance_n=20_97,Otto,20,1000.0,c02,2,low,mid,mid,mid,2042,published_results/full_campaign_median_T_252_2026-06-04/solutions/instance_n=20_97_c02/pareto_front.csv,4,3,490.0,246.20000000000002,12,12,2,False,3.9620327937,246.2,98.3907,74425,7487384,301.8,224.0,22.2,0.778,15,0,0,0,3,1,1
instance_n=20_97_c02,instance_n=20_97,Otto,20,1000.0,c02,2,low,mid,mid,mid,2042,published_results/full_campaign_median_T_252_2026-06-04/solutions/instance_n=20_97_c02/pareto_front.csv,5,4,455.0,337.59999999999997,11,11,3,False,80.1,337.6,76.2737,45595,6994127,300.34,295.0,42.6,0.716,13,0,0,0,3,2,2
instance_n=20_97_c02,instance_n=20_97,Otto,20,1000.0,c02,2,low,mid,mid,mid,2042,published_results/full_campaign_median_T_252_2026-06-04/solutions/instance_n=20_97_c02/pareto_front.csv,6,5,420.0,443.95,10,10,4,False,88.510668232,443.95,80.0629,83774,8561008,300.31,389.0,54.95,0.7252,11,0,0,0,3,3,3
instance_n=20_97_c02,instance_n=20_97,Otto,20,1000.0,c02,2,low,mid,mid,mid,2042,published_results/full_campaign_median_T_252_2026-06-04/solutions/instance_n=20_97_c02/pareto_front.csv,7,6,384.0,597.85,10,9,4,False,112.91936518,597.85,81.1124,66651,4709685,301.44,562.0,35.85,0.8207,11,2,0,0,3,2,2
instance_n=20_97_c02,instance_n=20_97,Otto,20,1000.0,c02,2,low,mid,mid,mid,2042,published_results/full_campaign_median_T_252_2026-06-04/solutions/instance_n=20_97_c02/pareto_front.csv,8,7,353.0,722.5000000000001,10,8,5,False,88.607823669,722.5,87.7359,39757,6839815,300.32,662.0,60.5,0.758,10,2,0,0,6,1,1
instance_n=20_97_c02,instance_n=20_97,Otto,20,1000.0,c02,2,low,mid,mid,mid,2042,published_results/full_campaign_median_T_252_2026-06-04/solutions/instance_n=20_97_c02/pareto_front.csv,9,8,349.0,724.2,9,8,5,False,89.684064076,724.2,87.6161,43526,6435911,300.39,676.0,48.2,0.8072,8,2,0,0,3,4,3
instance_n=20_97_c02,instance_n=20_97,Otto,20,1000.0,c02,2,low,mid,mid,mid,2042,published_results/full_campaign_median_T_252_2026-06-04/solutions/instance_n=20_97_c02/pareto_front.csv,10,9,322.0,973.5,10,7,6,False,164.65,973.5,83.0868,67128,4856628,301.54,908.0,65.5,0.7817,8,5,0,0,3,2,2
instance_n=20_97_c02,instance_n=20_97,Otto,20,1000.0,c02,2,low,mid,mid,mid,2042,published_results/full_campaign_median_T_252_2026-06-04/solutions/instance_n=20_97_c02/pareto_front.csv,11,10,287.0,1113.8,9,6,7,False,96.287881933,1113.8,91.355,38358,6900318,300.3,1041.0,72.8,0.792,4,5,0,0,3,5,3
instance_n=20_97_c02,instance_n=20_97,Otto,20,1000.0,c02,2,low,mid,mid,mid,2042,published_results/full_campaign_median_T_252_2026-06-04/solutions/instance_n=20_97_c02/pareto_front.csv,12,11,260.0,1370.0,10,5,8,False,202.51239538,1370.0,85.2181,48239,4780004,301.42,1287.0,83.0,0.7925,4,8,0,0,0,4,4
instance_n=20_97_c02,instance_n=20_97,Otto,20,1000.0,c02,2,low,mid,mid,mid,2042,published_results/full_campaign_median_T_252_2026-06-04/solutions/instance_n=20_97_c02/pareto_front.csv,13,12,256.0,1419.3000000000002,9,5,8,False,197.04918458,1419.3,86.1165,30222,5738584,300.38,1364.0,55.3,0.8618,2,8,0,0,0,5,5
instance_n=20_97_c02,instance_n=20_97,Otto,20,1000.0,c02,2,low,mid,mid,mid,2042,published_results/full_campaign_median_T_252_2026-06-04/solutions/instance_n=20_97_c02/pareto_front.csv,14,13,225.0,1603.0,9,4,9,False,181.1021088,1603.0,88.7023,33985,4456034,300.78,1528.0,75.0,0.8333,0,9,0,0,3,5,3
instance_n=20_97_c02,instance_n=20_97,Otto,20,1000.0,c02,2,low,mid,mid,mid,2042,published_results/full_campaign_median_T_252_2026-06-04/solutions/instance_n=20_97_c02/pareto_front.csv,15,14,198.0,1921.7499999999995,10,3,10,False,551.94425292,1921.75,71.2791,40964,7628988,300.32,1830.0,91.75,0.8165,0,11,0,0,6,2,1
instance_n=20_97_c02,instance_n=20_97,Otto,20,1000.0,c02,2,low,mid,mid,mid,2042,published_results/full_campaign_median_T_252_2026-06-04/solutions/instance_n=20_97_c02/pareto_front.csv,16,15,171.0,2192.000000000001,11,2,11,False,510.5483491,2192.0,76.7086,20722,5883946,300.28,2080.0,112.0,0.7964,0,14,0,0,3,2,1
instance_n=20_97_c02,instance_n=20_97,Otto,20,1000.0,c02,2,low,mid,mid,mid,2042,published_results/full_campaign_median_T_252_2026-06-04/solutions/instance_n=20_97_c02/pareto_front.csv,17,16,144.0,2469.35,12,1,12,False,1003.0601898,2469.35,59.3796,30958,5232293,300.32,2341.0,128.35,0.7861,0,16,0,0,0,2,2
instance_n=20_97_c03,instance_n=20_97,Otto,20,1000.0,c03,3,low,high,high,high,3042,published_results/full_campaign_median_T_252_2026-06-04/solutions/instance_n=20_97_c03/pareto_front.csv,1,0,600.0,0.0,15,15,0,True,600.0,600.0,0.0,134,3202,0.14,0.0,0.0,,20,0,0,0,0,0,0
instance_n=20_97_c03,instance_n=20_97,Otto,20,1000.0,c03,3,low,high,high,high,3042,published_results/full_campaign_median_T_252_2026-06-04/solutions/instance_n=20_97_c03/pareto_front.csv,2,1,565.0,100.45,14,14,1,True,100.45,100.45,0.0,183714,7402653,250.99,82.0,18.45,0.631,18,0,0,0,0,1,1
instance_n=20_97_c03,instance_n=20_97,Otto,20,1000.0,c03,3,low,high,high,high,3042,published_results/full_campaign_median_T_252_2026-06-04/solutions/instance_n=20_97_c03/pareto_front.csv,3,2,530.0,204.29999999999998,13,13,2,False,2.3124946179,204.3,98.8681,128320,7355166,300.31,170.0,34.3,0.657,16,0,0,0,0,2,2
instance_n=20_97_c03,instance_n=20_97,Otto,20,1000.0,c03,3,low,high,high,high,3042,published_results/full_campaign_median_T_252_2026-06-04/solutions/instance_n=20_97_c03/pareto_front.csv,4,3,529.0,233.1,14,13,1,False,9.2348405162,233.1,96.0382,94401,6901783,300.37,233.0,0.1,0.998,18,2,0,0,0,0,0
instance_n=20_97_c03,instance_n=20_97,Otto,20,1000.0,c03,3,low,high,high,high,3042,published_results/full_campaign_median_T_252_2026-06-04/solutions/instance_n=20_97_c03/pareto_front.csv,5,4,495.0,310.95,12,12,3,False,54.796178163,310.95,82.3778,137821,10997592,300.32,263.0,47.95,0.6803,14,0,0,0,0,3,3
instance_n=20_97_c03,instance_n=20_97,Otto,20,1000.0,c03,3,low,high,high,high,3042,published_results/full_campaign_median_T_252_2026-06-04/solutions/instance_n=20_97_c03/pareto_front.csv,6,5,494.0,333.55,13,12,2,False,75.9,333.55,77.2448,85225,6125727,300.31,315.0,18.55,0.8145,16,2,0,0,0,1,1
instance_n=20_97_c03,instance_n=20_97,Otto,20,1000.0,c03,3,low,high,high,high,3042,published_results/full_campaign_median_T_252_2026-06-04/solutions/instance_n=20_97_c03/pareto_front.csv,7,6,459.0,437.40000000000003,12,11,3,False,9.8167867591,437.4,97.7557,74753,9022002,300.29,403.0,34.4,0.7707,14,2,0,0,0,2,2
instance_n=20_97_c03,instance_n=20_97,Otto,20,1000.0,c03,3,low,high,high,high,3042,published_results/full_campaign_median_T_252_2026-06-04/solutions/instance_n=20_97_c03/pareto_front.csv,8,7,458.0,481.35,13,11,2,False,59.465984155,481.35,87.646,78327,7499160,300.29,481.0,0.35,0.9965,16,4,0,0,0,0,0
instance_n=20_97_c03,instance_n=20_97,Otto,20,1000.0,c03,3,low,high,high,high,3042,published_results/full_campaign_median_T_252_2026-06-04/solutions/instance_n=20_97_c03/pareto_front.csv,9,8,424.0,553.1500000000001,11,10,4,False,57.24625,553.15,89.6509,68331,8769178,300.28,507.0,46.15,0.7692,12,2,0,0,0,3,3
instance_n=20_97_c03,instance_n=20_97,Otto,20,1000.0,c03,3,low,high,high,high,3042,published_results/full_campaign_median_T_252_2026-06-04/solutions/instance_n=20_97_c03/pareto_front.csv,10,9,423.0,575.8,12,10,3,False,99.006436732,575.8,82.8054,145614,6931149,300.33,562.0,13.8,0.908,14,4,0,0,0,1,1
instance_n=20_97_c03,instance_n=20_97,Otto,20,1000.0,c03,3,low,high,high,high,3042,published_results/full_campaign_median_T_252_2026-06-04/solutions/instance_n=20_97_c03/pareto_front.csv,11,10,389.0,663.95,10,9,5,False,91.569561369,663.95,86.2084,157674,6264976,302.04,606.0,57.95,0.7682,10,2,0,0,0,4,4
instance_n=20_97_c03,instance_n=20_97,Otto,20,1000.0,c03,3,low,high,high,high,3042,published_results/full_campaign_median_T_252_2026-06-04/solutions/instance_n=20_97_c03/pareto_front.csv,12,11,388.0,693.35,11,9,4,False,91.387454952,693.35,86.8194,60644,5487426,301.31,658.0,35.35,0.8233,12,4,0,0,0,2,2
instance_n=20_97_c03,instance_n=20_97,Otto,20,1000.0,c03,3,low,high,high,high,3042,published_results/full_campaign_median_T_252_2026-06-04/solutions/instance_n=20_97_c03/pareto_front.csv,13,12,387.0,725.0999999999999,12,9,3,False,126.98559494,725.1,82.4872,125251,8539535,300.32,724.0,1.1,0.9927,14,6,0,0,0,0,0
instance_n=20_97_c03,instance_n=20_97,Otto,20,1000.0,c03,3,low,high,high,high,3042,published_results/full_campaign_median_T_252_2026-06-04/solutions/instance_n=20_97_c03/pareto_front.csv,14,13,357.0,855.0999999999999,11,8,5,False,97.623191791,855.1,88.5834,222326,9066405,300.36,804.0,51.1,0.7956,11,5,0,0,0,2,2
instance_n=20_97_c03,instance_n=20_97,Otto,20,1000.0,c03,3,low,high,high,high,3042,published_results/full_campaign_median_T_252_2026-06-04/solutions/instance_n=20_97_c03/pareto_front.csv,15,14,322.0,1020.1999999999999,10,7,6,False,153.79679358,1020.2,84.9248,61516,5258266,301.22,973.0,47.2,0.8427,8,6,0,0,0,3,3
instance_n=20_97_c03,instance_n=20_97,Otto,20,1000.0,c03,3,low,high,high,high,3042,published_results/full_campaign_median_T_252_2026-06-04/solutions/instance_n=20_97_c03/pareto_front.csv,16,15,295.0,1221.9499999999998,11,6,7,False,214.22967545,1221.95,82.4682,99668,5718632,301.15,1137.0,84.95,0.7573,8,8,0,0,0,2,2
instance_n=20_97_c03,instance_n=20_97,Otto,20,1000.0,c03,3,low,high,high,high,3042,published_results/full_campaign_median_T_252_2026-06-04/solutions/instance_n=20_97_c03/pareto_front.csv,17,16,290.0,1231.8,11,6,6,False,107.16168094,1231.8,91.3004,58504,6860606,300.32,1195.0,36.8,0.8773,9,9,0,0,0,1,1
instance_n=20_97_c03,instance_n=20_97,Otto,20,1000.0,c03,3,low,high,high,high,3042,published_results/full_campaign_median_T_252_2026-06-04/solutions/instance_n=20_97_c03/pareto_front.csv,18,17,255.0,1409.7499999999998,10,5,7,False,197.39959805,1409.75,85.9975,34033,6754935,300.3,1383.0,26.75,0.9236,6,10,0,0,0,2,2
instance_n=20_97_c03,instance_n=20_97,Otto,20,1000.0,c03,3,low,high,high,high,3042,published_results/full_campaign_median_T_252_2026-06-04/solutions/instance_n=20_97_c03/pareto_front.csv,19,18,229.0,1700.9,10,4,9,False,149.45720183,1700.9,91.2131,39919,4803780,300.73,1639.0,61.9,0.8624,2,11,0,0,0,3,4
instance_n=20_97_c03,instance_n=20_97,Otto,20,1000.0,c03,3,low,high,high,high,3042,published_results/full_campaign_median_T_252_2026-06-04/solutions/instance_n=20_97_c03/pareto_front.csv,20,19,202.0,1952.15,11,3,10,False,414.7020358,1952.15,78.7567,26172,4427436,300.32,1861.0,91.15,0.8177,2,14,0,0,0,2,2
instance_n=20_97_c03,instance_n=20_97,Otto,20,1000.0,c03,3,low,high,high,high,3042,published_results/full_campaign_median_T_252_2026-06-04/solutions/instance_n=20_97_c03/pareto_front.csv,21,20,197.0,1959.9499999999998,11,3,9,False,464.4940508,1959.95,76.3007,27456,6127686,300.29,1908.0,51.95,0.8846,3,15,0,0,0,1,1
instance_n=20_97_c03,instance_n=20_97,Otto,20,1000.0,c03,3,low,high,high,high,3042,published_results/full_campaign_median_T_252_2026-06-04/solutions/instance_n=20_97_c03/pareto_front.csv,22,21,166.0,2156.55,11,2,10,False,1454.5477149,2156.55,32.5521,77315,6519680,300.32,2090.0,66.55,0.8669,2,16,0,0,0,1,1
instance_n=20_97_c03,instance_n=20_97,Otto,20,1000.0,c03,3,low,high,high,high,3042,published_results/full_campaign_median_T_252_2026-06-04/solutions/instance_n=20_97_c03/pareto_front.csv,23,22,135.0,2437.25,11,1,11,False,1283.1643861,2437.25,47.352,73718,7733087,300.3,2371.0,66.25,0.8795,0,18,0,0,0,1,1
instance_n=20_97_c03,instance_n=20_97,Otto,20,1000.0,c03,3,low,high,high,high,3042,published_results/full_campaign_median_T_252_2026-06-04/solutions/instance_n=20_97_c03/pareto_front.csv,24,23,108.0,2735.7999999999997,12,0,12,True,2735.8,2735.8,0.0,46886,4727014,235.38,2648.0,87.8,0.8537,0,20,0,0,0,0,0
instance_n=20_97_c04,instance_n=20_97,Otto,20,1000.0,c04,4,mid,low,mid,high,4042,published_results/full_campaign_median_T_252_2026-06-04/solutions/instance_n=20_97_c04/pareto_front.csv,1,0,600.0,0.0,15,15,0,True,600.0,600.0,0.0,134,3202,0.12,0.0,0.0,,20,0,0,0,0,0,0
instance_n=20_97_c04,instance_n=20_97,Otto,20,1000.0,c04,4,mid,low,mid,high,4042,published_results/full_campaign_median_T_252_2026-06-04/solutions/instance_n=20_97_c04/pareto_front.csv,2,1,565.0,85.65,14,14,1,True,85.65,85.65,0.0,77493,1936674,23.31,53.0,32.65,0.347,18,0,0,0,2,0,0
instance_n=20_97_c04,instance_n=20_97,Otto,20,1000.0,c04,4,mid,low,mid,high,4042,published_results/full_campaign_median_T_252_2026-06-04/solutions/instance_n=20_97_c04/pareto_front.csv,3,2,525.0,104.3,13,13,1,True,104.3,104.3,0.0,42098,1678572,32.43,81.0,23.3,0.534,17,0,0,0,3,0,0
instance_n=20_97_c04,instance_n=20_97,Otto,20,1000.0,c04,4,mid,low,mid,high,4042,published_results/full_campaign_median_T_252_2026-06-04/solutions/instance_n=20_97_c04/pareto_front.csv,4,3,485.0,124.15,12,12,1,True,124.15,124.15,0.0,16508,1317552,45.91,111.0,13.15,0.737,16,0,0,0,4,0,0
instance_n=20_97_c04,instance_n=20_97,Otto,20,1000.0,c04,4,mid,low,mid,high,4042,published_results/full_campaign_median_T_252_2026-06-04/solutions/instance_n=20_97_c04/pareto_front.csv,5,4,445.0,144.25,11,11,1,True,144.25,144.25,0.0,17223,4374687,157.84,141.0,3.25,0.935,15,0,0,0,5,0,0
instance_n=20_97_c04,instance_n=20_97,Otto,20,1000.0,c04,4,mid,low,mid,high,4042,published_results/full_campaign_median_T_252_2026-06-04/solutions/instance_n=20_97_c04/pareto_front.csv,6,5,410.0,236.95,10,10,2,False,89.15,236.95,62.376,35621,7826671,300.33,205.0,31.95,0.6805,13,0,0,0,7,0,0
instance_n=20_97_c04,instance_n=20_97,Otto,20,1000.0,c04,4,mid,low,mid,high,4042,published_results/full_campaign_median_T_252_2026-06-04/solutions/instance_n=20_97_c04/pareto_front.csv,7,6,370.0,257.05,9,9,2,True,257.05,257.05,0.0,41404,5540666,191.79,235.0,22.05,0.7795,12,0,0,0,8,0,0
instance_n=20_97_c04,instance_n=20_97,Otto,20,1000.0,c04,4,mid,low,mid,high,4042,published_results/full_campaign_median_T_252_2026-06-04/solutions/instance_n=20_97_c04/pareto_front.csv,8,7,330.0,285.65,8,8,2,False,179.43734677,285.65,37.1828,18868,8032014,300.28,279.0,6.65,0.9335,11,0,0,0,9,0,0
instance_n=20_97_c04,instance_n=20_97,Otto,20,1000.0,c04,4,mid,low,mid,high,4042,published_results/full_campaign_median_T_252_2026-06-04/solutions/instance_n=20_97_c04/pareto_front.csv,9,8,295.0,387.5,7,7,3,False,191.134186,387.5,50.675,42134,9564474,300.28,355.0,32.5,0.7833,8,0,0,0,12,0,0
instance_n=20_97_c04,instance_n=20_97,Otto,20,1000.0,c04,4,mid,low,mid,high,4042,published_results/full_campaign_median_T_252_2026-06-04/solutions/instance_n=20_97_c04/pareto_front.csv,10,9,255.0,425.3,6,6,3,True,425.3,425.3,0.0,47945,4883631,132.61,412.0,13.3,0.9113,6,0,0,0,14,0,0
instance_n=20_97_c04,instance_n=20_97,Otto,20,1000.0,c04,4,mid,low,mid,high,4042,published_results/full_campaign_median_T_252_2026-06-04/solutions/instance_n=20_97_c04/pareto_front.csv,11,10,220.0,552.8000000000001,5,5,4,True,552.8000000000001,552.8000000000001,0.0,57232,8032725,218.48,527.0,25.8,0.871,2,0,0,0,18,0,0
instance_n=20_97_c04,instance_n=20_97,Otto,20,1000.0,c04,4,mid,low,mid,high,4042,published_results/full_campaign_median_T_252_2026-06-04/solutions/instance_n=20_97_c04/pareto_front.csv,12,11,180.0,593.7000000000002,4,4,4,True,593.7,593.7,0.0,17068,3816552,191.59,589.0,4.7,0.9765,0,0,0,0,20,0,0
instance_n=20_97_c04,instance_n=20_97,Otto,20,1000.0,c04,4,mid,low,mid,high,4042,published_results/full_campaign_median_T_252_2026-06-04/solutions/instance_n=20_97_c04/pareto_front.csv,13,12,171.0,1243.2500000000002,7,3,7,True,1243.25,1243.25,0.0,34039,6225779,240.09,1204.0,39.25,0.8879,0,5,0,0,15,0,0
instance_n=20_97_c05,instance_n=20_97,Otto,20,1000.0,c05,5,mid,mid,high,low,5042,published_results/full_campaign_median_T_252_2026-06-04/solutions/instance_n=20_97_c05/pareto_front.csv,1,0,600.0,0.0,15,15,0,True,600.0,600.0,0.0,134,3202,0.18,0.0,0.0,,20,0,0,0,0,0,0
instance_n=20_97_c05,instance_n=20_97,Otto,20,1000.0,c05,5,mid,mid,high,low,5042,published_results/full_campaign_median_T_252_2026-06-04/solutions/instance_n=20_97_c05/pareto_front.csv,2,1,565.0,102.3,14,14,1,True,102.3,102.3,0.0,191733,5397201,98.84,86.0,16.3,0.674,18,0,0,0,0,1,1
instance_n=20_97_c05,instance_n=20_97,Otto,20,1000.0,c05,5,mid,mid,high,low,5042,published_results/full_campaign_median_T_252_2026-06-04/solutions/instance_n=20_97_c05/pareto_front.csv,3,2,525.0,144.35,13,13,1,False,83.75,144.35,41.9813,155826,10428788,300.35,140.0,4.35,0.913,17,0,0,0,3,0,0
instance_n=20_97_c05,instance_n=20_97,Otto,20,1000.0,c05,5,mid,mid,high,low,5042,published_results/full_campaign_median_T_252_2026-06-04/solutions/instance_n=20_97_c05/pareto_front.csv,4,3,490.0,246.65,12,12,2,False,58.636125654,246.65,76.227,59568,6267582,300.33,226.0,20.65,0.7935,15,0,0,0,3,1,1
instance_n=20_97_c05,instance_n=20_97,Otto,20,1000.0,c05,5,mid,mid,high,low,5042,published_results/full_campaign_median_T_252_2026-06-04/solutions/instance_n=20_97_c05/pareto_front.csv,5,4,450.0,295.2,11,11,2,False,53.338839286,295.2,81.9313,75554,4877555,300.36,292.0,3.2,0.968,14,0,0,0,6,0,0
instance_n=20_97_c05,instance_n=20_97,Otto,20,1000.0,c05,5,mid,mid,high,low,5042,published_results/full_campaign_median_T_252_2026-06-04/solutions/instance_n=20_97_c05/pareto_front.csv,6,5,415.0,397.5,10,10,3,False,93.948848312,397.5,76.3651,42229,4113590,300.89,378.0,19.5,0.87,12,0,0,0,6,1,1
instance_n=20_97_c05,instance_n=20_97,Otto,20,1000.0,c05,5,mid,mid,high,low,5042,published_results/full_campaign_median_T_252_2026-06-04/solutions/instance_n=20_97_c05/pareto_front.csv,7,6,380.0,532.6,9,9,4,False,108.39319187,532.6,79.6483,67827,5504722,301.39,520.0,12.6,0.937,8,0,0,0,6,4,2
instance_n=20_97_c05,instance_n=20_97,Otto,20,1000.0,c05,5,mid,mid,high,low,5042,published_results/full_campaign_median_T_252_2026-06-04/solutions/instance_n=20_97_c05/pareto_front.csv,8,7,345.0,661.0,8,8,5,False,91.952695494,661.0,86.0889,58670,5086786,301.22,642.0,19.0,0.924,6,0,0,0,6,5,3
instance_n=20_97_c05,instance_n=20_97,Otto,20,1000.0,c05,5,mid,mid,high,low,5042,published_results/full_campaign_median_T_252_2026-06-04/solutions/instance_n=20_97_c05/pareto_front.csv,9,8,310.0,798.5,7,7,6,False,142.47419372,798.5,82.1573,67215,6936516,300.32,779.0,19.5,0.935,2,0,0,0,6,8,4
instance_n=20_97_c05,instance_n=20_97,Otto,20,1000.0,c05,5,mid,mid,high,low,5042,published_results/full_campaign_median_T_252_2026-06-04/solutions/instance_n=20_97_c05/pareto_front.csv,10,9,288.0,1180.3999999999996,8,6,8,False,197.9875,1180.4,83.2271,51234,6631486,300.36,1133.0,47.4,0.8815,0,2,0,0,6,8,4
instance_n=20_97_c05,instance_n=20_97,Otto,20,1000.0,c05,5,mid,mid,high,low,5042,published_results/full_campaign_median_T_252_2026-06-04/solutions/instance_n=20_97_c05/pareto_front.csv,11,10,261.0,1576.6999999999996,9,5,9,False,146.63883079,1576.7,90.6996,28624,6720491,300.3,1543.0,33.7,0.9251,0,5,0,0,6,6,3
instance_n=20_97_c05,instance_n=20_97,Otto,20,1000.0,c05,5,mid,mid,high,low,5042,published_results/full_campaign_median_T_252_2026-06-04/solutions/instance_n=20_97_c05/pareto_front.csv,12,11,243.0,2057.4,11,4,11,False,113.67314996,2057.4,94.4749,28052,6898320,300.31,1989.0,68.4,0.8756,0,7,0,0,10,2,1
instance_n=20_97_c05,instance_n=20_97,Otto,20,1000.0,c05,5,mid,mid,high,low,5042,published_results/full_campaign_median_T_252_2026-06-04/solutions/instance_n=20_97_c05/pareto_front.csv,13,12,225.0,2557.1499999999996,13,3,13,False,304.29607038,2557.15,88.1002,35442,7158342,300.29,2449.0,108.15,0.8336,0,11,0,0,6,2,1
instance_n=20_97_c05,instance_n=20_97,Otto,20,1000.0,c05,5,mid,mid,high,low,5042,published_results/full_campaign_median_T_252_2026-06-04/solutions/instance_n=20_97_c05/pareto_front.csv,14,13,201.9999999999867,3029.949999999787,15,2,14,False,237.8541386,3029.95,92.1499,47329,11839364,600.29,2931.0,98.95,0.8586,2,15,0,0,3,0,0
instance_n=20_97_c06,instance_n=20_97,Otto,20,1000.0,c06,6,mid,high,low,mid,6042,published_results/full_campaign_median_T_252_2026-06-04/solutions/instance_n=20_97_c06/pareto_front.csv,1,0,600.0,0.0,15,15,0,True,600.0,600.0,0.0,134,3202,0.12,0.0,0.0,,20,0,0,0,0,0,0
instance_n=20_97_c06,instance_n=20_97,Otto,20,1000.0,c06,6,mid,high,low,mid,6042,published_results/full_campaign_median_T_252_2026-06-04/solutions/instance_n=20_97_c06/pareto_front.csv,2,1,565.0,107.1,14,14,1,True,107.1,107.1,0.0,218841,8367285,155.47,90.0,17.1,0.658,18,0,0,0,0,1,1
instance_n=20_97_c06,instance_n=20_97,Otto,20,1000.0,c06,6,mid,high,low,mid,6042,published_results/full_campaign_median_T_252_2026-06-04/solutions/instance_n=20_97_c06/pareto_front.csv,3,2,530.0,221.25,13,13,2,False,6.5569952718,221.25,97.0364,119213,9435155,300.36,188.0,33.25,0.6675,16,0,0,0,0,2,2
instance_n=20_97_c06,instance_n=20_97,Otto,20,1000.0,c06,6,mid,high,low,mid,6042,published_results/full_campaign_median_T_252_2026-06-04/solutions/instance_n=20_97_c06/pareto_front.csv,4,3,495.0,345.15,12,12,3,False,25.371049254,345.15,92.6493,114087,6801356,301.27,304.0,41.15,0.7257,14,0,0,0,0,3,3
instance_n=20_97_c06,instance_n=20_97,Otto,20,1000.0,c06,6,mid,high,low,mid,6042,published_results/full_campaign_median_T_252_2026-06-04/solutions/instance_n=20_97_c06/pareto_front.csv,5,4,460.0,481.75,11,11,4,False,95.693703735,481.75,80.1362,57949,9707809,300.35,435.0,46.75,0.7662,12,0,0,0,2,3,3
instance_n=20_97_c06,instance_n=20_97,Otto,20,1000.0,c06,6,mid,high,low,mid,6042,published_results/full_campaign_median_T_252_2026-06-04/solutions/instance_n=20_97_c06/pareto_front.csv,6,5,429.0,673.95,11,10,5,False,98.842325803,673.95,85.3339,69390,6273555,300.3,612.0,61.95,0.7522,11,1,0,0,2,3,3
instance_n=20_97_c06,instance_n=20_97,Otto,20,1000.0,c06,6,mid,high,low,mid,6042,published_results/full_campaign_median_T_252_2026-06-04/solutions/instance_n=20_97_c06/pareto_front.csv,7,6,402.0,935.9500000000002,12,9,6,False,96.721629143,935.95,89.6659,112951,6774642,301.57,857.0,78.95,0.7368,11,3,0,0,2,2,2
instance_n=20_97_c06,instance_n=20_97,Otto,20,1000.0,c06,6,mid,high,low,mid,6042,published_results/full_campaign_median_T_252_2026-06-04/solutions/instance_n=20_97_c06/pareto_front.csv,8,7,371.0,1148.4,12,8,7,False,102.73557161,1148.4,91.054,75608,8589491,300.73,1065.0,83.4,0.7617,10,4,0,0,2,2,2
instance_n=20_97_c06,instance_n=20_97,Otto,20,1000.0,c06,6,mid,high,low,mid,6042,published_results/full_campaign_median_T_252_2026-06-04/solutions/instance_n=20_97_c06/pareto_front.csv,9,8,368.0,1235.7,10,8,8,False,110.00688429,1235.7,91.0976,86899,8092035,300.79,1181.0,54.7,0.8632,4,2,0,0,4,6,4
instance_n=20_97_c06,instance_n=20_97,Otto,20,1000.0,c06,6,mid,high,low,mid,6042,published_results/full_campaign_median_T_252_2026-06-04/solutions/instance_n=20_97_c06/pareto_front.csv,10,9,340.0,1496.3999999999999,12,7,8,False,92.65,1496.4,93.8085,78252,7445670,300.3,1433.0,63.4,0.8415,8,5,0,0,2,3,2
instance_n=20_97_c06,instance_n=20_97,Otto,20,1000.0,c06,6,mid,high,low,mid,6042,published_results/full_campaign_median_T_252_2026-06-04/solutions/instance_n=20_97_c06/pareto_front.csv,11,10,318.0,1737.0,13,6,10,False,157.3067193,1737.0,90.9438,95265,8396192,301.89,1620.0,117.0,0.766,6,7,0,0,0,4,3
instance_n=20_97_c06,instance_n=20_97,Otto,20,1000.0,c06,6,mid,high,low,mid,6042,published_results/full_campaign_median_T_252_2026-06-04/solutions/instance_n=20_97_c06/pareto_front.csv,12,11,314.0,1800.05,12,6,10,False,126.2358119,1800.05,92.9871,50863,9382117,300.31,1714.0,86.05,0.8279,4,7,0,0,2,4,3
instance_n=20_97_c06,instance_n=20_97,Otto,20,1000.0,c06,6,mid,high,low,mid,6042,published_results/full_campaign_median_T_252_2026-06-04/solutions/instance_n=20_97_c06/pareto_front.csv,13,12,295.0,2073.45,15,5,11,False,153.14277121,2073.45,92.6141,62525,6161320,300.91,1938.0,135.45,0.7537,8,10,0,0,0,1,1
instance_n=20_97_c06,instance_n=20_97,Otto,20,1000.0,c06,6,mid,high,low,mid,6042,published_results/full_campaign_median_T_252_2026-06-04/solutions/instance_n=20_97_c06/pareto_front.csv,14,13,287.0,2089.05,13,5,11,False,181.33937298,2089.05,91.3195,24500,6732845,300.28,1998.0,91.05,0.8345,4,9,0,0,0,4,3
instance_n=20_97_c06,instance_n=20_97,Otto,20,1000.0,c06,6,mid,high,low,mid,6042,published_results/full_campaign_median_T_252_2026-06-04/solutions/instance_n=20_97_c06/pareto_front.csv,15,14,260.0,2401.0499999999997,14,4,12,False,167.0462963,2401.05,93.0428,25413,5103397,300.35,2292.0,109.05,0.8182,4,11,0,0,0,3,2
instance_n=20_97_c06,instance_n=20_97,Otto,20,1000.0,c06,6,mid,high,low,mid,6042,published_results/full_campaign_median_T_252_2026-06-04/solutions/instance_n=20_97_c06/pareto_front.csv,16,15,238.0,2807.0499999999997,15,3,14,False,266.69444444,2807.05,90.4991,72334,9321429,300.3,2676.0,131.05,0.8128,2,13,0,0,0,3,2
instance_n=20_97_c06,instance_n=20_97,Otto,20,1000.0,c06,6,mid,high,low,mid,6042,published_results/full_campaign_median_T_252_2026-06-04/solutions/instance_n=20_97_c06/pareto_front.csv,17,16,216.0,3242.5999999999995,16,2,16,False,270.01396092,3242.6,91.6729,49355,10839274,600.76,3081.0,161.6,0.798,0,15,0,0,0,3,2
instance_n=20_97_c07,instance_n=20_97,Otto,20,1000.0,c07,7,high,low,high,mid,7042,published_results/full_campaign_median_T_252_2026-06-04/solutions/instance_n=20_97_c07/pareto_front.csv,1,0,600.0,0.0,15,15,0,True,600.0,600.0,0.0,134,3202,0.14,0.0,0.0,,20,0,0,0,0,0,0
instance_n=20_97_c07,instance_n=20_97,Otto,20,1000.0,c07,7,high,low,high,mid,7042,published_results/full_campaign_median_T_252_2026-06-04/solutions/instance_n=20_97_c07/pareto_front.csv,2,1,565.0,84.15,14,14,1,True,84.15,84.15,0.0,109618,2204425,15.92,51.0,33.15,0.337,18,0,0,0,2,0,0
instance_n=20_97_c07,instance_n=20_97,Otto,20,1000.0,c07,7,high,low,high,mid,7042,published_results/full_campaign_median_T_252_2026-06-04/solutions/instance_n=20_97_c07/pareto_front.csv,3,2,525.0,104.5,13,13,1,True,104.5,104.5,0.0,82870,2579334,44.09,83.0,21.5,0.57,17,0,0,0,3,0,0
instance_n=20_97_c07,instance_n=20_97,Otto,20,1000.0,c07,7,high,low,high,mid,7042,published_results/full_campaign_median_T_252_2026-06-04/solutions/instance_n=20_97_c07/pareto_front.csv,4,3,485.0,125.5,12,12,1,True,125.5,125.5,0.0,23221,1144017,16.89,113.0,12.5,0.75,16,0,0,0,4,0,0
instance_n=20_97_c07,instance_n=20_97,Otto,20,1000.0,c07,7,high,low,high,mid,7042,published_results/full_campaign_median_T_252_2026-06-04/solutions/instance_n=20_97_c07/pareto_front.csv,5,4,445.0,145.1,11,11,1,True,145.1,145.1,0.0,5794,397137,13.25,143.0,2.1,0.958,15,0,0,0,5,0,0
instance_n=20_97_c07,instance_n=20_97,Otto,20,1000.0,c07,7,high,low,high,mid,7042,published_results/full_campaign_median_T_252_2026-06-04/solutions/instance_n=20_97_c07/pareto_front.csv,6,5,410.0,240.8,10,10,2,True,240.8,240.8,0.0,43557,2960982,65.06,212.0,28.8,0.712,13,0,0,0,7,0,0
instance_n=20_97_c07,instance_n=20_97,Otto,20,1000.0,c07,7,high,low,high,mid,7042,published_results/full_campaign_median_T_252_2026-06-04/solutions/instance_n=20_97_c07/pareto_front.csv,7,6,370.0,265.0,9,9,2,True,265.0,265.0,0.0,41117,2521990,51.94,247.0,18.0,0.82,12,0,0,0,8,0,0
instance_n=20_97_c07,instance_n=20_97,Otto,20,1000.0,c07,7,high,low,high,mid,7042,published_results/full_campaign_median_T_252_2026-06-04/solutions/instance_n=20_97_c07/pareto_front.csv,8,7,330.0,289.70000000000005,8,8,2,True,289.7,289.7,0.0,33742,4820376,117.61,285.0,4.7,0.953,11,0,0,0,9,0,0
instance_n=20_97_c07,instance_n=20_97,Otto,20,1000.0,c07,7,high,low,high,mid,7042,published_results/full_campaign_median_T_252_2026-06-04/solutions/instance_n=20_97_c07/pareto_front.csv,9,8,295.0,395.79999999999995,7,7,3,False,358.12765978,395.8,9.518,64779,9493519,300.3,368.0,27.8,0.8147,8,0,0,0,12,0,0
instance_n=20_97_c07,instance_n=20_97,Otto,20,1000.0,c07,7,high,low,high,mid,7042,published_results/full_campaign_median_T_252_2026-06-04/solutions/instance_n=20_97_c07/pareto_front.csv,10,9,255.0,431.20000000000005,6,6,3,True,431.2,431.2,0.0,29432,5123293,122.23,421.0,10.2,0.932,6,0,0,0,14,0,0
instance_n=20_97_c07,instance_n=20_97,Otto,20,1000.0,c07,7,high,low,high,mid,7042,published_results/full_campaign_median_T_252_2026-06-04/solutions/instance_n=20_97_c07/pareto_front.csv,11,10,220.0,556.9499999999999,5,5,4,True,556.95,556.95,0.0,23116,2634826,95.21,534.0,22.95,0.8852,2,0,0,0,18,0,0
instance_n=20_97_c07,instance_n=20_97,Otto,20,1000.0,c07,7,high,low,high,mid,7042,published_results/full_campaign_median_T_252_2026-06-04/solutions/instance_n=20_97_c07/pareto_front.csv,12,11,180.0,602.1,4,4,4,True,602.1,602.1,0.0,10973,2552427,76.82,600.0,2.1,0.9895,0,0,0,0,20,0,0
instance_n=20_97_c08,instance_n=20_97,Otto,20,1000.0,c08,8,high,mid,low,high,8042,published_results/full_campaign_median_T_252_2026-06-04/solutions/instance_n=20_97_c08/pareto_front.csv,1,0,600.0,0.0,15,15,0,True,600.0,600.0,0.0,134,3202,0.12,0.0,0.0,,20,0,0,0,0,0,0
instance_n=20_97_c08,instance_n=20_97,Otto,20,1000.0,c08,8,high,mid,low,high,8042,published_results/full_campaign_median_T_252_2026-06-04/solutions/instance_n=20_97_c08/pareto_front.csv,2,1,565.0,112.2,14,14,1,True,112.2,112.2,0.0,110961,2090317,29.43,95.0,17.2,0.656,18,0,0,0,2,0,0
instance_n=20_97_c08,instance_n=20_97,Otto,20,1000.0,c08,8,high,mid,low,high,8042,published_results/full_campaign_median_T_252_2026-06-04/solutions/instance_n=20_97_c08/pareto_front.csv,3,2,525.0,146.0,13,13,1,True,146.0,146.0,0.0,79484,2394037,47.32,144.0,2.0,0.96,17,0,0,0,3,0,0
instance_n=20_97_c08,instance_n=20_97,Otto,20,1000.0,c08,8,high,mid,low,high,8042,published_results/full_campaign_median_T_252_2026-06-04/solutions/instance_n=20_97_c08/pareto_front.csv,4,3,490.0,261.9,12,12,2,False,238.65,261.9,8.8774,291110,10295985,300.49,245.0,16.9,0.831,15,0,0,0,5,0,0
instance_n=20_97_c08,instance_n=20_97,Otto,20,1000.0,c08,8,high,mid,low,high,8042,published_results/full_campaign_median_T_252_2026-06-04/solutions/instance_n=20_97_c08/pareto_front.csv,5,4,450.0,297.4,11,11,2,True,297.4,297.4,0.0,56654,3397185,96.65,295.0,2.4,0.976,14,0,0,0,6,0,0
instance_n=20_97_c08,instance_n=20_97,Otto,20,1000.0,c08,8,high,mid,low,high,8042,published_results/full_campaign_median_T_252_2026-06-04/solutions/instance_n=20_97_c08/pareto_front.csv,6,5,415.0,413.29999999999995,10,10,3,False,259.7884399,413.3,37.1429,115663,9288710,300.7,396.0,17.3,0.8847,12,0,0,0,8,0,0
instance_n=20_97_c08,instance_n=20_97,Otto,20,1000.0,c08,8,high,mid,low,high,8042,published_results/full_campaign_median_T_252_2026-06-04/solutions/instance_n=20_97_c08/pareto_front.csv,7,6,380.0,550.6,9,9,4,False,152.56666667,550.6,72.2908,73860,8653751,300.31,527.0,23.6,0.882,10,0,0,0,10,0,0
instance_n=20_97_c08,instance_n=20_97,Otto,20,1000.0,c08,8,high,mid,low,high,8042,published_results/full_campaign_median_T_252_2026-06-04/solutions/instance_n=20_97_c08/pareto_front.csv,8,7,345.0,720.8499999999999,8,8,5,False,288.35382617,720.85,59.9981,96508,8222633,300.77,708.0,12.85,0.9486,6,0,0,0,14,0,0
instance_n=20_97_c08,instance_n=20_97,Otto,20,1000.0,c08,8,high,mid,low,high,8042,published_results/full_campaign_median_T_252_2026-06-04/solutions/instance_n=20_97_c08/pareto_front.csv,9,8,319.0,1084.75,8,7,7,False,312.81779859,1084.75,71.1622,68174,12565394,300.29,1063.0,21.75,0.9379,2,1,0,0,17,0,0
instance_n=20_97_c09,instance_n=20_97,Otto,20,1000.0,c09,9,high,high,mid,low,9042,published_results/full_campaign_median_T_252_2026-06-04/solutions/instance_n=20_97_c09/pareto_front.csv,1,0,600.0,0.0,15,15,0,True,600.0,600.0,0.0,134,3202,0.13,0.0,0.0,,20,0,0,0,0,0,0
instance_n=20_97_c09,instance_n=20_97,Otto,20,1000.0,c09,9,high,high,mid,low,9042,published_results/full_campaign_median_T_252_2026-06-04/solutions/instance_n=20_97_c09/pareto_front.csv,2,1,565.0,115.25,14,14,1,True,115.25,115.25,0.0,124420,3534815,56.59,111.0,4.25,0.915,18,0,0,0,0,1,1
instance_n=20_97_c09,instance_n=20_97,Otto,20,1000.0,c09,9,high,high,mid,low,9042,published_results/full_campaign_median_T_252_2026-06-04/solutions/instance_n=20_97_c09/pareto_front.csv,3,2,530.0,257.1,13,13,2,False,114.45,257.1,55.4842,178110,7940501,300.45,247.0,10.1,0.899,15,0,0,0,2,2,1
instance_n=20_97_c09,instance_n=20_97,Otto,20,1000.0,c09,9,high,high,mid,low,9042,published_results/full_campaign_median_T_252_2026-06-04/solutions/instance_n=20_97_c09/pareto_front.csv,4,3,495.0,401.75,12,12,3,False,32.275145216,401.75,91.9664,110113,9482582,300.35,390.0,11.75,0.9217,14,0,0,0,2,2,2
instance_n=20_97_c09,instance_n=20_97,Otto,20,1000.0,c09,9,high,high,mid,low,9042,published_results/full_campaign_median_T_252_2026-06-04/solutions/instance_n=20_97_c09/pareto_front.csv,5,4,460.0,551.85,11,11,4,False,93.807053825,551.85,83.0013,96779,7992070,300.37,537.0,14.85,0.9258,12,0,0,0,4,2,2
instance_n=20_97_c09,instance_n=20_97,Otto,20,1000.0,c09,9,high,high,mid,low,9042,published_results/full_campaign_median_T_252_2026-06-04/solutions/instance_n=20_97_c09/pareto_front.csv,6,5,429.0,809.4,11,10,5,False,131.2607636,809.4,83.783,128417,9994104,300.36,796.0,13.4,0.9464,11,1,0,0,6,1,1
instance_n=20_99_c01,instance_n=20_99,Otto,20,1000.0,c01,1,low,low,low,low,1042,published_results/full_campaign_median_T_252_2026-06-04/solutions/instance_n=20_99_c01/pareto_front.csv,1,0,480.0,0.0,12,12,0,True,480.0,480.0,0.0,359,19917,0.13,0.0,0.0,,20,0,0,0,0,0,0
instance_n=20_99_c01,instance_n=20_99,Otto,20,1000.0,c01,1,low,low,low,low,1042,published_results/full_campaign_median_T_252_2026-06-04/solutions/instance_n=20_99_c01/pareto_front.csv,2,1,445.0,86.0,11,11,1,True,86.0,86.0,0.0,70987,3605909,86.53,58.0,28.0,0.44,18,0,0,0,0,1,1
instance_n=20_99_c01,instance_n=20_99,Otto,20,1000.0,c01,1,low,low,low,low,1042,published_results/full_campaign_median_T_252_2026-06-04/solutions/instance_n=20_99_c01/pareto_front.csv,3,2,405.0,109.0,10,10,1,False,88.55,109.0,18.7615,66240,6339231,300.4,88.0,21.0,0.58,17,0,0,0,3,0,0
instance_n=20_99_c01,instance_n=20_99,Otto,20,1000.0,c01,1,low,low,low,low,1042,published_results/full_campaign_median_T_252_2026-06-04/solutions/instance_n=20_99_c01/pareto_front.csv,4,3,365.0,150.0,9,9,1,False,100.79949135,150.0,32.8003,36192,4929137,300.35,149.0,1.0,0.98,15,0,0,0,5,0,0
instance_n=20_99_c01,instance_n=20_99,Otto,20,1000.0,c01,1,low,low,low,low,1042,published_results/full_campaign_median_T_252_2026-06-04/solutions/instance_n=20_99_c01/pareto_front.csv,5,4,330.0,252.95,8,8,2,False,88.829929894,252.95,64.8824,36939,4996942,301.29,229.0,23.95,0.7605,12,0,0,0,8,0,0
instance_n=20_99_c01,instance_n=20_99,Otto,20,1000.0,c01,1,low,low,low,low,1042,published_results/full_campaign_median_T_252_2026-06-04/solutions/instance_n=20_99_c01/pareto_front.csv,6,5,290.0,294.55,7,7,2,False,95.440777684,294.55,67.5978,24910,7285561,300.31,290.0,4.55,0.9545,10,0,0,0,10,0,0
instance_n=20_99_c01,instance_n=20_99,Otto,20,1000.0,c01,1,low,low,low,low,1042,published_results/full_campaign_median_T_252_2026-06-04/solutions/instance_n=20_99_c01/pareto_front.csv,7,6,255.0,423.74999999999994,6,6,3,False,81.938239931,423.75,80.6635,39659,6780919,300.3,410.0,13.75,0.9083,6,0,0,0,14,0,0
instance_n=20_99_c01,instance_n=20_99,Otto,20,1000.0,c01,1,low,low,low,low,1042,published_results/full_campaign_median_T_252_2026-06-04/solutions/instance_n=20_99_c01/pareto_front.csv,8,7,220.0,535.7,5,5,4,False,143.63748457,535.7,73.187,22737,6165974,300.3,503.0,32.7,0.8365,2,0,0,0,15,2,1
instance_n=20_99_c01,instance_n=20_99,Otto,20,1000.0,c01,1,low,low,low,low,1042,published_results/full_campaign_median_T_252_2026-06-04/solutions/instance_n=20_99_c01/pareto_front.csv,9,8,180.0,593.1,4,4,4,False,147.46008722,593.1,75.1374,19314,4714331,300.32,585.0,8.1,0.9595,0,0,0,0,20,0,0
instance_n=20_99_c01,instance_n=20_99,Otto,20,1000.0,c01,1,low,low,low,low,1042,published_results/full_campaign_median_T_252_2026-06-04/solutions/instance_n=20_99_c01/pareto_front.csv,10,9,162.0,1027.5,6,3,6,False,328.31714712,1027.5,68.047,26355,6385866,300.29,988.0,39.5,0.8683,0,5,0,0,15,0,0
instance_n=20_99_c01,instance_n=20_99,Otto,20,1000.0,c01,1,low,low,low,low,1042,published_results/full_campaign_median_T_252_2026-06-04/solutions/instance_n=20_99_c01/pareto_front.csv,11,10,135.0,1498.8,7,2,7,False,665.49125475,1498.8,55.5984,35109,5465254,300.32,1487.0,11.8,0.9663,0,10,0,0,10,0,0
instance_n=20_99_c01,instance_n=20_99,Otto,20,1000.0,c01,1,low,low,low,low,1042,published_results/full_campaign_median_T_252_2026-06-04/solutions/instance_n=20_99_c01/pareto_front.csv,12,11,117.0,2031.3999999999999,9,1,9,False,596.63792789,2031.4,70.6292,17152,4479385,300.31,2002.0,29.4,0.9347,0,15,0,0,5,0,0
instance_n=20_99_c01,instance_n=20_99,Otto,20,1000.0,c01,1,low,low,low,low,1042,published_results/full_campaign_median_T_252_2026-06-04/solutions/instance_n=20_99_c01/pareto_front.csv,13,12,108.0,2677.149999999999,12,0,12,True,2677.15,2677.15,0.0,17826,2851592,113.78,2585.0,92.15,0.8464,0,20,0,0,0,0,0
instance_n=20_99_c02,instance_n=20_99,Otto,20,1000.0,c02,2,low,mid,mid,mid,2042,published_results/full_campaign_median_T_252_2026-06-04/solutions/instance_n=20_99_c02/pareto_front.csv,1,0,480.0,0.0,12,12,0,True,480.0,480.0,0.0,359,19917,0.12,0.0,0.0,,20,0,0,0,0,0,0
instance_n=20_99_c02,instance_n=20_99,Otto,20,1000.0,c02,2,low,mid,mid,mid,2042,published_results/full_campaign_median_T_252_2026-06-04/solutions/instance_n=20_99_c02/pareto_front.csv,2,1,445.0,86.9,11,11,1,True,86.9,86.9,0.0,76123,3196689,90.58,60.0,26.9,0.462,18,0,0,0,0,1,1
instance_n=20_99_c02,instance_n=20_99,Otto,20,1000.0,c02,2,low,mid,mid,mid,2042,published_results/full_campaign_median_T_252_2026-06-04/solutions/instance_n=20_99_c02/pareto_front.csv,3,2,410.0,185.35,10,10,2,False,12.118042666,185.35,93.4621,75910,5581351,300.74,141.0,44.35,0.5565,16,0,0,0,0,2,2
instance_n=20_99_c02,instance_n=20_99,Otto,20,1000.0,c02,2,low,mid,mid,mid,2042,published_results/full_campaign_median_T_252_2026-06-04/solutions/instance_n=20_99_c02/pareto_front.csv,4,3,409.0,228.05,11,10,1,False,84.15,228.05,63.1002,42965,8012101,300.31,224.0,4.05,0.919,18,2,0,0,0,0,0
instance_n=20_99_c02,instance_n=20_99,Otto,20,1000.0,c02,2,low,mid,mid,mid,2042,published_results/full_campaign_median_T_252_2026-06-04/solutions/instance_n=20_99_c02/pareto_front.csv,5,4,375.0,352.59999999999997,9,9,3,False,86.623946037,352.6,75.4328,58866,8230707,300.3,326.0,26.6,0.8227,12,0,0,0,0,4,4
instance_n=20_99_c02,instance_n=20_99,Otto,20,1000.0,c02,2,low,mid,mid,mid,2042,published_results/full_campaign_median_T_252_2026-06-04/solutions/instance_n=20_99_c02/pareto_front.csv,6,5,344.0,541.4000000000001,9,8,4,False,84.967350763,541.4,84.306,46206,7653145,300.31,507.0,34.4,0.828,10,1,0,0,0,5,4
instance_n=20_99_c02,instance_n=20_99,Otto,20,1000.0,c02,2,low,mid,mid,mid,2042,published_results/full_campaign_median_T_252_2026-06-04/solutions/instance_n=20_99_c02/pareto_front.csv,7,6,308.0,732.2499999999999,9,7,4,False,100.90623558,732.25,86.2197,64064,7605627,300.31,720.0,12.25,0.9387,10,4,0,0,3,2,1
instance_n=20_99_c02,instance_n=20_99,Otto,20,1000.0,c02,2,low,mid,mid,mid,2042,published_results/full_campaign_median_T_252_2026-06-04/solutions/instance_n=20_99_c02/pareto_front.csv,8,7,277.0,955.25,9,6,5,False,157.14394878,955.25,83.5494,52948,4878554,301.14,938.0,17.25,0.931,8,6,0,0,3,1,2
instance_n=20_99_c02,instance_n=20_99,Otto,20,1000.0,c02,2,low,mid,mid,mid,2042,published_results/full_campaign_median_T_252_2026-06-04/solutions/instance_n=20_99_c02/pareto_front.csv,9,8,251.0,1303.5000000000002,9,5,7,False,92.042826327,1303.5,92.9388,26049,6101762,300.32,1256.0,47.5,0.8643,4,7,0,0,3,3,3
instance_n=20_99_c02,instance_n=20_99,Otto,20,1000.0,c02,2,low,mid,mid,mid,2042,published_results/full_campaign_median_T_252_2026-06-04/solutions/instance_n=20_99_c02/pareto_front.csv,10,9,224.0,1508.1499999999999,10,4,8,False,255.41357851,1508.15,83.0644,52582,7369186,300.33,1436.0,72.15,0.8196,4,10,0,0,3,2,1
instance_n=20_99_c02,instance_n=20_99,Otto,20,1000.0,c02,2,low,mid,mid,mid,2042,published_results/full_campaign_median_T_252_2026-06-04/solutions/instance_n=20_99_c02/pareto_front.csv,11,10,220.0,1515.6999999999998,9,4,8,False,215.56644804,1515.7,85.7778,22454,4126194,300.36,1469.0,46.7,0.8832,2,9,0,0,3,3,3
instance_n=20_99_c02,instance_n=20_99,Otto,20,1000.0,c02,2,low,mid,mid,mid,2042,published_results/full_campaign_median_T_252_2026-06-04/solutions/instance_n=20_99_c02/pareto_front.csv,12,11,189.0,1751.6999999999998,9,3,9,False,233.19544152,1751.7,86.6875,33984,4454158,300.91,1707.0,44.7,0.9007,0,11,0,0,0,4,5
instance_n=20_99_c02,instance_n=20_99,Otto,20,1000.0,c02,2,low,mid,mid,mid,2042,published_results/full_campaign_median_T_252_2026-06-04/solutions/instance_n=20_99_c02/pareto_front.csv,13,12,188.0,1816.8,10,3,8,False,738.90805544,1816.8,59.3291,55333,6027699,300.37,1779.0,37.8,0.9055,4,13,0,0,3,0,0
instance_n=20_99_c02,instance_n=20_99,Otto,20,1000.0,c02,2,low,mid,mid,mid,2042,published_results/full_campaign_median_T_252_2026-06-04/solutions/instance_n=20_99_c02/pareto_front.csv,14,13,162.0,2035.6999999999998,10,2,10,False,627.61413574,2035.7,69.1696,48262,7623397,300.32,1965.0,70.7,0.8586,0,13,0,0,0,4,3
instance_n=20_99_c02,instance_n=20_99,Otto,20,1000.0,c02,2,low,mid,mid,mid,2042,published_results/full_campaign_median_T_252_2026-06-04/solutions/instance_n=20_99_c02/pareto_front.csv,15,14,157.0,2076.7,10,2,9,False,1004.2186667,2076.7,51.6435,52769,7788806,300.3,2042.0,34.7,0.9229,2,15,0,0,0,2,1
instance_n=20_99_c02,instance_n=20_99,Otto,20,1000.0,c02,2,low,mid,mid,mid,2042,published_results/full_campaign_median_T_252_2026-06-04/solutions/instance_n=20_99_c02/pareto_front.csv,16,15,135.0,2382.35,11,1,11,False,998.7368369,2382.35,58.0777,34597,5844482,300.31,2298.0,84.35,0.8466,0,16,0,0,0,2,2
instance_n=20_99_c02,instance_n=20_99,Otto,20,1000.0,c02,2,low,mid,mid,mid,2042,published_results/full_campaign_median_T_252_2026-06-04/solutions/instance_n=20_99_c02/pareto_front.csv,17,16,130.0,2404.1999999999994,11,1,10,False,1867.3767659,2404.2,22.3286,112977,6380034,300.3,2352.0,52.2,0.8956,2,18,0,0,0,0,0
instance_n=20_99_c02,instance_n=20_99,Otto,20,1000.0,c02,2,low,mid,mid,mid,2042,published_results/full_campaign_median_T_252_2026-06-04/solutions/instance_n=20_99_c02/pareto_front.csv,18,17,108.0,2741.8499999999995,12,0,12,False,1335.4627246,2741.85,51.2934,70864,6324510,300.3,2643.0,98.85,0.8352,0,20,0,0,0,0,0
instance_n=20_99_c03,instance_n=20_99,Otto,20,1000.0,c03,3,low,high,high,high,3042,published_results/full_campaign_median_T_252_2026-06-04/solutions/instance_n=20_99_c03/pareto_front.csv,1,0,480.0,0.0,12,12,0,True,480.0,480.0,0.0,359,19917,0.13,0.0,0.0,,20,0,0,0,0,0,0
instance_n=20_99_c03,instance_n=20_99,Otto,20,1000.0,c03,3,low,high,high,high,3042,published_results/full_campaign_median_T_252_2026-06-04/solutions/instance_n=20_99_c03/pareto_front.csv,2,1,445.0,100.55,11,11,1,True,100.55,100.55,0.0,56066,3304808,104.45,84.0,16.55,0.669,18,0,0,0,0,1,1
instance_n=20_99_c03,instance_n=20_99,Otto,20,1000.0,c03,3,low,high,high,high,3042,published_results/full_campaign_median_T_252_2026-06-04/solutions/instance_n=20_99_c03/pareto_front.csv,3,2,409.0,228.6,11,10,1,False,53.735294118,228.6,76.4937,86608,8749687,300.3,224.0,4.6,0.908,18,2,0,0,0,0,0
instance_n=20_99_c03,instance_n=20_99,Otto,20,1000.0,c03,3,low,high,high,high,3042,published_results/full_campaign_median_T_252_2026-06-04/solutions/instance_n=20_99_c03/pareto_front.csv,4,3,378.0,384.55,11,9,2,False,84.482932112,384.55,78.0307,74890,8265994,300.3,360.0,24.55,0.7545,17,3,0,0,0,0,0
instance_n=20_99_c03,instance_n=20_99,Otto,20,1000.0,c03,3,low,high,high,high,3042,published_results/full_campaign_median_T_252_2026-06-04/solutions/instance_n=20_99_c03/pareto_front.csv,5,4,347.0,556.8000000000001,11,8,3,False,87.057716786,556.8,84.3646,126547,7657998,300.39,518.0,38.8,0.7413,16,4,0,0,0,0,0
instance_n=20_99_c03,instance_n=20_99,Otto,20,1000.0,c03,3,low,high,high,high,3042,published_results/full_campaign_median_T_252_2026-06-04/solutions/instance_n=20_99_c03/pareto_front.csv,6,5,316.0,777.0000000000001,11,7,4,False,84.606309379,777.0,89.1112,68404,8278295,300.54,735.0,42.0,0.79,14,6,0,0,0,0,0
instance_n=20_99_c03,instance_n=20_99,Otto,20,1000.0,c03,3,low,high,high,high,3042,published_results/full_campaign_median_T_252_2026-06-04/solutions/instance_n=20_99_c03/pareto_front.csv,7,6,285.0,1019.1500000000001,11,6,5,False,124.85660988,1019.15,87.7489,42914,6665042,300.35,977.0,42.15,0.8314,12,8,0,0,0,0,0
instance_n=20_99_c03,instance_n=20_99,Otto,20,1000.0,c03,3,low,high,high,high,3042,published_results/full_campaign_median_T_252_2026-06-04/solutions/instance_n=20_99_c03/pareto_front.csv,8,7,254.0,1258.0500000000002,11,5,6,False,156.09185674,1258.05,87.5926,40296,4737645,301.0,1209.0,49.05,0.8365,10,10,0,0,0,0,0
instance_n=20_99_c03,instance_n=20_99,Otto,20,1000.0,c03,3,low,high,high,high,3042,published_results/full_campaign_median_T_252_2026-06-04/solutions/instance_n=20_99_c03/pareto_front.csv,9,8,223.0,1533.6000000000001,11,4,7,False,161.95119506,1533.6,89.4398,30001,4523537,300.74,1486.0,47.6,0.864,8,12,0,0,0,0,0
instance_n=20_99_c03,instance_n=20_99,Otto,20,1000.0,c03,3,low,high,high,high,3042,published_results/full_campaign_median_T_252_2026-06-04/solutions/instance_n=20_99_c03/pareto_front.csv,10,9,192.0,1798.8000000000002,11,3,8,False,491.09076631,1798.8,72.699,56936,8387651,300.31,1750.0,48.8,0.878,6,14,0,0,0,0,0
instance_n=20_99_c03,instance_n=20_99,Otto,20,1000.0,c03,3,low,high,high,high,3042,published_results/full_campaign_median_T_252_2026-06-04/solutions/instance_n=20_99_c03/pareto_front.csv,11,10,188.0,1804.5500000000002,10,3,8,False,671.44892162,1804.55,62.7913,46913,7730552,300.31,1779.0,25.55,0.9361,4,14,0,0,0,1,1
instance_n=20_99_c03,instance_n=20_99,Otto,20,1000.0,c03,3,low,high,high,high,3042,published_results/full_campaign_median_T_252_2026-06-04/solutions/instance_n=20_99_c03/pareto_front.csv,12,11,161.0,2031.4500000000003,11,2,9,False,681.31985674,2031.45,66.4614,49046,8641386,300.31,1980.0,51.45,0.8857,4,16,0,0,0,0,0
instance_n=20_99_c03,instance_n=20_99,Otto,20,1000.0,c03,3,low,high,high,high,3042,published_results/full_campaign_median_T_252_2026-06-04/solutions/instance_n=20_99_c03/pareto_front.csv,13,12,157.0,2081.3999999999996,10,2,9,False,1146.0665304,2081.4,44.9377,37668,4289756,300.39,2059.0,22.4,0.9502,2,16,0,0,0,1,1
instance_n=20_99_c03,instance_n=20_99,Otto,20,1000.0,c03,3,low,high,high,high,3042,published_results/full_campaign_median_T_252_2026-06-04/solutions/instance_n=20_99_c03/pareto_front.csv,14,13,130.0,2314.749999999999,11,1,10,False,1241.7439793,2314.75,46.3552,57389,6990114,300.3,2264.0,50.75,0.8985,2,18,0,0,0,0,0
instance_n=20_99_c03,instance_n=20_99,Otto,20,1000.0,c03,3,low,high,high,high,3042,published_results/full_campaign_median_T_252_2026-06-04/solutions/instance_n=20_99_c03/pareto_front.csv,15,14,126.0,2364.7,10,1,10,True,2364.7,2364.7,0.0,77900,3278194,148.63,2343.0,21.7,0.9566,0,18,0,0,0,1,1
instance_n=20_99_c03,instance_n=20_99,Otto,20,1000.0,c03,3,low,high,high,high,3042,published_results/full_campaign_median_T_252_2026-06-04/solutions/instance_n=20_99_c03/pareto_front.csv,16,15,99.0,2586.7999999999993,11,0,11,True,2586.8,2586.8,0.0,22362,2431087,89.29,2534.0,52.8,0.904,0,20,0,0,0,0,0
instance_n=20_99_c04,instance_n=20_99,Otto,20,1000.0,c04,4,mid,low,mid,high,4042,published_results/full_campaign_median_T_252_2026-06-04/solutions/instance_n=20_99_c04/pareto_front.csv,1,0,480.0,0.0,12,12,0,True,480.0,480.0,0.0,359,19917,0.13,0.0,0.0,,20,0,0,0,0,0,0
instance_n=20_99_c04,instance_n=20_99,Otto,20,1000.0,c04,4,mid,low,mid,high,4042,published_results/full_campaign_median_T_252_2026-06-04/solutions/instance_n=20_99_c04/pareto_front.csv,2,1,445.0,83.1,11,11,1,True,83.1,83.1,0.0,41446,1268561,11.0,50.0,33.1,0.338,18,0,0,0,2,0,0
instance_n=20_99_c04,instance_n=20_99,Otto,20,1000.0,c04,4,mid,low,mid,high,4042,published_results/full_campaign_median_T_252_2026-06-04/solutions/instance_n=20_99_c04/pareto_front.csv,3,2,405.0,111.9,10,10,1,True,111.9,111.9,0.0,22208,1016349,19.25,92.0,19.9,0.602,17,0,0,0,3,0,0
instance_n=20_99_c04,instance_n=20_99,Otto,20,1000.0,c04,4,mid,low,mid,high,4042,published_results/full_campaign_median_T_252_2026-06-04/solutions/instance_n=20_99_c04/pareto_front.csv,4,3,365.0,146.85,9,9,1,True,146.85,146.85,0.0,11314,1046854,27.67,144.0,2.85,0.943,15,0,0,0,5,0,0
instance_n=20_99_c04,instance_n=20_99,Otto,20,1000.0,c04,4,mid,low,mid,high,4042,published_results/full_campaign_median_T_252_2026-06-04/solutions/instance_n=20_99_c04/pareto_front.csv,5,4,330.0,259.45,8,8,2,False,136.13586957,259.45,47.5291,47993,9083021,300.29,239.0,20.45,0.7955,12,0,0,0,8,0,0
instance_n=20_99_c04,instance_n=20_99,Otto,20,1000.0,c04,4,mid,low,mid,high,4042,published_results/full_campaign_median_T_252_2026-06-04/solutions/instance_n=20_99_c04/pareto_front.csv,6,5,290.0,298.25,7,7,2,False,160.31949051,298.25,46.2466,33272,6525878,300.31,295.0,3.25,0.9675,10,0,0,0,10,0,0
instance_n=20_99_c04,instance_n=20_99,Otto,20,1000.0,c04,4,mid,low,mid,high,4042,published_results/full_campaign_median_T_252_2026-06-04/solutions/instance_n=20_99_c04/pareto_front.csv,7,6,255.0,417.2,6,6,3,False,173.71867081,417.2,58.3608,17955,7616377,300.34,398.0,19.2,0.872,6,0,0,0,14,0,0
instance_n=20_99_c04,instance_n=20_99,Otto,20,1000.0,c04,4,mid,low,mid,high,4042,published_results/full_campaign_median_T_252_2026-06-04/solutions/instance_n=20_99_c04/pareto_front.csv,8,7,220.0,547.2999999999998,5,5,4,False,347.075,547.3,36.5841,34812,5152259,300.41,517.0,30.3,0.8485,2,0,0,0,18,0,0
instance_n=20_99_c04,instance_n=20_99,Otto,20,1000.0,c04,4,mid,low,mid,high,4042,published_results/full_campaign_median_T_252_2026-06-04/solutions/instance_n=20_99_c04/pareto_front.csv,9,8,180.0,588.3499999999999,4,4,4,False,552.5,588.35,6.0933,33144,7823315,300.29,579.0,9.35,0.9532,0,0,0,0,20,0,0
instance_n=20_99_c04,instance_n=20_99,Otto,20,1000.0,c04,4,mid,low,mid,high,4042,published_results/full_campaign_median_T_252_2026-06-04/solutions/instance_n=20_99_c04/pareto_front.csv,10,9,171.0,1183.75,7,3,7,True,1183.75,1183.75,0.0,38161,6165068,241.0,1130.0,53.75,0.8464,0,4,0,0,16,0,0
instance_n=20_99_c05,instance_n=20_99,Otto,20,1000.0,c05,5,mid,mid,high,low,5042,published_results/full_campaign_median_T_252_2026-06-04/solutions/instance_n=20_99_c05/pareto_front.csv,1,0,480.0,0.0,12,12,0,True,480.0,480.0,0.0,359,19917,0.13,0.0,0.0,,20,0,0,0,0,0,0
instance_n=20_99_c05,instance_n=20_99,Otto,20,1000.0,c05,5,mid,mid,high,low,5042,published_results/full_campaign_median_T_252_2026-06-04/solutions/instance_n=20_99_c05/pareto_front.csv,2,1,445.0,98.55,11,11,1,True,98.55,98.55,0.0,35199,1139038,15.34,82.0,16.55,0.669,17,0,0,0,0,2,1
instance_n=20_99_c05,instance_n=20_99,Otto,20,1000.0,c05,5,mid,mid,high,low,5042,published_results/full_campaign_median_T_252_2026-06-04/solutions/instance_n=20_99_c05/pareto_front.csv,3,2,405.0,154.15,10,10,1,True,154.15,154.15,0.0,58745,4309637,184.26,154.0,0.15,0.997,17,0,0,0,3,0,0
instance_n=20_99_c05,instance_n=20_99,Otto,20,1000.0,c05,5,mid,mid,high,low,5042,published_results/full_campaign_median_T_252_2026-06-04/solutions/instance_n=20_99_c05/pareto_front.csv,4,3,375.0,389.8,9,9,3,False,99.35,389.8,74.5126,73975,7513918,300.32,367.0,22.8,0.848,12,0,0,0,5,2,1
instance_n=20_99_c05,instance_n=20_99,Otto,20,1000.0,c05,5,mid,mid,high,low,5042,published_results/full_campaign_median_T_252_2026-06-04/solutions/instance_n=20_99_c05/pareto_front.csv,5,4,345.0,595.1999999999999,8,8,5,False,183.08872702,595.2,69.2391,116351,5656930,301.66,537.0,58.2,0.7672,6,0,0,0,5,6,3
instance_n=20_99_c05,instance_n=20_99,Otto,20,1000.0,c05,5,mid,mid,high,low,5042,published_results/full_campaign_median_T_252_2026-06-04/solutions/instance_n=20_99_c05/pareto_front.csv,6,5,319.0,908.5999999999998,8,7,7,False,155.83430617,908.6,82.849,117145,5724163,301.87,825.0,83.6,0.7611,2,1,0,0,8,6,3
instance_n=20_99_c05,instance_n=20_99,Otto,20,1000.0,c05,5,mid,mid,high,low,5042,published_results/full_campaign_median_T_252_2026-06-04/solutions/instance_n=20_99_c05/pareto_front.csv,7,6,288.0,1185.9499999999998,8,6,8,False,107.18909425,1185.95,90.9618,59296,5578146,300.97,1128.0,57.95,0.8551,0,2,0,0,12,4,2
instance_n=20_99_c05,instance_n=20_99,Otto,20,1000.0,c05,5,mid,mid,high,low,5042,published_results/full_campaign_median_T_252_2026-06-04/solutions/instance_n=20_99_c05/pareto_front.csv,8,7,270.0,1654.0000000000005,10,5,10,False,170.95126696,1654.0,89.6644,50418,5038112,300.88,1558.0,96.0,0.808,0,5,0,0,12,2,1
instance_n=20_99_c05,instance_n=20_99,Otto,20,1000.0,c05,5,mid,mid,high,low,5042,published_results/full_campaign_median_T_252_2026-06-04/solutions/instance_n=20_99_c05/pareto_front.csv,9,8,252.0,2065.3,12,4,12,False,237.32700148,2065.3,88.5088,65188,6025363,301.0,1933.0,132.3,0.7795,0,8,0,0,6,4,2
instance_n=20_99_c05,instance_n=20_99,Otto,20,1000.0,c05,5,mid,mid,high,low,5042,published_results/full_campaign_median_T_252_2026-06-04/solutions/instance_n=20_99_c05/pareto_front.csv,10,9,234.0,2590.85,14,3,14,False,208.72537845,2590.85,91.9437,41522,4724998,300.95,2422.0,168.85,0.7588,0,12,0,0,5,2,1
instance_n=20_99_c06,instance_n=20_99,Otto,20,1000.0,c06,6,mid,high,low,mid,6042,published_results/full_campaign_median_T_252_2026-06-04/solutions/instance_n=20_99_c06/pareto_front.csv,1,0,480.0,0.0,12,12,0,True,480.0,480.0,0.0,359,19917,0.13,0.0,0.0,,20,0,0,0,0,0,0
instance_n=20_99_c06,instance_n=20_99,Otto,20,1000.0,c06,6,mid,high,low,mid,6042,published_results/full_campaign_median_T_252_2026-06-04/solutions/instance_n=20_99_c06/pareto_front.csv,2,1,445.0,106.0,11,11,1,True,106.0,106.0,0.0,45336,2423954,73.0,94.0,12.0,0.76,18,0,0,0,0,1,1
instance_n=20_99_c06,instance_n=20_99,Otto,20,1000.0,c06,6,mid,high,low,mid,6042,published_results/full_campaign_median_T_252_2026-06-04/solutions/instance_n=20_99_c06/pareto_front.csv,3,2,410.0,226.65,10,10,2,False,86.0,226.65,62.056,70560,5641690,300.32,204.0,22.65,0.7735,16,0,0,0,0,2,2
instance_n=20_99_c06,instance_n=20_99,Otto,20,1000.0,c06,6,mid,high,low,mid,6042,published_results/full_campaign_median_T_252_2026-06-04/solutions/instance_n=20_99_c06/pareto_front.csv,4,3,384.0,528.0,10,9,4,False,88.144584186,528.0,83.3059,127494,8700826,300.33,484.0,44.0,0.78,12,1,0,0,0,4,3
instance_n=20_99_c06,instance_n=20_99,Otto,20,1000.0,c06,6,mid,high,low,mid,6042,published_results/full_campaign_median_T_252_2026-06-04/solutions/instance_n=20_99_c06/pareto_front.csv,5,4,366.0,915.0500000000001,12,8,6,False,107.71580838,915.05,88.2284,134206,10405100,300.36,823.0,92.05,0.6932,12,4,0,0,0,2,2
instance_n=20_99_c06,instance_n=20_99,Otto,20,1000.0,c06,6,mid,high,low,mid,6042,published_results/full_campaign_median_T_252_2026-06-04/solutions/instance_n=20_99_c06/pareto_front.csv,6,5,362.0,921.6,11,8,6,False,91.575,921.6,90.0635,60624,5922763,300.98,850.0,71.6,0.7613,10,3,0,0,0,4,3
instance_n=20_99_c06,instance_n=20_99,Otto,20,1000.0,c06,6,mid,high,low,mid,6042,published_results/full_campaign_median_T_252_2026-06-04/solutions/instance_n=20_99_c06/pareto_front.csv,7,6,340.0,1240.3500000000001,12,7,8,False,91.0875,1240.35,92.6563,81746,7337274,300.32,1126.0,114.35,0.7141,8,5,0,0,0,4,3
instance_n=20_99_c06,instance_n=20_99,Otto,20,1000.0,c06,6,mid,high,low,mid,6042,published_results/full_campaign_median_T_252_2026-06-04/solutions/instance_n=20_99_c06/pareto_front.csv,8,7,322.0,1637.55,14,6,10,False,89.742160717,1637.55,94.5197,91473,5168377,301.5,1475.0,162.55,0.6749,8,8,0,0,0,2,2
instance_n=20_99_c06,instance_n=20_99,Otto,20,1000.0,c06,6,mid,high,low,mid,6042,published_results/full_campaign_median_T_252_2026-06-04/solutions/instance_n=20_99_c06/pareto_front.csv,9,8,314.0,1652.55,12,6,10,False,107.34431052,1652.55,93.5043,54554,5704917,301.06,1542.0,110.55,0.7789,4,7,0,0,2,4,3
instance_n=20_99_c06,instance_n=20_99,Otto,20,1000.0,c06,6,mid,high,low,mid,6042,published_results/full_campaign_median_T_252_2026-06-04/solutions/instance_n=20_99_c06/pareto_front.csv,10,9,296.0,2024.55,14,5,12,False,147.19585587,2024.55,92.7295,58391,8636518,300.3,1858.0,166.55,0.7224,4,10,0,0,0,3,3
instance_n=20_99_c06,instance_n=20_99,Otto,20,1000.0,c06,6,mid,high,low,mid,6042,published_results/full_campaign_median_T_252_2026-06-04/solutions/instance_n=20_99_c06/pareto_front.csv,11,10,274.0,2419.4500000000003,15,4,14,False,272.5,2419.45,88.7371,35954,5336362,300.43,2211.0,208.45,0.7022,2,11,0,0,0,4,3
instance_n=20_99_c06,instance_n=20_99,Otto,20,1000.0,c06,6,mid,high,low,mid,6042,published_results/full_campaign_median_T_252_2026-06-04/solutions/instance_n=20_99_c06/pareto_front.csv,12,11,270.0,2441.4000000000005,14,4,14,False,322.60316343,2441.4,86.7861,65859,14210482,600.3,2261.0,180.4,0.7423,0,11,0,0,0,5,4
instance_n=20_99_c06,instance_n=20_99,Otto,20,1000.0,c06,6,mid,high,low,mid,6042,published_results/full_campaign_median_T_252_2026-06-04/solutions/instance_n=20_99_c06/pareto_front.csv,13,12,252.0,2853.05,16,3,16,False,555.42572463,2853.05,80.5322,83437,14126831,600.33,2629.0,224.05,0.7199,0,14,0,0,0,3,3
instance_n=20_99_c07,instance_n=20_99,Otto,20,1000.0,c07,7,high,low,high,mid,7042,published_results/full_campaign_median_T_252_2026-06-04/solutions/instance_n=20_99_c07/pareto_front.csv,1,0,480.0,0.0,12,12,0,True,480.0,480.0,0.0,359,19917,0.13,0.0,0.0,,20,0,0,0,0,0,0
instance_n=20_99_c07,instance_n=20_99,Otto,20,1000.0,c07,7,high,low,high,mid,7042,published_results/full_campaign_median_T_252_2026-06-04/solutions/instance_n=20_99_c07/pareto_front.csv,2,1,445.0,86.05000000000001,11,11,1,True,86.05,86.05,0.0,29391,933089,8.52,54.0,32.05,0.359,18,0,0,0,2,0,0
instance_n=20_99_c07,instance_n=20_99,Otto,20,1000.0,c07,7,high,low,high,mid,7042,published_results/full_campaign_median_T_252_2026-06-04/solutions/instance_n=20_99_c07/pareto_front.csv,3,2,405.0,109.4,10,10,1,True,109.4,109.4,0.0,30919,991855,11.23,89.0,20.4,0.592,17,0,0,0,3,0,0
instance_n=20_99_c07,instance_n=20_99,Otto,20,1000.0,c07,7,high,low,high,mid,7042,published_results/full_campaign_median_T_252_2026-06-04/solutions/instance_n=20_99_c07/pareto_front.csv,4,3,365.0,144.95,9,9,1,True,144.95,144.95,0.0,9134,640925,19.79,142.0,2.95,0.941,15,0,0,0,5,0,0
instance_n=20_99_c07,instance_n=20_99,Otto,20,1000.0,c07,7,high,low,high,mid,7042,published_results/full_campaign_median_T_252_2026-06-04/solutions/instance_n=20_99_c07/pareto_front.csv,5,4,330.0,256.15,8,8,2,True,256.15,256.15,0.0,12104,899852,23.95,233.0,23.15,0.7685,12,0,0,0,8,0,0
instance_n=20_99_c07,instance_n=20_99,Otto,20,1000.0,c07,7,high,low,high,mid,7042,published_results/full_campaign_median_T_252_2026-06-04/solutions/instance_n=20_99_c07/pareto_front.csv,6,5,290.0,291.90000000000003,7,7,2,True,291.9,291.9,0.0,15312,1821021,45.63,287.0,4.9,0.951,10,0,0,0,10,0,0
instance_n=20_99_c07,instance_n=20_99,Otto,20,1000.0,c07,7,high,low,high,mid,7042,published_results/full_campaign_median_T_252_2026-06-04/solutions/instance_n=20_99_c07/pareto_front.csv,7,6,255.0,415.95,6,6,3,True,415.95,415.95,0.0,14350,1799663,52.05,397.0,18.95,0.8737,6,0,0,0,14,0,0
instance_n=20_99_c07,instance_n=20_99,Otto,20,1000.0,c07,7,high,low,high,mid,7042,published_results/full_campaign_median_T_252_2026-06-04/solutions/instance_n=20_99_c07/pareto_front.csv,8,7,220.0,547.8,5,5,4,True,547.8,547.8,0.0,17965,3062633,112.18,520.0,27.8,0.861,2,0,0,0,18,0,0
instance_n=20_99_c07,instance_n=20_99,Otto,20,1000.0,c07,7,high,low,high,mid,7042,published_results/full_campaign_median_T_252_2026-06-04/solutions/instance_n=20_99_c07/pareto_front.csv,9,8,180.0,592.85,4,4,4,True,592.85,592.85,0.0,6287,665055,18.27,586.0,6.85,0.9657,0,0,0,0,20,0,0
instance_n=20_99_c08,instance_n=20_99,Otto,20,1000.0,c08,8,high,mid,low,high,8042,published_results/full_campaign_median_T_252_2026-06-04/solutions/instance_n=20_99_c08/pareto_front.csv,1,0,480.0,0.0,12,12,0,True,480.0,480.0,0.0,359,19917,0.14,0.0,0.0,,20,0,0,0,0,0,0
instance_n=20_99_c08,instance_n=20_99,Otto,20,1000.0,c08,8,high,mid,low,high,8042,published_results/full_campaign_median_T_252_2026-06-04/solutions/instance_n=20_99_c08/pareto_front.csv,2,1,445.0,110.3,11,11,1,True,110.3,110.3,0.0,22246,1157215,9.52,93.0,17.3,0.654,18,0,0,0,2,0,0
instance_n=20_99_c08,instance_n=20_99,Otto,20,1000.0,c08,8,high,mid,low,high,8042,published_results/full_campaign_median_T_252_2026-06-04/solutions/instance_n=20_99_c08/pareto_front.csv,3,2,410.0,253.65,10,10,2,True,253.65,253.65,0.0,112348,5829944,136.45,231.0,22.65,0.7735,16,0,0,0,4,0,0
instance_n=20_99_c08,instance_n=20_99,Otto,20,1000.0,c08,8,high,mid,low,high,8042,published_results/full_campaign_median_T_252_2026-06-04/solutions/instance_n=20_99_c08/pareto_front.csv,4,3,375.0,416.5,9,9,3,True,416.5,416.5,0.0,135398,6561549,158.16,402.0,14.5,0.9033,12,0,0,0,8,0,0
instance_n=20_99_c08,instance_n=20_99,Otto,20,1000.0,c08,8,high,mid,low,high,8042,published_results/full_campaign_median_T_252_2026-06-04/solutions/instance_n=20_99_c08/pareto_front.csv,5,4,340.0,592.6,8,8,4,True,592.6,592.6,0.0,159796,7683041,194.5,590.0,2.6,0.987,8,0,0,0,12,0,0
instance_n=20_99_c08,instance_n=20_99,Otto,20,1000.0,c08,8,high,mid,low,high,8042,published_results/full_campaign_median_T_252_2026-06-04/solutions/instance_n=20_99_c08/pareto_front.csv,6,5,310.0,888.7499999999999,7,7,6,True,888.7499999999999,888.7499999999999,0.0,122916,9601808,183.46,882.0,6.75,0.9775,2,0,0,0,18,0,0
instance_n=20_99_c08,instance_n=20_99,Otto,20,1000.0,c08,8,high,mid,low,high,8042,published_results/full_campaign_median_T_252_2026-06-04/solutions/instance_n=20_99_c08/pareto_front.csv,7,6,288.0,1346.1499999999999,8,6,8,False,1109.4022722,1346.15,17.587,117726,10854403,300.33,1333.0,13.15,0.9671,0,2,0,0,18,0,0
instance_n=20_99_c09,instance_n=20_99,Otto,20,1000.0,c09,9,high,high,mid,low,9042,published_results/full_campaign_median_T_252_2026-06-04/solutions/instance_n=20_99_c09/pareto_front.csv,1,0,480.0,0.0,12,12,0,True,480.0,480.0,0.0,359,19917,0.14,0.0,0.0,,20,0,0,0,0,0,0
instance_n=20_99_c09,instance_n=20_99,Otto,20,1000.0,c09,9,high,high,mid,low,9042,published_results/full_campaign_median_T_252_2026-06-04/solutions/instance_n=20_99_c09/pareto_front.csv,2,1,445.0,114.5,11,11,1,True,114.5,114.5,0.0,30691,1246307,26.14,110.0,4.5,0.91,18,0,0,0,0,1,1
instance_n=20_99_c09,instance_n=20_99,Otto,20,1000.0,c09,9,high,high,mid,low,9042,published_results/full_campaign_median_T_252_2026-06-04/solutions/instance_n=20_99_c09/pareto_front.csv,3,2,415.0,370.65000000000003,10,10,3,False,89.4,370.65,75.8802,148173,12056157,300.42,361.0,9.65,0.9357,14,0,0,0,2,2,2
instance_n=20_99_c09,instance_n=20_99,Otto,20,1000.0,c09,9,high,high,mid,low,9042,published_results/full_campaign_median_T_252_2026-06-04/solutions/instance_n=20_99_c09/pareto_front.csv,4,3,397.0,947.4,12,9,5,False,109.0,947.4,88.4948,107395,7783623,301.0,934.0,13.4,0.9464,13,3,0,0,2,1,1
instance_n=20_99_c09,instance_n=20_99,Otto,20,1000.0,c09,9,high,high,mid,low,9042,published_results/full_campaign_median_T_252_2026-06-04/solutions/instance_n=20_99_c09/pareto_front.csv,5,4,381.0,1571.1999999999998,12,8,9,False,204.2551041,1571.2,87.0001,240705,15733841,603.52,1528.0,43.2,0.904,6,4,0,0,8,1,1
